facility_id,name,state,latitude,longitude,building_match,building_dist_m,n_buildings_200m,build_id,footprint_sqft,source_sqft,height_m,occupancy_class,building_address,imagery_date,flood_zone,flood_mapped,flood_sfha,flood_subtype,multi_storey
dc_9bb24f423687,CoreSite DC1,DC,38.9025805,-77.0292105,nearest,16.68608366895192,19,16010881.0,43187.0,43185.43,28.09,Residential,1201 K STREET NORTHWEST,1348531200000.0,X,True,False,AREA OF MINIMAL FLOOD HAZARD,True
dc_a6e2e1513613,Southwest Cyberport,NM,35.10196,-106.58933,nearest,33.343179307892875,72,12089738.0,49266.3,49252.33,,Education,5041 INDIAN SCHOOL ROAD NORTHEAST,1314835200000.0,X,True,False,AREA OF MINIMAL FLOOD HAZARD,
dc_a686ad9e9a88,NocRoom Miami IT Services,FL,25.7915453,-80.3177484,contains,0.0,12,30419267.0,48324.8,48324.57,4.54,Commercial,7415 NW 19 ST,1392508800000.0,X,True,False,AREA OF MINIMAL FLOOD HAZARD,False
dc_6d263b15b250,NocRoom Miami IT Services,FL,25.776033,-80.193092,nearest,0.7010647328960676,19,30407427.0,162425.1,162424.5,21.25,Education,36 NE 2 ST,1392508800000.0,X,True,False,AREA OF MINIMAL FLOOD HAZARD,True
dc_880a171377bb,Center for Computation & Technology (CCT),LA,30.407446,-91.1725454,contains,0.0,13,2648550.0,38685.3,38611.59,,Education,888 SOUTH STADIUM DRIVE,1507852800000.0,X,True,False,AREA WITH REDUCED FLOOD RISK DUE TO LEVEE,
dc_537f282facb3,Google Fiber,GA,33.7715677,-84.3668585,contains,0.0,28,17234322.0,66771.0,66770.95,7.42,Commercial,,1351209600000.0,X,True,False,AREA OF MINIMAL FLOOD HAZARD,False
dc_15be445c537f,Open Computing Facility,CA,37.8698521,-122.2598231,nearest,0.5085872128480804,29,16360303.0,24512.6,24512.52,9.37,Education,,1349049600000.0,X,True,False,AREA OF MINIMAL FLOOD HAZARD,False
dc_e54691f8993e,Lumos Networks,VA,37.4156786,-79.1429447,nearest,3.2942321325940496,24,6002690.0,23358.4,23032.32,,Government,800 MAIN STREET,1425254400000.0,X,True,False,AREA OF MINIMAL FLOOD HAZARD,
dc_004d4bd391b5,Rack59 Data Center,OK,35.4672049,-97.6497453,contains,0.0,13,7367231.0,1426957.2,1426956.0,10.24,Industrial,,1375142400000.0,X,True,False,AREA OF MINIMAL FLOOD HAZARD,False
dc_c15c28bd70c1,Oso Grande,NM,35.0925015,-106.6536712,contains,0.0,125,12076943.0,60330.0,60315.53,,Commercial,725 6TH STREET NORTHWEST,1314835200000.0,X,True,False,AREA OF MINIMAL FLOOD HAZARD,
dc_c2c582121fae,Morgan Wireless,WV,39.6309851,-78.2253196,nearest,1.640518663155707,72,881600.0,3755.7,3757.933,,Commercial,,1453593600000.0,X,True,False,AREA OF MINIMAL FLOOD HAZARD,
dc_6324e54cb1f3,VIRTBIZ,TX,32.7825463,-96.7828145,contains,0.0,32,29791370.0,35002.5,35002.43,5.32,Industrial,2825 CANTON STREET,1435708800000.0,X,True,False,AREA OF MINIMAL FLOOD HAZARD,False
dc_94697aa66760,FirstLight Data Center,ME,43.657708,-70.261781,nearest,1.9759523590086077,80,272357.0,10620.4,10614.6,,Industrial,340 CUMBERLAND AVENUE,1490486400000.0,X,True,False,AREA OF MINIMAL FLOOD HAZARD,
dc_72d8cb06afd7,Learning GIS!,IN,40.42179,-86.9141546,contains,0.0,22,16085715.0,22219.3,22509.81,,Education,625 AGRICULTURE MALL DRIVE,1521676800000.0,X,True,False,AREA OF MINIMAL FLOOD HAZARD,
dc_ba3a04b0acb7,Agricultural and Biological Engineering,IN,40.4218543,-86.9165454,contains,0.0,22,16085759.0,37741.5,37052.57,,Education,225 SOUTH UNIVERSITY STREET,1521676800000.0,X,True,False,AREA OF MINIMAL FLOOD HAZARD,
dc_eef3ba94431e,Windstream Communications,NC,35.881397,-78.851552,contains,0.0,12,9881581.0,68623.3,67545.55,,Commercial,5400 SOUTH MIAMI BOULEVARD,1510790400000.0,X,True,False,AREA OF MINIMAL FLOOD HAZARD,
dc_d1631b663c48,Level 3 Communications,NC,35.881364,-78.8515726,contains,0.0,13,9881581.0,68623.3,67545.55,,Commercial,5400 SOUTH MIAMI BOULEVARD,1510790400000.0,X,True,False,AREA OF MINIMAL FLOOD HAZARD,
dc_a28b6b533687,OptimumHQ,AZ,33.3804149,-111.7526684,contains,0.0,55,4315286.0,29209.9,29384.57,,Commercial,,1507507200000.0,X,True,False,0.2 PCT ANNUAL CHANCE FLOOD HAZARD,
dc_2980260de3e5,The Chatfield Group,AZ,33.380601,-111.7528888,contains,0.0,54,4315286.0,29209.9,29384.57,,Commercial,,1507507200000.0,X,True,False,0.2 PCT ANNUAL CHANCE FLOOD HAZARD,
dc_b9549d1a3e6c,All About Serving Process Server,AZ,33.3199157,-111.809686,contains,0.0,84,4186096.0,17515.8,17927.34,,Commercial,1909 EAST RAY ROAD,1507507200000.0,X,True,False,0.2 PCT ANNUAL CHANCE FLOOD HAZARD,
dc_4dccde6d1dfb,Emailage,AZ,33.302965,-111.8405386,contains,0.0,22,11987712.0,27358.5,27358.47,19.6,Commercial,25 SOUTH ARIZONA PLACE,1295654400000.0,X,True,False,0.2 PCT ANNUAL CHANCE FLOOD HAZARD,True
dc_0ffde5e0d6a1,Alliance Technology,AZ,33.3799862,-111.728405,contains,0.0,59,4311695.0,17813.1,17469.15,,Commercial,4850 EAST BASELINE ROAD,1507507200000.0,X,True,False,0.2 PCT ANNUAL CHANCE FLOOD HAZARD,
dc_74f18bfa8df0,8100 Boone Boulevard,VA,38.913156,-77.225732,nearest,31.13872411097217,13,7901849.0,34656.7,34656.68,21.94,Industrial,8130 BOONE BOULEVARD,1205280000000.0,X,True,False,AREA OF MINIMAL FLOOD HAZARD,True
dc_4465586fa278,Atlanta ATL13,GA,33.7555186,-84.3914814,contains,0.0,24,17206825.0,15776.9,15776.92,37.45,Commercial,,1351209600000.0,X,True,False,AREA OF MINIMAL FLOOD HAZARD,True
dc_c91b689569e2,Data Holdings Data Center,WI,43.0439408,-87.9539794,contains,0.0,91,10210502.0,23944.2,23928.58,10.52,Commercial,,1351900800000.0,X,True,False,AREA OF MINIMAL FLOOD HAZARD,False
dc_8f61bbab2b18,STACK Infrastructure,CA,37.403305,-121.891247,nearest,30.833288812779326,24,15791960.0,6823.0,6822.966,4.79,Industrial,,1349049600000.0,AO,True,True,,False
dc_16b0103c1ecb,Digital West Data Center,CA,35.2553162,-120.6415128,contains,0.0,38,4022276.0,12110.4,12441.83,,Industrial,,1440201600000.0,X,True,False,AREA OF MINIMAL FLOOD HAZARD,
dc_e0a8ffe0675b,Chick-fil-A Hiring Center,MI,42.6279424,-82.9883939,contains,0.0,9,6748538.0,12528.3,12526.46,,Commercial,,1475798400000.0,X,True,False,AREA OF MINIMAL FLOOD HAZARD,
dc_9fe2fa1cb2a0,Ergonomic Group,CT,41.706538,-72.590904,nearest,8.311878672906406,31,569236.0,1582.0,1582.3,,Industrial,36 KREIGER LANE,1564099200000.0,X,True,False,AREA OF MINIMAL FLOOD HAZARD,
dc_e6031badf345,San Jose Colocation Center,CA,37.334508,-121.89143,nearest,9.983881229183318,29,15648160.0,59302.9,59302.88,31.09,Utility and Misc,,1349049600000.0,D,True,False,,True
dc_a6907eaa6ace,Amazon Web Services IAD69,VA,39.0254851,-77.4146998,contains,0.0,9,50997659.0,312769.1,312855.1,,Commercial,21111 RIDGETOP CIRCLE,1710374400000.0,X,True,False,AREA OF MINIMAL FLOOD HAZARD,
dc_165fe373f4a4,Stream Data Centers Houston,TX,30.1777082,-95.486593,contains,0.0,25,26337448.0,114958.9,114928.7,,Commercial,4001 TECHNOLOGY FOREST BLVD,1524700800000.0,X,True,False,AREA OF MINIMAL FLOOD HAZARD,
dc_70473eb49a8f,Crown Castle Baltimore,MD,39.287752,-76.60685,nearest,16.483992905816294,24,7701329.0,97274.4,97274.32,29.67,Commercial,124 MARKET PLACE,1347494400000.0,AE,True,True,,True
dc_a5cc2c2adb3a,AiNET One Market Center,MD,39.29165,-76.61974,contains,0.0,34,7704904.0,93212.2,93212.16,25.96,Government,222 NORTH HOWARD STREET NORTH,1347494400000.0,X,True,False,AREA OF MINIMAL FLOOD HAZARD,True
dc_8adc27a50dae,Lumen McLean,VA,38.9208538,-77.2115713,contains,0.0,11,7905366.0,66511.3,66511.2,5.1,Commercial,1753 OLD MEADOW ROAD,1205280000000.0,X,True,False,AREA OF MINIMAL FLOOD HAZARD,False
dc_14899623a0b1,TierPoint Milwaukee,WI,43.0093779,-87.9610618,contains,0.0,99,10158622.0,50359.8,50327.19,8.68,Commercial,,1351900800000.0,X,True,False,AREA OF MINIMAL FLOOD HAZARD,False
dc_7cf3203418c1,Frontier Science,NY,42.9902011,-78.8123836,contains,0.0,52,8014524.0,24170.1,24169.71,8.1,Commercial,4047 MAPLE ROAD,1427846400000.0,X,True,False,AREA OF MINIMAL FLOOD HAZARD,False
dc_8d9f4b8cf0b8,505 Marquette,NM,35.088399,-106.65223,nearest,8.551680696080004,30,12070108.0,31685.0,31677.39,,Industrial,505 MARQUETTE AVENUE NORTHWEST,1314835200000.0,X,True,False,AREA OF MINIMAL FLOOD HAZARD,
dc_b82bb79938c5,123 Central,NM,35.0844494,-106.6489853,contains,0.0,18,12064596.0,16039.2,16035.29,,Commercial,123 CENTRAL AVENUE NORTHWEST,1314835200000.0,X,True,False,AREA OF MINIMAL FLOOD HAZARD,
dc_02eebfd81a53,Oak Tower,MO,39.1010328,-94.5793375,nearest,6.932968447669011,19,11231296.0,101565.8,101565.7,23.94,Commercial,324 EAST 11TH STREET,1329609600000.0,X,True,False,AREA OF MINIMAL FLOOD HAZARD,True
dc_27fa53a57833,Netrality Data Centers,MO,39.1009469,-94.5809437,nearest,7.712847152895898,16,11230219.0,41925.7,41925.64,43.28,Commercial,1116 GRAND BOULEVARD,1329609600000.0,X,True,False,AREA OF MINIMAL FLOOD HAZARD,True
dc_52be2b848b4f,Netrality,IL,41.8728811,-87.63344,contains,0.0,17,34136302.0,67510.9,67510.82,53.52,Residential,673 SOUTH WELLS STREET,1321315200000.0,X,True,False,AREA OF MINIMAL FLOOD HAZARD,True
dc_d5e6794a2612,Brandaleone Lab for Data and Visualization,NC,36.0030993,-78.9385323,contains,0.0,18,15260871.0,21374.6,21374.59,17.3,Education,415 CHAPEL DRIVE,1267488000000.0,X,True,False,AREA OF MINIMAL FLOOD HAZARD,True
dc_d1cc4e423ca1,Frontier (supercomputer),TN,35.929597,-84.310567,contains,0.0,13,11005735.0,223650.1,223795.8,,Commercial,,1542412800000.0,X,True,False,AREA OF MINIMAL FLOOD HAZARD,
dc_1771855b67b2,TelePacific,CA,37.779653,-122.393857,nearest,5.842005642182611,33,16266719.0,20256.4,20256.41,9.68,Commercial,,1349049600000.0,X,True,False,AREA OF MINIMAL FLOOD HAZARD,False
dc_23be1dc53fc6,VaultLogix,AZ,33.627367,-111.9017033,contains,0.0,29,11371983.0,20796.1,20796.04,4.72,Industrial,15679 NORTH 83RD WAY,1412467200000.0,X,True,False,0.2 PCT ANNUAL CHANCE FLOOD HAZARD,False
dc_60ad9b8f15c0,Profit Finder Pro Software,AZ,33.6272477,-111.9020476,contains,0.0,29,11371612.0,17383.0,17382.94,4.75,Industrial,15525 NORTH 83RD WAY,1412467200000.0,X,True,False,0.2 PCT ANNUAL CHANCE FLOOD HAZARD,False
dc_37739045bbd2,DataPro USA Web Development,AZ,33.6116624,-111.9139825,contains,0.0,42,11361131.0,26407.6,26407.55,4.3,Commercial,7741 EAST GRAY ROAD,1412467200000.0,X,True,False,0.2 PCT ANNUAL CHANCE FLOOD HAZARD,False
dc_4b4306dd4707,e360,CA,37.9710809,-122.0437382,contains,0.0,42,10002888.0,42946.6,42649.61,,Commercial,,1537574400000.0,X,True,False,AREA OF MINIMAL FLOOD HAZARD,
dc_dd96fac8908c,Digital Realty ORD10,IL,41.8533507,-87.6183067,contains,0.0,8,35011105.0,247826.3,247826.1,27.25,Commercial,2105 SOUTH PRAIRIE AVENUE,1321315200000.0,X,True,False,AREA OF MINIMAL FLOOD HAZARD,True
dc_54fd156f6e89,Centersquare Chicago Data Center - ORD1,IL,41.8533827,-87.6186071,contains,0.0,13,35011105.0,247826.3,247826.1,27.25,Commercial,2105 SOUTH PRAIRIE AVENUE,1321315200000.0,X,True,False,AREA OF MINIMAL FLOOD HAZARD,True
dc_06c982ebea67,K-Motion Interactive,AZ,33.6344843,-111.8843457,contains,0.0,32,11376350.0,18485.0,18485.05,6.19,Industrial,16419 NORTH 91ST STREET,1412467200000.0,X,True,False,0.2 PCT ANNUAL CHANCE FLOOD HAZARD,False
dc_e2f0d5b0e152,West Monroe,IL,41.8805271,-87.6359383,contains,0.0,22,34144829.0,55418.0,55417.98,120.41,Industrial,311 WEST MONROE STREET,1321315200000.0,X,True,False,AREA OF MINIMAL FLOOD HAZARD,True
dc_b5221ae8a695,Iron Mountain Data Centers AZS-1,AZ,33.6446663,-111.8960985,contains,0.0,36,11382151.0,67483.7,67483.63,10.08,Commercial,8521 EAST PRINCESS DRIVE,1412467200000.0,AO,True,True,,False
dc_1ecd2bc35dc3,CoreSite Chicago Data Center (CH1),IL,41.8759405,-87.6314655,contains,0.0,27,34139019.0,37120.7,37120.71,39.43,Commercial,119 WEST VAN BUREN STREET,1321315200000.0,X,True,False,AREA OF MINIMAL FLOOD HAZARD,True
dc_dc42b75a08e1,Accelera Data Systems,AZ,33.6647455,-112.1117142,contains,0.0,37,11328142.0,21952.6,21952.63,5.41,Industrial,2501 WEST BEHREND DRIVE,1412467200000.0,X,True,False,0.2 PCT ANNUAL CHANCE FLOOD HAZARD,False
dc_41dcb90246ba,Expedient Owings Mills,MD,39.427109,-76.81164,contains,0.0,1,6002184.0,45170.5,45503.17,,Commercial,,1570665600000.0,X,True,False,AREA OF MINIMAL FLOOD HAZARD,
dc_06efc6377b82,Lumen Baltimore,MD,39.291653,-76.619739,contains,0.0,34,7704904.0,93212.2,93212.16,25.96,Government,222 NORTH HOWARD STREET NORTH,1347494400000.0,X,True,False,AREA OF MINIMAL FLOOD HAZARD,True
dc_aeb9d6e08cbd,Expedient Tidepoint,MD,39.274763,-76.590562,nearest,3.294508917892501,27,7691960.0,331068.3,331068.0,9.01,Industrial,1030 HULL STREET,1347494400000.0,X,True,False,AREA OF MINIMAL FLOOD HAZARD,False
dc_366bd093071c,Flexential - Denver - Centennial Data Center,CO,39.5938733,-104.8431597,contains,0.0,7,15091990.0,42429.5,42429.49,6.26,Industrial,12500 EAST ARAPAHOE ROAD,1337212800000.0,X,True,False,AREA OF MINIMAL FLOOD HAZARD,False
dc_dbefe86a9d2c,EdgeConneX Data Center,AZ,33.3955855,-111.9700762,contains,0.0,32,11617787.0,81821.6,81821.53,6.63,Commercial,3011 SOUTH 52ND STREET,1412467200000.0,X,True,False,0.2 PCT ANNUAL CHANCE FLOOD HAZARD,False
dc_c7c5fc8a1267,,MI,41.8072817,-83.6276287,nearest,71.56508565314466,16,7393664.0,2422.0,2422.875,,Residential,,1564704000000.0,X,True,False,AREA OF MINIMAL FLOOD HAZARD,
dc_60a8427538d7,IT,CA,33.9102899,-117.5030207,contains,0.0,20,17267105.0,13758.1,13758.12,4.76,Education,,1317168000000.0,X,True,False,AREA OF MINIMAL FLOOD HAZARD,False
dc_f96046272fcb,"Alembic Computer Services, Inc.",AZ,33.4051307,-111.9773353,contains,0.0,22,11626045.0,14800.4,14800.38,4.49,Industrial,2125 SOUTH 48TH STREET,1412467200000.0,X,True,False,0.2 PCT ANNUAL CHANCE FLOOD HAZARD,False
dc_d80fbebeedc2,J-Curve Technologies,AZ,33.4131856,-111.9711539,contains,0.0,31,11630795.0,76338.3,76338.3,4.71,Commercial,2005 WEST 14TH STREET,1412467200000.0,X,True,False,0.2 PCT ANNUAL CHANCE FLOOD HAZARD,False
dc_623234ef1b41,Flexential Cincinnati,OH,39.3159313,-84.4494638,contains,0.0,23,544391.0,83878.3,83629.87,,Commercial,5319 MUHLHAUSER ROAD,1521936000000.0,X,True,False,AREA OF MINIMAL FLOOD HAZARD,
dc_023d2663ae5d,Flexential Denver - Downtown,CO,39.7455941,-104.9950455,nearest,10.383253794616715,22,15415339.0,49936.8,49936.71,16.32,Commercial,820 16TH STREET,1337212800000.0,X,True,False,AREA OF MINIMAL FLOOD HAZARD,True
dc_65dbd76e7604,Flexential Dallas - Downtown Dallas,TX,32.8004101,-96.8193707,contains,0.0,8,29902135.0,243138.7,243138.4,32.91,Education,1950 N STEMMONS FWY,1435708800000.0,X,True,False,AREA WITH REDUCED FLOOD RISK DUE TO LEVEE,True
dc_4861bf2a2b63,Flexential Jacksonville,FL,30.2457482,-81.5817226,contains,0.0,9,24005038.0,60220.2,59988.55,,Utility and Misc,4905 BELFORT RD,1490140800000.0,X,True,False,AREA OF MINIMAL FLOOD HAZARD,
dc_a8ddb88fae41,Flexential - Denver - Aurora,CO,39.6610488,-104.8488321,contains,0.0,90,15211108.0,179759.6,179759.3,7.34,Commercial,11900 EAST CORNELL AVENUE,1337212800000.0,X,True,False,AREA OF MINIMAL FLOOD HAZARD,False
dc_4bfdea1a9bd2,Flexential Nashville - Brentwood,TN,35.9727294,-86.8084949,contains,0.0,5,11003848.0,164046.1,163916.1,,Commercial,7100 COMMERCE WAY,1521072000000.0,X,True,False,AREA OF MINIMAL FLOOD HAZARD,
dc_3d82ec0fd7d6,Flexential Raleigh,NC,35.8505281,-78.8291431,contains,0.0,5,15359568.0,143356.7,143356.5,5.8,Commercial,5150 MCCRIMMON PKWY,1267488000000.0,X,True,False,AREA OF MINIMAL FLOOD HAZARD,False
dc_672db836d74d,Flexential Tampa - West,FL,28.0373,-82.53998,contains,0.0,11,31489812.0,70234.1,70233.84,9.2,Industrial,9423 ANDERSON RD,1340668800000.0,X,True,False,AREA OF MINIMAL FLOOD HAZARD,False
dc_193e064bdc4b,Flexential Salt Lake City - Lindon,UT,40.332648,-111.7278754,contains,0.0,29,6341022.0,30876.6,30854.76,,Commercial,333 SOUTH 520 WEST,1588550400000.0,X,True,False,AREA OF MINIMAL FLOOD HAZARD,
dc_d5a6dcb8e4b7,Digital Realty New York JFK13,NY,40.719928,-74.0044583,contains,0.0,22,7730897.0,48868.6,48838.0,106.8,Industrial,32 AVENUE OF THE AMERICAS,1376524800000.0,X,True,False,AREA OF MINIMAL FLOOD HAZARD,True
dc_2e2dbc3e3848,Digital Realty New York JFK12,NY,40.7176766,-74.0084414,contains,0.0,26,7730764.0,63885.5,63845.47,69.18,Commercial,60 HUDSON STREET,1376524800000.0,X,True,False,AREA OF MINIMAL FLOOD HAZARD,True
dc_e17d7e79bbea,CoreSite AT1,GA,33.7559857,-84.3911712,contains,0.0,25,17207661.0,22640.4,22640.42,75.93,Commercial,,1351209600000.0,X,True,False,AREA OF MINIMAL FLOOD HAZARD,True
dc_a76f8d21216f,UNM Data Center,NM,35.0867385,-106.6153476,contains,0.0,43,12066948.0,34898.7,34889.43,,Education,2701 CAMPUS BOULEVARD NORTHEAST,1314835200000.0,X,True,False,AREA OF MINIMAL FLOOD HAZARD,
dc_73ec60377ab8,Prime Santa Clara,CA,37.367929,-121.963344,nearest,39.68995265848337,21,15725642.0,37574.0,37574.04,4.52,Industrial,,1349049600000.0,X,True,False,0.2 PCT ANNUAL CHANCE FLOOD HAZARD,False
dc_36114ae3ca3e,Open Data Centers Piscataway,NJ,40.5503501,-74.4568563,contains,0.0,8,6003251.0,50160.0,50237.75,,Industrial,15 CORPORATE PLACE SOUTH,1464480000000.0,X,True,False,AREA OF MINIMAL FLOOD HAZARD,
dc_5b163fef210d,H5 Secaucus,NJ,40.7853948,-74.0750122,contains,0.0,8,7738034.0,50467.4,50467.3,8.92,Commercial,,1376524800000.0,AE,True,True,,False
dc_e0ba05af04ef,"Forescout Technologies, Inc.",CA,37.3228675,-121.9474176,contains,0.0,52,15625355.0,33642.8,33642.73,15.37,Commercial,,1349049600000.0,D,True,False,,True
dc_10b31ee93f9a,Lumen Albany 4,NY,42.7356308,-73.818665,contains,0.0,4,7319879.0,29493.3,29476.45,8.17,Commercial,10 AIRLINE DRIVE,1347321600000.0,X,True,False,AREA OF MINIMAL FLOOD HAZARD,False
dc_9c4395da1472,Equinix Chicago Data Center - CH1,IL,41.8535578,-87.6180475,contains,0.0,10,35011105.0,247826.3,247826.1,27.25,Commercial,2105 SOUTH PRAIRIE AVENUE,1321315200000.0,X,True,False,AREA OF MINIMAL FLOOD HAZARD,True
dc_ad06f9a5ee9b,501 West,NJ,40.315558,-74.6688514,contains,0.0,9,34494.0,44487.3,45216.59,,Education,,1444089600000.0,X,True,False,AREA OF MINIMAL FLOOD HAZARD,
dc_e40648befe43,Dataverge,NY,40.6576264,-74.004628,nearest,3.883534956053075,21,7873665.0,61959.7,61920.95,34.16,Industrial,21 33 STREET,1376524800000.0,X,True,False,0.2 PCT ANNUAL CHANCE FLOOD HAZARD,True
dc_497196a639d6,TulsaConnect DC3,OK,36.0994735,-95.8382826,contains,0.0,2,7143964.0,367324.0,367323.7,7.5,Commercial,,1222992000000.0,X,True,False,AREA OF MINIMAL FLOOD HAZARD,False
dc_8d43e8f81b7b,Comarch,AZ,33.3566787,-111.6352356,none,,0,,,,,,,,X,True,False,0.2 PCT ANNUAL CHANCE FLOOD HAZARD,
dc_d850cf921795,CoreSite - LA2,CA,34.0584789,-118.2359144,contains,0.0,17,14645058.0,96193.6,96193.51,22.86,Assembly,,1350432000000.0,X,True,False,AREA OF MINIMAL FLOOD HAZARD,True
dc_feb9c3b5df7f,NTT Ashburn VA7 Data Center,VA,39.0160142,-77.471954,nearest,84.12321708247661,7,50987301.0,252896.4,252978.8,,Commercial,44245 GIGABIT PLAZA,1710374400000.0,X,True,False,AREA OF MINIMAL FLOOD HAZARD,
dc_4d54edf1f2b3,NTT VA11 Data Center,VA,38.7999731,-77.6099636,none,,0,,,,,,,,X,True,False,AREA OF MINIMAL FLOOD HAZARD,
dc_506cd0de8c4c,Lumen Madison 1 Data Center,WI,43.0677161,-89.3922794,contains,0.0,60,10440264.0,15352.3,15354.33,10.33,Commercial,,1270771200000.0,X,True,False,AREA OF MINIMAL FLOOD HAZARD,False
dc_5b7a9e3b7823,Fiberhub LAS1,NV,36.065929,-115.13856,contains,0.0,25,2119029.0,34397.3,34397.32,5.87,Commercial,,1393977600000.0,X,True,False,AREA OF MINIMAL FLOOD HAZARD,False
dc_c1dfe74f8be0,DāStor: 3400 Horizon Drive,PA,40.0879189,-75.3397205,contains,0.0,11,7796928.0,72434.2,72434.12,10.41,Commercial,3400 HORIZON DRIVE,1348012800000.0,X,True,False,AREA OF MINIMAL FLOOD HAZARD,False
dc_6f6d4e070042,Rad Web Hosting,TX,32.7784469,-96.798496,nearest,21.852213283329256,14,29766705.0,40184.2,40184.14,56.49,Commercial,308 S AKARD ST,1435708800000.0,X,True,False,AREA OF MINIMAL FLOOD HAZARD,True
dc_57b30b036cf1,Alpha Federal,WV,38.3531768,-81.6961822,contains,0.0,7,7020151.0,44075.7,44044.47,11.04,Education,,1237334400000.0,X,True,False,AREA OF MINIMAL FLOOD HAZARD,False
dc_7c8e1e4ba3bf,Parsec Data Management,MT,45.7430786,-108.6030144,contains,0.0,6,2337511.0,12937.9,12938.54,,Commercial,3470 GABEL ROAD,1531872000000.0,X,True,False,AREA OF MINIMAL FLOOD HAZARD,
dc_b4dfc8453b28,Applied Digital,ND,46.9741721,-96.8739403,none,,0,,,,,,,,AE,True,True,,
dc_380aecb0436f,RIC1 DC1,VA,37.4892338,-77.2474761,contains,0.0,6,51286135.0,657028.1,657140.1,,Unclassified,6000 TECHNOLOGY BOULEVARD,1644537600000.0,X,True,False,AREA OF MINIMAL FLOOD HAZARD,
dc_d5435f3cc757,RIC1 DC2,VA,37.4886164,-77.2462097,contains,0.0,6,51286135.0,657028.1,657140.1,,Unclassified,6000 TECHNOLOGY BOULEVARD,1644537600000.0,X,True,False,AREA OF MINIMAL FLOOD HAZARD,
dc_1aee472b3c86,RIC1 DC3,VA,37.48786,-77.24483,contains,0.0,6,51286135.0,657028.1,657140.1,,Unclassified,6000 TECHNOLOGY BOULEVARD,1644537600000.0,X,True,False,AREA OF MINIMAL FLOOD HAZARD,
dc_40afc33af359,TulsaConnect,OK,36.153294,-95.989193,contains,0.0,27,7106433.0,17424.7,17424.69,37.1,Residential,,1222992000000.0,X,True,False,AREA OF MINIMAL FLOOD HAZARD,True
dc_4dbe408255c8,Windstream,OK,36.1485011,-95.990514,contains,0.0,23,7101912.0,15949.8,15949.78,118.5,Commercial,,1222992000000.0,X,True,False,AREA OF MINIMAL FLOOD HAZARD,True
dc_ddc20b8cfb33,TulsaConnect,OK,36.149022,-95.990391,nearest,23.319761365994886,20,7103056.0,69743.7,69743.67,7.3,Residential,,1222992000000.0,X,True,False,AREA OF MINIMAL FLOOD HAZARD,False
dc_515444aaf104,Digital Fortress - Portland 1,OR,45.5212569,-122.6817537,contains,0.0,30,8133759.0,12344.8,12335.09,44.71,Commercial,,1285027200000.0,X,True,False,AREA OF MINIMAL FLOOD HAZARD,True
dc_9b38f4695f6f,Digital Fortress - Portland 2,OR,45.4762137,-122.7760868,contains,0.0,64,8052901.0,17049.4,17035.86,5.22,Industrial,,1285027200000.0,X,True,False,AREA OF MINIMAL FLOOD HAZARD,False
dc_0a5b4dcabb86,Digital Fortress - Portland 3,OR,45.475634,-122.7764098,contains,0.0,51,8051650.0,23100.0,23081.74,5.28,Industrial,,1285027200000.0,X,True,False,AREA OF MINIMAL FLOOD HAZARD,False
dc_37b6e4984473,H5 DC - Portland,OR,45.5316902,-122.6837652,contains,0.0,26,8150442.0,39696.1,39665.0,9.02,Commercial,,1285027200000.0,X,True,False,0.2 PCT ANNUAL CHANCE FLOOD HAZARD,False
dc_23feba8dfbd6,Date Center West - Eugene,OR,44.0506071,-123.0929782,contains,0.0,23,1080176.0,23126.6,23108.11,,Commercial,,1565568000000.0,X,True,False,AREA OF MINIMAL FLOOD HAZARD,
dc_1d6382ebcca5,QTS Ashburn 2,VA,38.9982397,-77.4491455,nearest,3.116946196433089,11,2957571.0,9227.2,8860.758,,Commercial,,1536192000000.0,X,True,False,AREA OF MINIMAL FLOOD HAZARD,
dc_70ea5deecfdb,OCOSA,OK,36.153287,-95.989191,contains,0.0,28,7106433.0,17424.7,17424.69,37.1,Residential,,1222992000000.0,X,True,False,AREA OF MINIMAL FLOOD HAZARD,True
dc_01c60ff235ed,Vantage VA16,VA,38.9985084,-77.4406368,nearest,112.7393275350396,3,7939958.0,9120.3,9120.266,7.21,Industrial,22355 TAG WAY,1205280000000.0,X,True,False,AREA OF MINIMAL FLOOD HAZARD,False
dc_a3b2dac5f2d0,Vantage VA15,VA,38.9994047,-77.4417901,nearest,149.74975763315663,2,51492069.0,315948.7,316042.9,,Commercial,22262 CLOUD PLAZA,1710374400000.0,X,True,False,AREA OF MINIMAL FLOOD HAZARD,
dc_57ca1ebae8e5,Iron City No. 1 Power Generator and Compute Center,PA,41.1410436,-78.0974055,none,,0,,,,,,,,X,True,False,AREA OF MINIMAL FLOOD HAZARD,
dc_a8ea97c0d02a,Cyxtera Dallas-Fort Worth Data Center,TX,32.8327103,-97.0410284,nearest,26.684717238058315,5,30638892.0,245162.7,245162.4,10.9,Commercial,14901 FAA BLVD,1435708800000.0,X,True,False,AREA OF MINIMAL FLOOD HAZARD,False
dc_e569435cdfa4,Equinix Infomart,TX,32.8009535,-96.8195234,contains,0.0,11,29902135.0,243138.7,243138.4,32.91,Education,1950 N STEMMONS FWY,1435708800000.0,X,True,False,AREA WITH REDUCED FLOOD RISK DUE TO LEVEE,True
dc_686c58c1074a,CoreSite BO1,MA,42.3767059,-71.0797577,contains,0.0,11,7202925.0,133359.2,133359.0,12.43,Industrial,70 INNER BELT ROAD,1242864000000.0,X,True,False,AREA OF MINIMAL FLOOD HAZARD,True
dc_cb30a328369f,USPO Terminal Annex,CA,34.0578,-118.236,nearest,19.776603140474016,17,14869758.0,77190.1,77190.07,14.89,Residential,,1350432000000.0,X,True,False,AREA OF MINIMAL FLOOD HAZARD,True
dc_ac08463eb4ec,DataBank,TX,32.7783107,-96.7984357,nearest,37.90488242613394,13,29766705.0,40184.2,40184.14,56.49,Commercial,308 S AKARD ST,1435708800000.0,X,True,False,AREA OF MINIMAL FLOOD HAZARD,True
dc_2d3e640cf930,CyrusOne Cincinnati-Mason CIN3,OH,39.3038941,-84.3116127,contains,0.0,18,581752.0,84246.1,82484.15,,Commercial,,1496707200000.0,X,True,False,AREA OF MINIMAL FLOOD HAZARD,
dc_24567abd6c58,LightEdge SAN1,CA,32.8278941,-117.1299275,contains,0.0,7,3300047.0,90510.1,91635.11,,Industrial,,1475020800000.0,X,True,False,AREA OF MINIMAL FLOOD HAZARD,
dc_8d1887ea9099,EdgeConneX San Diego,CA,32.8423554,-117.1694226,contains,0.0,6,3276710.0,41766.2,43479.4,,Industrial,,1475020800000.0,X,True,False,AREA OF MINIMAL FLOOD HAZARD,
dc_613e1ba146fa,RagingWire CA2,CA,38.6504002,-121.4919461,contains,0.0,11,17100256.0,201126.0,201125.9,10.63,Industrial,,1316736000000.0,A99,True,True,,False
dc_8313dc48caac,RagingWire CA1,CA,38.6504319,-121.4891868,contains,0.0,8,17100269.0,192974.3,192974.1,10.88,Industrial,,1316736000000.0,A99,True,True,,False
dc_aaeb2a6d5fa0,Hewlett-Packard,GA,34.0820578,-84.2672921,contains,0.0,5,51469664.0,250738.6,250930.7,,Commercial,,1664236800000.0,X,True,False,AREA OF MINIMAL FLOOD HAZARD,
dc_4e99cc75cd39,Equinix SV1,CA,37.241767,-121.782967,contains,0.0,9,10004099.0,127506.0,128232.9,,Unclassified,,1473897600000.0,D,True,False,,
dc_d4812e5e6145,,OH,39.2940482,-84.4121132,contains,0.0,4,10426228.0,12342.8,12342.81,5.24,Education,,1425168000000.0,X,True,False,AREA OF MINIMAL FLOOD HAZARD,False
dc_9558c9615f47,Lumen Sunnyvale 1,CA,37.3734695,-121.9878002,contains,0.0,17,15735890.0,75856.7,75856.66,6.44,Industrial,,1349049600000.0,X,True,False,AREA WITH REDUCED FLOOD RISK DUE TO LEVEE,False
dc_4c8ff415be80,OpenColo,CA,37.3788292,-121.9559257,contains,0.0,21,15746297.0,68510.5,68510.44,8.01,Unclassified,,1349049600000.0,AH,True,True,,False
dc_764778a857ca,Equinix Santa Clara SV2,CA,37.3784704,-121.9549839,contains,0.0,24,15745680.0,79254.4,79254.34,11.41,Industrial,,1349049600000.0,AH,True,True,,False
dc_5de7805a4d95,Layer42 Santa Clara,CA,37.3780374,-121.9541277,contains,0.0,26,15744382.0,25800.7,25800.66,6.61,Industrial,,1349049600000.0,AH,True,True,,False
dc_b00a5fe6d20d,Digital Realty Silicon Valley SJC34,CA,37.3724077,-121.973647,contains,0.0,14,15734455.0,95003.8,95003.7,11.23,Unclassified,,1349049600000.0,X,True,False,0.2 PCT ANNUAL CHANCE FLOOD HAZARD,False
dc_8e694360ade4,Csquare SFO1,CA,37.3714713,-121.9696826,contains,0.0,11,15732738.0,176528.9,176528.7,8.97,Unclassified,,1349049600000.0,X,True,False,0.2 PCT ANNUAL CHANCE FLOOD HAZARD,False
dc_c55962889669,,CA,37.3733075,-121.9727778,contains,0.0,15,15736175.0,60370.7,60370.64,5.35,Unclassified,,1349049600000.0,X,True,False,0.2 PCT ANNUAL CHANCE FLOOD HAZARD,False
dc_da9fd4387a5d,Strategic Datasphere,GA,34.0948126,-84.2357244,contains,0.0,10,16016100.0,160819.9,160790.6,,Industrial,,1543363200000.0,X,True,False,AREA OF MINIMAL FLOOD HAZARD,
dc_c9d4281c0249,Flexential Atlanta - Alpharetta Data Center,GA,34.0869864,-84.2518184,contains,0.0,4,16016048.0,85409.8,86141.91,,Commercial,,1543363200000.0,X,True,False,AREA OF MINIMAL FLOOD HAZARD,
dc_dca5ba467cc7,Secure Data Center,GA,34.0937063,-84.250878,contains,0.0,2,16016091.0,209440.1,210893.3,,Industrial,,1543363200000.0,X,True,False,AREA OF MINIMAL FLOOD HAZARD,
dc_9590e95f1c65,Cologix Santa Clara SV1 Data Center,CA,37.3654018,-121.9616726,contains,0.0,45,15722434.0,82786.4,82786.38,6.98,Industrial,,1349049600000.0,X,True,False,0.2 PCT ANNUAL CHANCE FLOOD HAZARD,False
dc_95ac86b8be5c,Netrality Data Centers,MO,38.629039,-90.197493,nearest,5.4873029185388145,22,11511285.0,26243.0,26242.92,59.34,Unclassified,,1352419200000.0,X,True,False,AREA OF MINIMAL FLOOD HAZARD,True
dc_88909d588f3f,Minneapolis Data Center #2,MN,44.9914423,-93.2803397,contains,0.0,18,11107776.0,50803.2,50763.14,8.12,Industrial,1200 WASHINGTON AVENUE NORTH,1335744000000.0,X,True,False,AREA OF MINIMAL FLOOD HAZARD,False
dc_e567c4149e4f,Equinix DC14,VA,38.8034341,-77.5105821,contains,0.0,8,7698897.0,55785.8,55785.8,13.89,Commercial,7400 INFANTRY RIDGE ROAD,1205280000000.0,X,True,False,AREA OF MINIMAL FLOOD HAZARD,True
dc_8e9fdcb36e6f,Amazon IAD11,VA,38.7904948,-77.5411095,contains,0.0,13,7696713.0,119665.5,119665.4,8.25,Commercial,7510 MASON KING COURT,1205280000000.0,X,True,False,AREA OF MINIMAL FLOOD HAZARD,False
dc_efd5fc83731e,Amazon IAD24,VA,38.7903463,-77.5400098,contains,0.0,11,7696432.0,30221.6,30221.53,6.82,Commercial,7610 MASON KING COURT,1205280000000.0,X,True,False,AREA OF MINIMAL FLOOD HAZARD,False
dc_0af20c3aa097,Amazon IAD7,VA,38.7911993,-77.5382664,contains,0.0,11,7696751.0,106070.8,106070.8,11.13,Commercial,7505 MASON KING COURT,1205280000000.0,X,True,False,AREA OF MINIMAL FLOOD HAZARD,False
dc_e4369ccb8810,CyrusOne CIN2,OH,39.1030798,-84.5173158,nearest,4.099439761678785,30,10452226.0,58514.1,58514.02,59.33,Government,,1425168000000.0,X,True,False,AREA OF MINIMAL FLOOD HAZARD,True
dc_b067df925538,VA 4,VA,38.778,-77.595,contains,0.0,5,7690911.0,229236.6,229236.5,6.75,Commercial,8217 LINTON HALL ROAD,1205280000000.0,X,True,False,AREA OF MINIMAL FLOOD HAZARD,False
dc_1cb42af58320,Amazon IAD10,VA,39.0216753,-77.4329728,contains,0.0,7,7947795.0,112578.7,112578.6,6.64,Commercial,45360 WEST SEVERN WAY,1205280000000.0,X,True,False,AREA OF MINIMAL FLOOD HAZARD,False
dc_9fb1f8d58659,Amazon IAD32,VA,39.0215693,-77.4347944,contains,0.0,10,7947740.0,36101.5,36101.55,7.82,Commercial,1304 SQUIRE COURT,1205280000000.0,X,True,False,AREA OF MINIMAL FLOOD HAZARD,False
dc_15ae64532452,NTT RagingWire DC - Hillsboro,OR,45.5496803,-122.9373872,contains,0.0,8,3640452.0,304620.9,304377.5,,Industrial,,1564790400000.0,X,True,False,AREA OF MINIMAL FLOOD HAZARD,
dc_7d1f285cb791,Centersquare IAD1-B,VA,39.0238679,-77.4152091,contains,0.0,22,7948199.0,78683.7,78683.7,9.05,Commercial,45845 NOKES BOULEVARD,1205280000000.0,X,True,False,AREA OF MINIMAL FLOOD HAZARD,False
dc_7c8c55acfb6b,Centersquare IAD1-A,VA,39.0232978,-77.4132123,contains,0.0,24,7948062.0,90584.4,90584.26,9.29,Commercial,45901 NOKES BOULEVARD,1205280000000.0,X,True,False,AREA OF MINIMAL FLOOD HAZARD,False
dc_d41fb281d30a,Centersquare IAD1-C,VA,39.024754,-77.4122043,contains,0.0,8,7948392.0,135274.8,135274.6,6.58,Commercial,21110 RIDGETOP CIRCLE,1205280000000.0,X,True,False,AREA OF MINIMAL FLOOD HAZARD,False
dc_667e78753bcc,Flexential Minneapolis - Chaska,MN,44.8516116,-93.5988964,contains,0.0,4,11578329.0,137652.1,137549.6,7.4,Commercial,3500 LYMAN BOULEVARD,1335744000000.0,X,True,False,AREA OF MINIMAL FLOOD HAZARD,False
dc_f5142250b983,Pearl Plaza Office Building,CO,39.7452303,-104.9793322,contains,0.0,83,15414618.0,78649.0,78648.93,10.6,Commercial,601 EAST 18TH AVENUE,1337212800000.0,X,True,False,AREA OF MINIMAL FLOOD HAZARD,False
dc_12f42ac7aa67,Csquare SFO2,CA,37.397572,-121.980963,contains,0.0,17,15779597.0,129539.7,129539.6,5.83,Unclassified,,1349049600000.0,X,True,False,AREA WITH REDUCED FLOOD RISK DUE TO LEVEE,False
dc_7535ad317c26,Csquare SFO2,CA,37.3986381,-121.9811563,contains,0.0,15,15781396.0,96587.6,96587.51,4.5,Unclassified,,1349049600000.0,X,True,False,AREA WITH REDUCED FLOOD RISK DUE TO LEVEE,False
dc_1162b8639226,QTS Santa Clara 1,CA,37.3939862,-121.9783207,contains,0.0,9,15773408.0,34791.1,34791.03,9.63,Unclassified,,1349049600000.0,X,True,False,AREA WITH REDUCED FLOOD RISK DUE TO LEVEE,False
dc_e1d7138b0007,CoreSite SV3,CA,37.3751575,-121.9717141,contains,0.0,11,15739277.0,51095.7,51095.68,6.16,Utility and Misc,,1349049600000.0,X,True,False,0.2 PCT ANNUAL CHANCE FLOOD HAZARD,False
dc_c8e79bad6c96,CoreSite SV6,CA,37.3763019,-121.9720837,contains,0.0,14,15741427.0,52343.5,52343.48,5.41,Unclassified,,1349049600000.0,X,True,False,0.2 PCT ANNUAL CHANCE FLOOD HAZARD,False
dc_03fb7c7b8edd,CoreSite SV8,CA,37.3773827,-121.97184,contains,0.0,17,15742835.0,27068.5,27068.49,4.97,Unclassified,,1349049600000.0,X,True,False,0.2 PCT ANNUAL CHANCE FLOOD HAZARD,False
dc_77cbe277429a,CoreSite SV5,CA,37.3751959,-121.9706889,contains,0.0,9,15739453.0,24162.9,24162.94,4.5,Unclassified,,1349049600000.0,X,True,False,0.2 PCT ANNUAL CHANCE FLOOD HAZARD,False
dc_c6ae9e1f88c6,CoreSite SV9,CA,37.3755551,-121.9696049,contains,0.0,13,15739848.0,51658.0,51658.01,4.63,Industrial,,1349049600000.0,X,True,False,0.2 PCT ANNUAL CHANCE FLOOD HAZARD,False
dc_2358caf9e233,QTS Santa Clara 2,CA,37.3927307,-121.9784277,contains,0.0,11,15771027.0,35874.8,35874.71,9.77,Unclassified,,1349049600000.0,X,True,False,AREA WITH REDUCED FLOOD RISK DUE TO LEVEE,False
dc_1628a2b176c6,STACK NVA01A - Northern Virginia,VA,39.0046933,-77.4417399,contains,0.0,8,7871229.0,182165.2,182165.0,6.85,Commercial,22080 PACIFIC BOULEVARD,1205280000000.0,X,True,False,AREA OF MINIMAL FLOOD HAZARD,False
dc_0f239b20a7ba,Minnesota Gateway Data Center,MN,44.9712882,-93.2546974,contains,0.0,17,11071597.0,88316.9,88247.18,12.7,Commercial,511 11TH AVENUE SOUTH,1335744000000.0,X,True,False,AREA OF MINIMAL FLOOD HAZARD,True
dc_806d588bcd8f,IBM Building,NY,42.64957,-73.75262,nearest,5.756004440436387,31,7263766.0,60325.5,60292.73,30.64,Commercial,74 STATE STREET,1347321600000.0,X,True,False,AREA OF MINIMAL FLOOD HAZARD,True
dc_6146656d1013,,MI,42.3262876,-83.0769768,contains,0.0,52,14574716.0,25892.8,25890.79,9.79,Industrial,,1430438400000.0,X,True,False,AREA OF MINIMAL FLOOD HAZARD,False
dc_601b882f713f,VA3,VA,38.9484941,-77.3273071,contains,0.0,13,7920956.0,73412.6,73412.5,17.63,Commercial,1780 BUSINESS CENTER DRIVE,1205280000000.0,X,True,False,AREA OF MINIMAL FLOOD HAZARD,True
dc_9f34fd0de9e0,IAD1,VA,38.9488119,-77.3294144,contains,0.0,17,7920957.0,19093.7,19093.69,7.11,Commercial,1807 MICHAEL FARADAY COURT,1205280000000.0,X,True,False,AREA OF MINIMAL FLOOD HAZARD,False
dc_1893390c83ef,CoreSite Reston Campus VA1,VA,38.9506059,-77.3645496,contains,0.0,9,7921874.0,136878.0,136877.9,8.76,Commercial,12100 SUNRISE VALLEY DRIVE,1205280000000.0,X,True,False,AREA OF MINIMAL FLOOD HAZARD,False
dc_0528a0ff632a,CoreSite Reston VA3,VA,38.9483343,-77.3724298,nearest,0.7292574912602736,50,7921284.0,137229.8,137229.8,5.51,Commercial,12369 SUNRISE VALLEY DRIVE,1205280000000.0,X,True,False,AREA OF MINIMAL FLOOD HAZARD,False
dc_22ddddb49a8e,,NH,43.0761287,-70.8080395,contains,0.0,5,212989.0,9166.6,9164.124,,Commercial,,1540166400000.0,X,True,False,AREA OF MINIMAL FLOOD HAZARD,
dc_4acc5a2218d7,Insurance Exchange Building,CO,39.745572,-104.9956909,contains,0.0,21,15733952.0,106026.7,106026.6,48.25,Unclassified,910 15TH STREET,1337212800000.0,X,True,False,AREA OF MINIMAL FLOOD HAZARD,True
dc_5a1da1c84a02,Lincoln Rackhouse Maryland,MD,39.0586081,-76.964467,contains,0.0,11,7332777.0,146868.0,146867.9,6.75,Commercial,,1205280000000.0,X,True,False,AREA OF MINIMAL FLOOD HAZARD,False
dc_4c8f72b408e3,CyrusOne Cincinnati-Lebanon,OH,39.3889702,-84.2218527,contains,0.0,4,6006393.0,206001.4,202933.8,,Industrial,,1414281600000.0,X,True,False,AREA OF MINIMAL FLOOD HAZARD,
dc_19939411d9e4,Equinix NY7 Data Center,NJ,40.7968626,-74.0311403,contains,0.0,9,7764209.0,72350.6,72350.56,11.39,Industrial,,1376524800000.0,X,True,False,AREA OF MINIMAL FLOOD HAZARD,False
dc_938af684faa3,Equinix SV4,CA,37.4145109,-122.0145563,contains,0.0,15,15804968.0,95875.5,95875.44,7.29,Unclassified,,1349049600000.0,AE,True,True,,False
dc_69730b99b070,Verizon - Bloomington Network,MN,44.8072109,-93.375385,contains,0.0,23,11511995.0,53050.9,53009.61,5.68,Industrial,10801 BUSH LAKE ROAD,1335744000000.0,X,True,False,AREA OF MINIMAL FLOOD HAZARD,False
dc_08bc73ca6961,H5 Data Centers San Antonio,TX,29.4293706,-98.4869057,contains,0.0,30,28793409.0,39025.2,39025.14,10.63,Commercial,301 BROADWAY,1351728000000.0,X,True,False,AREA OF MINIMAL FLOOD HAZARD,False
dc_8570f2737bd4,Aureon,IA,41.5879926,-93.6310139,contains,0.0,12,7044525.0,9887.0,9879.808,8.81,Commercial,616 10TH STREET,1248652800000.0,X,True,False,AREA OF MINIMAL FLOOD HAZARD,False
dc_329f757102fc,,NC,35.5881,-81.2626,contains,0.0,4,14010028.0,612087.7,614934.3,,Utility and Misc,5977 STARTOWN ROAD,1448064000000.0,X,True,False,AREA OF MINIMAL FLOOD HAZARD,
dc_7dc677ea1823,Patmos KC2,MO,39.0945,-94.5796,contains,0.0,33,11275874.0,186441.9,186441.7,18.55,Industrial,1525 MCGEE STREET,1329609600000.0,X,True,False,AREA OF MINIMAL FLOOD HAZARD,True
dc_f3e921cb9abe,Digital Realty New York HVN10,CT,41.2407307,-73.1472668,contains,0.0,9,7086679.0,133791.9,133764.2,9.53,Utility and Misc,80 MERRITT BOULEVARD,1345766400000.0,X,True,False,AREA OF MINIMAL FLOOD HAZARD,False
dc_73dc9624ff3e,Lincoln Rackhouse,IL,41.7721034,-88.2170821,contains,0.0,6,32005729.0,78053.2,78843.18,,Industrial,,1462406400000.0,X,True,False,AREA OF MINIMAL FLOOD HAZARD,
dc_4f3fb90492d6,Digital Realty CH1,IL,41.9942413,-87.961935,contains,0.0,10,34582515.0,449220.2,449219.8,8.81,Industrial,2200 BUSSE ROAD,1321315200000.0,X,True,False,AREA OF MINIMAL FLOOD HAZARD,False
dc_56b1c9faf7e3,H5 Minneapolis,MN,44.972195,-93.1474731,contains,0.0,55,11095202.0,107733.0,107647.3,6.72,Commercial,1125 ENERGY PARK DRIVE,1335744000000.0,X,True,False,AREA OF MINIMAL FLOOD HAZARD,False
dc_e797a6f7ed88,Iron Mountain Records Storage,AZ,33.42038,-112.0413257,contains,0.0,7,11560244.0,79061.3,79061.23,16.01,Industrial,2955 SOUTH 18TH PLACE,1412467200000.0,X,True,False,0.2 PCT ANNUAL CHANCE FLOOD HAZARD,True
dc_01f94da97123,Equinix SV8,CA,37.4458951,-122.160786,contains,0.0,44,15840056.0,71456.4,71456.27,9.55,Commercial,,1349049600000.0,X,True,False,0.2 PCT ANNUAL CHANCE FLOOD HAZARD,False
dc_8220a2e039af,NCSA Petascale Computing Facility,IL,40.0952591,-88.2420314,contains,0.0,14,10573714.0,48318.3,48458.02,,Education,,1531353600000.0,X,True,False,AREA OF MINIMAL FLOOD HAZARD,
dc_cb35267e5332,LexisNexus Springfield,OH,39.9128,-83.72379,contains,0.0,1,6000552.0,86287.8,86557.5,,Industrial,,1446940800000.0,X,True,False,AREA OF MINIMAL FLOOD HAZARD,
dc_5d6a143d4026,Digital Realty ORD11,IL,41.8743036,-87.6299404,contains,0.0,27,34136315.0,70443.5,70443.47,30.01,Commercial,680 SOUTH FEDERAL STREET,1321315200000.0,X,True,False,AREA OF MINIMAL FLOOD HAZARD,True
dc_65815b1ef945,Lumen,AZ,33.494309,-112.0707916,contains,0.0,52,11037197.0,26697.0,26696.98,9.44,Commercial,215 EAST INDIAN SCHOOL ROAD,1412467200000.0,X,True,False,0.2 PCT ANNUAL CHANCE FLOOD HAZARD,False
dc_71ee549f276d,L3Harris Technologies Inc,AZ,33.3053366,-111.6716904,contains,0.0,25,4433197.0,15586.7,15333.39,,Commercial,6030 SOUTH KENT,1507507200000.0,D,True,False,,
dc_c9d94248f419,AZ Labs,AZ,33.3062801,-111.6717217,contains,0.0,20,4433510.0,32327.9,31567.28,,Commercial,6030 SOUTH KENT,1507507200000.0,D,True,False,,
dc_af553fcece3c,Serverfarm CH1,IL,41.8709439,-87.6401413,contains,0.0,23,34135754.0,56570.2,56570.2,32.79,Commercial,840 SOUTH CANAL STREET,1321315200000.0,X,True,False,AREA OF MINIMAL FLOOD HAZARD,True
dc_ed04a1ecbe51,Aligned Energy Data Center,AZ,33.6590546,-112.1111595,contains,0.0,7,11322460.0,516298.6,516298.2,7.63,Commercial,19200 NORTH 23RD AVENUE,1412467200000.0,X,True,False,0.2 PCT ANNUAL CHANCE FLOOD HAZARD,False
dc_94b7312e4711,Lakeside Technology Center,IL,41.8536916,-87.6182716,contains,0.0,13,35011105.0,247826.3,247826.1,27.25,Commercial,2105 SOUTH PRAIRIE AVENUE,1321315200000.0,X,True,False,AREA OF MINIMAL FLOOD HAZARD,True
dc_fb37a9ca7ac1,Flexential Phoenix - Deer Valley,AZ,33.6846775,-112.0983398,nearest,19.309760037634472,16,2706498.0,88063.2,87647.59,,Commercial,1802 WEST DEER VALLEY ROAD,1503792000000.0,X,True,False,0.2 PCT ANNUAL CHANCE FLOOD HAZARD,
dc_8a38216b0122,TierPoint,OK,36.1585898,-95.9886293,contains,0.0,21,7110998.0,37277.7,37277.65,7.0,Commercial,,1222992000000.0,X,True,False,AREA OF MINIMAL FLOOD HAZARD,False
dc_a4d71aa335ce,Equinix SV5,CA,37.2420719,-121.7817852,nearest,27.54836506169767,33,10004100.0,62367.7,62759.43,,Unclassified,,1473897600000.0,D,True,False,,
dc_1a16f88c10dd,"Union Pacific Jack Koraleski Technology, Research & Development Center",NE,41.31803,-96.05072,contains,0.0,14,3221586.0,54939.9,54978.34,5.73,Industrial,8949 SORENSEN PARKWAY,1366848000000.0,X,True,False,AREA OF MINIMAL FLOOD HAZARD,False
dc_270c6c0a4182,DataBank Pittsburgh PIT2,PA,40.4513704,-80.1901663,contains,0.0,6,7369217.0,37762.2,37762.13,13.02,Commercial,,1312502400000.0,X,True,False,AREA OF MINIMAL FLOOD HAZARD,True
dc_42b099cfcbc7,Molina Healthcare,NM,34.995577,-106.617908,contains,0.0,4,12010542.0,26045.4,26038.56,,Industrial,5610 TURING DRIVE SOUTHEAST,1314835200000.0,X,True,False,AREA OF MINIMAL FLOOD HAZARD,
dc_3cef3c541b5d,Switch12,NV,36.0617389,-115.2132922,contains,0.0,6,2115010.0,373700.3,373699.9,11.41,Industrial,,1393977600000.0,X,True,False,0.2 PCT ANNUAL CHANCE FLOOD HAZARD,False
dc_da72086b812a,Switch Las Vegas 7,NV,36.0599191,-115.210197,contains,0.0,3,2112046.0,325116.7,325116.4,10.39,Commercial,,1393977600000.0,X,True,False,0.2 PCT ANNUAL CHANCE FLOOD HAZARD,False
dc_06cf1c89d97f,EdgeConneX CHI01,IL,42.0007751,-87.9507686,contains,0.0,11,34585780.0,122953.0,122952.9,10.48,Commercial,1800 NICHOLAS BOULEVARD,1321315200000.0,X,True,False,AREA OF MINIMAL FLOOD HAZARD,False
dc_f54271a3c826,,MD,39.3777781,-77.4115448,contains,0.0,7,74394.0,66274.1,66579.31,,Unclassified,7300 CRESTWOOD BOULEVARD,1564358400000.0,X,True,False,AREA OF MINIMAL FLOOD HAZARD,
dc_2a69da90abd8,Verizon Wireline Network Building,NJ,40.4949031,-74.4430949,nearest,1.8205424864155717,40,6002821.0,64477.1,64196.74,,Education,365 GEORGE STREET,1464480000000.0,X,True,False,AREA OF MINIMAL FLOOD HAZARD,
dc_535d66b5f9b6,RagingWire CA3,CA,38.6442393,-121.4987627,contains,0.0,9,17096688.0,153600.1,153600.0,9.36,Industrial,,1316736000000.0,A99,True,True,,False
dc_f5d875508817,,IA,41.2214856,-95.863822,contains,0.0,56,7152410.0,231457.8,231601.1,10.94,Unclassified,1430 VETERANS MEMORIAL HIGHWAY,1366848000000.0,X,True,False,AREA WITH REDUCED FLOOD RISK DUE TO LEVEE,False
dc_8d7d400daa85,360 Spear Street Data Center,CA,37.789282,-122.39009,nearest,3.6458171742632803,26,16279841.0,75143.0,75142.94,22.9,Industrial,,1349049600000.0,X,True,False,AREA OF MINIMAL FLOOD HAZARD,True
dc_df94ebb7df29,Equinix New York Secaucus NY5,NJ,40.7785845,-74.0723242,contains,0.0,9,7727396.0,209095.1,209094.9,13.28,Commercial,,1376524800000.0,AE,True,True,,True
dc_e2b5deb384b2,Equinix New York Secaucus NY4,NJ,40.7764281,-74.0697759,contains,0.0,9,7724573.0,312598.6,312598.4,13.75,Industrial,,1376524800000.0,AE,True,True,,True
dc_73f7a3eb7f29,Equinix NY3,NJ,40.7749028,-74.0689687,contains,0.0,7,7721280.0,272943.0,272942.7,12.01,Utility and Misc,,1376524800000.0,X,True,False,AREA OF MINIMAL FLOOD HAZARD,True
dc_1cb4fe2a0b9e,Equinix New York Secaucus NY2,NJ,40.7772907,-74.0759403,contains,0.0,7,7726415.0,432722.0,432721.7,9.38,Industrial,,1376524800000.0,AE,True,True,,False
dc_22a977948445,Centersquare NYC3 Data Center,NJ,40.786164,-74.0691645,contains,0.0,26,7740403.0,142610.8,142610.5,7.81,Industrial,,1376524800000.0,X,True,False,AREA OF MINIMAL FLOOD HAZARD,False
dc_d983542baf94,QTS Sacramento,CA,38.6463763,-121.4862686,contains,0.0,14,17097975.0,89988.2,89988.13,8.86,Industrial,,1316736000000.0,A99,True,True,,False
dc_5c2f48f1f831,,MO,39.2906383,-94.6759163,contains,0.0,9,11036301.0,58591.8,58591.74,6.83,Industrial,10828 NORTH AIRWORLD DRIVE,1270080000000.0,X,True,False,AREA OF MINIMAL FLOOD HAZARD,False
dc_0ea9fc7adeb0,Lincoln Rackhouse Kansas City,MO,39.2955554,-94.6734862,nearest,2.1067392582427904,10,11036363.0,183098.9,183098.8,8.39,Commercial,11155 NORTH AIRWORLD DRIVE,1270080000000.0,X,True,False,AREA OF MINIMAL FLOOD HAZARD,False
dc_603a01fbe6f3,Black Rock Financial Management,MO,39.2954814,-94.6780114,contains,0.0,3,11036361.0,58398.6,58398.59,11.28,Commercial,7901 NORTHWEST 112TH STREET,1270080000000.0,X,True,False,AREA OF MINIMAL FLOOD HAZARD,False
dc_7517a65ae363,,MO,39.3024057,-94.6847918,contains,0.0,11,11036433.0,51624.3,51624.21,7.68,Commercial,11530 NORTH AMBASSADOR DRIVE,1270080000000.0,X,True,False,AREA OF MINIMAL FLOOD HAZARD,False
dc_f9a1698669ea,Cherokee Data Center,OK,36.2625496,-95.9100413,nearest,14.848038232727244,2,4200602.0,351189.5,348111.5,,Commercial,,1468972800000.0,X,True,False,AREA OF MINIMAL FLOOD HAZARD,
dc_f9657e3a222d,CyrusOne Chicago Aurora CME,IL,41.7966077,-88.2438232,nearest,12.53485925487542,4,32005777.0,273933.8,273512.6,,Industrial,,1462406400000.0,X,True,False,AREA OF MINIMAL FLOOD HAZARD,
dc_56db95055eaf,Xfinity/Comcast Data Center,CO,39.5883237,-104.8324181,contains,0.0,15,15382299.0,51291.2,51291.18,6.8,Commercial,7059 SOUTH POTOMAC STREET,1337212800000.0,X,True,False,AREA OF MINIMAL FLOOD HAZARD,False
dc_84c0a8b27128,IO Datacenter,NJ,40.5208169,-74.3472226,contains,0.0,3,7393299.0,772602.8,772602.1,12.69,Commercial,3003 WOODBRIDGE AVENUE,1376524800000.0,X,True,False,AREA OF MINIMAL FLOOD HAZARD,True
dc_72f68f42d432,DataBank Piscataway EWR2,NJ,40.5492135,-74.4582096,contains,0.0,8,6003243.0,74753.4,73180.33,,Industrial,25 CORPORATE PLACE SOUTH,1464480000000.0,X,True,False,AREA OF MINIMAL FLOOD HAZARD,
dc_ba26367c42aa,Optimum,NJ,40.5468425,-74.4920459,contains,0.0,7,6003210.0,72510.7,72124.3,,Industrial,275 CENTENNIAL AVENUE,1508371200000.0,X,True,False,AREA OF MINIMAL FLOOD HAZARD,
dc_41293169fcf5,Equinix,NJ,40.5449197,-74.4953594,contains,0.0,13,6003190.0,68551.9,69659.21,,Unclassified,,1508371200000.0,X,True,False,AREA OF MINIMAL FLOOD HAZARD,
dc_8e83f64e34c5,Barclays Datacenter,NJ,40.5472443,-74.4597373,contains,0.0,15,6003226.0,372150.7,375431.8,,Industrial,40 CORPORATE PLACE SOUTH,1464480000000.0,X,True,False,AREA OF MINIMAL FLOOD HAZARD,
dc_22a625aec698,Digital Realty New York EWR12,NJ,40.5529283,-74.4592038,contains,0.0,14,6009074.0,338403.0,338038.5,,Industrial,1115 CENTENNIAL AVENUE,1464480000000.0,X,True,False,AREA OF MINIMAL FLOOD HAZARD,
dc_c2f3fa259c37,Digital Realty New York EWR11,NJ,40.5537931,-74.4571024,nearest,14.71878889797706,12,1228531.0,461.9,473.6764,,Industrial,,1464480000000.0,X,True,False,AREA OF MINIMAL FLOOD HAZARD,
dc_8eb668a8b3c3,Intergate Seattle East Building 2,WA,47.4950309,-122.2905696,contains,0.0,11,10091102.0,108720.8,108641.5,8.67,Industrial,,1273190400000.0,X,True,False,AREA OF MINIMAL FLOOD HAZARD,False
dc_9f04712f31d7,Intergate Seattle East Building 1,WA,47.4948597,-122.2881943,contains,0.0,17,10090970.0,98424.8,98353.01,8.69,Industrial,,1273190400000.0,X,True,False,AREA OF MINIMAL FLOOD HAZARD,False
dc_9244f32ac697,Equinix SV15,CA,37.3754952,-121.9884063,contains,0.0,21,15739569.0,36901.2,36901.17,11.62,Unclassified,,1349049600000.0,X,True,False,AREA WITH REDUCED FLOOD RISK DUE TO LEVEE,False
dc_518875f9d853,Equinix SV16,CA,37.3761243,-121.9886718,contains,0.0,18,15741183.0,63666.9,63666.85,7.5,Unclassified,,1349049600000.0,AH,True,True,,False
dc_9c927d5b249c,Equinix SV17,CA,37.3765309,-121.9885825,contains,0.0,16,15741183.0,63666.9,63666.85,7.5,Unclassified,,1349049600000.0,AH,True,True,,False
dc_a9ccce6607ff,Equinix SV14,CA,37.3749843,-121.9884742,contains,0.0,20,15738289.0,19912.0,19912.0,4.74,Industrial,,1349049600000.0,X,True,False,AREA WITH REDUCED FLOOD RISK DUE TO LEVEE,False
dc_27bede9eb66c,CoreSite SV4,CA,37.3762614,-121.9706851,contains,0.0,13,15741365.0,50301.4,50301.3,12.13,Utility and Misc,,1349049600000.0,X,True,False,0.2 PCT ANNUAL CHANCE FLOOD HAZARD,True
dc_49bdf2fd4426,Lumen Santa Clara,CA,37.3770332,-121.952059,contains,0.0,40,15742623.0,25060.5,25060.48,11.53,Industrial,,1349049600000.0,X,True,False,AREA WITH REDUCED FLOOD RISK DUE TO LEVEE,False
dc_3e5f70660fb6,Prime Santa Clara,CA,37.3750172,-121.9532497,contains,0.0,15,15739092.0,35866.3,35866.29,5.06,Industrial,,1349049600000.0,X,True,False,0.2 PCT ANNUAL CHANCE FLOOD HAZARD,False
dc_dc75a6364fe9,Digital Realty Silicon Valley SJC10,CA,37.375822,-121.9533359,contains,0.0,17,15740644.0,55596.6,55596.56,14.62,Unclassified,,1349049600000.0,X,True,False,AREA WITH REDUCED FLOOD RISK DUE TO LEVEE,True
dc_7e1ec0fe32da,Colovore,CA,37.3767228,-121.9531439,contains,0.0,31,15741975.0,24981.6,24981.6,4.8,Industrial,,1349049600000.0,X,True,False,AREA WITH REDUCED FLOOD RISK DUE TO LEVEE,False
dc_67a4e14e8e91,Digital Realty Silicon Valley SJC30,CA,37.3782874,-121.9581107,contains,0.0,18,15744977.0,52129.7,52129.61,8.41,Unclassified,,1349049600000.0,X,True,False,AREA WITH REDUCED FLOOD RISK DUE TO LEVEE,False
dc_bbef47685601,Digital Realty Silicon Valley SJC15,CA,37.3749966,-121.9540769,contains,0.0,14,15739006.0,24212.9,24212.93,7.42,Unclassified,,1349049600000.0,X,True,False,0.2 PCT ANNUAL CHANCE FLOOD HAZARD,False
dc_3fa01f9ed0e0,Digital Realty Silicon Valley SJC16,CA,37.3749324,-121.9559987,contains,0.0,17,15738809.0,42828.6,42828.62,7.26,Unclassified,,1349049600000.0,X,True,False,0.2 PCT ANNUAL CHANCE FLOOD HAZARD,False
dc_05ba33d454f3,Digital Realty Silicon Valley SJC29,CA,37.3750232,-121.9580962,contains,0.0,16,15739012.0,39991.6,39991.59,7.01,Industrial,,1349049600000.0,X,True,False,0.2 PCT ANNUAL CHANCE FLOOD HAZARD,False
dc_13ba42acb0f3,Csquare SFO4,CA,37.3757986,-121.9551844,contains,0.0,19,15740490.0,28105.6,28105.52,10.57,Unclassified,,1349049600000.0,X,True,False,AREA WITH REDUCED FLOOD RISK DUE TO LEVEE,False
dc_7cdd84794129,Prime SANTA CLARA DATA CENTER,CA,37.3750292,-121.9548775,contains,0.0,18,15739096.0,26249.3,26249.26,5.72,Commercial,,1349049600000.0,X,True,False,0.2 PCT ANNUAL CHANCE FLOOD HAZARD,False
dc_b7521d3b140b,Digital Realty Silicon Valley SJC11,CA,37.3763668,-121.9485649,contains,0.0,38,15741522.0,47541.6,47541.51,11.64,Unclassified,,1349049600000.0,X,True,False,AREA WITH REDUCED FLOOD RISK DUE TO LEVEE,False
dc_a33e0eaf3913,Lumen,CA,37.3775848,-121.9506821,contains,0.0,38,15743432.0,15312.9,15312.89,10.71,Unclassified,,1349049600000.0,X,True,False,AREA WITH REDUCED FLOOD RISK DUE TO LEVEE,False
dc_6e6524e46803,Silicon Valley SJC31,CA,37.3722213,-121.9482625,contains,0.0,8,15734484.0,155167.8,155167.7,5.99,Unclassified,,1349049600000.0,X,True,False,AREA WITH REDUCED FLOOD RISK DUE TO LEVEE,False
dc_3b4009cb1bbc,,CA,37.3797897,-121.9499034,contains,0.0,22,15747428.0,16458.3,16458.28,12.76,Unclassified,,1349049600000.0,X,True,False,0.2 PCT ANNUAL CHANCE FLOOD HAZARD,True
dc_a0f51e098a77,Evocative Santa Clara SJC11,CA,37.3895364,-121.9619398,contains,0.0,11,15765079.0,52129.4,52129.36,6.97,Unclassified,,1349049600000.0,X,True,False,AREA WITH REDUCED FLOOD RISK DUE TO LEVEE,False
dc_c161f3e80fbd,QTS Chicago,IL,41.84219,-87.6689434,contains,0.0,5,34991138.0,237388.5,237388.3,12.92,Commercial,2800 SOUTH ASHLAND AVENUE,1321315200000.0,X,True,False,AREA OF MINIMAL FLOOD HAZARD,True
dc_20809b86822e,Iron Mountain Data & Record Storage,IL,41.8487049,-87.6454577,contains,0.0,16,35002381.0,104538.8,104538.6,11.62,Industrial,2425 SOUTH HALSTED STREET,1321315200000.0,X,True,False,AREA OF MINIMAL FLOOD HAZARD,False
dc_10efe220e9f8,Data Storage Centers,AZ,33.4216928,-112.0343031,contains,0.0,18,11560384.0,38618.4,38618.37,8.99,Industrial,2223 EAST MAGNOLIA STREET,1412467200000.0,X,True,False,0.2 PCT ANNUAL CHANCE FLOOD HAZARD,False
dc_c737f1f6d886,TierPoint Boston - Andover,MA,42.6857078,-71.2086024,contains,0.0,16,6004099.0,50781.5,50374.07,,Industrial,15 SHATTUCK ROAD,1527724800000.0,X,True,False,AREA OF MINIMAL FLOOD HAZARD,
dc_277c0f0581fc,Markley Data Center,MA,42.6302832,-71.3045615,contains,0.0,79,6003965.0,185179.8,186535.9,,Industrial,2 PRINCE AVENUE,1527724800000.0,X,True,False,AREA OF MINIMAL FLOOD HAZARD,
dc_2705b2329455,Flexential Charlotte - South,NC,35.1354147,-80.9368313,contains,0.0,31,15023076.0,35262.6,35262.55,8.4,Commercial,8910 LENOX POINTE DRIVE,1328745600000.0,X,True,False,AREA OF MINIMAL FLOOD HAZARD,False
dc_83ab1d091133,Digital Realty Data Center,AZ,33.3446197,-111.8992189,contains,0.0,19,11578006.0,55912.4,55912.33,8.3,Education,2055 EAST TECHNOLOGY CIRCLE,1412467200000.0,X,True,False,0.2 PCT ANNUAL CHANCE FLOOD HAZARD,False
dc_d05d1d438fa4,,WA,47.6933236,-122.3173172,contains,0.0,155,4710545.0,8906.9,8900.401,,Industrial,,1565740800000.0,X,True,False,AREA OF MINIMAL FLOOD HAZARD,
dc_7595c5d5e7dc,Equinix DC97,VA,38.9615728,-77.3774178,contains,0.0,18,7924636.0,45835.7,45835.68,7.23,Unclassified,460 SPRINGPARK PLACE,1205280000000.0,X,True,False,AREA OF MINIMAL FLOOD HAZARD,False
dc_957ede7b418e,Amazon IAD-55,VA,38.815021,-77.64868,contains,0.0,2,51639215.0,241763.7,241885.0,,Commercial,15395 JOHN MARSHALL HIGHWAY,1654387200000.0,X,True,False,AREA OF MINIMAL FLOOD HAZARD,
dc_2a2a32281bd3,CTI Biopharma,WA,47.6177873,-122.356694,contains,0.0,23,10159834.0,20743.2,20727.85,29.63,Industrial,,1273190400000.0,X,True,False,AREA OF MINIMAL FLOOD HAZARD,True
dc_470dccd260a2,Westin Building,WA,47.6143555,-122.3388637,contains,0.0,27,10158492.0,139990.0,139886.5,47.9,Industrial,,1273190400000.0,X,True,False,AREA OF MINIMAL FLOOD HAZARD,True
dc_07c6d715a86b,COPT Data Center,VA,38.7439,-77.5334,nearest,4.517126422673544,8,50263161.0,126305.8,126355.5,,Unclassified,9740 HORNBAKER ROAD,1654387200000.0,X,True,False,AREA OF MINIMAL FLOOD HAZARD,
dc_716763afa8e2,Dell 350 Holger Way,CA,37.419148,-121.942563,nearest,59.64980875769608,49,15810109.0,36502.9,36502.85,10.24,Unclassified,,1349049600000.0,X,True,False,0.2 PCT ANNUAL CHANCE FLOOD HAZARD,False
dc_4608aa9b25e5,SV Colo,CA,37.3642804,-121.9587878,contains,0.0,34,15719782.0,58856.9,58856.8,7.05,Industrial,,1349049600000.0,X,True,False,0.2 PCT ANNUAL CHANCE FLOOD HAZARD,False
dc_c006ad7d9563,Microsoft,CA,37.3621026,-121.9464586,nearest,19.137463499582548,32,15716152.0,162574.3,162574.0,12.37,Industrial,,1349049600000.0,X,True,False,AREA WITH REDUCED FLOOD RISK DUE TO LEVEE,True
dc_4b5149e761b0,OVH US East Vint Hill,VA,38.7474201,-77.6744649,contains,0.0,13,6007185.0,94953.2,95697.92,,Education,6872 WATSON COURT,1540857600000.0,X,True,False,AREA OF MINIMAL FLOOD HAZARD,
dc_158b610b5b1a,NCAR-Wyoming Supercomputing Center,WY,41.1287467,-104.8974315,contains,0.0,2,16000033.0,117645.1,117551.2,,Unclassified,8120 VETA DRIVE,1597017600000.0,X,True,False,AREA OF MINIMAL FLOOD HAZARD,
dc_2e8820a1a344,The Seattle Times,WA,47.6189539,-122.3365314,contains,0.0,30,10160589.0,57562.8,57520.25,9.51,Industrial,,1273190400000.0,X,True,False,AREA OF MINIMAL FLOOD HAZARD,False
dc_5b707782623f,Google Data Center The Dalles Oregon,OR,45.63195,-121.2015,contains,0.0,12,5000936.0,188402.2,188342.5,,Industrial,,1536451200000.0,,False,,,
dc_3f99881e922b,Segra Data Center,NC,35.7249921,-78.6623632,contains,0.0,4,52105614.0,56718.4,56735.5,,Industrial,2100 GARNER STATION BOULEVARD,1583625600000.0,X,True,False,AREA OF MINIMAL FLOOD HAZARD,
dc_585eb4a76a27,Equinix Ashburn DC2,VA,39.0163894,-77.4590691,contains,0.0,12,7872812.0,151465.6,151465.7,9.2,Commercial,21715 FILIGREE COURT,1205280000000.0,X,True,False,AREA OF MINIMAL FLOOD HAZARD,False
dc_1cbea47b2e15,H5 Data Centers Ashburn,VA,39.0136782,-77.4517194,contains,0.0,5,7872495.0,69988.8,69988.75,6.98,Commercial,21800 BEAUMEADE CIRCLE,1205280000000.0,X,True,False,AREA OF MINIMAL FLOOD HAZARD,False
dc_e797c79230f0,TierPoint Sioux Falls West Data Center,SD,43.60708,-96.80975,nearest,48.98554156063827,3,904949.0,15625.7,15625.18,,Utility and Misc,,1563408000000.0,X,True,False,AREA OF MINIMAL FLOOD HAZARD,
dc_7f9ae02ccc0f,Lumen McLean,VA,38.91947,-77.21238,nearest,14.595204970746575,15,7904253.0,26712.5,26712.5,7.91,Unclassified,1761 OLD MEADOW ROAD,1205280000000.0,X,True,False,AREA OF MINIMAL FLOOD HAZARD,False
dc_2844929e4bbb,DataBank McLean IAD2,VA,38.9199052,-77.213585,contains,0.0,12,7904695.0,37934.4,37934.38,15.19,Commercial,1764 OLD MEADOW LANE,1205280000000.0,X,True,False,AREA OF MINIMAL FLOOD HAZARD,True
dc_103846411abf,eBay,UT,40.5636,-112.0478,contains,0.0,6,13000655.0,214943.3,214813.0,,Commercial,6614 WEST CRIMSON VIEW DRIVE,1566086400000.0,X,True,False,AREA OF MINIMAL FLOOD HAZARD,
dc_7dc82ae0dd2a,Equinix Chicago Data CH7,IL,41.8125627,-87.9728504,contains,0.0,11,35156183.0,48024.2,48024.14,6.1,Industrial,111 PLAZA DRIVE,1321315200000.0,X,True,False,AREA OF MINIMAL FLOOD HAZARD,False
dc_201440cfd9cd,PhoenixNAP,AZ,33.416077,-112.0094718,contains,0.0,31,11559737.0,79846.3,79846.24,10.41,Commercial,3402 EAST UNIVERSITY DRIVE,1412467200000.0,X,True,False,0.2 PCT ANNUAL CHANCE FLOOD HAZARD,False
dc_bdfc6ad54e05,Merrill Lynch Data Center,NY,40.60411,-74.1793,nearest,32.16176334631002,14,7697825.0,96047.8,95982.28,15.35,Education,5 TELEPORT DRIVE,1376524800000.0,X,True,False,AREA OF MINIMAL FLOOD HAZARD,True
dc_1bc2b9120fd7,Telehouse Teleport,NY,40.60712,-74.17499,contains,0.0,6,7699297.0,66714.6,66669.24,13.09,Commercial,7 TELEPORT DRIVE,1376524800000.0,X,True,False,AREA OF MINIMAL FLOOD HAZARD,True
dc_dbe2757c8762,32 Avenue of the Americas,NY,40.719994,-74.0045683,contains,0.0,24,7730897.0,48868.6,48838.0,106.8,Industrial,32 AVENUE OF THE AMERICAS,1376524800000.0,X,True,False,AREA OF MINIMAL FLOOD HAZARD,True
dc_0dc2e0d5e422,4120 Lafayette Center Drive,VA,38.9059013,-77.4689724,contains,0.0,8,7861198.0,51040.4,51040.33,7.66,Industrial,4120 LAFAYETTE CENTER DRIVE,1205280000000.0,X,True,False,AREA OF MINIMAL FLOOD HAZARD,False
dc_574dbb1df5a6,Digital Realty,VA,38.9101164,-77.4725921,contains,0.0,7,7861947.0,72631.5,72631.48,6.7,Industrial,4030 LAFAYETTE CENTER DRIVE,1205280000000.0,X,True,False,AREA OF MINIMAL FLOOD HAZARD,False
dc_3ea7dd208f28,Greenidge Power Plant and Data Center,NY,42.67965,-76.948414,contains,0.0,9,6008154.0,158306.3,158278.9,,Utility and Misc,,1531008000000.0,X,True,False,AREA OF MINIMAL FLOOD HAZARD,
dc_dd62b4cfd23c,TierPoint,MO,38.629438,-90.195807,nearest,6.423726409061543,30,11511846.0,71874.8,71874.71,23.49,Commercial,,1352419200000.0,X,True,False,AREA OF MINIMAL FLOOD HAZARD,True
dc_885116d1864f,Verizon,NV,36.1447332,-115.0779284,contains,0.0,75,2250320.0,26598.2,26598.13,5.44,Commercial,,1393977600000.0,X,True,False,AREA OF MINIMAL FLOOD HAZARD,False
dc_8e1d55e66e4c,,TX,29.4466626,-98.6405797,contains,0.0,41,28826756.0,307598.6,307598.3,10.3,Commercial,1 SONY PLACE,1351728000000.0,X,True,False,AREA OF MINIMAL FLOOD HAZARD,False
dc_e007921e0e2a,,TX,29.4478888,-98.6411006,contains,0.0,39,28826756.0,307598.6,307598.3,10.3,Commercial,1 SONY PLACE,1351728000000.0,X,True,False,AREA OF MINIMAL FLOOD HAZARD,False
dc_be6fbb486171,Texas Cryptologic Center,TX,29.4472024,-98.6409962,contains,0.0,38,28826756.0,307598.6,307598.3,10.3,Commercial,1 SONY PLACE,1351728000000.0,X,True,False,AREA OF MINIMAL FLOOD HAZARD,False
dc_07598d7e4ad6,CenturyLink,NV,36.1437196,-115.0833851,nearest,2.4325513322351804,58,2247771.0,9919.1,9919.063,6.04,Commercial,,1393977600000.0,X,True,False,AREA OF MINIMAL FLOOD HAZARD,False
dc_7da4291ec019,,TX,33.096018,-96.6815422,contains,0.0,4,25020751.0,129026.6,129742.1,,Commercial,800 VENTURE DR,1563494400000.0,X,True,False,AREA OF MINIMAL FLOOD HAZARD,
dc_82571b787ee6,Evoque Allen DA1,TX,33.09512,-96.6838,contains,0.0,9,11297776.0,116916.7,118467.6,,Commercial,900 VENTURE DR,1563494400000.0,X,True,False,AREA OF MINIMAL FLOOD HAZARD,
dc_a40a7a61f53f,First National Technical Center,NE,41.2614219,-95.9364982,contains,0.0,8,3150986.0,83801.2,83859.02,12.53,Commercial,201 NORTH 16TH STREET,1366848000000.0,X,True,False,AREA OF MINIMAL FLOOD HAZARD,True
dc_5a66fc0b92a1,Flexential - Richmond,VA,37.6468902,-77.4386952,contains,0.0,7,50983154.0,43470.0,43484.79,,Commercial,8851 PARK CENTRAL DRIVE,1630800000000.0,X,True,False,AREA OF MINIMAL FLOOD HAZARD,
dc_7b085144d463,Amazon IAD-9,VA,38.899441,-77.455298,nearest,37.20056514024082,9,7859552.0,16577.6,16577.63,6.3,Commercial,4007 WESTFAX DRIVE,1205280000000.0,AE,True,True,,False
dc_e973f22c27bf,Amazon IAD22,VA,38.8979047,-77.4551032,contains,0.0,102,7859165.0,29077.7,29077.69,6.22,Commercial,4155 WESTFAX DRIVE,1205280000000.0,X,True,False,AREA OF MINIMAL FLOOD HAZARD,False
dc_5ac7881d70a2,Amazon IAD-1,VA,38.8978637,-77.4540825,contains,0.0,122,7859213.0,89578.7,89578.59,6.78,Industrial,4107 WESTFAX DRIVE,1205280000000.0,X,True,False,AREA OF MINIMAL FLOOD HAZARD,False
dc_827fe89cbc5e,H5 Data Centers Virginia (4050),VA,38.9092366,-77.4722656,contains,0.0,8,7861750.0,42632.6,42632.49,6.87,Industrial,4050 LAFAYETTE CENTER DRIVE,1205280000000.0,X,True,False,AREA OF MINIMAL FLOOD HAZARD,False
dc_edae91eea7f3,H5 Data Centers Virginia (4040),VA,38.9097961,-77.4734544,contains,0.0,9,7861852.0,30089.9,30089.84,6.44,Industrial,4040 LAFAYETTE CENTER DRIVE,1205280000000.0,X,True,False,AREA OF MINIMAL FLOOD HAZARD,False
dc_6a1b8137ce48,ATI Solutions,VA,38.908136,-77.4752182,contains,0.0,25,7861554.0,17485.3,17485.25,4.1,Commercial,4227 LAFAYETTE CENTER DRIVE,1205280000000.0,X,True,False,AREA OF MINIMAL FLOOD HAZARD,False
dc_a693333e3230,,VA,38.750815,-77.1962716,contains,0.0,15,7534159.0,83789.8,83789.81,9.87,Commercial,,1346976000000.0,X,True,False,AREA OF MINIMAL FLOOD HAZARD,False
dc_d7d660e610a2,Menlo Digital MD-DC1,VA,38.9271191,-77.4240727,contains,0.0,6,7910831.0,68247.3,68247.23,10.25,Commercial,13775 MCLEAREN ROAD,1205280000000.0,X,True,False,AREA OF MINIMAL FLOOD HAZARD,False
dc_e7b041f66911,Cox Data Center,GA,34.0362568,-84.3195121,contains,0.0,12,51509925.0,126341.5,126431.1,,Commercial,,1664236800000.0,X,True,False,AREA OF MINIMAL FLOOD HAZARD,
dc_8139e532c3de,QTS Atlanta Data Center 1,GA,33.7776897,-84.4211544,contains,0.0,7,17462468.0,713190.3,713189.6,7.99,Commercial,,1351209600000.0,X,True,False,AREA OF MINIMAL FLOOD HAZARD,False
dc_8582438c63c9,Csquare SFO3,CA,37.3720542,-121.9860407,contains,0.0,14,15733763.0,69569.6,69569.51,11.88,Unclassified,,1349049600000.0,X,True,False,0.2 PCT ANNUAL CHANCE FLOOD HAZARD,False
dc_bf1df6b842e9,Centersquare IAD3,VA,38.9809293,-77.4443786,nearest,8.999550258069807,13,7868505.0,131498.8,131498.6,6.77,Commercial,22995 WILDER COURT,1205280000000.0,X,True,False,AREA OF MINIMAL FLOOD HAZARD,False
dc_84a15c5e48cb,Centersquare IAD2-A,VA,38.9844198,-77.4238096,contains,0.0,9,7934000.0,48812.7,48812.68,7.36,Commercial,22810 INTERNATIONAL DRIVE,1205280000000.0,X,True,False,AREA OF MINIMAL FLOOD HAZARD,False
dc_23cf9d5d92b8,,VA,38.9848664,-77.4256702,contains,0.0,8,7934350.0,130405.6,130405.5,6.03,Commercial,22811 INTERNATIONAL DRIVE,1205280000000.0,X,True,False,AREA OF MINIMAL FLOOD HAZARD,False
dc_3a460ff301b5,Centersquare IAD2-B,VA,38.9836138,-77.4240848,contains,0.0,7,7933711.0,70410.3,70410.26,7.74,Commercial,22860 INTERNATIONAL DRIVE,1205280000000.0,X,True,False,AREA OF MINIMAL FLOOD HAZARD,False
dc_825c795eeabf,Digital Realty Data Center,GA,33.6570094,-84.4152195,contains,0.0,8,17084176.0,125116.7,125116.6,15.83,Utility and Misc,,1351209600000.0,X,True,False,AREA OF MINIMAL FLOOD HAZARD,True
dc_c5f760fd708b,Cyxtera (Digital Realty Trust) Citibank Data Center,NJ,40.7607798,-74.0257417,contains,0.0,14,7694173.0,48075.6,48075.56,23.1,Commercial,1919 PARK AVENUE,1376524800000.0,AE,True,True,,True
dc_79ba191d0ddc,Digital Realty New Jersey EWR10,NJ,40.7618178,-74.0250281,contains,0.0,12,7696463.0,125262.9,125262.8,15.26,Unclassified,,1376524800000.0,X,True,False,AREA OF MINIMAL FLOOD HAZARD,True
dc_5ce1bef66bfd,,WA,47.2462099,-119.8132256,none,,0,,,,,,,,X,True,False,AREA OF MINIMAL FLOOD HAZARD,
dc_e1ec41460f16,,WA,47.2476512,-119.8131864,nearest,117.7570301187865,4,6165154.0,922.7,923.0111,,Unclassified,,1513987200000.0,X,True,False,AREA OF MINIMAL FLOOD HAZARD,
dc_3c54f97d781a,Intergate.Quincy,WA,47.2462,-119.8158,nearest,143.25086611644684,1,6164908.0,1384.1,1384.528,,Unclassified,,1513987200000.0,X,True,False,AREA OF MINIMAL FLOOD HAZARD,
dc_7c4e0d045a9c,Intergate Quincy Data Center,WA,47.2453673,-119.8160897,none,,0,,,,,,,,X,True,False,AREA OF MINIMAL FLOOD HAZARD,
dc_5cc1bdab179a,H5 Data Center,WA,47.25275,-119.81947,contains,0.0,3,7000773.0,198564.2,198627.5,,Industrial,,1513987200000.0,X,True,False,AREA OF MINIMAL FLOOD HAZARD,
dc_ae9448694997,H5 Data Centers Quincy,WA,47.24861,-119.817382,nearest,127.1100346275605,3,6165235.0,3147.1,3148.127,,Residential,,1513987200000.0,X,True,False,AREA OF MINIMAL FLOOD HAZARD,
dc_824340142f56,Yahoo Data Center,WA,47.24676,-119.8275,nearest,12.553862033087475,4,7000761.0,344415.9,344528.3,,Industrial,,1513987200000.0,X,True,False,AREA OF MINIMAL FLOOD HAZARD,
dc_37ffc1fb3121,,WA,47.2467356,-119.8288659,contains,0.0,6,7000761.0,344415.9,344528.3,,Industrial,,1513987200000.0,X,True,False,AREA OF MINIMAL FLOOD HAZARD,
dc_3e47ba6ea7d4,,WA,47.2461,-119.8293,contains,0.0,4,7000761.0,344415.9,344528.3,,Industrial,,1513987200000.0,X,True,False,AREA OF MINIMAL FLOOD HAZARD,
dc_dc8fb9b88484,CoreSite AT2 - Marietta Data Center,GA,33.9255145,-84.4816338,contains,0.0,16,17420501.0,77650.3,77650.2,5.89,Commercial,,1351209600000.0,X,True,False,AREA OF MINIMAL FLOOD HAZARD,False
dc_64536bf4ec69,,MO,39.29175,-94.68647,nearest,77.79489387708834,4,3332297.0,7155.3,7155.313,,Utility and Misc,,1497484800000.0,X,True,False,AREA OF MINIMAL FLOOD HAZARD,
dc_a48459500fa0,Digital Realty San Francisco SFO10,CA,37.7239,-122.3979,contains,0.0,34,16176879.0,106161.3,106161.2,16.53,Industrial,,1349049600000.0,X,True,False,AREA OF MINIMAL FLOOD HAZARD,True
dc_e16c0048b956,33 Thomas Street,NY,40.71617,-74.00574,nearest,8.630301322189986,22,7730694.0,30524.7,30505.56,120.47,Commercial,33 THOMAS STREET,1376524800000.0,X,True,False,AREA OF MINIMAL FLOOD HAZARD,True
dc_2d220fd00df6,VentureData,ID,43.8252286,-111.7820703,contains,0.0,38,1278432.0,19132.8,19454.66,,Commercial,,1503273600000.0,,False,,,
dc_78a95ede9fd2,Cogent Data Center,AZ,33.4002195,-112.0478786,contains,0.0,88,11551280.0,52994.5,52994.44,5.36,Commercial,1530 EAST ROESER ROAD,1412467200000.0,X,True,False,0.2 PCT ANNUAL CHANCE FLOOD HAZARD,False
dc_ddc8ce7e149c,CoreSpace Dallas,TX,32.8175508,-96.873071,contains,0.0,20,30207646.0,30413.3,30413.25,6.4,Commercial,7505 JOHN W CARPENTER FWY,1435708800000.0,X,True,False,AREA WITH REDUCED FLOOD RISK DUE TO LEVEE,False
dc_7c8f0dd59535,Databank Denver (DEN5),CO,39.5901315,-104.8469632,contains,0.0,9,15085612.0,108525.2,108525.1,9.44,Industrial,6961 SOUTH QUENTIN STREET,1337212800000.0,X,True,False,AREA OF MINIMAL FLOOD HAZARD,False
dc_70319b137cc4,zColo by Zayo,CO,39.5913398,-104.8470655,contains,0.0,9,15087510.0,61980.9,61980.84,7.63,Industrial,6900 SOUTH PEORIA STREET,1337212800000.0,X,True,False,AREA OF MINIMAL FLOOD HAZARD,False
dc_d4a1a829c73b,Intergate Seattle East Building 5,WA,47.494963,-122.290624,contains,0.0,11,10091102.0,108720.8,108641.5,8.67,Industrial,,1273190400000.0,X,True,False,AREA OF MINIMAL FLOOD HAZARD,False
dc_a155358ecc51,Intergate Seattle East Building 3,WA,47.4934798,-122.2904647,contains,0.0,7,10090594.0,400567.6,400275.4,14.64,Industrial,,1273190400000.0,X,True,False,AREA OF MINIMAL FLOOD HAZARD,True
dc_e1661b2a1f9b,Intergate Seattle East Building 4,WA,47.4934032,-122.2888803,contains,0.0,11,10090538.0,116758.2,116673.0,8.66,Industrial,,1273190400000.0,X,True,False,AREA OF MINIMAL FLOOD HAZARD,False
dc_948f3bdc4314,Flexential Allentown data center,PA,40.6356953,-75.4575733,contains,0.0,9,8144836.0,48109.6,48109.52,7.04,Industrial,,1415059200000.0,X,True,False,AREA OF MINIMAL FLOOD HAZARD,False
dc_d2de7906afe4,Digital Realty ACC4,VA,39.0178592,-77.4624708,contains,0.0,6,7873153.0,297023.6,297023.3,8.28,Commercial,44480 HASTINGS DRIVE,1205280000000.0,X,True,False,AREA OF MINIMAL FLOOD HAZARD,False
dc_fc796ff9d529,Equinix Ashburn DC1,VA,39.0155577,-77.4603281,contains,0.0,13,7872735.0,59911.4,59911.4,8.76,Commercial,21711 FILIGREE COURT,1205280000000.0,X,True,False,AREA OF MINIMAL FLOOD HAZARD,False
dc_eb543ca87716,Equinix Ashburn DC5,VA,39.014551,-77.457838,nearest,51.05854201844174,12,7872679.0,60507.4,60507.3,8.62,Commercial,21731 FILIGREE COURT,1205280000000.0,X,True,False,AREA OF MINIMAL FLOOD HAZARD,False
dc_61423542fa9a,Equinix Ashburn DC11,VA,39.0148911,-77.4587995,nearest,2.219137959322507,15,7872679.0,60507.4,60507.3,8.62,Commercial,21731 FILIGREE COURT,1205280000000.0,X,True,False,AREA OF MINIMAL FLOOD HAZARD,False
dc_131aa5f35967,Equinix Ashburn DC3,VA,39.0220154,-77.460235,nearest,7.30000045484173,11,7873972.0,187271.2,187271.1,7.46,Unclassified,44470 CHILUM PLACE,1205280000000.0,X,True,False,AREA OF MINIMAL FLOOD HAZARD,False
dc_b50a00a06b55,Digital Realty ACC3,VA,39.01988,-77.4598033,contains,0.0,11,7873423.0,150946.5,150946.4,7.06,Unclassified,44520 HASTINGS DRIVE,1205280000000.0,X,True,False,AREA OF MINIMAL FLOOD HAZARD,False
dc_0d9b2c88b783,CoreSite SV2,CA,37.4056857,-121.9162604,contains,0.0,15,15795042.0,88857.1,88856.98,5.84,Utility and Misc,,1349049600000.0,X,True,False,0.2 PCT ANNUAL CHANCE FLOOD HAZARD,False
dc_49375bfb4e76,Amazon IAD76,VA,38.9937936,-77.450509,contains,0.0,7,7870398.0,141981.0,141980.9,8.78,Commercial,22520 RANDOLPH DRIVE,1205280000000.0,X,True,False,AREA OF MINIMAL FLOOD HAZARD,False
dc_2e4b032d0260,Amazon IAD12,VA,38.988724,-77.447671,contains,0.0,14,7869729.0,147690.9,147690.8,9.07,Commercial,22630 DULLES SUMMIT COURT,1205280000000.0,X,True,False,AREA OF MINIMAL FLOOD HAZARD,False
dc_6bcbbbcd10b1,Digital Realty ACC5,VA,39.0201584,-77.4631033,contains,0.0,6,7873501.0,300087.4,300087.1,8.59,Commercial,44521 HASTINGS DRIVE,1205280000000.0,X,True,False,AREA OF MINIMAL FLOOD HAZARD,False
dc_96abd1a194f0,Digital Realty ACC6,VA,39.0210261,-77.4635509,contains,0.0,8,50994839.0,239814.9,239891.4,,Commercial,44461 CHILUM PLACE,1710374400000.0,X,True,False,AREA OF MINIMAL FLOOD HAZARD,
dc_2a70a9e5cc7b,Level 3 Ashburn,VA,39.022182,-77.4576094,contains,0.0,14,7873825.0,48076.7,48076.7,6.88,Commercial,44633 GUILFORD DRIVE,1205280000000.0,X,True,False,AREA OF MINIMAL FLOOD HAZARD,False
dc_883a5d1e99b8,Centersquare IAD4-B,VA,39.0221679,-77.4535946,contains,0.0,11,7873910.0,95177.4,95177.26,8.74,Commercial,21571 BEAUMEADE CIRCLE,1205280000000.0,X,True,False,AREA OF MINIMAL FLOOD HAZARD,False
dc_69fd86e9906c,NTT Ashburn VA1 Data Center,VA,39.0227436,-77.4548911,contains,0.0,12,7874092.0,111316.7,111316.5,7.39,Commercial,44664 GUILFORD DRIVE,1205280000000.0,X,True,False,AREA OF MINIMAL FLOOD HAZARD,False
dc_ae3e7c1ac44d,Digital Realty Phoenix PHX15,AZ,33.2749228,-111.8866379,contains,0.0,32,11419965.0,294317.0,294316.7,10.16,Commercial,2121 SOUTH PRICE ROAD,1412467200000.0,X,True,False,0.2 PCT ANNUAL CHANCE FLOOD HAZARD,False
dc_c9783b27622b,H5 Phoenix,AZ,33.2769993,-111.8858906,nearest,7.126334168936449,15,11420116.0,25117.3,25117.26,4.52,Commercial,2600 WEST GERMANN ROAD,1412467200000.0,X,True,False,0.2 PCT ANNUAL CHANCE FLOOD HAZARD,False
dc_4f768adc7131,CyrusOne PHX1,AZ,33.2708783,-111.8819954,contains,0.0,9,11418889.0,143550.6,143550.5,10.65,Commercial,2335 SOUTH ELLIS STREET,1412467200000.0,X,True,False,0.2 PCT ANNUAL CHANCE FLOOD HAZARD,False
dc_81a17a603597,Equinix DC13,VA,39.0125623,-77.4754047,contains,0.0,8,7872339.0,111793.8,111793.7,6.22,Commercial,21830 UUNET DRIVE,1205280000000.0,X,True,False,AREA OF MINIMAL FLOOD HAZARD,False
dc_631371da65c8,Digital Realty Northern Virginia IAD14,VA,39.0033364,-77.4870935,contains,0.0,7,7871173.0,135932.3,135932.1,8.84,Commercial,43791 DEVIN SHAFRON DRIVE,1205280000000.0,X,True,False,AREA OF MINIMAL FLOOD HAZARD,False
dc_3d20ef20699e,Amazon Web Services Building C,VA,39.0027516,-77.4854486,contains,0.0,9,7871120.0,118958.9,118958.8,8.78,Commercial,43831 DEVIN SHAFRON DRIVE,1205280000000.0,X,True,False,AREA OF MINIMAL FLOOD HAZARD,False
dc_2e787555193c,Digital Realty Northern Virginia IAD12,VA,39.0020229,-77.4833469,contains,0.0,7,7871060.0,179301.5,179301.3,8.91,Commercial,43881 DEVIN SHAFRON DRIVE,1205280000000.0,X,True,False,AREA OF MINIMAL FLOOD HAZARD,False
dc_832cb24853a8,Digital Realty Building A,VA,39.0027414,-77.4819572,contains,0.0,5,51079901.0,151885.4,151936.5,,Commercial,43915 DEVIN SHAFRON DRIVE,1710374400000.0,X,True,False,AREA OF MINIMAL FLOOD HAZARD,
dc_524910b48583,Digital Realty Northern Virginia IAD24,VA,39.0043186,-77.484415,contains,0.0,7,51082965.0,118843.7,118883.9,,Unclassified,43830 DEVIN SHAFRON DRIVE,1710374400000.0,X,True,False,AREA OF MINIMAL FLOOD HAZARD,
dc_087c9c57a7c0,Databank Ashburn IAD1,VA,39.0155,-77.4821,nearest,16.11263122880244,8,7872779.0,71742.8,71742.77,6.04,Commercial,21635 RED RUM DRIVE,1205280000000.0,X,True,False,AREA OF MINIMAL FLOOD HAZARD,False
dc_ec2547a1d26b,DataBank Ashburn IAD4,VA,39.0154867,-77.4833483,contains,0.0,10,7872786.0,52957.7,52957.66,5.48,Commercial,21625 RED RUM DRIVE,1205280000000.0,X,True,False,AREA OF MINIMAL FLOOD HAZARD,False
dc_3f486e9e678a,Apple Data Center,AZ,33.3470334,-111.6041418,nearest,107.9924503701688,3,4472367.0,302750.5,301658.9,,Commercial,3740 SOUTH SIGNAL BUTTE ROAD,1507507200000.0,D,True,False,,
dc_381df857e073,VISA,IL,42.2167763,-87.9529303,contains,0.0,8,32004976.0,76378.7,75926.31,,Commercial,475 CORPORATE WOODS PARKWAY,1524960000000.0,X,True,False,AREA OF MINIMAL FLOOD HAZARD,
dc_dd43c1afe709,John F. Simms Building,NM,35.6724585,-105.9565798,contains,0.0,20,12198579.0,34818.3,34796.86,9.45,Government,715 ALTA VISTA STREET,1246752000000.0,X,True,False,AREA OF MINIMAL FLOOD HAZARD,False
dc_d49059d0004a,Lumen San Antonio 2,TX,29.4382791,-98.5065217,contains,0.0,40,28808919.0,12976.9,12976.93,7.07,Commercial,1203 N FRIO ST,1351728000000.0,X,True,False,AREA OF MINIMAL FLOOD HAZARD,False
dc_a3ed205f0651,Meta,OR,44.2959422,-120.8872741,contains,0.0,4,2313725.0,233428.5,233405.0,,Industrial,,1560643200000.0,X,True,False,AREA OF MINIMAL FLOOD HAZARD,
dc_0b58b9cd7bf3,Adobe Data Center,OR,45.5501967,-122.9316727,contains,0.0,4,3640613.0,93017.6,92943.32,,Industrial,,1564790400000.0,X,True,False,AREA OF MINIMAL FLOOD HAZARD,
dc_1935437c7e01,TGN Hillsboro,OR,45.54659,-122.89393,contains,0.0,12,3638174.0,29939.2,29915.25,,Unclassified,,1564790400000.0,X,True,False,AREA OF MINIMAL FLOOD HAZARD,
dc_3fef4ef0197e,Stack Infrastructure - POR02,OR,45.547493,-122.897249,contains,0.0,5,5000814.0,211668.9,211499.9,,Commercial,,1564790400000.0,X,True,False,AREA OF MINIMAL FLOOD HAZARD,
dc_526c2a45ec28,Oracle,OR,45.5439148,-122.896479,contains,0.0,9,3636533.0,96349.7,96272.79,,Industrial,,1564790400000.0,X,True,False,AREA OF MINIMAL FLOOD HAZARD,
dc_88ceb844bdf4,Digital Realty PDX10 Data Center,OR,45.5476065,-122.8919518,contains,0.0,7,3639014.0,55721.5,55677.0,,Industrial,,1564790400000.0,X,True,False,AREA OF MINIMAL FLOOD HAZARD,
dc_e1986068387b,Flexential Portland - Hillsboro 1,OR,45.5476,-122.8916,contains,0.0,7,3639014.0,55721.5,55677.0,,Industrial,,1564790400000.0,X,True,False,AREA OF MINIMAL FLOOD HAZARD,
dc_084826c020f7,Flexential Portland - Hillsboro 1,OR,45.54775,-122.89155,contains,0.0,7,3639014.0,55721.5,55677.0,,Industrial,,1564790400000.0,X,True,False,AREA OF MINIMAL FLOOD HAZARD,
dc_a58e2ed3ead5,Flexential Louisville - East,KY,38.2771906,-85.5072402,contains,0.0,8,12337505.0,31014.8,31003.05,,Industrial,2101 NELSON MILLER PARKWAY,1403827200000.0,X,True,False,AREA OF MINIMAL FLOOD HAZARD,
dc_9996d2a0e21d,Flexential Louisville - Downtown,KY,38.242501,-85.733336,contains,0.0,59,14255239.0,36288.0,36269.94,8.17,Commercial,752 BARRET AVENUE,1309910400000.0,X,True,False,AREA OF MINIMAL FLOOD HAZARD,False
dc_570dcd095704,Verizon Hillsboro (Tanasbourne) Data Center,OR,45.5446185,-122.882338,contains,0.0,25,3636837.0,43250.9,43216.44,,Unclassified,,1564790400000.0,X,True,False,AREA OF MINIMAL FLOOD HAZARD,
dc_805132b8f582,Terminal Commerce Building,PA,39.95962,-75.16187,nearest,3.8575674602475982,28,7867176.0,123764.1,123764.0,49.45,Industrial,,1348012800000.0,X,True,False,AREA OF MINIMAL FLOOD HAZARD,True
dc_cc28d7536dbd,TierPoint,WA,47.6719149,-117.0959323,contains,0.0,35,10415991.0,15478.7,15466.33,7.1,Industrial,,1225324800000.0,X,True,False,AREA OF MINIMAL FLOOD HAZARD,False
dc_50050da00f9b,Baltimore Technology Park,MD,39.275367,-76.62551,contains,0.0,15,7692111.0,28344.2,28344.18,7.64,Unclassified,1401 RUSSELL STREET,1347494400000.0,X,True,False,0.2 PCT ANNUAL CHANCE FLOOD HAZARD,False
dc_479fe0de6655,Intergate Seattle West Building C,WA,47.494123,-122.2943972,contains,0.0,12,10090645.0,19597.9,19583.53,19.37,Commercial,,1273190400000.0,X,True,False,AREA OF MINIMAL FLOOD HAZARD,True
dc_556a64184f4a,Intergate Seattle West Building B,WA,47.4930744,-122.2936837,contains,0.0,14,10090064.0,19540.8,19526.52,18.86,Commercial,,1273190400000.0,X,True,False,AREA OF MINIMAL FLOOD HAZARD,True
dc_e00eb2aece58,Intergate Seattle West Building A,WA,47.4921833,-122.2933176,contains,0.0,18,10089652.0,38579.1,38550.94,9.87,Industrial,,1273190400000.0,X,True,False,AREA OF MINIMAL FLOOD HAZARD,False
dc_5f6777919547,Vantage WA11,WA,47.25033,-119.81449,contains,0.0,3,7000768.0,127746.6,127786.8,,Industrial,,1513987200000.0,X,True,False,AREA OF MINIMAL FLOOD HAZARD,
dc_69b15e769d4a,NTT Data Quincy,WA,47.24366,-119.86583,contains,0.0,3,7000756.0,55410.0,55429.76,,Industrial,,1513987200000.0,X,True,False,AREA OF MINIMAL FLOOD HAZARD,
dc_4ad26dcfcc07,,WA,47.2388186,-119.8593592,nearest,38.650184509955324,9,6160297.0,31783.1,31794.22,,Industrial,,1513987200000.0,X,True,False,AREA OF MINIMAL FLOOD HAZARD,
dc_31e1262f634a,,WA,47.2382623,-119.8593664,contains,0.0,9,6160297.0,31783.1,31794.22,,Industrial,,1513987200000.0,X,True,False,AREA OF MINIMAL FLOOD HAZARD,
dc_a6f917b12861,Geneseo Communications Inc,IA,41.5502695,-90.4824093,contains,0.0,32,487710.0,62845.3,62863.25,,Industrial,2701 DEVILS GLEN ROAD,1556928000000.0,X,True,False,AREA OF MINIMAL FLOOD HAZARD,
dc_905ee378fa5e,,IL,41.9053402,-88.2195062,contains,0.0,12,24138576.0,16821.1,16655.46,,Industrial,1215 CAROLINA DRIVE,1462406400000.0,X,True,False,AREA OF MINIMAL FLOOD HAZARD,
dc_c4556817118d,,NJ,40.5528396,-74.4566865,contains,0.0,12,1228580.0,84897.6,84225.2,,Industrial,,1464480000000.0,X,True,False,AREA OF MINIMAL FLOOD HAZARD,
dc_ffd9669a659e,,IN,39.7171971,-85.941411,contains,0.0,5,2003575.0,23781.6,24092.24,,Commercial,7510 STINEMYER ROAD,1447545600000.0,X,True,False,AREA OF MINIMAL FLOOD HAZARD,
dc_79462a7aea36,,NJ,40.7847354,-74.0643545,contains,0.0,12,7737519.0,35562.1,35562.01,15.0,Industrial,,1376524800000.0,AE,True,True,,True
dc_6a57259367cd,Flexential Salt Lake City - South Valley,UT,40.6189971,-111.985014,nearest,50.77595406679548,5,16031433.0,31245.7,31226.05,9.59,Residential,3923 WEST CENTER PARK DRIVE,1284768000000.0,X,True,False,AREA OF MINIMAL FLOOD HAZARD,False
dc_d4b9ccf16584,Digital Realty Silicon Valley SC1,CA,37.3616469,-121.9439784,contains,0.0,21,15717085.0,297381.2,297380.9,8.49,Utility and Misc,,1349049600000.0,X,True,False,AREA WITH REDUCED FLOOD RISK DUE TO LEVEE,False
dc_f4bc65542ad7,QES Computers,CA,37.6994753,-121.9037995,contains,0.0,24,2994251.0,11131.8,11073.17,,Commercial,,1505088000000.0,X,True,False,0.2 PCT ANNUAL CHANCE FLOOD HAZARD,
dc_038b8645007d,Equinix SE3 Data Center,WA,47.6144229,-122.3397427,contains,0.0,29,10158492.0,139990.0,139886.5,47.9,Industrial,,1273190400000.0,X,True,False,AREA OF MINIMAL FLOOD HAZARD,True
dc_b56773cdbfc2,QTS Piscataway Data Center,NJ,40.5581,-74.4893,nearest,129.27068626429372,2,6009080.0,134860.5,135603.4,,Industrial,120 CIRCLE DRIVE NORTH,1508371200000.0,X,True,False,AREA OF MINIMAL FLOOD HAZARD,
dc_5fa783970111,AiNET,MD,39.0528404,-76.9259248,contains,0.0,7,7330791.0,41879.4,41879.33,5.23,Industrial,11700 MONTGOMERY ROAD,1205280000000.0,X,True,False,AREA OF MINIMAL FLOOD HAZARD,False
dc_f08ca5bf1c62,Microsoft,TX,29.47827,-98.6906853,nearest,0.11061381171371452,77,35362859.0,1551.2,1550.02,,Unclassified,3823 WISEMAN BLVD,1672185600000.0,X,True,False,AREA OF MINIMAL FLOOD HAZARD,
dc_89729ff0b85d,Microsoft San Antonio,TX,29.479881,-98.6925337,contains,0.0,13,28897034.0,484561.5,484560.8,8.35,Commercial,5150 ROGERS RD,1351728000000.0,X,True,False,AREA OF MINIMAL FLOOD HAZARD,False
dc_dfd792c8e17d,Microsoft,TX,29.4810535,-98.6965704,contains,0.0,7,28897788.0,151986.7,151986.6,7.44,Commercial,5200 ROGERS RD,1351728000000.0,X,True,False,AREA OF MINIMAL FLOOD HAZARD,False
dc_2d99d5205c9e,Lumen Norristown,PA,40.127067,-75.4086586,contains,0.0,12,7811489.0,33721.1,33721.12,8.39,Commercial,1000 FORGE AVENUE,1348012800000.0,X,True,False,AREA OF MINIMAL FLOOD HAZARD,False
dc_d85b37adc53e,Equinix DC7,VA,38.9091392,-77.2205568,contains,0.0,21,7899170.0,105569.8,105569.7,9.74,Commercial,7990 QUANTUM DRIVE,1205280000000.0,X,True,False,AREA OF MINIMAL FLOOD HAZARD,False
dc_11f7728742a2,Element Critical VA1,VA,38.9083675,-77.2197442,contains,0.0,24,7898507.0,20261.2,20261.15,19.29,Commercial,7980 QUANTUM DRIVE,1205280000000.0,X,True,False,AREA OF MINIMAL FLOOD HAZARD,True
dc_40672a8077dd,Pittock Block,OR,45.5215436,-122.6807041,contains,0.0,30,8134650.0,41740.7,41708.01,28.61,Industrial,,1285027200000.0,X,True,False,AREA OF MINIMAL FLOOD HAZARD,True
dc_db8f9132c159,Cisco Allen,TX,33.1359616,-96.6609921,contains,0.0,5,31616094.0,172500.4,172564.8,,Commercial,2260 CHELSEA BLVD,1654992000000.0,X,True,False,AREA OF MINIMAL FLOOD HAZARD,
dc_f88ba23a982f,Meta,OR,44.29497,-120.88397,contains,0.0,5,5001365.0,245312.9,245288.5,,Industrial,,1560643200000.0,X,True,False,AREA OF MINIMAL FLOOD HAZARD,
dc_d7bbe1a551ea,CSSNW Bellingham,WA,48.75726,-122.4805485,contains,0.0,58,1821767.0,4156.7,4153.536,,Commercial,,1553731200000.0,X,True,False,AREA OF MINIMAL FLOOD HAZARD,
dc_0bca91742046,EdgeConneX CHI02,IL,42.0014952,-87.9525624,contains,0.0,15,34586326.0,65844.5,65844.44,8.17,Industrial,2021 LUNT AVENUE,1321315200000.0,X,True,False,AREA OF MINIMAL FLOOD HAZARD,False
dc_b42253a6f4e0,Equinix Chicago CH3,IL,42.001221,-87.9551997,contains,0.0,12,34586287.0,113210.2,113210.0,16.53,Industrial,1905 LUNT AVENUE,1321315200000.0,X,True,False,AREA OF MINIMAL FLOOD HAZARD,True
dc_c5239980dbb9,Element Critical CH2,IL,41.9742269,-87.9671756,contains,0.0,23,34578649.0,42876.8,42876.73,6.9,Industrial,359 HAYNES DRIVE,1321315200000.0,X,True,False,AREA OF MINIMAL FLOOD HAZARD,False
dc_3ae192f6e1fc,Centersquare Elk Grove Village Data Center Campus ORD2,IL,41.9920884,-87.9580136,contains,0.0,8,34581636.0,163901.7,163901.5,10.22,Industrial,2425 BUSSE ROAD,1321315200000.0,X,True,False,AREA OF MINIMAL FLOOD HAZARD,False
dc_5476035b6014,Flexential Denver - Englewood,CO,39.558994,-104.8375559,contains,0.0,10,1694594.0,209276.4,209597.0,,Unclassified,8636 SOUTH PEORIA STREET,1599868800000.0,X,True,False,AREA OF MINIMAL FLOOD HAZARD,
dc_101d7e8f8cd1,EdgeConneX Detroit DET01,MI,42.4476693,-83.2626336,contains,0.0,14,14870848.0,40278.7,40280.81,7.2,Commercial,,1430438400000.0,X,True,False,AREA OF MINIMAL FLOOD HAZARD,False
dc_f905447e5849,Lumen Austin 3,TX,30.261396,-97.7235975,contains,0.0,54,31037950.0,5114.9,5114.906,6.7,Industrial,,1311292800000.0,X,True,False,AREA OF MINIMAL FLOOD HAZARD,False
dc_3fabf9be3929,Alpheus DataCenter,TX,30.261601,-97.722423,nearest,18.898509539320845,59,31038016.0,1645.3,1645.272,3.6,Commercial,1900 E 6TH ST,1311292800000.0,X,True,False,AREA OF MINIMAL FLOOD HAZARD,False
dc_c7e6eda1a3c3,Digital Realty Austin AUS11,TX,30.21226,-97.69578,contains,0.0,2,31046393.0,74757.8,74757.76,12.5,Commercial,7500 METRO CENTER DR,1311292800000.0,X,True,False,AREA OF MINIMAL FLOOD HAZARD,True
dc_fe38ae01b067,LightEdge Austin II,TX,30.199440814924,-97.707103330097,nearest,69.95580002101997,8,31045989.0,86665.2,86665.08,9.6,Industrial,6900 BURLESON RD,1311292800000.0,X,True,False,AREA OF MINIMAL FLOOD HAZARD,False
dc_b89ba8f2218f,CyrusOne Austin Data Center II,TX,30.2059205,-97.6979506,contains,0.0,3,31046123.0,72040.3,72040.25,10.5,Commercial,7301 METROPOLIS DR,1311292800000.0,X,True,False,AREA OF MINIMAL FLOOD HAZARD,False
dc_37e6baf63753,Data Foundry Austin 1 Data Center,TX,30.216362,-97.695677,nearest,56.81217246712375,20,31027806.0,50476.8,50476.73,7.7,Industrial,7401 E BEN WHITE BLVD EB,1311292800000.0,X,True,False,AREA OF MINIMAL FLOOD HAZARD,False
dc_cc285f70fcb8,VISA Data Center,VA,39.04877,-77.4454,contains,0.0,16,7880301.0,345359.9,345359.5,8.27,Commercial,45005 RUSSELL BRANCH PARKWAY,1205280000000.0,X,True,False,AREA OF MINIMAL FLOOD HAZARD,False
dc_25afe0ab10d4,LightEdge Austin I,TX,30.214761,-97.710875,nearest,38.493695231948536,13,31027786.0,45410.9,45410.89,10.2,Industrial,6201 E OLTORF ST,1311292800000.0,X,True,False,AREA OF MINIMAL FLOOD HAZARD,False
dc_cdbcaaff9db4,Skybox Chicago I,IL,41.9936612,-87.973521,contains,0.0,11,34582019.0,176158.1,176157.8,10.21,Industrial,800 EAST DEVON AVENUE,1321315200000.0,X,True,False,AREA OF MINIMAL FLOOD HAZARD,False
dc_1e7f741f9284,Hurricane Electric Fremont 1,CA,37.4898848,-121.9310239,contains,0.0,14,15892352.0,33957.4,33957.31,7.7,Industrial,,1349049600000.0,X,True,False,AREA OF MINIMAL FLOOD HAZARD,False
dc_27080243001e,,OH,41.4321977,-82.7189574,nearest,103.9465912300562,10,6001915.0,1180061.1,1182458.0,,Commercial,,1479772800000.0,X,True,False,AREA OF MINIMAL FLOOD HAZARD,
dc_938aec8e77ee,Lumen Austin 1,TX,30.197065,-97.713598,nearest,39.7997246153092,8,31044845.0,75377.0,75376.93,7.7,Industrial,4207 SMITH SCHOOL RD,1311292800000.0,X,True,False,AREA OF MINIMAL FLOOD HAZARD,False
dc_6b99d502d133,Data Foundry - Texas 1,TX,30.19923,-97.71342,nearest,15.480399613130166,3,31045620.0,132840.5,132840.4,7.4,Commercial,4104 SMITH SCHOOL RD,1311292800000.0,X,True,False,AREA OF MINIMAL FLOOD HAZARD,False
dc_8411b70ee9f3,XO Fremont,CA,37.4753251,-121.9221068,contains,0.0,32,15879050.0,66567.9,66567.91,5.69,Industrial,,1349049600000.0,X,True,False,AREA OF MINIMAL FLOOD HAZARD,False
dc_9a40b00a652d,Hurricane Electric Fremont 2,CA,37.471834,-121.9202907,contains,0.0,39,15875056.0,180915.2,180915.0,7.71,Industrial,,1349049600000.0,X,True,False,AREA OF MINIMAL FLOOD HAZARD,False
dc_e5c5994d451d,Element Critical,TX,30.34285,-97.69625,contains,0.0,25,28073211.0,63538.7,63538.67,6.61,Commercial,8025 N IH 35 SVRD NB,1167609600000.0,X,True,False,AREA OF MINIMAL FLOOD HAZARD,False
dc_a89104d1dea0,Element Critical CH1,IL,41.9757324,-87.9646913,contains,0.0,46,34579082.0,90698.0,90697.93,7.87,Industrial,711 NORTH EDGEWOOD AVENUE,1321315200000.0,X,True,False,AREA OF MINIMAL FLOOD HAZARD,False
dc_b98bb7d5812f,165 Halsey / Equinix NY1 / Databank EWR1,NJ,40.7367304,-74.1738875,contains,0.0,26,7652032.0,89826.2,89826.13,54.25,Education,111 MARKET STREET,1376524800000.0,X,True,False,AREA OF MINIMAL FLOOD HAZARD,True
dc_e3d250e7b140,QTS Suwanee Data Center 1,GA,34.0353956,-84.0611057,contains,0.0,4,9092711.0,323613.3,322189.1,,Commercial,,1543363200000.0,X,True,False,AREA OF MINIMAL FLOOD HAZARD,
dc_baa85d8160d3,QTS Suwanee Data Center 2,GA,34.0370622,-84.0576958,contains,0.0,5,16015659.0,378145.5,379785.4,,Unclassified,,1543363200000.0,X,True,False,AREA OF MINIMAL FLOOD HAZARD,
dc_a94598173ea8,TierPoint Little Rock,AR,34.75654,-92.44352,nearest,18.729516953207092,11,872092.0,3068.0,2884.114,,Unclassified,,1474416000000.0,X,True,False,AREA OF MINIMAL FLOOD HAZARD,
dc_6553f43d85f7,Equinix SV6,CA,37.3996265,-122.0145584,contains,0.0,81,15782736.0,21980.0,21980.02,10.01,Unclassified,,1349049600000.0,X,True,False,AREA WITH REDUCED FLOOD RISK DUE TO LEVEE,False
dc_d493afe55f15,Flexential Atlanta - Norcross,GA,33.9547396,-84.1985246,contains,0.0,16,52122911.0,34220.7,34249.88,,Industrial,,1674518400000.0,X,True,False,AREA OF MINIMAL FLOOD HAZARD,
dc_bd791a1d5428,Centersquare Lynnwood SE1,WA,47.841809,-122.3016653,nearest,12.596752308533198,45,4854020.0,32246.4,32222.79,,Industrial,,1565740800000.0,X,True,False,AREA OF MINIMAL FLOOD HAZARD,
dc_29fd6bdf13b7,Apple,OR,44.2891,-120.8725,nearest,0.009272808964622575,5,5000344.0,396285.1,396249.6,,Unclassified,,1560643200000.0,X,True,False,AREA OF MINIMAL FLOOD HAZARD,
dc_4f0e6f5bde7c,Walmart Colorado Data Center,CO,38.9857326,-104.787263,contains,0.0,6,15903337.0,203692.8,203692.7,8.95,Commercial,,1337558400000.0,X,True,False,AREA OF MINIMAL FLOOD HAZARD,False
dc_d9ae28f8917b,Verizon,NE,41.338443,-96.028402,contains,0.0,6,3234156.0,101261.2,101334.4,8.97,Commercial,7400 WORLD COMMUNICATIONS DRIVE,1366848000000.0,X,True,False,AREA OF MINIMAL FLOOD HAZARD,False
dc_9c33e7edb393,Verizon,NE,41.3384444,-96.0286183,contains,0.0,6,3234156.0,101261.2,101334.4,8.97,Commercial,7400 WORLD COMMUNICATIONS DRIVE,1366848000000.0,X,True,False,AREA OF MINIMAL FLOOD HAZARD,False
dc_3c8e7ae84da8,George C. Wallace Alabama Supercomputer Center,AL,34.7355,-86.6736,nearest,99.57762461310794,6,14058407.0,14675.8,14675.79,6.76,Commercial,,1234051200000.0,,False,,,False
dc_a83a8d15a315,Equinix,CA,33.85003,-118.30331,nearest,34.661012142166996,9,13128212.0,107410.8,107410.7,6.45,Utility and Misc,,1350432000000.0,X,True,False,AREA OF MINIMAL FLOOD HAZARD,False
dc_543c04d60b95,Digital Realty Chicago ORD12,IL,41.9283557,-87.8592545,contains,0.0,11,34546781.0,101785.6,101785.5,10.47,Industrial,9377 GRAND AVENUE,1321315200000.0,X,True,False,AREA OF MINIMAL FLOOD HAZARD,False
dc_b5ee50bca064,,WA,47.2376691,-119.8646264,contains,0.0,7,6159916.0,36577.6,36590.65,,Unclassified,,1513987200000.0,X,True,False,AREA OF MINIMAL FLOOD HAZARD,
dc_36b4acad16e5,Microsoft,WA,47.2394776,-119.8830092,contains,0.0,8,7000747.0,152354.8,152411.1,,Commercial,,1513987200000.0,X,True,False,AREA OF MINIMAL FLOOD HAZARD,
dc_a3e6b266b930,Microsoft,WA,47.2385754,-119.8830801,contains,0.0,14,6160593.0,160098.6,160157.9,,Commercial,,1513987200000.0,X,True,False,AREA OF MINIMAL FLOOD HAZARD,
dc_c738a087d2cb,,WA,47.23932,-119.85941,nearest,2.6555685470955,10,6161257.0,12505.6,12510.0,,Industrial,,1513987200000.0,X,True,False,AREA OF MINIMAL FLOOD HAZARD,
dc_7b42f550217b,Microsoft CYS Datacenter,WY,41.12416,-104.90343,nearest,0.11419239111813248,13,4162323.0,42756.2,42721.95,,Commercial,644 LOGISTICS DRIVE,1597017600000.0,X,True,False,AREA OF MINIMAL FLOOD HAZARD,
dc_6be68fa9c112,,WY,41.1262938,-104.9018528,nearest,1.6465860618151587,10,16000029.0,133761.3,133654.5,,Commercial,644 LOGISTICS DRIVE,1597017600000.0,X,True,False,AREA OF MINIMAL FLOOD HAZARD,
dc_506d216f297e,KOMO Plaza East,WA,47.6192326,-122.3482873,contains,0.0,34,10160622.0,44088.8,44056.16,23.01,Commercial,,1273190400000.0,X,True,False,AREA OF MINIMAL FLOOD HAZARD,True
dc_0dcf4693d966,Fidelity,NE,41.1655243,-96.0833669,nearest,9.115906599948133,6,362397.0,9289.7,9295.98,,Industrial,11050 CORNHUSKER ROAD,1589068800000.0,X,True,False,AREA OF MINIMAL FLOOD HAZARD,
dc_efb9968b09e4,,CA,33.918074,-118.38735,nearest,27.633439635980494,20,13236905.0,85667.5,85667.34,8.43,Industrial,,1350432000000.0,X,True,False,AREA OF MINIMAL FLOOD HAZARD,False
dc_4c87d97ffa9a,Serverfarm - LAX1,CA,33.9217415,-118.3864588,contains,0.0,20,13241546.0,117395.6,117395.5,8.3,Industrial,,1350432000000.0,X,True,False,AREA OF MINIMAL FLOOD HAZARD,False
dc_abc1bc37e941,DRT LAX12,CA,33.916298,-118.384828,nearest,21.631092808160812,13,13233735.0,112830.1,112830.0,9.25,Commercial,,1350432000000.0,X,True,False,AREA OF MINIMAL FLOOD HAZARD,False
dc_961fc1bc0c89,Google - Thornton,CO,39.922465,-104.9834252,contains,0.0,7,15669186.0,86611.2,86611.13,6.23,Commercial,12396 GRANT STREET,1337212800000.0,X,True,False,AREA OF MINIMAL FLOOD HAZARD,False
dc_5b5256c05523,DRT LAX10,CA,34.04728,-118.25669,nearest,10.460430099791237,19,14634908.0,68664.1,68664.0,35.53,Commercial,,1350432000000.0,X,True,False,1 PCT DEPTH LESS THAN 1 FOOT,True
dc_f40c26b1ceb4,One Wilshire,CA,34.048149,-118.255721,nearest,5.255228988984692,22,14871969.0,117377.0,117376.9,49.83,Commercial,,1350432000000.0,X,True,False,1 PCT DEPTH LESS THAN 1 FOOT,True
dc_ddf294b48205,,VA,37.4944,-77.23745,contains,0.0,31,51100682.0,210705.2,210739.6,,Unclassified,6050 TECHNOLOGY CREEK DRIVE,1644537600000.0,X,True,False,AREA OF MINIMAL FLOOD HAZARD,
dc_66e879b37950,"CyrusOne NVA1, NVA2 & NVA3",VA,39.0259023,-77.4144697,contains,0.0,9,50997659.0,312769.1,312855.1,,Commercial,21111 RIDGETOP CIRCLE,1710374400000.0,X,True,False,AREA OF MINIMAL FLOOD HAZARD,
dc_6a2a35ba07d2,NAP of the Americas,FL,25.7824,-80.19312,contains,0.0,25,30413957.0,122568.7,122568.2,33.75,Commercial,50 NE 9 ST,1392508800000.0,X,True,False,AREA OF MINIMAL FLOOD HAZARD,True
dc_cc1e6f846f5c,CoreSite - Miami (MI1),FL,25.79739,-80.22987,nearest,4.618474588342833,51,30422372.0,15955.7,15955.66,14.58,Government,2115 NW 22 ST,1392508800000.0,AE,True,True,,True
dc_5127aa265ade,CyrusOne NVA5,VA,39.024356,-77.4341,nearest,78.77582812547762,7,7948150.0,1229.8,1229.828,3.59,Commercial,21350 PACIFIC BOULEVARD,1205280000000.0,X,True,False,AREA OF MINIMAL FLOOD HAZARD,False
dc_7829f587ad00,Microsoft,IA,41.54045,-93.82609,contains,0.0,12,5000817.0,546149.3,545776.4,,Unclassified,8855 GRAND AVENUE,1565654400000.0,X,True,False,AREA OF MINIMAL FLOOD HAZARD,
dc_a16fdadb09e8,Facebook Altoona Data Center 1,IA,41.6642482,-93.5147581,nearest,0.1305937550397128,1,5001293.0,328805.1,328556.9,,Industrial,100 SHARE WAY NORTHWEST,1554508800000.0,X,True,False,AREA OF MINIMAL FLOOD HAZARD,
dc_ce7c1d42d89e,Facebook Altoona Data Center 2,IA,41.6655118,-93.5082089,contains,0.0,4,5001300.0,303436.5,303207.2,,Industrial,200 SHARE WAY NORTHWEST,1554508800000.0,X,True,False,AREA OF MINIMAL FLOOD HAZARD,
dc_fdae777cf363,Virginia Information Technologies Agency,VA,37.3607028,-77.3318065,contains,0.0,4,51647929.0,165143.0,165184.1,,Government,11751 MEADOWVILLE LANE,1644537600000.0,X,True,False,AREA OF MINIMAL FLOOD HAZARD,
dc_3804fbe962f8,Lumen Technologies,CA,33.716985,-117.807298,nearest,16.30340494429525,22,13748173.0,21579.2,21579.2,5.6,Industrial,,1350432000000.0,X,True,False,0.2 PCT ANNUAL CHANCE FLOOD HAZARD,False
dc_87fe0ed9bf1c,Lumen,WA,47.6542257,-117.4200007,contains,0.0,35,10410541.0,22514.8,22497.37,41.16,Residential,,1225324800000.0,X,True,False,AREA OF MINIMAL FLOOD HAZARD,True
dc_fe7cb3e8830f,,WI,43.0672971,-89.436704,contains,0.0,87,10440595.0,8408.6,8410.004,6.59,Residential,,1270771200000.0,X,True,False,AREA OF MINIMAL FLOOD HAZARD,False
dc_1674d44d30cc,Equinix CU2,VA,38.4548439,-77.9781318,nearest,3.6911269034504586,6,50479112.0,197854.1,198024.8,,Commercial,18155 TECHNOLOGY DRIVE,1535932800000.0,X,True,False,AREA OF MINIMAL FLOOD HAZARD,
dc_f8d214368884,DataPipe Silicon Valley One,CA,37.3336326,-121.8879639,contains,0.0,16,15647866.0,100735.7,100735.6,9.67,Commercial,,1349049600000.0,D,True,False,,False
dc_042da0f1f99d,CoreSite Secaucus Campus,NJ,40.7841733,-74.0655505,contains,0.0,11,7736927.0,151982.5,151982.3,13.8,Industrial,,1376524800000.0,AE,True,True,,True
dc_01f485c24f90,Evocative Secaucus,NJ,40.787552,-74.0680502,contains,0.0,15,7743298.0,101151.1,101151.0,13.29,Industrial,,1376524800000.0,X,True,False,AREA OF MINIMAL FLOOD HAZARD,True
dc_f2511fb5508c,BT Radianz: 492 River Road,NJ,40.8214542,-74.1341867,contains,0.0,17,7807762.0,110994.4,110994.3,6.32,Commercial,492 RIVER ROAD,1376524800000.0,X,True,False,AREA OF MINIMAL FLOOD HAZARD,False
dc_f9e6c86b33a9,Time Warner Datacenter,CO,39.5989606,-104.8603785,contains,0.0,16,15099186.0,38284.6,38284.54,7.73,Industrial,11011 EAST PEAKVIEW AVENUE,1337212800000.0,X,True,False,AREA OF MINIMAL FLOOD HAZARD,False
dc_3afce9f03886,Time Warner Datacenter,CO,39.5999328,-104.86017,nearest,50.05356908207102,10,238078.0,791.8,580.0642,,Industrial,11011 EAST PEAKVIEW AVENUE,1599868800000.0,X,True,False,AREA OF MINIMAL FLOOD HAZARD,
dc_97311ae7d1ad,CyrusOne Austin Data Center III,TX,30.2070062,-97.7011317,contains,0.0,4,37706843.0,181682.8,181607.5,,Commercial,7100 METROPOLIS DR,1512086400000.0,X,True,False,AREA OF MINIMAL FLOOD HAZARD,
dc_7db3bba7c9ec,Apollo Cable Landing Station,NJ,40.1570435,-74.101582,contains,0.0,4,5065872.0,26158.0,26829.42,,Commercial,1941 STATE HIGHWAY 34,1375142400000.0,X,True,False,AREA OF MINIMAL FLOOD HAZARD,
dc_96450fb1f38e,Cable & Wireless Cable Landing Station,NY,40.8436519,-72.8833757,contains,0.0,8,1623689.0,29454.2,29453.73,,Industrial,,1552780800000.0,X,True,False,AREA OF MINIMAL FLOOD HAZARD,
dc_e4baea386a94,Equinix Ashburn DC10,VA,39.0210047,-77.4514888,contains,0.0,11,50980227.0,154159.4,154206.9,,Commercial,21551 BEAUMEADE CIRCLE,1710374400000.0,X,True,False,AREA OF MINIMAL FLOOD HAZARD,
dc_d92a5dd0e5f6,Amazon Web Services Datacenter Complex,VA,39.0270811,-77.4526315,contains,0.0,5,50995758.0,166495.1,166546.5,,Commercial,44854 INTERCONNECTION PLACE,1710374400000.0,X,True,False,AREA OF MINIMAL FLOOD HAZARD,
dc_1ef09805fae1,Amazon Web Services,VA,39.0288072,-77.4588379,contains,0.0,7,50996465.0,116180.3,116216.8,,Commercial,21267 SMITH SWITCH ROAD,1710374400000.0,X,True,False,AREA OF MINIMAL FLOOD HAZARD,
dc_9351a2fe0177,Amazon IAD-61,VA,38.9158051,-77.4919869,nearest,41.881462227131905,23,51517086.0,1488.9,1489.443,,Commercial,43736 CLUBBER LANE,1655424000000.0,X,True,False,AREA OF MINIMAL FLOOD HAZARD,
dc_a1ec41fa9483,Amazon IAD58,VA,38.9865152,-77.4422565,nearest,20.389032444756,9,51491518.0,143362.5,143405.5,,Commercial,22745 RELOCATION DRIVE,1710374400000.0,X,True,False,AREA OF MINIMAL FLOOD HAZARD,
dc_df61119311e7,Amazon IAD51,VA,38.9914123,-77.4365107,contains,0.0,12,51492469.0,74123.9,74145.72,,Commercial,45220 PROLOGIS PLAZA,1710374400000.0,X,True,False,AREA OF MINIMAL FLOOD HAZARD,
dc_dd2e714c19e0,Amazon IAD56,VA,38.988341,-77.438008,nearest,28.616725685968923,8,51491072.0,94897.4,94925.5,,Commercial,45190 PROLOGIS PLAZA,1710374400000.0,X,True,False,AREA OF MINIMAL FLOOD HAZARD,
dc_c20b2302aff2,Amazon IAD16,VA,38.9906864,-77.4488397,contains,0.0,12,51493322.0,84506.7,84532.63,,Commercial,22651 DULLES SUMMIT COURT,1710374400000.0,X,True,False,AREA OF MINIMAL FLOOD HAZARD,
dc_dee61d200c43,Amazon IAD15,VA,38.991708,-77.4485641,contains,0.0,11,51493324.0,112234.7,112269.1,,Commercial,22631 DULLES SUMMIT COURT,1710374400000.0,X,True,False,AREA OF MINIMAL FLOOD HAZARD,
dc_ab293c583bc3,Amazon IAD14,VA,38.7898846,-77.5482287,contains,0.0,14,50264650.0,120990.4,121039.5,,Commercial,11801 BREWERS SPRING ROAD,1654387200000.0,X,True,False,AREA OF MINIMAL FLOOD HAZARD,
dc_71354fe4b02d,Amazon IAD59,VA,38.7921874,-77.5484673,contains,0.0,4,50263950.0,134607.9,134662.5,,Commercial,7600 DOANE DRIVE,1654387200000.0,X,True,False,AREA OF MINIMAL FLOOD HAZARD,
dc_c4a43ff19d8c,Amazon IAD52,VA,38.7911185,-77.5483863,contains,0.0,4,50264651.0,129058.0,129110.3,,Commercial,11800 BREWERS SPRING ROAD,1654387200000.0,X,True,False,AREA OF MINIMAL FLOOD HAZARD,
dc_af33dfbf5532,Amazon Web Services Datacenter Complex,OH,40.0937454,-82.7518317,nearest,14.520050497047235,7,6001221.0,34571.9,35319.52,,Industrial,,1546646400000.0,,False,,,
dc_2f2def1e8828,Amazon AWS: Hilliard Data Center,OH,40.0598657,-83.1342839,none,,0,,,,,,,,X,True,False,AREA OF MINIMAL FLOOD HAZARD,
dc_bd0c4df6edc8,Amazon Web Services,OR,45.9158356,-119.2663235,nearest,33.34834059981282,3,5000987.0,96886.4,96882.63,,Unclassified,,1537660800000.0,D,True,False,,
dc_8b5c9190f762,Amazon Web Services,OR,45.8410032,-119.6527688,contains,0.0,10,5000970.0,122169.7,122199.4,,Unclassified,,1557100800000.0,X,True,False,AREA OF MINIMAL FLOOD HAZARD,
dc_c3cd81b92a8d,Amazon Web Services,OR,45.8522387,-119.6299007,nearest,126.7035384442031,2,3316148.0,1318.3,1318.578,,Unclassified,,1557100800000.0,X,True,False,AREA OF MINIMAL FLOOD HAZARD,
dc_ee2be26aa83a,Amazon Web Services,OR,45.8532,-119.64677,nearest,11.014002757680005,2,3317515.0,119698.4,119726.9,,Government,,1557100800000.0,X,True,False,AREA OF MINIMAL FLOOD HAZARD,
dc_b8308dcc18bb,Equinix San Jose SV3,CA,37.388274,-121.8884463,contains,0.0,41,15764270.0,107521.1,107521.0,7.02,Unclassified,,1349049600000.0,D,True,False,,False
dc_6bb9d780dce7,365 Main Street Data Center,CA,37.788616,-122.390816,nearest,11.309498870708008,29,16279841.0,75143.0,75142.94,22.9,Industrial,,1349049600000.0,X,True,False,AREA OF MINIMAL FLOOD HAZARD,True
dc_fa3d9251f7ad,Meta,NC,35.3142602,-81.8220553,contains,0.0,2,14009142.0,320693.1,321093.1,,Commercial,284 SOCIAL CIRCLE,1389830400000.0,X,True,False,AREA OF MINIMAL FLOOD HAZARD,
dc_1aaac235c2f7,Meta,NC,35.31738,-81.82625,contains,0.0,2,14009167.0,281059.6,281832.5,,Commercial,408 SOCIAL CIRCLE,1389830400000.0,X,True,False,AREA OF MINIMAL FLOOD HAZARD,
dc_b957334fcb5a,,CA,37.4039641,-121.8892308,contains,0.0,18,15792781.0,73473.4,73473.37,9.71,Industrial,,1349049600000.0,AO,True,True,,False
dc_68281ce20aef,Csquare SFO1,CA,37.37045,-121.9698252,contains,0.0,13,15732738.0,176528.9,176528.7,8.97,Unclassified,,1349049600000.0,X,True,False,0.2 PCT ANNUAL CHANCE FLOOD HAZARD,False
dc_973ebac1cb09,,CA,37.3717787,-121.9725052,contains,0.0,15,15733745.0,75145.6,75145.47,9.28,Unclassified,,1349049600000.0,X,True,False,0.2 PCT ANNUAL CHANCE FLOOD HAZARD,False
dc_13bf0cfc3848,Intergate Columbia B,WA,47.407164,-120.1875239,contains,0.0,6,7002951.0,208288.0,208351.8,,Commercial,4405 GRANT ROAD,1566259200000.0,,False,,,
dc_5c8f14e5f3fc,Intergate Columbia A,WA,47.4086205,-120.1893981,contains,0.0,7,7000928.0,268380.8,268462.7,,Commercial,4405 GRANT ROAD,1566259200000.0,,False,,,
dc_2418d90f9371,Intergate Columbia,WA,47.40758,-120.19158,nearest,5.151375918191649,4,6204646.0,119608.4,119644.6,,Commercial,4405 GRANT ROAD,1566259200000.0,,False,,,
dc_82d5bf536c6b,QTS Ashburn-Moran,VA,38.9942215,-77.4482013,contains,0.0,7,7870374.0,10155.7,10155.69,5.46,Commercial,44874 MORAN ROAD,1205280000000.0,X,True,False,AREA OF MINIMAL FLOOD HAZARD,False
dc_2a3cef084baa,Centersquare IAD4-A,VA,39.0217816,-77.4527978,contains,0.0,9,7873786.0,75010.8,75010.77,7.73,Commercial,21561 BEAUMEADE CIRCLE,1205280000000.0,X,True,False,AREA OF MINIMAL FLOOD HAZARD,False
dc_76d8a96e6398,AWS Building E,VA,39.0050516,-77.4856124,contains,0.0,9,51082916.0,170965.9,171023.9,,Unclassified,43790 DEVIN SHAFRON DRIVE,1710374400000.0,X,True,False,AREA OF MINIMAL FLOOD HAZARD,
dc_783ed530397e,Digital Realty New Jersey EWR20,NJ,40.8299279,-74.1267496,contains,0.0,60,7821270.0,28470.8,28470.75,29.83,Industrial,100 DELAWANNA AVENUE,1376524800000.0,X,True,False,AREA OF MINIMAL FLOOD HAZARD,True
dc_4fe04b8d0451,CyrusOne Somerset,NJ,40.5379623,-74.5457225,contains,0.0,15,6009046.0,211546.2,212459.0,,Commercial,,1508371200000.0,X,True,False,AREA OF MINIMAL FLOOD HAZARD,
dc_f56907de3951,BNY Mellon Somerset,NJ,40.535869,-74.5534315,nearest,13.052007431596154,5,6003120.0,82936.2,85171.43,,Industrial,,1508371200000.0,X,True,False,AREA OF MINIMAL FLOOD HAZARD,
dc_afac4d785392,,NJ,40.5375265,-74.5555236,contains,0.0,5,6003127.0,130078.5,130057.3,,Industrial,,1508371200000.0,X,True,False,AREA OF MINIMAL FLOOD HAZARD,
dc_b095480b552f,Digital Realty New Jersey EWR21,NJ,40.832497,-74.123887,nearest,19.49454800530863,12,7824879.0,68345.8,68345.72,5.52,Industrial,,1376524800000.0,X,True,False,AREA OF MINIMAL FLOOD HAZARD,False
dc_fd571f509631,,CA,34.199321,-118.343534,nearest,24.471623270217194,44,14823791.0,6707.1,6707.057,3.55,Industrial,,1350432000000.0,X,True,False,AREA OF MINIMAL FLOOD HAZARD,False
dc_085fa1c6cd48,Amazon IAD78,VA,39.0263681,-77.4495202,contains,0.0,8,50979994.0,159017.2,159065.9,,Commercial,44862 INTERCONNECTION PLACE,1710374400000.0,X,True,False,AREA OF MINIMAL FLOOD HAZARD,
dc_f76653816c0f,Amazon IAD79,VA,39.0263574,-77.4508704,contains,0.0,9,50982144.0,157654.9,157703.6,,Commercial,44858 INTERCONNECTION PLACE,1710374400000.0,X,True,False,AREA OF MINIMAL FLOOD HAZARD,
dc_f5f99e41c7eb,,NV,39.56711,-119.5485335,contains,0.0,4,900789.0,480884.4,480884.0,,Commercial,,1537574400000.0,X,True,False,AREA OF MINIMAL FLOOD HAZARD,
dc_e47b672ce4ff,Kaiser Data Center,CA,38.254065,-122.2730918,contains,0.0,9,8156647.0,157218.8,157094.8,,Industrial,,1472860800000.0,X,True,False,AREA OF MINIMAL FLOOD HAZARD,
dc_89f803745a9e,Lumen Dallas - 3180 Irving Blvd.,TX,32.8069549,-96.8685888,contains,0.0,12,29938495.0,81281.3,81281.19,8.21,Commercial,3180 IRVING BLVD,1435708800000.0,X,True,False,AREA WITH REDUCED FLOOD RISK DUE TO LEVEE,False
dc_663e3aabdd3a,Prime DFW01-01,TX,32.8379581,-96.8784007,contains,0.0,8,29789224.0,89703.5,89703.47,8.04,Commercial,1515 ROUND TABLE DR,1435708800000.0,X,True,False,AREA WITH REDUCED FLOOD RISK DUE TO LEVEE,False
dc_2f2fa36dd479,Lumen Dallas 6,TX,32.827998,-96.8843787,contains,0.0,13,30390633.0,12905.2,12905.15,6.14,Commercial,1150 REGAL ROW,1435708800000.0,X,True,False,AREA WITH REDUCED FLOOD RISK DUE TO LEVEE,False
dc_c7388ffdcf0a,Digital Realty DFW36,TX,32.8275499,-96.8737498,contains,0.0,14,30395322.0,136312.5,136312.3,8.44,Education,8435 N STEMMONS FWY,1435708800000.0,X,True,False,AREA WITH REDUCED FLOOD RISK DUE TO LEVEE,False
dc_2488b59ec2e1,DataBank Dallas Empire Central Data Center,TX,32.8217503,-96.873553,contains,0.0,17,30229923.0,66018.6,66018.49,6.49,Commercial,1100 EMPIRE CENTRAL PL,1435708800000.0,X,True,False,AREA WITH REDUCED FLOOD RISK DUE TO LEVEE,False
dc_a3670fa43098,TierPoint Dallas Data Center,TX,32.8079818,-96.8573889,contains,0.0,12,29947292.0,71792.2,71792.1,5.58,Commercial,3000 IRVING BLVD,1435708800000.0,X,True,False,AREA WITH REDUCED FLOOD RISK DUE TO LEVEE,False
dc_daf9220540a9,Amazon IAD87,VA,38.9918083,-77.441172,contains,0.0,7,51491509.0,163694.1,163743.2,,Commercial,45110 LOUDOUN DOWNS LANE,1710374400000.0,X,True,False,AREA OF MINIMAL FLOOD HAZARD,
dc_cfa3a5031c6d,Amazon IAD88,VA,38.9909679,-77.4418679,contains,0.0,6,51492436.0,162217.0,162265.8,,Commercial,45111 LOUDOUN DOWNS LANE,1710374400000.0,X,True,False,AREA OF MINIMAL FLOOD HAZARD,
dc_021211d2ad4e,Verizon,CO,39.589248,-104.877933,contains,0.0,45,15083835.0,11961.2,11961.21,5.99,Commercial,7028 SOUTH CLINTON STREET,1337212800000.0,X,True,False,AREA OF MINIMAL FLOOD HAZARD,False
dc_3a8551ffe989,Stream Data Centers PHX-1,AZ,33.4195,-112.36,contains,0.0,1,11459443.0,416113.6,416113.2,11.88,Commercial,2950 SOUTH LITCHFIELD ROAD,1412467200000.0,X,True,False,0.2 PCT ANNUAL CHANCE FLOOD HAZARD,False
dc_a610d284990f,Live Oak Data Center,TX,32.7837489,-96.7946364,contains,0.0,5,29799666.0,39811.4,39811.39,18.63,Commercial,2020 LIVE OAK ST,1435708800000.0,X,True,False,AREA OF MINIMAL FLOOD HAZARD,True
dc_2309affb2b7b,Stack Infrastructure - POR01,OR,45.5493273,-122.9278183,contains,0.0,2,3640313.0,88415.5,88344.84,,Unclassified,,1564790400000.0,X,True,False,AREA OF MINIMAL FLOOD HAZARD,
dc_c72d4cbdd423,Flexential Portland - Hillsboro 2,OR,45.558302,-122.9171647,contains,0.0,3,3643696.0,233773.0,233586.2,,Unclassified,,1564790400000.0,X,True,False,AREA OF MINIMAL FLOOD HAZARD,
dc_34120cb9bfb9,NYSE Data Center,NJ,41.0783165,-74.152912,contains,0.0,13,6008792.0,204352.8,201935.1,,Commercial,1700 MACARTHUR BOULEVARD,1427068800000.0,X,True,False,AREA OF MINIMAL FLOOD HAZARD,
dc_765868de3ac6,AT&T,CA,34.5799784,-118.1140073,contains,0.0,49,9080189.0,17827.0,17976.4,,Government,,1504742400000.0,X,True,False,0.2 PCT ANNUAL CHANCE FLOOD HAZARD,
dc_374ef12de243,,CO,38.8026713,-104.5219809,contains,0.0,8,1461980.0,43843.0,43604.39,,Government,,1565481600000.0,X,True,False,AREA OF MINIMAL FLOOD HAZARD,
dc_f17c4c877a75,Siemens EDA - HDC / Data Center,OR,45.3187166,-122.7658797,contains,0.0,17,3055400.0,25320.3,25300.23,,Industrial,,1564790400000.0,X,True,False,AREA OF MINIMAL FLOOD HAZARD,
dc_4dcce2e3f5c2,Aligned  DFW-01,TX,33.0093142,-96.6765617,contains,0.0,11,30281855.0,108447.7,108447.5,8.63,Commercial,2800 SUMMIT AVENUE,1435708800000.0,X,True,False,AREA OF MINIMAL FLOOD HAZARD,False
dc_dd893891f25e,Tierpoint Dallas-Allen,TX,33.13874,-96.66024,contains,0.0,2,31616097.0,346020.4,346150.0,,Commercial,2300 CHELSEA BOULEVARD,1654992000000.0,X,True,False,AREA OF MINIMAL FLOOD HAZARD,
dc_d6dfe2b4b690,,TX,30.0187,-95.8637474,contains,0.0,4,36507426.0,357263.2,357784.1,,Industrial,28401 BETKA RD,1693526400000.0,X,True,False,AREA OF MINIMAL FLOOD HAZARD,
dc_65de9231db68,Amazon IAD73,VA,38.7779795,-77.5590992,contains,0.0,14,50243188.0,202148.8,202232.9,,Commercial,7060 WELLINGTON ROAD,1654387200000.0,X,True,False,AREA OF MINIMAL FLOOD HAZARD,
dc_3d7a9b4bc895,Amazon IAD74,VA,38.7774374,-77.5578909,contains,0.0,12,50243435.0,157919.3,157985.0,,Commercial,7070 WELLINGTON ROAD,1654387200000.0,X,True,False,AREA OF MINIMAL FLOOD HAZARD,
dc_98252a80dd0a,H5 Data Center,OH,41.5063555,-81.683589,contains,0.0,31,9236193.0,73655.0,73654.91,20.22,Unclassified,1625 ROCKWELL AVENUE,1282003200000.0,X,True,False,AREA OF MINIMAL FLOOD HAZARD,True
dc_daf3c5ec6554,TPx Colocation Datacenter,CA,33.7075065,-117.8441042,contains,0.0,9,13737713.0,346883.0,346882.7,7.35,Residential,,1350432000000.0,X,True,False,AREA OF MINIMAL FLOOD HAZARD,False
dc_a8e6550e1c77,Cologix Jacksonville JAX1,FL,30.3314298,-81.6624257,contains,0.0,25,31843070.0,25961.4,25961.37,30.5,Residential,421 W CHURCH ST,1267660800000.0,X,True,False,AREA OF MINIMAL FLOOD HAZARD,True
dc_8eb7845dad34,Microsoft,WA,47.2394872,-119.88741,nearest,69.7804985634268,7,7000744.0,149141.5,149197.2,,Commercial,,1513987200000.0,X,True,False,AREA OF MINIMAL FLOOD HAZARD,
dc_913e6e43e473,,WA,47.2385929,-119.864537,contains,0.0,6,7000743.0,54240.1,54259.45,,Unclassified,,1513987200000.0,X,True,False,AREA OF MINIMAL FLOOD HAZARD,
dc_9f5bae7df94d,,WA,47.2475452,-119.8255073,contains,0.0,3,7000762.0,97757.4,97789.06,,Industrial,,1513987200000.0,X,True,False,AREA OF MINIMAL FLOOD HAZARD,
dc_971c8fad8ba8,Facebook Fort Worth Datacenter,TX,32.9837829,-97.259335,contains,0.0,8,35599703.0,666672.4,666573.3,,Commercial,4500 LIKE WAY,1616457600000.0,X,True,False,AREA OF MINIMAL FLOOD HAZARD,
dc_b1a8f1928f7c,Data Center Lenexa,KS,38.9247,-94.7704,nearest,11.116126975847317,9,578440.0,44347.0,44337.27,,Commercial,,1587427200000.0,X,True,False,AREA OF MINIMAL FLOOD HAZARD,
dc_86ba61e0a58f,CITIGROUP TECHNOLOGY INC,TX,33.0064,-97.2452,contains,0.0,9,31064200.0,250564.4,250564.2,6.9,Unclassified,931 LITSEY ROAD,1241136000000.0,X,True,False,AREA OF MINIMAL FLOOD HAZARD,False
dc_9499ddcbe5f4,QTS Data Center,TX,32.9889133,-97.2592738,contains,0.0,5,31063569.0,142886.6,142886.5,8.4,Commercial,14100 PARK VISTA BLVD,1241136000000.0,X,True,False,AREA OF MINIMAL FLOOD HAZARD,False
dc_d4b6d917cc3b,Lowe's Data Center,TX,29.4730082,-98.6895043,contains,0.0,5,28880589.0,82854.9,82854.84,6.47,Commercial,10045 ROGERS RUN,1351728000000.0,X,True,False,AREA OF MINIMAL FLOOD HAZARD,False
dc_ce1390890e70,,TX,29.4703276,-98.6861914,contains,0.0,11,28874154.0,48696.0,48696.0,6.45,Commercial,10002 ROGERS RUN,1351728000000.0,X,True,False,AREA OF MINIMAL FLOOD HAZARD,False
dc_d20b0b46a331,,TX,29.4702125,-98.6876674,contains,0.0,22,28874260.0,69265.8,69265.69,6.31,Commercial,10010 ROGERS RUN,1351728000000.0,X,True,False,AREA OF MINIMAL FLOOD HAZARD,False
dc_e5a14b588180,CyrusOne San Antonio I,TX,29.4666098,-98.6880869,contains,0.0,9,28865557.0,103488.0,103487.9,8.87,Commercial,9999 WESTOVER HILLS BLVD,1351728000000.0,X,True,False,AREA OF MINIMAL FLOOD HAZARD,False
dc_1290cd43e2a4,Valero Wiserman,TX,29.4742368,-98.6800789,contains,0.0,35,28882449.0,60540.0,60539.96,7.05,Commercial,3535 WISEMAN BLVD,1351728000000.0,X,True,False,AREA OF MINIMAL FLOOD HAZARD,False
dc_96e798de1923,Stream San Antonio II,TX,29.472003,-98.6717199,contains,0.0,6,32269246.0,90429.0,90358.8,,Commercial,9550 WESTOVER HILLS BLVD,1672185600000.0,X,True,False,AREA OF MINIMAL FLOOD HAZARD,
dc_73c1808d41a7,CyrusOne San Antonio II,TX,29.4708878,-98.6730474,contains,0.0,6,32269244.0,126562.6,126464.4,,Commercial,,1672185600000.0,X,True,False,AREA OF MINIMAL FLOOD HAZARD,
dc_a3ef9d3df723,CyrusOne San Antonio III,TX,29.4700573,-98.6721062,contains,0.0,39,32264114.0,123893.5,123797.3,,Commercial,9554 WESTOVER HILLS BLVD,1672185600000.0,X,True,False,AREA OF MINIMAL FLOOD HAZARD,
dc_545444cd2c47,Spectrum Charlotte National Data Center,NC,35.1428083,-80.9162228,contains,0.0,13,15029666.0,89910.3,89910.25,14.1,Commercial,8730 GREEN RIDGE DRIVE,1328745600000.0,X,True,False,AREA OF MINIMAL FLOOD HAZARD,True
dc_5a2443390108,Apple,OR,44.2894,-120.8709,nearest,18.366831782924947,7,5000344.0,396285.1,396249.6,,Unclassified,,1560643200000.0,X,True,False,AREA OF MINIMAL FLOOD HAZARD,
dc_fca78ca8bfb8,Google Data Center,AZ,33.3541387,-111.6764271,none,,0,,,,,,,,X,True,False,0.2 PCT ANNUAL CHANCE FLOOD HAZARD,
dc_85d3abd0eef7,Cyxtera Tampa TP1,FL,27.9455,-82.3507,nearest,8.57529105823661,9,31390264.0,98195.6,98195.14,9.4,Industrial,9302 FLORIDA PALM RD,1340668800000.0,X,True,False,AREA OF MINIMAL FLOOD HAZARD,False
dc_bfc0dc91e53d,DC Blox Chattanooga,TN,35.0315499,-85.2972523,contains,0.0,33,3307341.0,8968.2,8966.333,,Industrial,807 EAST 16TH STREET,1456617600000.0,X,True,False,AREA OF MINIMAL FLOOD HAZARD,
dc_71df8167e3fe,QTS Irving - Dallas Data Center Campus,TX,32.8972479,-96.9826475,contains,0.0,8,30582012.0,303058.1,303057.8,14.36,Industrial,6431 LONGHORN DR,1435708800000.0,X,True,False,AREA OF MINIMAL FLOOD HAZARD,True
dc_562f41628d8f,Centersquare Lisle ORD4 Data Center,IL,41.8023406,-88.0948856,contains,0.0,22,32003102.0,388075.0,386983.3,,Industrial,4513 WESTERN AVENUE,1442793600000.0,X,True,False,AREA OF MINIMAL FLOOD HAZARD,
dc_aabc1a713f0b,GoDaddy - Gilbert,AZ,33.3619309,-111.8392899,contains,0.0,31,11994112.0,92099.4,92099.32,8.85,Commercial,2299 WEST OBISPO AVENUE,1295654400000.0,X,True,False,0.2 PCT ANNUAL CHANCE FLOOD HAZARD,False
dc_d097e7925fc8,AT&T Center,CA,32.7476543,-117.1589538,contains,0.0,78,16538494.0,100892.6,100892.4,14.03,Government,,1349049600000.0,X,True,False,AREA OF MINIMAL FLOOD HAZARD,True
dc_0882af2abe6a,,TN,36.1405001,-86.7641364,contains,0.0,72,12151247.0,10166.0,10157.95,3.93,Commercial,1301 4TH AVENUE SOUTH,1136073600000.0,X,True,False,AREA OF MINIMAL FLOOD HAZARD,False
dc_56d92a649558,CenturyLink,GA,33.7651394,-84.3837393,contains,0.0,32,17223075.0,74636.4,74636.3,20.65,Unclassified,,1351209600000.0,X,True,False,AREA OF MINIMAL FLOOD HAZARD,True
dc_02fde467d5ca,,WY,41.124033,-104.8985886,nearest,6.725648760129577,10,4162283.0,923.7,923.0091,,Industrial,,1597017600000.0,X,True,False,AREA OF MINIMAL FLOOD HAZARD,
dc_d637d15aba22,,WY,41.1240368,-104.8991021,contains,0.0,12,16000026.0,156492.0,156367.1,,Industrial,,1597017600000.0,X,True,False,AREA OF MINIMAL FLOOD HAZARD,
dc_42f487aa6732,,WY,41.125284,-104.899022,contains,0.0,15,16000026.0,156492.0,156367.1,,Industrial,,1597017600000.0,X,True,False,AREA OF MINIMAL FLOOD HAZARD,
dc_7668d76b7f88,,WY,41.12515,-104.89835,contains,0.0,14,16000027.0,153654.6,153532.1,,Industrial,,1597017600000.0,X,True,False,AREA OF MINIMAL FLOOD HAZARD,
dc_a4961042eb4e,Expedient Pittsburgh South,PA,40.427371,-80.0425212,contains,0.0,7,7353759.0,26007.3,26007.22,5.49,Commercial,,1312502400000.0,X,True,False,AREA OF MINIMAL FLOOD HAZARD,False
dc_7f37dc601968,Centersquare: Phoenix - (PHX1 - Mesa),AZ,33.4212542,-111.8590191,contains,0.0,55,11637218.0,112672.7,112672.6,9.89,Commercial,1301 WEST UNIVERSITY DRIVE,1412467200000.0,X,True,False,0.2 PCT ANNUAL CHANCE FLOOD HAZARD,False
dc_c5410ccfaab6,,TX,29.9951976,-95.5633335,contains,0.0,4,37928153.0,269992.0,270508.7,,Industrial,,1573344000000.0,X,True,False,AREA OF MINIMAL FLOOD HAZARD,
dc_a732fbbc8530,,TX,29.9973349,-95.5640398,contains,0.0,10,37928121.0,119213.0,119440.9,,Industrial,15555 SCHROEDER ROAD,1573344000000.0,X,True,False,AREA OF MINIMAL FLOOD HAZARD,
dc_c192d1a8a58f,Liquid Web,MI,42.6879527,-84.6430423,contains,0.0,16,14322604.0,21679.9,21682.45,9.61,Industrial,,1366070400000.0,X,True,False,AREA OF MINIMAL FLOOD HAZARD,False
dc_9886b7475b36,Amazon IAD63,VA,38.9168847,-77.4932514,contains,0.0,20,51516283.0,170071.4,170130.8,,Commercial,43701 CLUBBER LANE,1655424000000.0,X,True,False,AREA OF MINIMAL FLOOD HAZARD,
dc_cee882b53bd3,"Liquid Web, Inc",MI,42.705492,-84.666604,nearest,3.132579488472108,5,14334947.0,72029.2,72036.32,8.66,Industrial,,1366070400000.0,X,True,False,AREA OF MINIMAL FLOOD HAZARD,False
dc_83eddcd908a9,Amazon IAD62,VA,38.9493217,-77.5198747,contains,0.0,7,51547393.0,155590.1,155648.0,,Commercial,42949 FADELEY LANE,1654387200000.0,X,True,False,AREA OF MINIMAL FLOOD HAZARD,
dc_e694b11642aa,,GA,34.0707004,-84.6759032,contains,0.0,29,7537956.0,20661.9,20921.89,,Unclassified,,1543363200000.0,X,True,False,AREA OF MINIMAL FLOOD HAZARD,
dc_c27350073d52,ADP South Dakota,SD,43.5999139,-96.7947573,contains,0.0,2,374383.0,225811.3,225806.8,,Industrial,4915 NORTH MARION ROAD,1563408000000.0,X,True,False,AREA OF MINIMAL FLOOD HAZARD,
dc_d0069abf7d58,TJX Corporate Techno,OH,40.1038888,-82.8106146,contains,0.0,2,2139811.0,96969.3,97369.39,,Industrial,6595 NEW ALBANY ROAD EAST,1546646400000.0,X,True,False,AREA OF MINIMAL FLOOD HAZARD,
dc_47cb11fb436c,Compugen New Albany,OH,40.1045986,-82.8049123,contains,0.0,7,2140087.0,37999.8,38567.36,,Industrial,7000 SOUDER ROAD,1546646400000.0,X,True,False,AREA OF MINIMAL FLOOD HAZARD,
dc_f011d85ef1f9,Compugen New Albany,OH,40.1037135,-82.8089026,contains,0.0,6,2139708.0,41313.4,41045.49,,Industrial,6625 NEW ALBANY ROAD EAST,1546646400000.0,X,True,False,AREA OF MINIMAL FLOOD HAZARD,
dc_14a17660785d,Flexential Dallas - Richardson,TX,32.9948122,-96.7524974,contains,0.0,8,30256431.0,199463.1,199462.9,8.86,Education,,1435708800000.0,X,True,False,AREA OF MINIMAL FLOOD HAZARD,False
dc_86ea4c3bc7df,Experian McKinney Data Center,TX,33.1717958,-96.725505,nearest,138.40461544305893,8,25020761.0,122523.8,122295.5,,Residential,3300 S STONEBRIDGE DR,1524960000000.0,X,True,False,AREA OF MINIMAL FLOOD HAZARD,
dc_9004be7e046a,Digital Fortress: Richmond,VA,37.3600608,-77.327038,contains,0.0,4,51645405.0,256586.2,256649.3,,Commercial,1401 MEADOWVILLE TECH PARKWAY,1644537600000.0,X,True,False,AREA OF MINIMAL FLOOD HAZARD,
dc_e0c9ea4740c6,DataCenter.BZ - Worthington-Columbus,OH,40.1157427,-83.0025794,contains,0.0,12,9931589.0,54659.7,54659.62,6.16,Industrial,561 SCHERERS COURT,1301616000000.0,X,True,False,AREA OF MINIMAL FLOOD HAZARD,False
dc_9fc2a0ec8776,Stack Infrastructure,CA,37.4025598,-121.893391,contains,0.0,21,15790890.0,80178.2,80178.11,8.03,Unclassified,,1349049600000.0,AO,True,True,,False
dc_99361789c568,Stack Infrastructure,CA,37.4022,-121.8924,contains,0.0,19,15790850.0,65926.8,65926.74,5.25,Unclassified,,1349049600000.0,AO,True,True,,False
dc_cf02216bd8e1,Carfax,MO,38.9235166,-92.2886061,contains,0.0,7,4509931.0,41762.5,41762.51,,Commercial,2301 MAGUIRE BOULEVARD,1488585600000.0,X,True,False,AREA OF MINIMAL FLOOD HAZARD,
dc_2a18edd9d2aa,Facebook Altoona Data Center 3,IA,41.6670521,-93.5065646,contains,0.0,3,5001304.0,409679.0,409369.3,,Industrial,300 SHARE WAY NORTHWEST,1554508800000.0,X,True,False,AREA OF MINIMAL FLOOD HAZARD,
dc_39191f37a067,Amazon IAD71,VA,39.0279064,-77.4574998,contains,0.0,10,50996469.0,127916.8,127956.9,,Commercial,21263 SMITH SWITCH ROAD,1710374400000.0,X,True,False,AREA OF MINIMAL FLOOD HAZARD,
dc_1bea2a6b9476,Amazon IAD50,VA,39.0295615,-77.4596546,nearest,60.03260956540285,4,2960044.0,1450.0,1390.329,,Commercial,21271 SMITH SWITCH ROAD,1467417600000.0,X,True,False,AREA OF MINIMAL FLOOD HAZARD,
dc_0f68bcad00f6,Amazon IAD60,VA,39.0287737,-77.4582461,contains,0.0,8,50996465.0,116180.3,116216.8,,Commercial,21267 SMITH SWITCH ROAD,1710374400000.0,X,True,False,AREA OF MINIMAL FLOOD HAZARD,
dc_4c5da4f27c7f,Amazon Web Services,TX,32.8504831,-97.0702974,contains,0.0,55,30316713.0,31970.7,31970.66,6.54,Commercial,1001 BEAR CREEK PKWY,1435708800000.0,X,True,False,AREA OF MINIMAL FLOOD HAZARD,False
dc_0d1d0eeeddb7,Amazon Web Services  CMH50,OH,40.0946297,-82.7513394,contains,0.0,7,6001226.0,154345.4,153675.0,,Industrial,2570 BEECH ROAD,1546646400000.0,,False,,,
dc_b3c53f7424cf,,IN,39.185856,-85.8870717,contains,0.0,16,9484245.0,2869.6,2876.384,,Industrial,3110 PERMAWICK DRIVE,1447545600000.0,X,True,False,AREA OF MINIMAL FLOOD HAZARD,
dc_b016da3f5d99,Thin-nology,TX,30.4211412,-97.591603,contains,0.0,11,8900817.0,8441.8,8695.03,,Commercial,3804 HELIOS WAY,1521676800000.0,X,True,False,AREA OF MINIMAL FLOOD HAZARD,
dc_b28695cd9ccc,CyrusOne Norwalk,CT,41.1132,-73.3886,contains,0.0,10,944750.0,78515.9,78488.46,,Unclassified,,1552435200000.0,X,True,False,AREA OF MINIMAL FLOOD HAZARD,
dc_07793c6ceca0,Data Foundry - Texas 2,TX,30.197766,-97.713012,nearest,61.117225365393004,6,31045620.0,132840.5,132840.4,7.4,Commercial,4104 SMITH SCHOOL RD,1311292800000.0,X,True,False,AREA OF MINIMAL FLOOD HAZARD,False
dc_f962646a287f,Meta Los Lunas Data Center,NM,34.829831,-106.77852,nearest,55.628527426303286,3,2446417.0,1318.8,1318.576,,Unclassified,,1514419200000.0,X,True,False,AREA OF MINIMAL FLOOD HAZARD,
dc_e521fcdace02,Google Datacenter - Douglas County,GA,33.7504467,-84.5856816,contains,0.0,24,17192959.0,547455.5,547455.0,11.43,Commercial,,1351209600000.0,X,True,False,AREA OF MINIMAL FLOOD HAZARD,False
dc_52dd223d9f13,Google,IA,41.2219559,-95.8642852,nearest,3.381855966125037,53,7152479.0,3580.8,3583.031,10.28,Unclassified,1430 VETERANS MEMORIAL HIGHWAY,1366848000000.0,X,True,False,AREA WITH REDUCED FLOOD RISK DUE TO LEVEE,False
dc_855db3db7730,Microsoft - Azure Datacenter,IL,41.9229565,-87.9182633,contains,0.0,7,34542727.0,305937.8,305937.5,15.74,Industrial,,1321315200000.0,X,True,False,AREA OF MINIMAL FLOOD HAZARD,True
dc_c48845706377,Cloud Storage Corp,KS,38.8721322,-99.3001874,contains,0.0,59,2528375.0,13064.1,13053.88,,Commercial,1311 CANTERBURY DRIVE,1439596800000.0,X,True,False,AREA OF MINIMAL FLOOD HAZARD,
dc_99f8820a08a4,Switch Las Vegas 8,NV,36.057834,-115.214258,contains,0.0,7,2110287.0,266713.9,266713.6,13.01,Unclassified,,1393977600000.0,X,True,False,0.2 PCT ANNUAL CHANCE FLOOD HAZARD,True
dc_d8d14da2c80f,Switch Las Vegas 9,NV,36.0557074,-115.2196277,contains,0.0,64,332017.0,298576.0,297778.5,,Commercial,,1557619200000.0,X,True,False,0.2 PCT ANNUAL CHANCE FLOOD HAZARD,
dc_5acd35df9012,,TX,29.8215755,-95.5708004,contains,0.0,10,37146249.0,100053.3,100244.5,,Government,3401 BRITTMOORE ROAD,1573344000000.0,X,True,False,0.2 PCT ANNUAL CHANCE FLOOD HAZARD,
dc_1691e39922f2,Information Technology Data Center,NH,42.9820886,-70.9505947,contains,0.0,52,194721.0,8407.4,8405.936,,Education,,1544486400000.0,X,True,False,AREA OF MINIMAL FLOOD HAZARD,
dc_37283499bff1,Digital Fortress Lynnwood,WA,47.8224039,-122.2896138,contains,0.0,47,3966694.0,27149.6,27129.74,,Commercial,,1565740800000.0,X,True,False,AREA OF MINIMAL FLOOD HAZARD,
dc_31ed378ec23d,,TX,33.1378233,-96.6559411,contains,0.0,4,31618463.0,61099.0,61122.16,,Commercial,816 ALLEN COMMERCE PARKWAY,1654992000000.0,X,True,False,AREA OF MINIMAL FLOOD HAZARD,
dc_337852dc4642,CyrusOne Allen,TX,33.1385206,-96.6599516,contains,0.0,3,31616097.0,346020.4,346150.0,,Commercial,2300 CHELSEA BOULEVARD,1654992000000.0,X,True,False,AREA OF MINIMAL FLOOD HAZARD,
dc_0e8ad449fd73,Amazon Web Services,OR,45.8404436,-119.6549794,contains,0.0,11,5001431.0,149852.7,149889.5,,Unclassified,,1557100800000.0,X,True,False,AREA OF MINIMAL FLOOD HAZARD,
dc_7d9a53314d14,Amazon Web Services,OR,45.9174478,-119.2677339,nearest,4.039237677584109,3,5000988.0,185531.3,185523.9,,Unclassified,,1537660800000.0,D,True,False,,
dc_2735a8cdb5c5,DataBank SLC3,UT,40.4797937,-111.9059228,contains,0.0,19,3383133.0,84675.2,84619.75,,Commercial,14926 SOUTH PONY EXPRESS ROAD,1566086400000.0,X,True,False,AREA OF MINIMAL FLOOD HAZARD,
dc_d75a55f76a00,Amazon IAD80,VA,39.0271087,-77.4528289,contains,0.0,4,50995758.0,166495.1,166546.5,,Commercial,44854 INTERCONNECTION PLACE,1710374400000.0,X,True,False,AREA OF MINIMAL FLOOD HAZARD,
dc_b0894a6e8d78,Equinix Ashburn DC12,VA,39.0230155,-77.4497875,contains,0.0,5,50979991.0,250520.8,250597.7,,Commercial,44790 PERFORMANCE CIRCLE,1710374400000.0,X,True,False,AREA OF MINIMAL FLOOD HAZARD,
dc_ccd80465a580,Stream DFW IV,TX,33.0001441,-96.6616465,contains,0.0,40,30268113.0,20004.8,20004.79,6.11,Commercial,,1435708800000.0,X,True,False,AREA OF MINIMAL FLOOD HAZARD,False
dc_b5e19f1a3ea5,Rackspace Richardson DFW3,TX,32.9647813,-96.7158554,nearest,90.33399171452957,9,30135309.0,106520.3,106520.3,7.17,Commercial,5535 NORTHMOOR DR,1435708800000.0,X,True,False,AREA OF MINIMAL FLOOD HAZARD,False
dc_7bec7a33a3ec,Digital Realty Dallas DFW17,TX,32.966739,-96.714402,nearest,26.321206621331683,24,30141311.0,122259.0,122258.9,8.09,Industrial,5535 NORTHMOOR DR,1435708800000.0,X,True,False,AREA OF MINIMAL FLOOD HAZARD,False
dc_6a37107362a1,Digital Realty Dallas DFW29,TX,32.96725,-96.71155,nearest,9.695911605318626,25,30141494.0,121550.2,121550.0,8.53,Commercial,5535 NORTHMOOR DR,1435708800000.0,X,True,False,AREA OF MINIMAL FLOOD HAZARD,False
dc_ab141916e295,DataBank Dallas (DFW2),TX,32.96739,-96.71364,contains,0.0,24,30141311.0,122259.0,122258.9,8.09,Industrial,5535 NORTHMOOR DR,1435708800000.0,X,True,False,AREA OF MINIMAL FLOOD HAZARD,False
dc_833370eeca59,Digital Realty Dallas DFW28,TX,32.9673,-96.7141,contains,0.0,22,30141311.0,122259.0,122258.9,8.09,Industrial,5535 NORTHMOOR DR,1435708800000.0,X,True,False,AREA OF MINIMAL FLOOD HAZARD,False
dc_1f6063348ac4,Digital Realty Dallas DFW35,TX,32.964263,-96.710598,nearest,30.362749535188723,20,4108540.0,2240.8,2057.44,,Commercial,,1616457600000.0,X,True,False,AREA OF MINIMAL FLOOD HAZARD,
dc_cd26fe372499,Digital Realty Dallas DFW18,TX,32.96526,-96.71261,nearest,79.53990520366875,22,30135544.0,83141.6,83141.5,9.4,Commercial,5535 NORTHMOOR DR,1435708800000.0,X,True,False,AREA OF MINIMAL FLOOD HAZARD,False
dc_4e931334ea09,Digital Realty Dallas DFW16,TX,32.9660428,-96.715592,contains,0.0,15,30135309.0,106520.3,106520.3,7.17,Commercial,5535 NORTHMOOR DR,1435708800000.0,X,True,False,AREA OF MINIMAL FLOOD HAZARD,False
dc_086d8706935f,Digital Realty Northern Virginia IAD36,VA,39.0015493,-77.4793749,contains,0.0,7,51676699.0,132202.4,132246.6,,Commercial,43780 DIGITAL LOUDOUN PLAZA,1710374400000.0,X,True,False,AREA OF MINIMAL FLOOD HAZARD,
dc_ea0f41d7fc65,Digital Realty Northern Virginia IAD35,VA,39.0005331,-77.4805775,contains,0.0,8,51079853.0,255516.3,255602.0,,Commercial,43940 DIGITAL LOUDOUN PLAZA,1710374400000.0,X,True,False,AREA OF MINIMAL FLOOD HAZARD,
dc_1ee8b3394320,Digital Realty Northern Virginia IAD37,VA,39.000032,-77.4780146,contains,0.0,11,51671432.0,169012.0,169068.3,,Commercial,44060 DIGITAL LOUDOUN PLAZA,1710374400000.0,X,True,False,AREA OF MINIMAL FLOOD HAZARD,
dc_340e8292278e,Digital Realty Northern Virginia IAD38,VA,39.0010841,-77.4772014,contains,0.0,5,51497553.0,137426.2,137471.9,,Commercial,44100 DIGITAL LOUDOUN PLAZA,1710374400000.0,X,True,False,AREA OF MINIMAL FLOOD HAZARD,
dc_4e2bc52efbde,State Farm Data Center,KS,38.9401343,-94.8676823,contains,0.0,3,586607.0,205252.0,205220.3,,Commercial,,1587427200000.0,X,True,False,AREA OF MINIMAL FLOOD HAZARD,
dc_74567a4bd1f1,U.S. Bank National Data Process Center,KS,38.935867,-94.864333,contains,0.0,1,583700.0,164716.3,164690.4,,Commercial,,1587427200000.0,X,True,False,AREA OF MINIMAL FLOOD HAZARD,
dc_0912ba349988,Equinix SV10,CA,37.2412288,-121.7847536,contains,0.0,7,10004098.0,59020.4,58632.78,,Unclassified,,1473897600000.0,D,True,False,,
dc_cf6c58c618b0,,NJ,39.8309301,-75.1953233,contains,0.0,10,7057304.0,43319.1,43319.07,6.19,Commercial,1301 METROPOLITAN AVENUE,1348012800000.0,X,True,False,AREA OF MINIMAL FLOOD HAZARD,False
dc_893226092cbf,,NE,41.2204018,-96.1476408,contains,0.0,92,3093727.0,25470.1,25485.59,5.63,Commercial,4002 SOUTH 149TH CIRCLE,1366848000000.0,X,True,False,AREA OF MINIMAL FLOOD HAZARD,False
dc_5ee3b5325f08,HostDime Orlando Data Center,FL,28.6174494,-81.3934606,contains,0.0,47,30160431.0,117241.3,117240.8,8.23,Unclassified,440 W KENNEDY BLVD,1390608000000.0,X,True,False,AREA OF MINIMAL FLOOD HAZARD,False
dc_0ef64a43e0fb,Google,SC,33.0642722,-80.0414534,contains,0.0,31,50628227.0,162394.0,162296.0,,Unclassified,,1617667200000.0,X,True,False,AREA OF MINIMAL FLOOD HAZARD,
dc_81f85512b730,TierPoint Baltimore BWI,MD,39.213455,-76.682834,contains,0.0,6,460888.0,33369.4,32975.57,,Industrial,813 PINNACLE DRIVE,1570665600000.0,X,True,False,AREA OF MINIMAL FLOOD HAZARD,
dc_9ff573d8cbd4,NTT Ashburn VA2 Data Center,VA,39.0250127,-77.4576402,contains,0.0,12,50983676.0,94777.7,94807.41,,Commercial,44610 GUILFORD DRIVE,1710374400000.0,X,True,False,AREA OF MINIMAL FLOOD HAZARD,
dc_1397a4d8be12,Strata Networks,UT,40.4565951,-109.5290169,contains,0.0,49,10279873.0,13488.1,13482.5,,Unclassified,67 NORTH VERNAL AVENUE,1504396800000.0,X,True,False,AREA OF MINIMAL FLOOD HAZARD,
dc_edfca97bd4a7,Goldman Sachs,NJ,40.57157,-74.66273,contains,0.0,2,6003454.0,325580.4,324650.0,,Industrial,755 UNITED STATES HIGHWAY 202,1508371200000.0,X,True,False,AREA OF MINIMAL FLOOD HAZARD,
dc_94c07a192a70,Mapletree Industrial,GA,34.096708,-84.2374791,contains,0.0,5,16016120.0,114657.5,115585.8,,Industrial,,1543363200000.0,X,True,False,AREA OF MINIMAL FLOOD HAZARD,
dc_ee18f261d905,Switch Las Vegas 11,NV,36.0558853,-115.2141369,contains,0.0,77,332098.0,241932.7,240826.0,,Commercial,,1557619200000.0,X,True,False,0.2 PCT ANNUAL CHANCE FLOOD HAZARD,
dc_12ade908d006,365 Bridgewater NJ,NJ,40.581484,-74.5738875,contains,0.0,2,1245441.0,30284.7,29397.45,,Residential,,1508371200000.0,X,True,False,AREA OF MINIMAL FLOOD HAZARD,
dc_7dfcb0eb02f9,Google Berkeley County Data Center,SC,33.0640078,-80.0423742,contains,0.0,31,50628227.0,162394.0,162296.0,,Unclassified,,1617667200000.0,X,True,False,AREA OF MINIMAL FLOOD HAZARD,
dc_c4e49d4ab25f,AngelTrax Data Center,AL,31.2318987,-85.455834,contains,0.0,19,1091897.0,11276.8,11272.47,,Commercial,,1430524800000.0,X,True,False,AREA OF MINIMAL FLOOD HAZARD,
dc_a0f70db62abb,Meta,NM,34.8302421,-106.7838124,none,,0,,,,,,,,X,True,False,AREA OF MINIMAL FLOOD HAZARD,
dc_95f1c2f09a55,Amazon Web Services,OR,45.841373,-119.6579323,contains,0.0,9,5001435.0,271642.3,271709.6,,Unclassified,,1557100800000.0,X,True,False,AREA OF MINIMAL FLOOD HAZARD,
dc_4099bfe11e86,Amazon Web Services,OR,45.840659,-119.654311,contains,0.0,9,5001431.0,149852.7,149889.5,,Unclassified,,1557100800000.0,X,True,False,AREA OF MINIMAL FLOOD HAZARD,
dc_605d28c1cd25,Centeris SH2 Build-to-Suit,WA,47.1589163,-122.2798634,contains,0.0,2,7000672.0,214424.9,214269.1,,Commercial,,1565740800000.0,X,True,False,AREA OF MINIMAL FLOOD HAZARD,
dc_d39ed5f3b9d9,Centeris SH1 Colocation,WA,47.1608506,-122.2792463,contains,0.0,3,7000674.0,111616.5,111535.4,,Industrial,,1565740800000.0,X,True,False,AREA OF MINIMAL FLOOD HAZARD,
dc_230712d60e56,Ascent - Atlanta Data Center,GA,34.0570922,-84.273003,contains,0.0,3,51467918.0,189391.8,189536.1,,Industrial,,1664236800000.0,X,True,False,AREA OF MINIMAL FLOOD HAZARD,
dc_09787eeb77bc,Microsoft TRP2,TX,29.411987,-98.8039948,nearest,2.7707489402150807,43,23948406.0,1319.6,1325.962,,Commercial,15420 LAMBDA DRIVE,1547251200000.0,X,True,False,AREA OF MINIMAL FLOOD HAZARD,
dc_0f59160e4785,Microsoft TRP1,TX,29.4120123,-98.8027302,contains,0.0,36,23948414.0,2193.9,2256.979,,Commercial,15420 LAMBDA DRIVE,1547251200000.0,X,True,False,AREA OF MINIMAL FLOOD HAZARD,
dc_1dd477f34bc5,CyrusOne Quincy,WA,47.24373,-119.86897,nearest,130.64257838855866,3,6163325.0,27433.1,27442.96,,Industrial,,1513987200000.0,X,True,False,AREA OF MINIMAL FLOOD HAZARD,
dc_f6fb22a146c3,,MO,40.1944836,-92.5812336,contains,0.0,67,4295490.0,10292.8,10292.79,,Residential,,1482969600000.0,X,True,False,AREA OF MINIMAL FLOOD HAZARD,
dc_6665f22986f2,Digital Realty ACC7,VA,39.017472,-77.4656752,contains,0.0,4,50998257.0,435356.1,435496.0,,Commercial,21625 GRESHAM DRIVE,1710374400000.0,X,True,False,AREA OF MINIMAL FLOOD HAZARD,
dc_fdba30db93f1,NTT Ashburn VA3 Data Center,VA,39.017225,-77.4703718,contains,0.0,5,50987301.0,252896.4,252978.8,,Commercial,44245 GIGABIT PLAZA,1710374400000.0,X,True,False,AREA OF MINIMAL FLOOD HAZARD,
dc_b74d4fad6802,Digital Realty ACC9,VA,39.0154331,-77.4673732,contains,0.0,4,50996419.0,347124.5,347236.8,,Commercial,21745 SIR TIMOTHY DRIVE,1710374400000.0,X,True,False,AREA OF MINIMAL FLOOD HAZARD,
dc_e4b9d11fc296,Flexential Dallas - Plano,TX,33.006168,-96.670186,nearest,10.728260662421075,5,30277945.0,101438.5,101438.3,8.96,Industrial,3000 EAST PLANO PARKWAY,1435708800000.0,X,True,False,AREA OF MINIMAL FLOOD HAZARD,False
dc_e3b416a1407f,,NC,35.5870542,-81.2602838,contains,0.0,11,14010013.0,94484.6,94448.95,,Utility and Misc,6081 STARTOWN ROAD,1448064000000.0,X,True,False,AREA OF MINIMAL FLOOD HAZARD,
dc_ac648486d8b7,US Signal - OR01 Bend,OR,44.0861049,-121.2830411,contains,0.0,13,2236275.0,28870.1,28860.39,,Unclassified,,1565827200000.0,X,True,False,AREA OF MINIMAL FLOOD HAZARD,
dc_a07b002af4ce,Expedient Milwaukee,WI,42.8631424,-87.9778759,contains,0.0,6,4078947.0,29373.8,29354.88,,Commercial,,1559260800000.0,X,True,False,AREA OF MINIMAL FLOOD HAZARD,
dc_4ff698fbffc3,Amazon Web Services,VA,38.7793815,-77.5417245,contains,0.0,7,50250453.0,165488.8,165554.9,,Commercial,8200 BETHLEHEM ROAD,1654387200000.0,X,True,False,AREA OF MINIMAL FLOOD HAZARD,
dc_420b62321920,Oxford Networks,ME,43.8951573,-69.9234342,nearest,4.05355467289795,21,179621.0,55846.1,55808.89,,Government,14 RESILIENT CIRCLE,1571616000000.0,X,True,False,AREA OF MINIMAL FLOOD HAZARD,
dc_048121696554,NAO 1/NAO 2,OH,40.0684176,-82.7503131,contains,0.0,2,6001152.0,305690.5,305790.0,,Industrial,,1546646400000.0,X,True,False,AREA OF MINIMAL FLOOD HAZARD,
dc_88e2629c4bed,NTT,TX,32.9810371,-96.6563775,contains,0.0,34,37298159.0,235970.3,236060.4,,Commercial,,1654992000000.0,X,True,False,AREA OF MINIMAL FLOOD HAZARD,
dc_b5dbae714a3e,Rice Data Center,TX,29.6581451,-95.4433121,contains,0.0,19,28536481.0,24669.5,24669.47,6.94,Education,11621 MAIN ST,1264204800000.0,X,True,False,AREA OF MINIMAL FLOOD HAZARD,False
dc_90a6848e7223,Facebook Fort Worth Datacenter,TX,32.9849203,-97.2550451,contains,0.0,10,35596832.0,334894.4,334845.7,,Commercial,,1616457600000.0,X,True,False,AREA OF MINIMAL FLOOD HAZARD,
dc_dfc666f9c4cb,Amazon Web Services,OH,40.0611521,-83.1351729,none,,0,,,,,,,,X,True,False,AREA OF MINIMAL FLOOD HAZARD,
dc_3c709b4835c3,Microsoft Boydton Data Center,VA,36.6859202,-78.3764101,contains,0.0,8,51158442.0,151817.5,152036.4,,Commercial,,1594425600000.0,X,True,False,AREA OF MINIMAL FLOOD HAZARD,
dc_be3f35a6c8d6,Iron Mountain AZP-2,AZ,33.4521575,-111.9772945,nearest,26.129406526135988,54,11647319.0,2921.5,2921.493,3.65,Commercial,4802 EAST VAN BUREN STREET,1412467200000.0,X,True,False,0.2 PCT ANNUAL CHANCE FLOOD HAZARD,False
dc_feaaf89fa226,Amazon IAD68,VA,38.9486869,-77.5209516,contains,0.0,7,51656287.0,193974.2,194046.8,,Commercial,42948 FADELEY LANE,1654387200000.0,X,True,False,AREA OF MINIMAL FLOOD HAZARD,
dc_0c42588f498d,Amazon IAD81,VA,38.9483877,-77.5218303,contains,0.0,9,51656277.0,196137.8,196211.3,,Commercial,24178 UPPER WOODSIDE LANE,1654387200000.0,X,True,False,AREA OF MINIMAL FLOOD HAZARD,
dc_91f5a2b35cfd,Google,VA,38.9432045,-77.5243301,contains,0.0,12,51560889.0,221832.8,221916.7,,Commercial,24400 HOWLING ROOSTER LANE,1654387200000.0,X,True,False,AREA OF MINIMAL FLOOD HAZARD,
dc_ef10904644d7,Amazon IAD120,VA,38.9579165,-77.4980579,contains,0.0,6,51093903.0,231725.1,231807.0,,Commercial,23825 ERINS RUN DRIVE,1579478400000.0,X,True,False,AREA OF MINIMAL FLOOD HAZARD,
dc_1a6315f98500,Amazon IAD121,VA,38.9567768,-77.4977837,contains,0.0,8,51093901.0,167796.6,167855.8,,Commercial,23835 ERINS RUN DRIVE,1655424000000.0,X,True,False,AREA OF MINIMAL FLOOD HAZARD,
dc_33704ffbd31e,Microsoft,WA,47.2376618,-119.8875314,nearest,76.59453228656696,9,7000744.0,149141.5,149197.2,,Commercial,,1513987200000.0,X,True,False,AREA OF MINIMAL FLOOD HAZARD,
dc_221b5b4e4cbe,Microsoft,WA,47.2376316,-119.8832191,contains,0.0,11,6159827.0,790.8,791.1411,,Commercial,,1513987200000.0,X,True,False,AREA OF MINIMAL FLOOD HAZARD,
dc_cb7067a8f749,Microsoft,WA,47.23672,-119.88333,nearest,77.42289042862457,10,6159777.0,1647.6,1648.227,,Commercial,,1513987200000.0,X,True,False,AREA OF MINIMAL FLOOD HAZARD,
dc_c78cab6d2736,Microsoft,WA,47.23774,-119.88743,nearest,64.01272790683548,9,7000744.0,149141.5,149197.2,,Commercial,,1513987200000.0,X,True,False,AREA OF MINIMAL FLOOD HAZARD,
dc_f3f12ded37f2,Vantage WA12,WA,47.2539697,-119.8136985,none,,0,,,,,,,,X,True,False,AREA OF MINIMAL FLOOD HAZARD,
dc_05ea777c5bb7,,VA,39.0120268,-77.4715605,contains,0.0,11,7872187.0,655641.1,655640.4,14.54,Commercial,22001 LOUDOUN COUNTY PARKWAY,1205280000000.0,X,True,False,AREA OF MINIMAL FLOOD HAZARD,True
dc_f7f92d6bf396,QTS Ashburn 1,VA,38.9995402,-77.4498559,contains,0.0,8,51497338.0,173244.0,173297.5,,Commercial,22271 BRODERICK DRIVE,1710374400000.0,X,True,False,AREA OF MINIMAL FLOOD HAZARD,
dc_9c363afc7136,Amazon IAD57,VA,38.9869931,-77.4426325,contains,0.0,10,51491498.0,123103.4,123140.4,,Commercial,22755 RELOCATION DRIVE,1710374400000.0,X,True,False,AREA OF MINIMAL FLOOD HAZARD,
dc_ba22ed99a4e2,Amazon IAD64,VA,38.8151324,-77.6529193,contains,0.0,1,2063256.0,150044.0,151920.8,,Commercial,15465 JOHN MARSHALL HIGHWAY,1521849600000.0,X,True,False,AREA OF MINIMAL FLOOD HAZARD,
dc_4a132824cfec,Amazon IAD84,VA,38.8159745,-77.6525395,nearest,78.03264193646253,3,2063256.0,150044.0,151920.8,,Commercial,15465 JOHN MARSHALL HIGHWAY,1521849600000.0,X,True,False,AREA OF MINIMAL FLOOD HAZARD,
dc_8efe4675d0f1,Amazon Web Services,OR,45.9138823,-119.2676514,nearest,2.5763188246031574,1,5000986.0,233793.4,233784.1,,Unclassified,,1537660800000.0,D,True,False,,
dc_ecfbfcfe278f,Amazon Web Services,OR,45.8411742,-119.6554491,contains,0.0,11,5000969.0,77101.5,77120.4,,Unclassified,,1557100800000.0,X,True,False,AREA OF MINIMAL FLOOD HAZARD,
dc_5218a11a35e9,Amazon Web Services,OR,45.853786,-119.6300361,none,,0,,,,,,,,X,True,False,AREA OF MINIMAL FLOOD HAZARD,
dc_5aad22ea436a,Amazon Web Services,OR,45.8466554,-119.6037093,contains,0.0,1,5001436.0,220058.5,220103.6,,Unclassified,,1557100800000.0,X,True,False,AREA OF MINIMAL FLOOD HAZARD,
dc_bbebb5bd9416,Google Taylor Lake Data Center,OR,45.6381,-121.20248,contains,0.0,16,5001424.0,120358.5,120320.3,,Industrial,,1536451200000.0,,False,,,
dc_f8f41a355b01,Digital Realty Northern Virginia IAD73,VA,39.0066187,-77.4664074,contains,0.0,4,50990179.0,275428.4,275517.3,,Commercial,44540 ROUND TABLE PLAZA,1710374400000.0,X,True,False,AREA OF MINIMAL FLOOD HAZARD,
dc_9e58a3cef4db,Digital Realty Northern Virginia IAD39,VA,39.0076143,-77.4676305,contains,0.0,3,50990386.0,587139.7,587329.5,,Commercial,44274 ROUND TABLE PLAZA,1710374400000.0,X,True,False,AREA OF MINIMAL FLOOD HAZARD,
dc_cbf981ab067c,Digital Realty ACC10,VA,39.0126563,-77.4656035,contains,0.0,8,50995754.0,308196.9,308296.1,,Commercial,21744 SIR TIMOTHY DRIVE,1710374400000.0,X,True,False,AREA OF MINIMAL FLOOD HAZARD,
dc_00512a7203c4,Sentinel Ashburn Nexus Data Center,VA,39.0006465,-77.4398077,contains,0.0,4,51492069.0,315948.7,316042.9,,Commercial,22262 CLOUD PLAZA,1710374400000.0,X,True,False,AREA OF MINIMAL FLOOD HAZARD,
dc_1abdc6f74897,Vantage VA11,VA,39.0023794,-77.4376878,contains,0.0,6,51660444.0,269986.5,270066.6,,Unclassified,45194 VANTAGE DATA PLAZA,1710374400000.0,X,True,False,AREA OF MINIMAL FLOOD HAZARD,
dc_18fb4cc70d24,Amazon IAD90,VA,38.9886031,-77.4116516,contains,0.0,6,7935727.0,63117.3,63117.24,9.8,Commercial,45900 PATHFINDER PLAZA,1205280000000.0,X,True,False,AREA OF MINIMAL FLOOD HAZARD,False
dc_54774f9d575c,Amazon IAD91,VA,38.9878471,-77.4111191,contains,0.0,4,51660468.0,154924.6,154966.9,,Commercial,45930 PATHFINDER PLAZA,1710374400000.0,X,True,False,AREA OF MINIMAL FLOOD HAZARD,
dc_5c56cb4398bf,Amazon IAD92,VA,38.9869426,-77.4104754,contains,0.0,11,51665020.0,159676.3,159719.8,,Commercial,45950 PATHFINDER PLAZA,1710374400000.0,X,True,False,AREA OF MINIMAL FLOOD HAZARD,
dc_c46ec9dd6e53,Amazon IAD144,VA,38.9801,-77.42555,nearest,45.63076209156808,11,7932118.0,2140.1,2140.064,3.86,Unclassified,,1205280000000.0,X,True,False,AREA OF MINIMAL FLOOD HAZARD,False
dc_6de50b540090,CyrusOne NVA8,VA,39.0211789,-77.4132443,nearest,75.01145341324927,24,7947637.0,1568.9,1568.859,3.34,Commercial,45905 MARIES ROAD,1205280000000.0,X,True,False,AREA OF MINIMAL FLOOD HAZARD,False
dc_c5814c3bae92,Amazon IAD98,VA,39.0202249,-77.4338857,contains,0.0,6,50979812.0,162823.6,162871.2,,Commercial,45295 WEST SEVERN WAY,1710374400000.0,X,True,False,AREA OF MINIMAL FLOOD HAZARD,
dc_0e2031e82e1b,Amazon IAD99,VA,39.01917,-77.43403,contains,0.0,2,50979811.0,161546.5,161593.7,,Commercial,45305 WEST SEVERN WAY,1710374400000.0,X,True,False,AREA OF MINIMAL FLOOD HAZARD,
dc_f1a86c9afb0a,Amazon IAD114,VA,39.035494,-77.4506986,contains,0.0,6,50998903.0,167923.7,167975.4,,Commercial,20945 LOUDOUN COUNTY PARKWAY,1710374400000.0,X,True,False,AREA OF MINIMAL FLOOD HAZARD,
dc_ad7345365e4c,Amazon IAD115,VA,39.0362941,-77.4497948,contains,0.0,3,50980853.0,162143.4,162193.1,,Commercial,20935 LOUDOUN COUNTY PARKWAY,1710374400000.0,X,True,False,AREA OF MINIMAL FLOOD HAZARD,
dc_790645b0b559,Amazon IAD65,VA,38.9170108,-77.4943665,nearest,32.19264608713657,12,7863580.0,785.5,785.4865,2.2,Commercial,25316 PREDICTION LANE,1205280000000.0,X,True,False,AREA OF MINIMAL FLOOD HAZARD,False
dc_6b77189e7c43,Amazon IAD150,VA,38.9160727,-77.4772491,contains,0.0,13,51536835.0,242076.3,242157.3,,Commercial,25430 SUTTON BAY PLAZA,1655424000000.0,X,True,False,AREA OF MINIMAL FLOOD HAZARD,
dc_d3c309846778,,NM,35.0483475,-106.5421546,contains,0.0,22,12020883.0,25672.2,25664.17,,Government,,1314835200000.0,D,True,False,,
dc_2ae3bfe26148,Stonewall Creek Business Park,VA,39.051467,-77.5394376,nearest,40.24529231598846,13,51114258.0,160241.7,160304.1,,Commercial,20481 GOOSE LANDING LANE,1710374400000.0,X,True,False,AREA OF MINIMAL FLOOD HAZARD,
dc_5f4d636f1ee7,Apple,OR,44.2872,-120.8702,contains,0.0,12,2305983.0,313520.3,313492.2,,Unclassified,,1560643200000.0,X,True,False,AREA OF MINIMAL FLOOD HAZARD,
dc_45390bd84c06,Meta,OR,44.2936872,-120.8815985,contains,0.0,4,5000345.0,348155.2,348121.3,,Industrial,,1560643200000.0,X,True,False,AREA OF MINIMAL FLOOD HAZARD,
dc_efab6ab952e9,Amazon Web Services,OR,45.797809,-119.3666157,none,,0,,,,,,,,X,True,False,AREA OF MINIMAL FLOOD HAZARD,
dc_3754a7061eec,Sabey Intergate.Ashburn,VA,39.015362,-77.476604,nearest,30.017509101459076,13,7872803.0,54076.1,54076.12,5.41,Education,21730 RED RUM DRIVE,1205280000000.0,X,True,False,AREA OF MINIMAL FLOOD HAZARD,False
dc_9f26b8e594c9,Google Montgomery Data Center,TN,36.6282547,-87.2601021,nearest,13.54421180086512,12,7306919.0,4750.7,4746.914,,Industrial,1000 SOLAR WAY,1533945600000.0,X,True,False,AREA OF MINIMAL FLOOD HAZARD,
dc_f03287bb770b,Google Data Center,VA,39.05247,-77.53966,contains,0.0,11,51109553.0,200774.3,200852.3,,Commercial,20491 GOOSE LANDING LANE,1710374400000.0,X,True,False,AREA OF MINIMAL FLOOD HAZARD,
dc_5447998cc8d7,Centersquare Atlanta ATL1,GA,33.7442251,-84.5812077,contains,0.0,2,17185567.0,251657.1,251656.8,9.03,Industrial,,1351209600000.0,X,True,False,AREA OF MINIMAL FLOOD HAZARD,False
dc_20ffe88937a6,Digital Realty CH3,IL,41.9943531,-87.9649422,nearest,2.670179295005483,15,34582414.0,143304.3,143304.2,7.62,Commercial,1500 EAST DEVON AVENUE,1321315200000.0,X,True,False,AREA OF MINIMAL FLOOD HAZARD,False
dc_0895931a44dc,Digital Realty CH2,IL,41.9945332,-87.9577513,contains,0.0,5,34582624.0,299720.4,299720.2,7.67,Commercial,2299 BUSSE ROAD,1321315200000.0,X,True,False,AREA OF MINIMAL FLOOD HAZARD,False
dc_433c57ca1a5b,DataBank SLC2,UT,40.4797749,-111.9047692,contains,0.0,15,13000531.0,75917.4,75867.7,,Commercial,14944 SOUTH PONY EXPRESS ROAD,1566086400000.0,X,True,False,AREA OF MINIMAL FLOOD HAZARD,
dc_34f9f44aa908,DataBank SLC4,UT,40.4813166,-111.9050026,contains,0.0,12,3384207.0,40523.4,40496.9,,Commercial,14864 SOUTH PONY EXPRESS ROAD,1566086400000.0,X,True,False,AREA OF MINIMAL FLOOD HAZARD,
dc_5a2516f556b3,DataBank Plano Data Center,TX,33.0877,-96.8152,contains,0.0,5,31728379.0,139916.8,139948.1,,Commercial,8375 DOMINION PARKWAY,1673654400000.0,X,True,False,AREA OF MINIMAL FLOOD HAZARD,
dc_adec6a6778f5,Equinix Secaucus NY6,NJ,40.7775486,-74.0726876,contains,0.0,8,7724785.0,101800.1,101800.0,9.43,Commercial,,1376524800000.0,AE,True,True,,False
dc_0beb79d0e77c,Google Data Center,VA,38.941988,-77.527414,contains,0.0,15,51560639.0,296612.4,296725.5,,Commercial,24550 HOWLING ROOSTER LANE,1654387200000.0,X,True,False,AREA OF MINIMAL FLOOD HAZARD,
dc_9b36c38fcc40,Skybox Houston One,TX,29.802893,-95.7553386,contains,0.0,24,36592140.0,125980.9,126185.8,,Industrial,22002 FRANZ ROAD,1693526400000.0,X,True,False,AREA OF MINIMAL FLOOD HAZARD,
dc_d44ec64700fa,Google Jackson County Data Center,AL,34.9146647,-85.7483715,none,,0,,,,,,,,X,True,False,AREA OF MINIMAL FLOOD HAZARD,
dc_8379a521a52c,PSE&G Delivery Emergency Response Center,NJ,40.5798956,-74.5194023,contains,0.0,20,6009101.0,75727.4,75511.67,,Commercial,,1508371200000.0,X,True,False,AREA OF MINIMAL FLOOD HAZARD,
dc_ef8eba6bb65f,T5 Charlotte Campus,NC,35.2504249,-81.395039,contains,0.0,3,4484625.0,150928.3,150213.3,,Industrial,131 RIVERSIDE COURT,1511913600000.0,X,True,False,AREA OF MINIMAL FLOOD HAZARD,
dc_d334913cb26e,Epic / Mayo Data Center,MN,44.0707955,-92.5221323,contains,0.0,14,4694945.0,45542.2,45507.44,,Utility and Misc,,1492819200000.0,X,True,False,AREA OF MINIMAL FLOOD HAZARD,
dc_7f2eb6b38fbd,STACK New Albany,OH,40.1063006,-82.8007623,contains,0.0,12,2140736.0,134030.2,133654.8,,Industrial,7300 SOUDER ROAD,1546646400000.0,X,True,False,AREA OF MINIMAL FLOOD HAZARD,
dc_8af4ea407ec3,Choctaw Nation of Oklahoma Data Center,OK,33.9716849,-96.4028488,contains,0.0,9,690094.0,9817.4,9974.861,,Commercial,,1487894400000.0,X,True,False,AREA OF MINIMAL FLOOD HAZARD,
dc_3693cec0112a,QTS Data Center - Hillsboro 1,OR,45.5588149,-122.9277661,contains,0.0,3,3643939.0,167692.5,167558.5,,Residential,,1564790400000.0,X,True,False,AREA OF MINIMAL FLOOD HAZARD,
dc_330093ad86f7,,NJ,40.5843719,-74.2433813,contains,0.0,18,7439589.0,133957.3,133957.2,7.94,Commercial,1400 FEDERAL BOULEVARD,1376524800000.0,X,True,False,AREA OF MINIMAL FLOOD HAZARD,False
dc_3a23c08ab006,Flexential Salt Lake City - Downtown,UT,40.7563065,-111.9548375,contains,0.0,14,16189242.0,60676.8,60638.02,8.54,Industrial,572 SOUTH DELONG STREET,1284768000000.0,X,True,False,AREA OF MINIMAL FLOOD HAZARD,False
dc_d3c9d1fc34c5,Oregon State Data Center,OR,44.9265658,-123.001847,contains,0.0,5,8246400.0,47034.9,46997.29,6.03,Government,,1225152000000.0,X,True,False,AREA OF MINIMAL FLOOD HAZARD,False
dc_f9abac844891,Digital Realty PDX11 Data Center,OR,45.5679542,-122.9167725,none,,0,,,,,,,,X,True,False,AREA OF MINIMAL FLOOD HAZARD,
dc_443bffa57334,Flexential Fort Lauderdale,FL,26.1900857,-80.1932967,contains,0.0,18,30909965.0,62890.4,62890.16,4.76,Commercial,5301 NW 33 AVE,1392508800000.0,AH,True,True,,False
dc_e9deb284a87f,Amazon IAD145,VA,38.9825519,-77.4246299,contains,0.0,9,51490202.0,139411.8,139451.7,,Commercial,22916 INTERNATIONAL DRIVE,1710374400000.0,X,True,False,AREA OF MINIMAL FLOOD HAZARD,
dc_ebdae989294c,Amazon Web Services IAD117,VA,39.0236982,-77.4190947,contains,0.0,8,50976751.0,123069.6,123104.0,,Commercial,45761 MARIES ROAD,1710374400000.0,X,True,False,AREA OF MINIMAL FLOOD HAZARD,
dc_7a35346543ed,Amazon Web Services IAD116,VA,39.0243461,-77.4204393,contains,0.0,5,50976750.0,119377.0,119410.6,,Commercial,45771 MARIES ROAD,1710374400000.0,X,True,False,AREA OF MINIMAL FLOOD HAZARD,
dc_8df36a0a09b5,Flexential Las Vegas - North,NV,36.2481633,-115.1012553,contains,0.0,6,2459568.0,107668.5,107668.4,11.36,Commercial,,1393977600000.0,X,True,False,AREA WITH REDUCED FLOOD RISK DUE TO LEVEE,False
dc_8fb393ce5cb8,,TX,33.9533733,-98.5247859,contains,0.0,2,16030337.0,28304.8,27714.18,,Commercial,2236 AIRPORT DRIVE,1574467200000.0,X,True,False,AREA OF MINIMAL FLOOD HAZARD,
dc_f5a70ed2b195,Fort Rock DC,OR,44.0474074,-121.3285496,contains,0.0,30,2186182.0,11541.7,11537.56,,Commercial,,1565827200000.0,X,True,False,AREA OF MINIMAL FLOOD HAZARD,
dc_110a4aba51b3,,MI,42.9687271,-83.779585,contains,0.0,36,15109492.0,33057.8,33073.13,5.99,Commercial,,1433116800000.0,X,True,False,AREA OF MINIMAL FLOOD HAZARD,False
dc_1b4a6e68cdff,,NJ,40.5993632,-74.7096745,contains,0.0,7,6003626.0,61725.0,62798.22,,Industrial,141 INDUSTRIAL PARKWAY,1508371200000.0,X,True,False,AREA OF MINIMAL FLOOD HAZARD,
dc_03eee2face55,Meta,NM,34.8302786,-106.7801283,nearest,39.75333237146523,3,2446780.0,2307.9,2307.506,,Unclassified,,1514419200000.0,X,True,False,AREA OF MINIMAL FLOOD HAZARD,
dc_c0e58b97b609,iGLASS Networks,NC,35.766751,-78.7839874,contains,0.0,27,15294347.0,8180.8,8180.752,4.5,Commercial,211 COMMONWEALTH COURT,1267488000000.0,X,True,False,AREA OF MINIMAL FLOOD HAZARD,False
dc_fd81772613cf,Central Office,WI,42.8336437,-88.7339975,contains,0.0,76,3928014.0,7518.2,7515.892,,Government,,1533945600000.0,X,True,False,AREA OF MINIMAL FLOOD HAZARD,
dc_d139d3d1026e,,MT,46.3321316,-113.2926719,contains,0.0,66,9980585.0,3675.7,3675.538,,Residential,205 EAST BROADWAY STREET,1503446400000.0,X,True,False,AREA OF MINIMAL FLOOD HAZARD,
dc_685f4d6dffe6,Vital Records,NJ,40.5280718,-74.6828163,contains,0.0,14,79961.0,8907.4,8371.904,,Commercial,,1508371200000.0,X,True,False,AREA OF MINIMAL FLOOD HAZARD,
dc_1562ba96259b,Verizon Wireless NE Headquarters,NJ,40.5556094,-74.7055199,contains,0.0,8,6003301.0,192597.7,193254.9,,Industrial,145 CHUBB WAY,1508371200000.0,X,True,False,AREA OF MINIMAL FLOOD HAZARD,
dc_c0fdbe032d75,Meta Henrico Data Center,VA,37.4839132,-77.2373305,nearest,165.86047114277068,1,51103099.0,1065.5,1065.623,,Unclassified,,1644537600000.0,X,True,False,AREA OF MINIMAL FLOOD HAZARD,
dc_e0148a6d7cfe,,WI,44.2044349,-88.3449304,contains,0.0,1,113383.0,37252.6,37233.38,,Industrial,,1536710400000.0,X,True,False,AREA OF MINIMAL FLOOD HAZARD,
dc_72321c59e96b,Meta,OR,44.2990903,-120.8794444,contains,0.0,1,5000346.0,568016.2,567961.6,,Industrial,,1560643200000.0,X,True,False,AREA OF MINIMAL FLOOD HAZARD,
dc_5da707de5ff8,Meta,OR,44.3013,-120.8903,contains,0.0,1,5000347.0,473814.0,473765.4,,Industrial,,1560643200000.0,X,True,False,AREA OF MINIMAL FLOOD HAZARD,
dc_b38461998b03,,MI,42.2353267,-83.4441406,nearest,121.78618502882141,7,8643414.0,988.7,988.935,,Agriculture,,1538179200000.0,X,True,False,AREA OF MINIMAL FLOOD HAZARD,
dc_69a7a940e136,,NV,39.5677144,-119.5423627,contains,0.0,7,900790.0,181467.3,181467.2,,Commercial,,1537574400000.0,X,True,False,AREA OF MINIMAL FLOOD HAZARD,
dc_6eb02d929ac3,,NV,39.567501,-119.5432095,contains,0.0,7,900790.0,181467.3,181467.2,,Commercial,,1537574400000.0,X,True,False,AREA OF MINIMAL FLOOD HAZARD,
dc_e7490836256a,,NV,39.567161,-119.544388,nearest,4.3823217319960435,8,900786.0,129633.4,129633.2,,Commercial,,1537574400000.0,X,True,False,AREA OF MINIMAL FLOOD HAZARD,
dc_bd7ec689a7b2,,NV,39.5669208,-119.5452269,contains,0.0,10,900786.0,129633.4,129633.2,,Commercial,,1537574400000.0,X,True,False,AREA OF MINIMAL FLOOD HAZARD,
dc_b79d42c9a3ab,,NV,39.5657583,-119.5479741,contains,0.0,4,900789.0,480884.4,480884.0,,Commercial,,1537574400000.0,X,True,False,AREA OF MINIMAL FLOOD HAZARD,
dc_a6e1f2ad575b,,NV,39.5651062,-119.5476898,contains,0.0,4,900789.0,480884.4,480884.0,,Commercial,,1537574400000.0,X,True,False,AREA OF MINIMAL FLOOD HAZARD,
dc_a84467e0fe1e,Tennessee Processing Center LLC,TN,36.2156443,-86.7840012,contains,0.0,3,11004962.0,203716.7,203555.7,,Commercial,420 WOODFOLK AVENUE,1473206400000.0,X,True,False,AREA OF MINIMAL FLOOD HAZARD,
dc_c52613c23f50,Allentown-TekPark,PA,40.5442553,-75.6543694,contains,0.0,6,6010975.0,148497.1,146825.0,,Commercial,,1522022400000.0,X,True,False,AREA OF MINIMAL FLOOD HAZARD,
dc_66477ccffb02,Meta,NM,34.8303,-106.77646,none,,0,,,,,,,,X,True,False,AREA OF MINIMAL FLOOD HAZARD,
dc_83f0a31399f3,US Signal CO01 - Denver,CO,39.5590684,-104.8335336,contains,0.0,9,1694319.0,28553.5,28286.66,,Unclassified,8675 CONCORD CENTER DRIVE,1599868800000.0,X,True,False,AREA OF MINIMAL FLOOD HAZARD,
dc_bf74522cdc31,PG&E Datacenter,CA,38.2462382,-122.0671844,contains,0.0,54,7279901.0,56042.3,55979.22,,Unclassified,,1535932800000.0,X,True,False,AREA OF MINIMAL FLOOD HAZARD,
dc_697fb0253e39,CyrusOne PHX6,AZ,33.2676301,-111.8825116,nearest,81.30142987648883,3,4097291.0,692.7,841.5163,,Commercial,2582 SOUTH DOBSON ROAD,1486598400000.0,X,True,False,0.2 PCT ANNUAL CHANCE FLOOD HAZARD,
dc_2a23ca86f39a,Facebook Altoona Data Center 4,IA,41.6677428,-93.5164071,contains,0.0,3,5001305.0,662426.4,661926.8,,Unclassified,500 SHARE WAY NORTHWEST,1554508800000.0,X,True,False,AREA OF MINIMAL FLOOD HAZARD,
dc_53d2895afa2f,Digital Realty IAD41 (Building P),VA,39.0088059,-77.4582358,contains,0.0,2,50995105.0,435245.5,435382.5,,Commercial,44751 ROUND TABLE PLAZA,1710374400000.0,X,True,False,AREA OF MINIMAL FLOOD HAZARD,
dc_64b54588a2f9,Amazon IAD118,VA,39.0185086,-77.4388362,contains,0.0,3,50979818.0,160643.9,160691.6,,Commercial,21641 CHARLES VIEW DRIVE,1710374400000.0,X,True,False,AREA OF MINIMAL FLOOD HAZARD,
dc_340ff7de7b3d,Aligned Ashburn,VA,39.0136079,-77.4705563,contains,0.0,10,50987110.0,157848.9,157900.5,,Commercial,21890 UUNET DRIVE,1710374400000.0,X,True,False,AREA OF MINIMAL FLOOD HAZARD,
dc_ee1d5c95c480,Equinix Ashburn DC15,VA,39.0225001,-77.4502558,contains,0.0,8,50979991.0,250520.8,250597.7,,Commercial,44790 PERFORMANCE CIRCLE,1710374400000.0,X,True,False,AREA OF MINIMAL FLOOD HAZARD,
dc_9a9772149ba3,Sabey Intergate.Ashburn (Building A),VA,39.0144996,-77.4799874,contains,0.0,16,50996413.0,167374.4,167430.4,,Commercial,21745 RED RUM DRIVE,1710374400000.0,X,True,False,AREA OF MINIMAL FLOOD HAZARD,
dc_1a5e11d27901,NTT Ashburn VA5 Data Center,VA,39.0183033,-77.472611,contains,0.0,8,50984751.0,164585.3,164639.2,,Commercial,44761 GIGABIT PLAZA,1710374400000.0,X,True,False,AREA OF MINIMAL FLOOD HAZARD,
dc_d740e4f61b56,NTT Ashburn VA4 Data Center,VA,39.0198684,-77.4725917,contains,0.0,5,50984752.0,174191.1,174248.0,,Commercial,44760 GIGABIT PLAZA,1710374400000.0,X,True,False,AREA OF MINIMAL FLOOD HAZARD,
dc_ff3b81fbfd6f,CloudHQ LC1,VA,39.0102471,-77.4626713,contains,0.0,3,50994837.0,555026.4,555203.3,,Commercial,21955 LOUDOUN COUNTY PARKWAY,1710374400000.0,X,True,False,AREA OF MINIMAL FLOOD HAZARD,
dc_2328225d0c1f,CloudHQ LC2,VA,39.0117547,-77.4624592,contains,0.0,5,50979286.0,288765.2,288857.3,,Unclassified,44621 WAXPOOL ROAD,1710374400000.0,X,True,False,AREA OF MINIMAL FLOOD HAZARD,
dc_d693a8cbac60,Amazon IAD146,VA,38.9969711,-77.4357639,contains,0.0,5,51492077.0,125546.3,125583.4,,Unclassified,22370 KIPPER DRIVE,1710374400000.0,X,True,False,AREA OF MINIMAL FLOOD HAZARD,
dc_4eff2c1f5e0f,PHX-10,AZ,33.4079462,-112.3648297,none,,0,,,,,,,,X,True,False,0.2 PCT ANNUAL CHANCE FLOOD HAZARD,
dc_c4b9bcee32cd,Equinix Ashburn DC21,VA,39.01125,-77.4541,nearest,24.846275460416813,1,50980314.0,123610.6,123649.0,,Commercial,22175 BEAUMEADE CIRCLE,1710374400000.0,X,True,False,AREA OF MINIMAL FLOOD HAZARD,
dc_34504f6932cc,,NY,40.9512698,-73.897901,contains,0.0,32,4030857.0,16112.5,16103.06,,Residential,201 RAVINE AVENUE,1549411200000.0,X,True,False,AREA OF MINIMAL FLOOD HAZARD,
dc_ed91aed5b37e,NAO 3,OH,40.0657248,-82.7491176,nearest,184.69822849734902,1,6001152.0,305690.5,305790.0,,Industrial,,1546646400000.0,,False,,,
dc_114c47a01e77,,WA,47.2370973,-119.895155,nearest,160.81367805215834,1,6159402.0,2899.8,2900.869,,Residential,,1513987200000.0,X,True,False,AREA OF MINIMAL FLOOD HAZARD,
dc_aca4fdbc3f4a,EdgeCore,AZ,33.3441489,-111.619588,none,,0,,,,,,,,D,True,False,,
dc_415ec14e7f88,Comcast,MI,42.213902,-83.198214,contains,0.0,182,14448684.0,813.2,813.231,3.0,Industrial,,1430438400000.0,X,True,False,AREA OF MINIMAL FLOOD HAZARD,False
dc_ba84f7107278,SAP COS02,CO,38.9889158,-104.7863291,contains,0.0,9,12000650.0,55259.2,55289.58,,Commercial,,1599868800000.0,X,True,False,AREA OF MINIMAL FLOOD HAZARD,
dc_6d4376c7e8a2,Actapio,WA,47.40732,-120.2141,none,,0,,,,,,,,,False,,,
dc_89ac9b873c30,,WA,47.3921494,-120.2174624,nearest,106.04648373510314,3,6183190.0,1384.1,1384.505,,Government,3312 8TH STREET SOUTHEAST,1454284800000.0,,False,,,
dc_93a4507ebb34,Facebook Fort Worth Datacenter,TX,32.9883157,-97.255111,nearest,7.205540128329113,12,35599749.0,691151.3,691050.8,,Commercial,14101 INDEPENDENCE PKWY,1616457600000.0,X,True,False,AREA OF MINIMAL FLOOD HAZARD,
dc_c5af5e7b67f8,Charles Schwab Data Center,TX,33.0045123,-97.2461412,contains,0.0,10,35532385.0,70324.5,70314.71,,Commercial,1050 REPUBLIC DRIVE,1616457600000.0,X,True,False,AREA OF MINIMAL FLOOD HAZARD,
dc_230dec843522,Amazon IAD140,VA,38.9814552,-77.4175501,contains,0.0,5,51498807.0,235044.2,235109.8,,Commercial,22900 PLATFORM PLAZA,1710374400000.0,X,True,False,AREA OF MINIMAL FLOOD HAZARD,
dc_d5be93382554,Amazon IAD141,VA,38.9823877,-77.4167858,contains,0.0,3,51501707.0,240026.0,240092.8,,Commercial,22890 PLATFORM PLAZA,1710374400000.0,X,True,False,AREA OF MINIMAL FLOOD HAZARD,
dc_9f86a9be9cdb,1623 Farnam,NE,41.257546,-95.937526,nearest,8.681533416540148,16,3147669.0,25144.5,25161.88,39.83,Residential,1611 FARNAM STREET,1366848000000.0,X,True,False,AREA OF MINIMAL FLOOD HAZARD,True
dc_8a8de44b5d59,Credit Suisse: Clifton Data Center,NJ,40.83345,-74.1402187,contains,0.0,11,7827829.0,142989.6,142989.4,14.65,Commercial,201 MAIN AVENUE,1376524800000.0,X,True,False,AREA OF MINIMAL FLOOD HAZARD,True
dc_cffe36ef20e3,HCA Information Technology & Services Data Center,TN,36.0327164,-86.637789,contains,0.0,3,10007068.0,94434.0,94360.86,,Commercial,5900 CROSSINGS BOULEVARD,1402963200000.0,X,True,False,AREA OF MINIMAL FLOOD HAZARD,
dc_ca4ce1d1a929,TierPoint,TN,35.92452,-86.85575,contains,0.0,17,11003672.0,73074.5,73016.33,,Unclassified,311 EDDY LANE,1521072000000.0,X,True,False,AREA OF MINIMAL FLOOD HAZARD,
dc_d1ab1505b7c8,Amazon Web Services,OH,40.1025733,-83.1996982,none,,0,,,,,,,,X,True,False,AREA OF MINIMAL FLOOD HAZARD,
dc_7d1001e2c4ce,Amazon Web Services,OH,40.1035866,-83.199764,none,,0,,,,,,,,X,True,False,AREA OF MINIMAL FLOOD HAZARD,
dc_c123c483cf92,Flexential Brentwood Data Center,TN,35.9725623,-86.8080418,nearest,1.6754671197012634,4,11003848.0,164046.1,163916.1,,Commercial,7100 COMMERCE WAY,1521072000000.0,X,True,False,AREA OF MINIMAL FLOOD HAZARD,
dc_eff2b6ea88b4,,TN,36.0234892,-86.7916196,contains,0.0,3,5718492.0,153142.3,153021.1,,Commercial,402 FRANKLIN ROAD,1473206400000.0,X,True,False,AREA OF MINIMAL FLOOD HAZARD,
dc_2e8f13854547,StrongMind,AZ,33.3426083,-111.8409621,contains,0.0,43,11992275.0,20359.8,20359.76,5.76,Industrial,,1295654400000.0,X,True,False,0.2 PCT ANNUAL CHANCE FLOOD HAZARD,False
dc_f9dd91d3b5f8,BB&T Data Center,NC,35.83934,-78.32826,contains,0.0,5,50408222.0,160866.6,160968.6,,Industrial,49 GREEN PACE ROAD,1664064000000.0,X,True,False,AREA OF MINIMAL FLOOD HAZARD,
dc_4bbf56c61529,Microsoft,IA,41.5167412,-93.7025134,contains,0.0,21,973915.0,157188.1,157075.7,,Industrial,,1554508800000.0,X,True,False,AREA OF MINIMAL FLOOD HAZARD,
dc_adfa37d6eb75,Microsoft,IA,41.5158346,-93.702492,contains,0.0,15,973553.0,159365.4,159251.4,,Industrial,,1554508800000.0,X,True,False,AREA OF MINIMAL FLOOD HAZARD,
dc_5c188ee0a08e,Microsoft,IA,41.5158177,-93.7063005,contains,0.0,16,973558.0,158722.0,158608.6,,Commercial,,1554508800000.0,X,True,False,AREA OF MINIMAL FLOOD HAZARD,
dc_82c838320fc4,Microsoft,IA,41.5167061,-93.7063257,contains,0.0,21,5000721.0,165253.5,165135.4,,Commercial,,1554508800000.0,X,True,False,AREA OF MINIMAL FLOOD HAZARD,
dc_6b0fbb988249,Microsoft,IA,41.5185012,-93.7063325,contains,0.0,12,974777.0,154697.5,154587.0,,Industrial,,1554508800000.0,X,True,False,AREA OF MINIMAL FLOOD HAZARD,
dc_d022a0bae9de,Microsoft,IA,41.517778,-93.7062,nearest,33.78744762543022,18,7003753.0,2151.2,2149.625,7.89,Industrial,,1248652800000.0,X,True,False,AREA OF MINIMAL FLOOD HAZARD,False
dc_5077380c4e9c,Microsoft,IA,41.5176423,-93.7024991,contains,0.0,18,974274.0,102790.8,102717.2,,Industrial,,1554508800000.0,X,True,False,AREA OF MINIMAL FLOOD HAZARD,
dc_5655c21db942,Microsoft,IA,41.5185369,-93.7025209,nearest,4.884099758303044,13,974759.0,70660.4,70609.88,,Industrial,,1554508800000.0,X,True,False,AREA OF MINIMAL FLOOD HAZARD,
dc_af3b818f5474,Microsoft,IA,41.4978557,-93.7870593,none,,0,,,,,,,,X,True,False,AREA OF MINIMAL FLOOD HAZARD,
dc_3b086a495bdc,Microsoft,IA,41.4989008,-93.7870702,none,,0,,,,,,,,X,True,False,AREA OF MINIMAL FLOOD HAZARD,
dc_91374edadfb6,Facebook Altoona Data Center 5,IA,41.6711866,-93.5165942,nearest,45.9895143053757,7,1496427.0,989.7,988.9302,,Residential,1100 SHARE WAY NORTHWEST,1554508800000.0,X,True,False,AREA OF MINIMAL FLOOD HAZARD,
dc_25aa98305d4b,,NY,43.074831,-78.944809,contains,0.0,12,8066254.0,16961.8,16959.95,5.29,Industrial,1999 FRONTIER AVENUE,1427846400000.0,X,True,False,AREA OF MINIMAL FLOOD HAZARD,False
dc_aa188d117b03,Blockfusion Niagra Falls,NY,43.082113,-79.001469,nearest,9.828207342185689,30,8069583.0,2924.3,2923.814,5.92,Industrial,404 55TH STREET,1427846400000.0,X,True,False,AREA OF MINIMAL FLOOD HAZARD,False
dc_ee6643a8eb7d,Lumen,UT,37.062799,-113.5447485,contains,0.0,56,8267433.0,1845.2,1846.019,,Unclassified,2675 SOUTH RIVER ROAD,1536537600000.0,X,True,False,AREA OF MINIMAL FLOOD HAZARD,
dc_84ad60eb1b07,Sungard Systems International,AL,33.4047,-86.9116,nearest,9.38081213598211,3,10003515.0,140969.7,142131.9,,Commercial,,1454544000000.0,X,True,False,AREA OF MINIMAL FLOOD HAZARD,
dc_44d6e3741482,Myndshift Technologies,AZ,33.4754208,-111.7191652,nearest,150.86340155335932,4,5009828.0,890.6,847.2511,,Assembly,3405 NORTH HIGLEY ROAD,1507507200000.0,X,True,False,0.2 PCT ANNUAL CHANCE FLOOD HAZARD,
dc_72e0b2b6bdf4,ForceAmp.com,IA,41.7039984,-91.5870781,contains,0.0,39,230299.0,10553.5,10548.6,,Commercial,2140 NORCOR AVENUE,1524700800000.0,X,True,False,AREA OF MINIMAL FLOOD HAZARD,
dc_3abd12c5de38,TierPoint - Charlotte Data Center,NC,35.1731955,-80.928121,contains,0.0,10,15054793.0,59534.4,59534.28,7.2,Industrial,1805 CENTER PARK DRIVE,1328745600000.0,X,True,False,AREA OF MINIMAL FLOOD HAZARD,False
dc_2b8dfc559922,SEGRA,NC,35.1800507,-80.9263597,contains,0.0,24,15061147.0,18947.2,18947.2,6.4,Commercial,1612 CROSS BEAM DRIVE,1328745600000.0,X,True,False,AREA OF MINIMAL FLOOD HAZARD,False
dc_7d96f21e96e8,Middletown Data Center,VA,39.0176781,-78.2909424,contains,0.0,12,50200393.0,75937.7,76028.77,,Industrial,8209 VALLEY PIKE,1615161600000.0,X,True,False,AREA OF MINIMAL FLOOD HAZARD,
dc_3aebc3edbd4d,CoreSite Chicago Data Center (CH2),IL,41.8627972,-87.6413012,nearest,32.03995440553661,10,35026661.0,10806.8,10806.82,8.75,Industrial,1410 SOUTH CLINTON STREET,1321315200000.0,X,True,False,AREA OF MINIMAL FLOOD HAZARD,False
dc_5251c1998ce0,Norma Beach Cable Landing Station,WA,47.8646928,-122.2841532,contains,0.0,84,4261172.0,2309.2,2307.517,,Commercial,,1565740800000.0,X,True,False,AREA OF MINIMAL FLOOD HAZARD,
dc_d418410619e1,,AZ,32.0927065,-110.7874236,contains,0.0,7,3083839.0,19794.4,20397.46,,Commercial,9608 EAST OLD VAIL ROAD,1487980800000.0,X,True,False,AREA OF MINIMAL FLOOD HAZARD,
dc_d9771f2d7f9f,Google,NV,36.0562713,-115.0085752,nearest,180.71126174850266,1,2112050.0,6193.6,6193.566,4.93,Industrial,,1393977600000.0,X,True,False,0.2 PCT ANNUAL CHANCE FLOOD HAZARD,False
dc_d9c874755de8,Google,NV,36.05625,-115.00915,none,,0,,,,,,,,X,True,False,0.2 PCT ANNUAL CHANCE FLOOD HAZARD,
dc_e022cb5d327b,Google,AL,34.9136673,-85.7474223,none,,0,,,,,,,,X,True,False,AREA OF MINIMAL FLOOD HAZARD,
dc_1390c65c85f0,Google,AL,34.9136413,-85.7459237,none,,0,,,,,,,,X,True,False,AREA OF MINIMAL FLOOD HAZARD,
dc_573f8a5781df,,VA,39.050601,-77.5400225,contains,0.0,8,51114258.0,160241.7,160304.1,,Commercial,20481 GOOSE LANDING LANE,1710374400000.0,X,True,False,AREA OF MINIMAL FLOOD HAZARD,
dc_916641fe1369,Google,TX,32.4421391,-97.0624648,contains,0.0,3,25014346.0,157534.3,157939.1,,Commercial,,1616457600000.0,X,True,False,AREA OF MINIMAL FLOOD HAZARD,
dc_7910da66ad06,Google,TX,32.4435639,-97.0633095,contains,0.0,5,14290036.0,149722.0,149158.0,,Commercial,3441 RAILPORT PARKWAY,1616457600000.0,X,True,False,AREA OF MINIMAL FLOOD HAZARD,
dc_e3eea2ec5e00,Google,TN,36.62459,-87.2612916,nearest,161.459771688486,4,7294822.0,1088.7,1087.823,,Industrial,,1533945600000.0,X,True,False,AREA OF MINIMAL FLOOD HAZARD,
dc_478c687740da,Google NBY-1,OH,40.0611606,-82.7643286,none,,0,,,,,,,,X,True,False,AREA OF MINIMAL FLOOD HAZARD,
dc_cec54ea43a46,Meta Sarpy Data center,NE,41.12353,-96.1442,contains,0.0,2,2500740.0,778109.3,778587.8,,Industrial,14734 FRIEND PLAZA,1589068800000.0,X,True,False,AREA OF MINIMAL FLOOD HAZARD,
dc_ed5526cb2443,Meta Sarpy Data center,NE,41.1206,-96.1446,contains,0.0,2,2500734.0,584743.7,585102.9,,Industrial,14774 FRIEND PLAZA,1589068800000.0,X,True,False,AREA OF MINIMAL FLOOD HAZARD,
dc_83e8ea7d14a0,Google,NE,41.135,-96.1465,contains,0.0,7,332004.0,148512.9,148603.8,,Unclassified,14865 GOLD COAST ROAD,1589068800000.0,X,True,False,AREA OF MINIMAL FLOOD HAZARD,
dc_45101812ebde,JPMorgan Chase,CO,39.9891579,-105.0207261,contains,0.0,1,12003062.0,238919.8,239128.9,,Industrial,2701 WEST 160TH AVENUE,1599868800000.0,X,True,False,AREA OF MINIMAL FLOOD HAZARD,
dc_b7f05da064df,Marquette-Adams Telephone Coop,WI,43.7821763,-89.5748406,contains,0.0,49,5532966.0,5273.0,5274.319,,Unclassified,,1526601600000.0,X,True,False,AREA OF MINIMAL FLOOD HAZARD,
dc_c875f8a125cb,Compass Data Center,TX,32.5387671,-96.8044586,contains,0.0,13,14369848.0,44672.1,43890.06,,Unclassified,340 HOUSTON SCHOOL ROAD,1616457600000.0,X,True,False,AREA OF MINIMAL FLOOD HAZARD,
dc_787326b05d49,Amazon IAD119,VA,39.0169314,-77.4393886,contains,0.0,4,50996429.0,142492.8,142535.1,,Commercial,21645 CHARLES VIEW DRIVE,1710374400000.0,X,True,False,AREA OF MINIMAL FLOOD HAZARD,
dc_e3f7200338fd,Flexential Portland - Hillsboro 4,OR,45.5553133,-122.9401317,none,,0,,,,,,,,X,True,False,AREA OF MINIMAL FLOOD HAZARD,
dc_91489ab87680,Stream Chicago II,IL,41.9991244,-87.9577647,contains,0.0,10,34585283.0,213999.6,213999.4,6.66,Industrial,1925 BUSSE ROAD,1321315200000.0,X,True,False,AREA OF MINIMAL FLOOD HAZARD,False
dc_144cef939b14,STACK Chicago CHI01,IL,42.006856,-87.9651767,contains,0.0,10,34588998.0,367585.3,367584.9,7.99,Industrial,1441 TOUHY AVENUE,1321315200000.0,X,True,False,AREA OF MINIMAL FLOOD HAZARD,False
dc_9c4211d3ccea,Stream Chicago I,IL,42.0026304,-87.9511119,nearest,3.3184033678293714,14,34586882.0,155574.7,155574.5,5.34,Industrial,2080 LUNT AVENUE,1321315200000.0,X,True,False,AREA OF MINIMAL FLOOD HAZARD,False
dc_23b0f1f2b92c,Turnkey Internet,NY,42.7454447,-73.7592013,contains,0.0,96,7327867.0,10931.4,10925.43,4.75,Commercial,175 OLD LOUDON ROAD,1347321600000.0,X,True,False,AREA OF MINIMAL FLOOD HAZARD,False
dc_2a56d8b8fa00,Microsoft,IA,41.5406505,-93.8278773,contains,0.0,12,5000817.0,546149.3,545776.4,,Unclassified,8855 GRAND AVENUE,1565654400000.0,X,True,False,AREA OF MINIMAL FLOOD HAZARD,
dc_12edc16ab3f5,,NC,35.5903924,-81.2645696,none,,0,,,,,,,,X,True,False,AREA OF MINIMAL FLOOD HAZARD,
dc_3cee381ca6c0,Amazon Web Services,OH,40.0601472,-83.1349074,none,,0,,,,,,,,X,True,False,AREA OF MINIMAL FLOOD HAZARD,
dc_1592f8a75bc6,Iron Mountain,WA,47.5946162,-117.5371477,contains,0.0,57,10382212.0,13651.1,13640.75,7.97,Commercial,,1225324800000.0,X,True,False,AREA OF MINIMAL FLOOD HAZARD,False
dc_65d48b7b2fd8,DBT Data - Harrisonburg Center,VA,38.46235,-78.85656,contains,0.0,21,6001877.0,125702.3,125198.9,,Commercial,139 TYCO STREET,1550707200000.0,X,True,False,AREA OF MINIMAL FLOOD HAZARD,
dc_b93bd4dfbee7,amnet Data Center,CT,41.0917847,-73.5166728,contains,0.0,55,903544.0,33885.2,33871.01,,Industrial,26 FAHEY STREET,1541289600000.0,X,True,False,AREA OF MINIMAL FLOOD HAZARD,
dc_e06c46dabeb5,TierPoint Kansas City - Lenexa,KS,38.9406295,-94.7552326,contains,0.0,6,586644.0,59679.4,59665.64,,Commercial,,1587427200000.0,X,True,False,AREA OF MINIMAL FLOOD HAZARD,
dc_f5513f749da8,CloudHQ MCC1,VA,38.7170622,-77.4999396,contains,0.0,1,50248596.0,416802.5,416953.5,,Commercial,10880 AIRMAN AVENUE,1654387200000.0,X,True,False,AREA OF MINIMAL FLOOD HAZARD,
dc_7fc2fd8eb460,Meta,NC,35.3166121,-81.8251761,nearest,76.637054998137,2,14009167.0,281059.6,281832.5,,Commercial,408 SOCIAL CIRCLE,1389830400000.0,X,True,False,AREA OF MINIMAL FLOOD HAZARD,
dc_d6f640fb6635,Amazon IAD129,VA,39.0166636,-77.4387985,nearest,23.29968989502922,5,50996429.0,142492.8,142535.1,,Commercial,21645 CHARLES VIEW DRIVE,1710374400000.0,X,True,False,AREA OF MINIMAL FLOOD HAZARD,
dc_fd0192eae06a,Microsoft,VA,39.0747869,-77.564129,contains,0.0,21,51113329.0,173096.1,173167.2,,Unclassified,19515 COMPASS CREEK PARKWAY,1654387200000.0,X,True,False,AREA OF MINIMAL FLOOD HAZARD,
dc_f66efb0a0bc9,NTT Silicon Valley SV1 Data Center,CA,37.3690532,-121.9553378,nearest,9.752530275849935,23,15728276.0,14025.9,14025.92,4.32,Unclassified,,1349049600000.0,X,True,False,AREA WITH REDUCED FLOOD RISK DUE TO LEVEE,False
dc_b54674e4a1dd,T5 Data Center,GA,34.0757915,-84.264267,contains,0.0,13,8841008.0,110247.1,110261.2,,Unclassified,,1543363200000.0,X,True,False,AREA OF MINIMAL FLOOD HAZARD,
dc_73600f71acda,Microsoft Data Center,VA,38.9495184,-77.5594451,nearest,33.27804618339572,3,51555554.0,153968.1,154031.5,,Unclassified,24244 QUAIL RIDGE LANE,1654387200000.0,X,True,False,AREA OF MINIMAL FLOOD HAZARD,
dc_b8ec7b743908,Arcola Tech Park,VA,38.948935,-77.555793,nearest,122.67385027151492,3,7866608.0,3304.9,3304.869,4.06,Unclassified,,1205280000000.0,X,True,False,AREA OF MINIMAL FLOOD HAZARD,False
dc_8f7e3fd47d8b,Amazon IAD125,VA,38.9480895,-77.5605449,nearest,15.473656603510864,17,7866483.0,2753.2,2753.167,5.3,Unclassified,24224 QUAIL RIDGE LANE,1205280000000.0,X,True,False,AREA OF MINIMAL FLOOD HAZARD,False
dc_e06390a3cf71,Amazon IAD124,VA,38.95,-77.5602,contains,0.0,7,51555554.0,153968.1,154031.5,,Unclassified,24244 QUAIL RIDGE LANE,1654387200000.0,X,True,False,AREA OF MINIMAL FLOOD HAZARD,
dc_711866d61cdd,Stack Infrastructure - POR03,OR,45.5541322,-122.9379069,nearest,138.9649910236439,3,3642470.0,659.8,659.2885,,Residential,,1564790400000.0,X,True,False,AREA OF MINIMAL FLOOD HAZARD,
dc_924bac73f757,,MI,42.3261779,-83.0697687,contains,0.0,14,14574543.0,47667.8,47663.83,9.72,Unclassified,,1430438400000.0,X,True,False,AREA OF MINIMAL FLOOD HAZARD,False
dc_37633208c606,Family History Center,ID,42.3172742,-111.304246,contains,0.0,102,865351.0,3925.9,3978.917,,Assembly,,1475884800000.0,,False,,,
dc_02ca9e4d5343,,TN,36.3280739,-83.3767035,contains,0.0,8,9001707.0,1318.2,1318.58,,Unclassified,5520 HIGHWAY 11W SOUTH,1430092800000.0,X,True,False,AREA OF MINIMAL FLOOD HAZARD,
dc_8b186260df9f,42310 THUNDERBALL DR,VA,39.0441027,-77.5397106,contains,0.0,6,51110025.0,88942.2,88976.75,,Commercial,42310 THUNDERBALL DRIVE,1710374400000.0,X,True,False,AREA OF MINIMAL FLOOD HAZARD,
dc_84d7cd7f77ed,QTS Data Center - Hillsboro 2,OR,45.5587993,-122.9297741,nearest,120.08163018863006,2,3643939.0,167692.5,167558.5,,Residential,,1564790400000.0,X,True,False,AREA OF MINIMAL FLOOD HAZARD,
dc_6029c6e6072f,Amazon Web Services,OR,45.83792,-119.68835,none,,0,,,,,,,,X,True,False,AREA OF MINIMAL FLOOD HAZARD,
dc_c01fb29e88f6,Amazon Web Services,OR,45.8375401,-119.6931286,none,,0,,,,,,,,X,True,False,AREA OF MINIMAL FLOOD HAZARD,
dc_b1c2cb55694d,Amazon Web Services,OR,45.846655,-119.6056452,nearest,121.47212421384262,1,5001436.0,220058.5,220103.6,,Unclassified,,1557100800000.0,X,True,False,AREA OF MINIMAL FLOOD HAZARD,
dc_26679b49b723,,CO,39.72965,-104.71278,contains,0.0,1,12001867.0,226825.4,227399.6,,Commercial,23505 EAST 6TH AVENUE,1591315200000.0,X,True,False,AREA OF MINIMAL FLOOD HAZARD,
dc_f1a652f10359,,NY,43.0449439,-78.7492033,contains,0.0,2,225760.0,45143.7,45144.87,,Commercial,350 CROSSPOINT PARKWAY,1469059200000.0,AE,True,True,,
dc_d71a4f367977,QTS Data Center - Hillsboro 2,OR,45.5587842,-122.9318143,none,,0,,,,,,,,X,True,False,AREA OF MINIMAL FLOOD HAZARD,
dc_3b5df59ce5b8,QTS Data Center - Hillsboro 2,OR,45.5594,-122.9345,none,,0,,,,,,,,X,True,False,AREA OF MINIMAL FLOOD HAZARD,
dc_bac15142be82,QTS Data Center - Hillsboro 2,OR,45.5587955,-122.9330017,none,,0,,,,,,,,X,True,False,AREA OF MINIMAL FLOOD HAZARD,
dc_403473c81f1f,Flexential Portland - Hillsboro 3,OR,45.559537,-122.937613,nearest,103.46400463065227,2,3644123.0,2078.4,2076.764,,Residential,,1564790400000.0,X,True,False,AREA OF MINIMAL FLOOD HAZARD,
dc_5df588dae044,,WI,42.675665,-87.9184055,none,,0,,,,,,,,X,True,False,AREA OF MINIMAL FLOOD HAZARD,
dc_87d4cffa460b,Lumen Cleveland,OH,41.5050658,-81.6577764,contains,0.0,21,9234450.0,30536.3,30536.28,7.4,Industrial,4000 CHESTER AVENUE,1282003200000.0,X,True,False,AREA OF MINIMAL FLOOD HAZARD,False
dc_a2db55d0efea,,NC,35.1794881,-80.5701825,nearest,22.53566755097345,9,53199289.0,4726.3,4722.632,,Commercial,9302 MILL GROVE ROAD,1642896000000.0,X,True,False,AREA OF MINIMAL FLOOD HAZARD,
dc_1dd5890ebb6b,Tennessee South Data Center,TN,35.99343,-86.49566,contains,0.0,5,5676810.0,55405.3,55363.8,,Unclassified,92 WEAKLEY LANE,1507852800000.0,X,True,False,AREA OF MINIMAL FLOOD HAZARD,
dc_a452347faec2,,CA,33.1536001,-117.2388464,nearest,7.655919905612129,38,5241347.0,2111.4,1962.304,,Government,,1467936000000.0,X,True,False,0.2 PCT ANNUAL CHANCE FLOOD HAZARD,
dc_4eb1e48ec0be,Amazon IAD163,VA,39.0323054,-77.4297021,contains,0.0,5,50983077.0,197994.9,198052.1,,Commercial,21195 ATLANTIC BOULEVARD,1710374400000.0,X,True,False,AREA OF MINIMAL FLOOD HAZARD,
dc_f04188e560e6,Johns Hopkins Data Center,MD,39.2935593,-76.5517314,contains,0.0,3,509179.0,3462.5,3840.288,,Unclassified,5400 EAST LOMBARD STREET EAST,1570665600000.0,X,True,False,AREA OF MINIMAL FLOOD HAZARD,
dc_d365c72ea3b9,Ebay,UT,40.5641125,-112.050635,contains,0.0,3,13000657.0,162464.7,162366.4,,Commercial,6614 WEST CRIMSON VIEW DRIVE,1566086400000.0,X,True,False,AREA OF MINIMAL FLOOD HAZARD,
dc_191efb7ea726,Edgeconnex Data Center,CA,38.5922987,-121.27744,contains,0.0,12,2198133.0,29774.2,29503.56,,Industrial,,1474502400000.0,X,True,False,AREA OF MINIMAL FLOOD HAZARD,
dc_1bdb44e1842a,,NJ,40.52436,-74.54796,nearest,22.88511625750537,3,1217043.0,1055.7,959.1726,,Commercial,480 ELIZABETH AVENUE,1508371200000.0,X,True,False,AREA OF MINIMAL FLOOD HAZARD,
dc_84eaf8742a3f,,AZ,33.4393768,-112.377048,none,,0,,,,,,,,X,True,False,0.2 PCT ANNUAL CHANCE FLOOD HAZARD,
dc_a0c66ebeafd4,Omnis Network,AZ,33.3944358,-111.9525168,contains,0.0,32,11616324.0,15194.1,15194.07,4.78,Industrial,1005 WEST GENEVA DRIVE,1412467200000.0,X,True,False,0.2 PCT ANNUAL CHANCE FLOOD HAZARD,False
dc_a320d760368f,Travelers Insurance,NE,41.1278718,-96.1450714,nearest,19.501234505098264,4,325027.0,61754.0,61791.93,,Industrial,14715 SCHRAM ROAD,1589068800000.0,X,True,False,AREA OF MINIMAL FLOOD HAZARD,
dc_00a02e9b7cf8,Flexential Nashville - Franklin,TN,35.9204203,-86.8155401,contains,0.0,6,5553293.0,77660.0,77598.4,,Commercial,4600 CAROTHERS PARKWAY,1521072000000.0,X,True,False,AREA OF MINIMAL FLOOD HAZARD,
dc_c3af76581e21,Verizon,UT,40.5908144,-111.9037856,contains,0.0,13,3514135.0,14414.9,14405.49,,Commercial,8851 SOUTH SANDY PARKWAY,1566086400000.0,X,True,False,AREA OF MINIMAL FLOOD HAZARD,
dc_2e0d7065c5b2,,IA,41.5580811,-93.5276562,contains,0.0,26,7022807.0,7153.7,7148.302,10.63,Government,,1248652800000.0,X,True,False,AREA OF MINIMAL FLOOD HAZARD,False
dc_7a05f73ca77d,,OK,36.0812515,-95.8541492,contains,0.0,21,7057438.0,7773.5,7773.535,4.8,Industrial,,1222992000000.0,X,True,False,AREA OF MINIMAL FLOOD HAZARD,False
dc_d63cf08f250a,Amazon IAD175,VA,38.9798678,-77.425476,nearest,61.703645443675995,13,7932118.0,2140.1,2140.064,3.86,Unclassified,,1205280000000.0,X,True,False,AREA OF MINIMAL FLOOD HAZARD,False
dc_31eac5a9a731,DLI ONE,GA,32.4982,-84.8836,contains,0.0,4,17615127.0,117251.8,117251.7,8.15,Unclassified,,1235088000000.0,X,True,False,AREA OF MINIMAL FLOOD HAZARD,False
dc_869246c3ddf0,Amazon IAD147,VA,38.9951,-77.4354,contains,0.0,8,51489198.0,139164.0,139205.0,,Unclassified,22420 KIPPER DRIVE,1710374400000.0,X,True,False,AREA OF MINIMAL FLOOD HAZARD,
dc_db551e60c8c7,E-Foam,FL,28.5779418,-81.5645492,contains,0.0,14,34515195.0,10197.4,10190.03,,Unclassified,530 SUSAN B BRITT CT,1678406400000.0,X,True,False,AREA OF MINIMAL FLOOD HAZARD,
dc_e3e2113ca594,,CT,41.4788147,-72.8010139,contains,0.0,3,7405845.0,54346.6,54348.21,7.53,Commercial,20 ALEXANDER DRIVE,1346198400000.0,X,True,False,AREA OF MINIMAL FLOOD HAZARD,False
dc_585b130bbc37,SimpleHelix,AL,34.745431,-86.691883,contains,0.0,12,14065383.0,14696.8,14696.83,5.11,Commercial,,1234051200000.0,,False,,,False
dc_719da80ba59e,CenturyLink,OR,44.9380753,-123.0337222,nearest,0.3077719462487799,21,8252209.0,36319.4,36290.35,13.87,Education,,1225152000000.0,X,True,False,AREA OF MINIMAL FLOOD HAZARD,True
dc_9656dea8298d,Date Center West - Eugene,OR,42.3324601,-122.880426,contains,0.0,109,1698607.0,9006.5,8999.319,,Commercial,,1536451200000.0,X,True,False,AREA OF MINIMAL FLOOD HAZARD,
dc_16409bb98d9c,DataBank SLC5,UT,40.4811374,-111.9039534,contains,0.0,9,13000532.0,74895.0,74845.84,,Commercial,14850 SOUTH PONY EXPRESS ROAD,1566086400000.0,X,True,False,AREA OF MINIMAL FLOOD HAZARD,
dc_e9ba7c30d146,Digital Realty Atlanta ATL11,GA,33.7465605,-84.5797407,contains,0.0,10,17187908.0,314666.4,314666.1,11.21,Industrial,,1351209600000.0,X,True,False,AREA OF MINIMAL FLOOD HAZARD,False
dc_e7e879fe0f05,Switch Data Center,GA,33.7550251,-84.5872685,nearest,32.294954694014876,1,16006523.0,28353.7,28706.3,,Industrial,,1543363200000.0,X,True,False,AREA OF MINIMAL FLOOD HAZARD,
dc_e8a35c14d2f4,Amazon Web Services,OH,40.0593252,-83.1346064,none,,0,,,,,,,,X,True,False,AREA OF MINIMAL FLOOD HAZARD,
dc_1624f2fc727a,Amazon Web Services,OH,40.0583089,-83.1340906,none,,0,,,,,,,,X,True,False,AREA OF MINIMAL FLOOD HAZARD,
dc_0a48e11e6871,Amazon Web Services,OH,40.0607795,-83.1327529,nearest,181.22841623077665,4,9881879.0,1665.2,1665.23,4.86,Residential,5238 MONTICELLO HALL DRIVE,1301616000000.0,X,True,False,AREA OF MINIMAL FLOOD HAZARD,False
dc_9df53017280d,CyrusOne PHX7,AZ,33.2663745,-111.8818937,nearest,23.730101146213958,4,11417952.0,680.3,680.353,3.22,Commercial,2605 SOUTH ELLIS STREET,1412467200000.0,X,True,False,0.2 PCT ANNUAL CHANCE FLOOD HAZARD,False
dc_4099d52bf841,CyrusOne PHX4,AZ,33.268778,-111.8825216,nearest,15.950077801419305,4,4098214.0,53485.8,54806.47,,Commercial,2495 SOUTH ELLIS STREET,1486598400000.0,X,True,False,0.2 PCT ANNUAL CHANCE FLOOD HAZARD,
dc_04ab62405005,CyrusOne PHX5,AZ,33.2697502,-111.8815838,nearest,73.92541825176819,6,11418889.0,143550.6,143550.5,10.65,Commercial,2335 SOUTH ELLIS STREET,1412467200000.0,X,True,False,0.2 PCT ANNUAL CHANCE FLOOD HAZARD,False
dc_2d889a97f7e9,Northwest Data Center and Communications Hub,CA,37.4334128,-122.1807076,nearest,13.539897407633223,25,15823559.0,486.0,485.9678,2.37,Education,,1349049600000.0,D,True,False,,False
dc_627ff60a8500,Digital Crossroad,IN,41.7074166,-87.5202329,nearest,5.592414960848685,19,18427718.0,1831.0,1831.024,10.68,Industrial,103 LAKE MICHIGAN STREET,1321315200000.0,X,True,False,AREA OF MINIMAL FLOOD HAZARD,False
dc_2e94aa76b2e3,CyrusOne NVA7,VA,39.0263152,-77.4340194,contains,0.0,2,50979387.0,95371.4,95399.29,,Commercial,21340 PACIFIC BOULEVARD,1710374400000.0,X,True,False,AREA OF MINIMAL FLOOD HAZARD,
dc_8655b82b45fe,Switch Las Vegas 10,NV,36.0553,-115.2164,nearest,44.47150201742152,124,2105098.0,1096.3,1096.335,5.96,Residential,,1393977600000.0,X,True,False,0.2 PCT ANNUAL CHANCE FLOOD HAZARD,False
dc_ae5f9fdee7ee,Amazon IAD174,VA,39.0289143,-77.4274784,contains,0.0,5,50980834.0,166789.2,166837.0,,Commercial,21215 ATLANTIC BOULEVARD,1710374400000.0,X,True,False,AREA OF MINIMAL FLOOD HAZARD,
dc_8346029d9f3d,Amazon IAD164,VA,39.0304712,-77.4289455,contains,0.0,7,50980831.0,202758.7,202817.1,,Commercial,21205 ATLANTIC BOULEVARD,1710374400000.0,X,True,False,AREA OF MINIMAL FLOOD HAZARD,
dc_265564f45ed2,Vantage VA12,VA,39.0019,-77.43806,contains,0.0,6,51660444.0,269986.5,270066.6,,Unclassified,45194 VANTAGE DATA PLAZA,1710374400000.0,X,True,False,AREA OF MINIMAL FLOOD HAZARD,
dc_199ded780f63,Microsoft,VA,39.07501,-77.56391,contains,0.0,21,51113329.0,173096.1,173167.2,,Unclassified,19515 COMPASS CREEK PARKWAY,1654387200000.0,X,True,False,AREA OF MINIMAL FLOOD HAZARD,
dc_c3e3abbeb801,Verizon Wireless Mew Building,TX,32.9720407,-97.1567144,contains,0.0,2,29691454.0,174886.5,174886.3,7.95,Commercial,500 W DOVE RD,1435708800000.0,X,True,False,AREA OF MINIMAL FLOOD HAZARD,False
dc_b2ae0d89652f,,NJ,40.5433323,-74.5383736,contains,0.0,12,6003172.0,68585.4,69778.41,,Industrial,100 BELMONT DRIVE,1508371200000.0,X,True,False,AREA OF MINIMAL FLOOD HAZARD,
dc_e89730a17213,Amazon IAD152,VA,38.9165716,-77.479733,contains,0.0,15,51495995.0,191910.0,191974.8,,Commercial,25390 SUTTON BAY PLAZA,1655424000000.0,X,True,False,AREA OF MINIMAL FLOOD HAZARD,
dc_ede8e462546a,Amazon IAD151,VA,38.9161469,-77.4786956,contains,0.0,11,51535773.0,155645.7,155698.0,,Commercial,25420 SUTTON BAY PLAZA,1655424000000.0,X,True,False,AREA OF MINIMAL FLOOD HAZARD,
dc_08e7c19da1a8,Amazon IAD83,VA,38.9479489,-77.5230989,contains,0.0,6,51656288.0,164029.5,164091.3,,Commercial,24185 UPPER WOODSIDE LANE,1654387200000.0,X,True,False,AREA OF MINIMAL FLOOD HAZARD,
dc_81f8dd3b6f39,Amazon Web Services,VA,38.9465392,-77.5221879,contains,0.0,11,51674493.0,18429.6,18436.53,,Commercial,42770 MAIN MARCONI LANE,1654387200000.0,X,True,False,AREA OF MINIMAL FLOOD HAZARD,
dc_ac6c1bbc4b5a,Amazon IAD122,VA,38.9558707,-77.4971865,contains,0.0,8,51093894.0,158622.6,158678.4,,Commercial,23845 ERINS RUN DRIVE,1655424000000.0,X,True,False,AREA OF MINIMAL FLOOD HAZARD,
dc_510cff48ca13,CyrusOne Sterling IX,VA,38.9583257,-77.5057277,contains,0.0,2,51093900.0,329045.0,329163.4,,Commercial,43290 OLD OX ROAD,1654387200000.0,X,True,False,AREA OF MINIMAL FLOOD HAZARD,
dc_186227436fd6,Iron Mountain VA-2,VA,38.7772373,-77.5459965,contains,0.0,3,50242940.0,103549.4,103591.2,,Commercial,11660 HAYDEN ROAD,1654387200000.0,X,True,False,AREA OF MINIMAL FLOOD HAZARD,
dc_3d475b731d7a,Iron Mountain VA-1,VA,38.777963,-77.5471012,contains,0.0,2,50243686.0,168894.0,168962.3,,Commercial,11680 HAYDEN ROAD,1654387200000.0,X,True,False,AREA OF MINIMAL FLOOD HAZARD,
dc_757f768eba9e,Amazon Web Services,VA,38.7801515,-77.5398838,contains,0.0,5,50235873.0,159096.5,159159.7,,Commercial,8190 BETHLEHEM ROAD,1654387200000.0,X,True,False,AREA OF MINIMAL FLOOD HAZARD,
dc_907bebabdb02,Amazon Web Services,VA,38.7784509,-77.539427,contains,0.0,13,50235878.0,220303.0,220390.7,,Commercial,8180 BETHLEHEM ROAD,1654387200000.0,X,True,False,AREA OF MINIMAL FLOOD HAZARD,
dc_5270a2cc2b71,Amazon Web Services,VA,38.7793425,-77.542896,contains,0.0,5,50250433.0,220823.1,220911.6,,Commercial,8210 BETHLEHEM ROAD,1654387200000.0,X,True,False,AREA OF MINIMAL FLOOD HAZARD,
dc_f64d056bbae2,Amazon IAD102,VA,38.7359728,-77.5048957,contains,0.0,6,50275760.0,221414.6,221495.8,,Unclassified,10281 TANNER WAY,1654387200000.0,X,True,False,AREA OF MINIMAL FLOOD HAZARD,
dc_215283604b6e,Amazon IAD101,VA,38.73544,-77.5057,contains,0.0,6,50275755.0,257984.9,258079.8,,Unclassified,10309 TANNER WAY,1654387200000.0,X,True,False,AREA OF MINIMAL FLOOD HAZARD,
dc_0f715e95c136,Amazon IAD100,VA,38.7346,-77.50664,contains,0.0,5,50275742.0,242591.9,242681.2,,Unclassified,10321 TANNER WAY,1654387200000.0,X,True,False,AREA OF MINIMAL FLOOD HAZARD,
dc_03018a9d0b6e,CloudHQ MCC2,VA,38.7231919,-77.4989708,nearest,199.9631490342355,1,50245132.0,5674.2,5676.292,,Unclassified,10129 HARRY J PARRISH BOULEVARD,1654387200000.0,X,True,False,AREA OF MINIMAL FLOOD HAZARD,
dc_78d8f7c02c3f,Rackspace Somerset NYC1,NJ,40.5445265,-74.5377876,contains,0.0,26,1225399.0,19513.3,19291.71,,Commercial,,1508371200000.0,X,True,False,AREA OF MINIMAL FLOOD HAZARD,
dc_dd7f371bd132,Rackspace Belmont NYC2,NJ,40.540843,-74.5374915,contains,0.0,12,6009056.0,57731.9,58323.06,,Industrial,,1508371200000.0,X,True,False,AREA OF MINIMAL FLOOD HAZARD,
dc_d8396c50b3ee,Amazon Web Services,VA,38.7430518,-77.5333746,contains,0.0,18,50240888.0,125985.0,126034.5,,Unclassified,9750 HORNBAKER ROAD,1654387200000.0,X,True,False,AREA OF MINIMAL FLOOD HAZARD,
dc_eb20055e37d8,QTS Ashburn-Shellhorn DC1,VA,38.9980776,-77.4754706,contains,0.0,2,51497554.0,244782.9,244863.9,,Commercial,22291 SHELLHORN ROAD,1710374400000.0,X,True,False,AREA OF MINIMAL FLOOD HAZARD,
dc_e8d31e068a27,QTS Atlanta Data Center 2,GA,33.7776013,-84.4194463,nearest,19.199134283367098,20,17241372.0,18515.6,18515.53,8.71,Industrial,,1351209600000.0,X,True,False,AREA OF MINIMAL FLOOD HAZARD,False
dc_74a74b023e2f,,TX,29.4190024,-98.7874813,contains,0.0,6,32522111.0,129324.5,129222.3,,Commercial,14719 OMICRON DRIVE,1672185600000.0,X,True,False,AREA OF MINIMAL FLOOD HAZARD,
dc_6bab7da413ec,Microsoft TRP3 (SAT46),TX,29.412977,-98.8063744,nearest,67.8107336437054,12,23948647.0,1385.6,1316.404,,Unclassified,,1547251200000.0,X,True,False,AREA OF MINIMAL FLOOD HAZARD,
dc_28267cfc3b00,Microsoft,TX,29.4157967,-98.803316,nearest,126.8535067713679,1,23948759.0,1583.5,1495.886,,Commercial,15366 LAMBDA DR,1547251200000.0,X,True,False,AREA OF MINIMAL FLOOD HAZARD,
dc_fae6b5693fbe,Microsoft,TX,29.4157956,-98.8045148,nearest,144.7000782073149,1,23948855.0,1979.4,2048.782,,Unclassified,,1547251200000.0,X,True,False,AREA OF MINIMAL FLOOD HAZARD,
dc_999534d8e27f,Pewaukee Data Center,WI,43.0513735,-88.216698,nearest,4.036520419901588,6,10222102.0,28973.5,28957.29,3.89,Residential,,1351900800000.0,X,True,False,AREA OF MINIMAL FLOOD HAZARD,False
dc_9d8cf5da6d03,,GA,34.060998,-84.2740266,contains,0.0,6,51465574.0,69461.2,69513.92,,Commercial,,1664236800000.0,X,True,False,AREA OF MINIMAL FLOOD HAZARD,
dc_08f38c9b891d,CenturyLink,NV,36.1829977,-115.0626696,contains,0.0,54,2336785.0,11978.9,11978.92,7.05,Commercial,,1393977600000.0,X,True,False,AREA OF MINIMAL FLOOD HAZARD,False
dc_3bcbc5a11a48,EdgeConneX PHX02 Data Center,AZ,33.3520091,-111.6475291,none,,0,,,,,,,,X,True,False,0.2 PCT ANNUAL CHANCE FLOOD HAZARD,
dc_699df009d618,Amazon IAD601,VA,38.7788593,-77.5571158,nearest,18.215868591039936,15,7690741.0,2918.4,2918.362,3.6,Commercial,7056 WELLINGTON ROAD,1205280000000.0,X,True,False,AREA OF MINIMAL FLOOD HAZARD,False
dc_e956e70cd991,Switch Edge 1,NV,36.0591345,-115.213688,contains,0.0,9,333619.0,34090.8,33556.82,,Commercial,,1557619200000.0,X,True,False,0.2 PCT ANNUAL CHANCE FLOOD HAZARD,
dc_bb73a0990371,Switch Las Vegas 4,NV,36.143646,-115.076779,contains,0.0,77,2248541.0,28128.7,28128.71,9.86,Commercial,,1393977600000.0,X,True,False,AREA OF MINIMAL FLOOD HAZARD,False
dc_3c2574f581bf,Switch Las Vegas 5,NV,36.1427635,-115.0766965,contains,0.0,96,2246733.0,14990.3,14990.29,5.36,Commercial,,1393977600000.0,X,True,False,AREA OF MINIMAL FLOOD HAZARD,False
dc_0ecb384a674e,T-Mobile Everglades MSO Data Center,FL,26.1849937,-80.2868773,nearest,62.59676383896294,18,30902522.0,33644.3,33644.3,3.54,Commercial,4747 NOB HILL RD,1392508800000.0,X,True,False,0.2 PCT ANNUAL CHANCE FLOOD HAZARD,False
dc_ecc6d4f818f6,EdgeConneX - Portland,OR,45.55659,-122.91221,nearest,107.15022974461509,3,3642619.0,53907.1,53863.99,,Commercial,,1564790400000.0,X,True,False,AREA OF MINIMAL FLOOD HAZARD,
dc_9e9c29814c16,DC Blox Data Center,AL,33.5006749,-86.8208315,contains,0.0,23,15545766.0,27701.0,27679.0,,Unclassified,,1646092800000.0,X,True,False,AREA OF MINIMAL FLOOD HAZARD,
dc_db49eaafdae8,Amazon Web Services CMH56,OH,40.0965342,-82.7520513,nearest,173.10535290065553,5,6001226.0,154345.4,153675.0,,Industrial,2570 BEECH ROAD,1546646400000.0,,False,,,
dc_dd23e424efc1,Amazon Web Services  CMH59,OH,40.0940462,-82.7474911,nearest,86.97111381080704,4,2135937.0,989.2,1254.035,,Industrial,2580 BEECH ROAD,1546646400000.0,,False,,,
dc_02d1d5411388,Searcy Information Technologies,AR,35.2492161,-91.7409058,contains,0.0,60,2856545.0,4617.2,4401.051,,Residential,107 NORTH ELM STREET,1487116800000.0,X,True,False,AREA OF MINIMAL FLOOD HAZARD,
dc_5ce525abc4b0,Amazon Web Services,VA,38.9958502,-77.4712939,contains,0.0,4,51493148.0,156166.1,156217.2,,Unclassified,44305 IMPORT PLAZA,1710374400000.0,X,True,False,AREA OF MINIMAL FLOOD HAZARD,
dc_f16da2318b3f,Amazon Web Services,VA,38.9966044,-77.4732601,contains,0.0,5,51493142.0,176975.1,177033.3,,Unclassified,44254 IMPORT PLAZA,1710374400000.0,X,True,False,AREA OF MINIMAL FLOOD HAZARD,
dc_5b3b4f66f387,Digital Loudoun Plaza,VA,39.0048431,-77.4851266,nearest,1.5724058011796924,8,51082916.0,170965.9,171023.9,,Unclassified,43790 DEVIN SHAFRON DRIVE,1710374400000.0,X,True,False,AREA OF MINIMAL FLOOD HAZARD,
dc_2d6ea7ca3b60,Digital Loudoun Plaza,VA,39.0016288,-77.4823625,nearest,3.9258796493041985,8,7871060.0,179301.5,179301.3,8.91,Commercial,43881 DEVIN SHAFRON DRIVE,1205280000000.0,X,True,False,AREA OF MINIMAL FLOOD HAZARD,False
dc_e99dc41af8d5,Meta Eagle Mountain Data Center,UT,40.267923,-112.015266,none,,0,,,,,,,,X,True,False,AREA OF MINIMAL FLOOD HAZARD,
dc_10325eee14b2,Meta Eagle Mountain Data Center,UT,40.26556,-112.01513,none,,0,,,,,,,,X,True,False,AREA OF MINIMAL FLOOD HAZARD,
dc_0c8314ec56c5,,KS,38.92681,-94.76837,contains,0.0,9,579157.0,44891.0,44881.08,,Commercial,,1587427200000.0,X,True,False,AREA OF MINIMAL FLOOD HAZARD,
dc_e4f0ffd292d9,Digital Realty IAD42 (Building R),VA,39.0056891,-77.4494637,contains,0.0,2,50980485.0,238130.8,238203.8,,Commercial,22125 BRODERICK DRIVE,1710374400000.0,X,True,False,AREA OF MINIMAL FLOOD HAZARD,
dc_247030637655,Amazon Web Services,OR,45.84667,-119.60704,nearest,198.7960614436348,1,3312100.0,2636.6,2637.17,,Unclassified,,1557100800000.0,X,True,False,AREA OF MINIMAL FLOOD HAZARD,
dc_d485de36a4e3,Amazon Web Services,OR,45.846754,-119.608937,none,,0,,,,,,,,X,True,False,AREA OF MINIMAL FLOOD HAZARD,
dc_4fbb34622183,Meta Henrico Data Center,VA,37.4819534,-77.2337115,none,,0,,,,,,,,X,True,False,AREA OF MINIMAL FLOOD HAZARD,
dc_0d21ead2053e,,FL,28.2940687,-81.8348651,contains,0.0,14,33124225.0,19941.7,19929.02,,Industrial,16182 N COMMONWEALTH AVE,1640995200000.0,X,True,False,AREA OF MINIMAL FLOOD HAZARD,
dc_10de28f82ea3,DataBank Las Vegas LAS1,NV,36.059754,-115.1471723,contains,0.0,39,2112938.0,57478.7,57478.72,5.87,Commercial,,1393977600000.0,X,True,False,AREA OF MINIMAL FLOOD HAZARD,False
dc_57b520c4877c,Meta Eagle Mountain Data Center,UT,40.2723307,-112.0150579,none,,0,,,,,,,,X,True,False,AREA OF MINIMAL FLOOD HAZARD,
dc_c6d76c93385d,Amazon IAD601,VA,39.0152596,-77.4377755,contains,0.0,4,50996475.0,18873.0,18878.54,,Commercial,21660 CHARLES VIEW DRIVE,1710374400000.0,X,True,False,AREA OF MINIMAL FLOOD HAZARD,
dc_262cc9519516,,AZ,31.9726748,-110.3047517,contains,0.0,4,3787580.0,8180.9,9115.694,,Commercial,401 WEST DIRECT WAY,1424995200000.0,X,True,False,AREA OF MINIMAL FLOOD HAZARD,
dc_48a36602236c,,AZ,33.4933506,-112.0705502,contains,0.0,63,11036327.0,33475.9,33475.89,21.55,Commercial,4010 NORTH 3RD STREET,1412467200000.0,X,True,False,0.2 PCT ANNUAL CHANCE FLOOD HAZARD,True
dc_c4344c114a1e,Meta Stanton Springs Data Center,GA,33.600607,-83.697704,contains,0.0,5,51006349.0,668535.4,669549.3,,Government,,1676851200000.0,X,True,False,AREA OF MINIMAL FLOOD HAZARD,
dc_3a1b184b17f4,,GA,33.6014,-83.7054,contains,0.0,9,51004898.0,628675.6,629621.4,,Government,,1676851200000.0,X,True,False,AREA OF MINIMAL FLOOD HAZARD,
dc_27b1c3e36589,Flexential Salt Lake City - Millcreek,UT,40.685569,-111.8850505,contains,0.0,96,16115378.0,28148.1,28129.43,6.57,Commercial,3949 SOUTH 200 EAST,1284768000000.0,X,True,False,AREA OF MINIMAL FLOOD HAZARD,False
dc_99fd51d91906,Amazon Web Services,OR,45.8365499,-119.6898735,nearest,26.132359084417025,2,3305204.0,1318.2,1318.585,,Industrial,,1557100800000.0,X,True,False,AREA OF MINIMAL FLOOD HAZARD,
dc_3fcfdde53010,Amazon Web Services,VA,38.7442865,-77.5333323,contains,0.0,6,50263161.0,126305.8,126355.5,,Unclassified,9740 HORNBAKER ROAD,1654387200000.0,X,True,False,AREA OF MINIMAL FLOOD HAZARD,
dc_7ef3283adb5a,,VA,38.746,-77.53745,contains,0.0,1,50235652.0,116248.1,116294.1,,Unclassified,,1654387200000.0,X,True,False,AREA OF MINIMAL FLOOD HAZARD,
dc_3c9eb2937c6d,COPT Innovation Park Data Center,VA,38.7438863,-77.5306249,contains,0.0,7,50263229.0,182674.6,182745.8,,Commercial,11200 THOMASSON BARN ROAD,1654387200000.0,X,True,False,AREA OF MINIMAL FLOOD HAZARD,
dc_bb427e05d591,COPT Data Center Bldg 2,VA,38.7440549,-77.5291961,contains,0.0,3,50257934.0,126451.5,126500.6,,Commercial,11150 THOMASSON BARN ROAD,1654387200000.0,X,True,False,AREA OF MINIMAL FLOOD HAZARD,
dc_43894af7cd6d,QTS Ashburn Lockridge,VA,38.9959297,-77.4562445,nearest,10.790125591310122,11,51492858.0,192236.6,192297.0,,Commercial,,1710374400000.0,X,True,False,AREA OF MINIMAL FLOOD HAZARD,
dc_b58a2083db92,Amazon,CA,37.3899287,-121.9659908,contains,0.0,13,15766700.0,228927.4,228927.2,8.22,Industrial,,1349049600000.0,X,True,False,AREA WITH REDUCED FLOOD RISK DUE TO LEVEE,False
dc_178b28f5cd76,,SC,33.06207,-80.03846,contains,0.0,11,50630577.0,230943.9,230805.0,,Unclassified,,1617667200000.0,X,True,False,AREA OF MINIMAL FLOOD HAZARD,
dc_c806773aba18,Google,SC,33.06218,-80.04007,contains,0.0,20,50630677.0,434407.7,434145.8,,Unclassified,,1617667200000.0,X,True,False,AREA OF MINIMAL FLOOD HAZARD,
dc_e32fbe5604ea,Google,SC,33.061931,-80.0411281,contains,0.0,18,50630677.0,434407.7,434145.8,,Unclassified,,1617667200000.0,X,True,False,AREA OF MINIMAL FLOOD HAZARD,
dc_da711190ad53,Google,SC,33.0643114,-80.03845,contains,0.0,12,50629026.0,218642.5,218510.9,,Unclassified,,1617667200000.0,X,True,False,AREA OF MINIMAL FLOOD HAZARD,
dc_7c9ebf6e3c47,Google,SC,33.0663558,-80.0385236,nearest,35.0641729305133,5,50630964.0,28604.4,28587.22,,Unclassified,,1617667200000.0,X,True,False,AREA OF MINIMAL FLOOD HAZARD,
dc_49df3f3fad96,Google,SC,33.0641647,-80.0436036,contains,0.0,21,50628298.0,271069.1,270905.2,,Unclassified,,1617667200000.0,X,True,False,AREA OF MINIMAL FLOOD HAZARD,
dc_46c732da4507,Google,SC,33.0620387,-80.0449828,contains,0.0,7,50630880.0,742569.8,742120.7,,Unclassified,,1617667200000.0,X,True,False,AREA OF MINIMAL FLOOD HAZARD,
dc_8b4592f3e993,Google,SC,33.0644422,-80.0460576,contains,0.0,23,50628414.0,158647.4,158551.2,,Unclassified,,1617667200000.0,X,True,False,AREA OF MINIMAL FLOOD HAZARD,
dc_4d8a5f0cb9bc,,GA,33.6000742,-83.6968472,contains,0.0,6,51006349.0,668535.4,669549.3,,Government,,1676851200000.0,X,True,False,AREA OF MINIMAL FLOOD HAZARD,
dc_10d0eb56510d,,GA,33.5980717,-83.6950212,contains,0.0,6,51006832.0,350633.4,351166.3,,Government,,1676851200000.0,X,True,False,AREA OF MINIMAL FLOOD HAZARD,
dc_7f252a87585c,Microsoft EAT02,WA,47.416868,-120.2076878,none,,0,,,,,,,,,False,,,
dc_9f03a5bdb15d,Google,IA,41.1773457,-95.8048567,contains,0.0,3,7150133.0,676625.5,677006.3,9.06,Commercial,10420 BUNGE AVENUE,1366848000000.0,X,True,False,AREA WITH REDUCED FLOOD RISK DUE TO LEVEE,False
dc_d12fd41fa0cc,Google,IA,41.177407,-95.806318,contains,0.0,3,7150133.0,676625.5,677006.3,9.06,Commercial,10420 BUNGE AVENUE,1366848000000.0,X,True,False,AREA WITH REDUCED FLOOD RISK DUE TO LEVEE,False
dc_b13d123c2fa9,Google,IA,41.1774831,-95.8031865,contains,0.0,3,7150133.0,676625.5,677006.3,9.06,Commercial,10420 BUNGE AVENUE,1366848000000.0,X,True,False,AREA WITH REDUCED FLOOD RISK DUE TO LEVEE,False
dc_f7b7979f9b54,Google,IA,41.17749,-95.80092,nearest,86.46165013760866,1,7150133.0,676625.5,677006.3,9.06,Commercial,10420 BUNGE AVENUE,1366848000000.0,X,True,False,AREA WITH REDUCED FLOOD RISK DUE TO LEVEE,False
dc_f9e787337659,Google,IA,41.17552,-95.80678,nearest,108.2138934039551,4,7150133.0,676625.5,677006.3,9.06,Commercial,10420 BUNGE AVENUE,1366848000000.0,X,True,False,AREA WITH REDUCED FLOOD RISK DUE TO LEVEE,False
dc_e3094350f227,Google,IA,41.1755246,-95.8056388,nearest,98.81977454328276,5,7150133.0,676625.5,677006.3,9.06,Commercial,10420 BUNGE AVENUE,1366848000000.0,X,True,False,AREA WITH REDUCED FLOOD RISK DUE TO LEVEE,False
dc_a2bac79b8856,Google,IA,41.1755259,-95.804509,nearest,107.90066968947323,6,7150120.0,834.4,834.9227,3.69,Commercial,10420 BUNGE AVENUE,1366848000000.0,X,True,False,AREA WITH REDUCED FLOOD RISK DUE TO LEVEE,False
dc_1fea4ccdacb1,Google,IA,41.1755278,-95.803375,nearest,132.9386717232344,4,7150120.0,834.4,834.9227,3.69,Commercial,10420 BUNGE AVENUE,1366848000000.0,X,True,False,AREA WITH REDUCED FLOOD RISK DUE TO LEVEE,False
dc_1569e6fccb74,Google,IA,41.1755307,-95.8022395,nearest,152.85535488297464,2,7150133.0,676625.5,677006.3,9.06,Commercial,10420 BUNGE AVENUE,1366848000000.0,X,True,False,AREA WITH REDUCED FLOOD RISK DUE TO LEVEE,False
dc_d4eba7bb95c9,Google,IA,41.175613,-95.801106,nearest,137.2344046933053,5,7150117.0,1253.5,1254.215,3.57,Commercial,,1366848000000.0,X,True,False,AREA WITH REDUCED FLOOD RISK DUE TO LEVEE,False
dc_b8c6e0dbdf86,Google,IA,41.1755366,-95.7999641,nearest,41.55489829007339,4,7150117.0,1253.5,1254.215,3.57,Commercial,,1366848000000.0,X,True,False,AREA WITH REDUCED FLOOD RISK DUE TO LEVEE,False
dc_1da0c5d7a144,Google,IA,41.1726404,-95.8040298,contains,0.0,5,5000346.0,506742.4,507026.6,,Commercial,,1563494400000.0,X,True,False,AREA WITH REDUCED FLOOD RISK DUE TO LEVEE,
dc_2c9c352d5cb0,Google,IA,41.1726458,-95.8025278,contains,0.0,3,5000346.0,506742.4,507026.6,,Commercial,,1563494400000.0,X,True,False,AREA WITH REDUCED FLOOD RISK DUE TO LEVEE,
dc_a886b4d06283,Google,IA,41.17256,-95.80113,contains,0.0,2,5000346.0,506742.4,507026.6,,Commercial,,1563494400000.0,X,True,False,AREA WITH REDUCED FLOOD RISK DUE TO LEVEE,
dc_90a5aa0e6a9f,Microsoft,IA,41.4968303,-93.7869962,nearest,172.4721591079126,1,965597.0,1583.4,1582.308,,Commercial,,1565654400000.0,X,True,False,AREA OF MINIMAL FLOOD HAZARD,
dc_ec0baf9bd582,Microsoft,IA,41.539814,-93.8263137,contains,0.0,10,5000817.0,546149.3,545776.4,,Unclassified,8855 GRAND AVENUE,1565654400000.0,A,True,True,,
dc_abd7ac10d990,Microsoft,IA,41.5396705,-93.8286654,contains,0.0,10,980603.0,78970.9,78917.02,,Unclassified,8855 GRAND AVENUE,1565654400000.0,A,True,True,,
dc_f97d793b329a,,CA,37.3611541,-121.9423402,nearest,3.29078609649838,26,15713087.0,22813.9,22813.86,5.32,Unclassified,,1349049600000.0,X,True,False,AREA WITH REDUCED FLOOD RISK DUE TO LEVEE,False
dc_d9f6b1c94072,xAI Macrohardrr,MS,34.987,-89.9649,contains,0.0,4,12622149.0,749290.1,750043.6,,Commercial,,1673654400000.0,X,True,False,AREA OF MINIMAL FLOOD HAZARD,
dc_5d6a8401ff0b,Flexential Portland - Hillsboro 4 Expansion,OR,45.5553909,-122.941087,none,,0,,,,,,,,X,True,False,AREA OF MINIMAL FLOOD HAZARD,
dc_b63c46c43ef7,Flexential Portland - Hillsboro 5,OR,45.5563407,-122.9394067,nearest,186.48351960307338,1,3642606.0,3629.0,3626.111,,Residential,,1564790400000.0,X,True,False,AREA OF MINIMAL FLOOD HAZARD,
dc_7fe16fd74581,QTS San Antonio II,TX,29.4492,-98.65315,nearest,110.89976958978374,13,32227363.0,527.2,526.7551,,Agriculture,,1636156800000.0,X,True,False,AREA OF MINIMAL FLOOD HAZARD,
dc_1cb556e009e0,T5@Colorado Springs,CO,38.7861601,-104.7885828,contains,0.0,6,12000368.0,85528.1,84425.78,,Unclassified,,1599868800000.0,X,True,False,AREA OF MINIMAL FLOOD HAZARD,
dc_77bfb34f333b,Flexential Tampa - North,FL,28.0738698,-82.3683619,contains,0.0,1,35518520.0,34233.3,34221.14,,Commercial,8350 PARKEDGE DR,1676246400000.0,X,True,False,AREA OF MINIMAL FLOOD HAZARD,
dc_42c854b8c335,,VA,37.356296,-77.333741,contains,0.0,1,51764764.0,294011.5,294085.5,,Industrial,1600 DIGITAL DRIVE,1644537600000.0,X,True,False,AREA OF MINIMAL FLOOD HAZARD,
dc_370cc6f40ea9,Amazon IAD-169,VA,39.0167452,-77.4520059,contains,0.0,5,50997837.0,152814.1,152861.4,,Commercial,21320 BEAUMEADE CIRCLE,1710374400000.0,X,True,False,AREA OF MINIMAL FLOOD HAZARD,
dc_9b04c18bf82a,Amazon IAD-179,VA,39.015885,-77.4531399,contains,0.0,9,50980315.0,145850.3,145895.5,,Commercial,21310 BEAUMEADE CIRCLE,1710374400000.0,X,True,False,AREA OF MINIMAL FLOOD HAZARD,
dc_b6815d83ac53,Aligned IAD02,VA,39.0104171,-77.4751585,nearest,85.51460982703904,4,7872165.0,97858.1,97857.98,9.15,Commercial,,1205280000000.0,X,True,False,AREA OF MINIMAL FLOOD HAZARD,False
dc_429c38217707,QTS Manassas DC5,VA,38.7547679,-77.5173876,contains,0.0,3,50241729.0,189369.3,189440.8,,Unclassified,9293 FREEDOM CENTER BOULEVARD,1654387200000.0,X,True,False,AREA OF MINIMAL FLOOD HAZARD,
dc_0a74f3f6a21d,PHX-11,AZ,33.4090306,-112.3648272,none,,0,,,,,,,,X,True,False,0.2 PCT ANNUAL CHANCE FLOOD HAZARD,
dc_abcef906ff55,,NY,41.0523325,-73.9717745,nearest,2.582318682791005,34,2582818.0,2111.0,2109.721,,Industrial,75 THIRD AVENUE,1516492800000.0,X,True,False,AREA OF MINIMAL FLOOD HAZARD,
dc_624a20da991b,Compute North,NE,40.72591,-99.03842,none,,0,,,,,,,,X,True,False,AREA OF MINIMAL FLOOD HAZARD,
dc_baa41125feea,Flexential Atlanta - Douglasville 1,GA,33.7310574,-84.6160809,none,,0,,,,,,,,X,True,False,AREA OF MINIMAL FLOOD HAZARD,
dc_2143f8b4a2a6,Google,TN,36.62484,-87.26351,nearest,74.31392587657886,6,7294212.0,1781.5,1780.077,,Industrial,,1533945600000.0,X,True,False,AREA OF MINIMAL FLOOD HAZARD,
dc_f22eaad28efd,SPC3A,TN,36.62431,-87.25902,nearest,91.57841738617506,1,7283212.0,1319.6,1318.583,,Industrial,,1533945600000.0,X,True,False,AREA OF MINIMAL FLOOD HAZARD,
dc_7212377335fd,Amazon Web Services,VA,38.9795634,-77.4174915,contains,0.0,11,51498758.0,156751.7,156795.3,,Commercial,45775 OPTICS PLAZA,1710374400000.0,X,True,False,AREA OF MINIMAL FLOOD HAZARD,
dc_9efbddd27ce0,Meta,NC,35.3156695,-81.8221092,nearest,11.340897501558397,2,4328916.0,44861.5,44850.48,,Commercial,316 SOCIAL CIRCLE,1389830400000.0,X,True,False,AREA OF MINIMAL FLOOD HAZARD,
dc_a6ee91f963a9,,NY,43.0821786,-79.0307777,contains,0.0,21,8069637.0,154044.4,154018.6,12.37,Industrial,,1427846400000.0,X,True,False,AREA OF MINIMAL FLOOD HAZARD,True
dc_f377bd967513,TierPoint Valley Forge,PA,40.1218812,-75.4208776,contains,0.0,8,7808993.0,65639.4,65639.3,8.35,Commercial,1000 ADAMS AVENUE,1348012800000.0,X,True,False,AREA OF MINIMAL FLOOD HAZARD,False
dc_c4a353e43e52,Aligned DC - PDX-01,OR,45.5540594,-122.9492507,nearest,156.1284158310901,5,3642047.0,4288.8,4285.363,,Residential,,1564790400000.0,X,True,False,AREA OF MINIMAL FLOOD HAZARD,
dc_b98d99d8249f,Tahoe Reno 1,NV,39.5140681,-119.4755145,contains,0.0,2,900768.0,367504.5,367503.6,,Industrial,,1474329600000.0,X,True,False,AREA OF MINIMAL FLOOD HAZARD,
dc_d185c3f308a0,Tahoe Reno 2,NV,39.513787,-119.484853,none,,0,,,,,,,,X,True,False,AREA OF MINIMAL FLOOD HAZARD,
dc_25c7e68064cd,Flexential Salt Lake City - Fair Park,UT,40.7667963,-111.9202947,contains,0.0,97,16194102.0,12926.1,12917.67,10.26,Unclassified,118 SOUTH 1000 WEST,1284768000000.0,X,True,False,AREA OF MINIMAL FLOOD HAZARD,False
dc_31eff1e33048,CyrusOne San Antonio IV,TX,29.47076,-98.670723,contains,0.0,34,32269245.0,96341.3,96266.54,,Commercial,9655 RABA DRIVE,1672185600000.0,X,True,False,AREA OF MINIMAL FLOOD HAZARD,
dc_ced68be9f4dd,Equinix Ashburn DC16,VA,39.024382,-77.452285,contains,0.0,7,50979992.0,127850.8,127890.2,,Commercial,44740 PERFORMANCE CIRCLE,1710374400000.0,X,True,False,AREA OF MINIMAL FLOOD HAZARD,
dc_d5219db2a1d5,Microsoft IAD11,VA,38.9483832,-77.5558692,nearest,180.05172391832008,2,7866608.0,3304.9,3304.869,4.06,Unclassified,,1205280000000.0,X,True,False,AREA OF MINIMAL FLOOD HAZARD,False
dc_b365760cf1a8,Amazon Web Services,OR,45.9019,-119.3205,nearest,179.02662412758036,2,3332817.0,791.1,791.1395,,Unclassified,,1509148800000.0,X,True,False,AREA OF MINIMAL FLOOD HAZARD,
dc_0f5514724b8f,Amazon Web Services,OR,45.9027657,-119.3204918,none,,0,,,,,,,,X,True,False,AREA OF MINIMAL FLOOD HAZARD,
dc_c7365e51dba0,Amazon Web Services,OR,45.9038538,-119.3204774,none,,0,,,,,,,,X,True,False,AREA OF MINIMAL FLOOD HAZARD,
dc_8e0b128bc5f7,Amazon Web Services,OR,45.9050998,-119.3201446,none,,0,,,,,,,,X,True,False,AREA OF MINIMAL FLOOD HAZARD,
dc_9acc4e51969d,Amazon Web Services,OR,45.8469,-119.6038,contains,0.0,1,5001436.0,220058.5,220103.6,,Unclassified,,1557100800000.0,X,True,False,AREA OF MINIMAL FLOOD HAZARD,
dc_782851ca8777,Amazon Web Services,OR,45.9157234,-119.2699703,nearest,40.59784368528573,5,3335615.0,1582.3,1582.289,,Unclassified,,1537660800000.0,D,True,False,,
dc_b6941fc8a5af,,VA,39.0696487,-77.5607711,contains,0.0,2,51113786.0,254481.1,254584.7,,Unclassified,41730 INCLUSION LANE,1710374400000.0,X,True,False,AREA OF MINIMAL FLOOD HAZARD,
dc_d10d2ffca929,,VA,39.069906,-77.559458,contains,0.0,2,51111252.0,259410.6,259516.0,,Unclassified,41720 INCLUSION LANE,1710374400000.0,X,True,False,AREA OF MINIMAL FLOOD HAZARD,
dc_af15da12f636,Meta Henrico Data Center,VA,37.4778562,-77.2264818,contains,0.0,6,51103088.0,469805.2,469877.6,,Unclassified,7321 TECHNOLOGY BOULEVARD,1644537600000.0,X,True,False,AREA OF MINIMAL FLOOD HAZARD,
dc_9641476d2168,QTS,AZ,33.4608806,-111.9971562,nearest,2.560429019323556,3,2019090.0,1649.2,1664.468,,Unclassified,,1486598400000.0,X,True,False,0.2 PCT ANNUAL CHANCE FLOOD HAZARD,
dc_ff85876636d4,FiberState Datacenter,UT,40.5114517,-111.8882555,contains,0.0,48,3405483.0,10687.5,10680.49,,Industrial,106 EAST 13200 SOUTH,1566086400000.0,X,True,False,AREA OF MINIMAL FLOOD HAZARD,
dc_cbea6272623c,,IL,38.8105602,-89.9487033,nearest,27.541513691500874,73,16377461.0,14410.2,14823.09,,Residential,221 SOUTH BROWN AVENUE,1451952000000.0,,False,,,
dc_451e126116e7,CoreSite Reston Campus VA2,VA,38.9514551,-77.363999,nearest,41.71662608660152,7,7921874.0,136878.0,136877.9,8.76,Commercial,12100 SUNRISE VALLEY DRIVE,1205280000000.0,X,True,False,AREA OF MINIMAL FLOOD HAZARD,False
dc_978ee4734a31,AWS IAD105,VA,38.7475999,-77.51948,nearest,28.607566543037763,2,7678212.0,189028.0,189027.7,10.21,Unclassified,9700 INNOVATION DRIVE,1205280000000.0,X,True,False,AREA OF MINIMAL FLOOD HAZARD,False
dc_6bda20d02c25,AWS IAD104,VA,38.7483699,-77.5207001,nearest,55.57636070864731,5,7678278.0,831.9,831.9319,3.13,Unclassified,9680 INNOVATION DRIVE,1205280000000.0,X,True,False,AREA OF MINIMAL FLOOD HAZARD,False
dc_e60910dea260,QTS Manassas DC1,VA,38.7525433,-77.513108,contains,0.0,4,50232405.0,129903.1,129951.8,,Commercial,9400 GODWIN DRIVE,1654387200000.0,X,True,False,AREA OF MINIMAL FLOOD HAZARD,
dc_607669b8392b,,MD,39.133687,-76.8514344,none,,0,,,,,,,,X,True,False,AREA OF MINIMAL FLOOD HAZARD,
dc_2f34cf65f086,Meta,OR,44.3016719,-120.8945866,none,,0,,,,,,,,X,True,False,AREA OF MINIMAL FLOOD HAZARD,
dc_cb36d1bfe77c,Meta,OR,44.29922,-120.89458,none,,0,,,,,,,,X,True,False,AREA OF MINIMAL FLOOD HAZARD,
dc_1f13f2e4e800,Digital Realty PDX11 Data Center,OR,45.56834,-122.91998,nearest,120.99291852302305,10,3645635.0,2111.4,2109.727,,Residential,,1564790400000.0,X,True,False,AREA OF MINIMAL FLOOD HAZARD,
dc_c0c1e9788a37,Datacenter (386),IL,41.7071342,-87.9759559,nearest,109.7838720415121,9,35068422.0,163786.9,163786.8,8.9,Unclassified,,1321315200000.0,X,True,False,AREA OF MINIMAL FLOOD HAZARD,False
dc_40e30e32f22b,Amazon Web Services,OH,40.10185,-83.19975,none,,0,,,,,,,,X,True,False,AREA OF MINIMAL FLOOD HAZARD,
dc_a5676724cc7b,Amazon Web Services,OH,40.10077,-83.19947,none,,0,,,,,,,,X,True,False,AREA OF MINIMAL FLOOD HAZARD,
dc_8af951b34bae,Amazon Web Services,OH,40.0997864,-83.1992645,none,,0,,,,,,,,X,True,False,AREA OF MINIMAL FLOOD HAZARD,
dc_f1fa89442e45,NTT Chicago CH1,IL,41.9879619,-88.0072217,nearest,162.51161789244523,3,24685174.0,791.6,708.6912,,Unclassified,755 PIERCE ROAD,1442793600000.0,X,True,False,AREA OF MINIMAL FLOOD HAZARD,
dc_fde7fcc462d1,,WI,44.8771653,-91.9199989,contains,0.0,53,1374997.0,3463.4,3461.267,,Unclassified,,1433548800000.0,X,True,False,AREA OF MINIMAL FLOOD HAZARD,
dc_a7a75774014b,CoreSite SV7,CA,37.3760788,-121.9730567,nearest,1.0836013228549557,17,15741224.0,17114.1,17114.11,4.59,Unclassified,,1349049600000.0,X,True,False,0.2 PCT ANNUAL CHANCE FLOOD HAZARD,False
dc_a01ca4642c9f,Meta Huntsville Data center,AL,34.8473235,-86.6269189,none,,0,,,,,,,,,False,,,
dc_7c600bd05cc6,Meta Huntsville Data center,AL,34.8434819,-86.6288559,none,,0,,,,,,,,,False,,,
dc_62fa7efb5bab,Meta Huntsville Data center,AL,34.84044,-86.62883,none,,0,,,,,,,,,False,,,
dc_1ce5c0466dac,Amazon Web Services,VA,38.97923,-77.41999,contains,0.0,12,51498764.0,156960.0,157004.2,,Commercial,45795 OPTICS PLAZA,1710374400000.0,X,True,False,AREA OF MINIMAL FLOOD HAZARD,
dc_e6229de1ac08,Microsoft EAT03,WA,47.4169,-120.2084,none,,0,,,,,,,,,False,,,
dc_07743f0f8a70,Microsoft EAT04,WA,47.4197,-120.214,none,,0,,,,,,,,,False,,,
dc_329262a4db4d,Microsoft,IA,41.5349901,-93.8634444,nearest,184.70506558957504,1,979725.0,1814.3,1813.039,,Residential,11375 BOONEVILLE ROAD,1565654400000.0,A,True,True,,
dc_e59e36c03e54,Google: Arcola 2,VA,38.9418116,-77.5274514,contains,0.0,16,51560639.0,296612.4,296725.5,,Commercial,24550 HOWLING ROOSTER LANE,1654387200000.0,X,True,False,AREA OF MINIMAL FLOOD HAZARD,
dc_3253db789188,,TX,32.8947608,-96.9819377,contains,0.0,11,22258441.0,134665.6,135332.3,,Industrial,,1616457600000.0,X,True,False,AREA OF MINIMAL FLOOD HAZARD,
dc_334b14b79218,Amazon IAD603,VA,38.9815444,-77.4193612,contains,0.0,5,51498806.0,18116.6,18121.69,,Commercial,22940 PLATFORM PLAZA,1710374400000.0,X,True,False,AREA OF MINIMAL FLOOD HAZARD,
dc_0ec1cdf95464,,WY,41.1254028,-104.9075519,contains,0.0,16,4163196.0,34178.5,34151.24,,Commercial,656 LOGISTICS DRIVE,1597017600000.0,X,True,False,AREA OF MINIMAL FLOOD HAZARD,
dc_06c6e7b867a1,,WY,41.1264379,-104.8995158,contains,0.0,14,4164312.0,39770.5,39738.73,,Industrial,638 LOGISTICS DRIVE,1597017600000.0,X,True,False,AREA OF MINIMAL FLOOD HAZARD,
dc_38efcce0825d,,WY,41.1254,-104.902,nearest,23.32877873845407,15,4163313.0,857.7,857.0654,,Commercial,644 LOGISTICS DRIVE,1597017600000.0,X,True,False,AREA OF MINIMAL FLOOD HAZARD,
dc_895c21fc08cb,,WY,41.122266,-104.9081423,contains,0.0,12,16000023.0,256305.7,256101.0,,Commercial,518 LOGISTICS DRIVE,1597017600000.0,X,True,False,AREA OF MINIMAL FLOOD HAZARD,
dc_7804a006dda2,,WY,41.1222462,-104.9095169,contains,0.0,11,16000022.0,326378.2,326117.5,,Commercial,518 LOGISTICS DRIVE,1597017600000.0,X,True,False,AREA OF MINIMAL FLOOD HAZARD,
dc_02a45ce844d8,Amazon IAD86,VA,38.9172562,-77.4956744,contains,0.0,23,51517084.0,153486.9,153541.0,,Commercial,25311 PREDICTION LANE,1655424000000.0,X,True,False,AREA OF MINIMAL FLOOD HAZARD,
dc_a11921ca0756,Amazon IAD130,VA,38.7603606,-77.5193019,contains,0.0,5,50234991.0,132297.8,132348.1,,Commercial,9040 FREEDOM CENTER BOULEVARD,1654387200000.0,X,True,False,AREA OF MINIMAL FLOOD HAZARD,
dc_d49e6fd6c32a,Amazon IAD131,VA,38.7611048,-77.518221,contains,0.0,6,50235040.0,141977.4,142031.0,,Commercial,9020 FREEDOM CENTER BOULEVARD,1654387200000.0,X,True,False,AREA OF MINIMAL FLOOD HAZARD,
dc_f9ad1aa121d1,Meta Data Center,MO,39.32263,-94.59808,none,,0,,,,,,,,X,True,False,AREA OF MINIMAL FLOOD HAZARD,
dc_6216c49b2a10,QTS Ashburn-Shellhorn DC2,VA,38.9987099,-77.4743264,contains,0.0,3,51497555.0,259106.8,259192.4,,Commercial,22271 SHELLHORN ROAD,1710374400000.0,X,True,False,AREA OF MINIMAL FLOOD HAZARD,
dc_45a130be2be9,QTS Ashburn Lockridge,VA,38.9953067,-77.455264,nearest,44.55559885472929,10,51490682.0,9039.8,9042.686,,Commercial,,1710374400000.0,X,True,False,AREA OF MINIMAL FLOOD HAZARD,
dc_646e4da4cdc0,QTS Ashburn Lockridge,VA,38.99518,-77.45682,contains,0.0,9,51492858.0,192236.6,192297.0,,Commercial,,1710374400000.0,X,True,False,AREA OF MINIMAL FLOOD HAZARD,
dc_068c81dbe338,Amazon IAD192,VA,38.9896,-77.4348,contains,0.0,7,51491331.0,177858.8,177911.2,,Commercial,,1710374400000.0,X,True,False,AREA OF MINIMAL FLOOD HAZARD,
dc_f289518407b9,,VA,39.017043,-77.4733379,contains,0.0,8,50984753.0,166776.3,166831.1,,Commercial,44495 GIGABIT PLAZA,1710374400000.0,X,True,False,AREA OF MINIMAL FLOOD HAZARD,
dc_ca426d800c5e,NTT Ashburn VA8 Data Centre,VA,39.02044,-77.47551,contains,0.0,7,50984862.0,158750.2,158802.5,,Commercial,44720 GIGABIT PLAZA,1710374400000.0,X,True,False,AREA OF MINIMAL FLOOD HAZARD,
dc_24d87e9fe5e5,DataBank Ashburn IAD3,VA,39.0179043,-77.4818188,contains,0.0,14,50994867.0,218526.7,218600.2,,Commercial,21630 RED RUM DRIVE,1710374400000.0,X,True,False,AREA OF MINIMAL FLOOD HAZARD,
dc_89af903960ac,PowerHouse ABX-1,VA,39.0195992,-77.4504568,contains,0.0,7,7873241.0,54841.3,54841.26,8.91,Commercial,21529 BEAUMEADE CIRCLE,1205280000000.0,X,True,False,AREA OF MINIMAL FLOOD HAZARD,False
dc_351caa7b27c5,Cologix ASH1,VA,39.017186,-77.457688,nearest,37.389527700723306,10,7872829.0,58420.3,58420.17,7.09,Unclassified,21760 BEAUMEADE CIRCLE,1205280000000.0,X,True,False,AREA OF MINIMAL FLOOD HAZARD,False
dc_2187c39b38fe,Meta,NM,34.82588,-106.77889,none,,0,,,,,,,,X,True,False,AREA OF MINIMAL FLOOD HAZARD,
dc_be1a71831407,,WA,47.2448126,-119.8180948,none,,0,,,,,,,,X,True,False,AREA OF MINIMAL FLOOD HAZARD,
dc_6e1ef83981b4,,WA,47.2442897,-119.8148063,none,,0,,,,,,,,X,True,False,AREA OF MINIMAL FLOOD HAZARD,
dc_b90668346127,Lightedge Des Moines 2,IA,41.666814,-93.4559432,contains,0.0,4,5001302.0,70235.0,70181.33,,Industrial,1401 NORTHRIDGE CIRCLE NORTHEAST,1554508800000.0,X,True,False,AREA OF MINIMAL FLOOD HAZARD,
dc_fcf51a120a52,QTS Suwanee,GA,34.0361545,-84.0593468,nearest,17.997915220580918,5,9092711.0,323613.3,322189.1,,Commercial,,1543363200000.0,X,True,False,AREA OF MINIMAL FLOOD HAZARD,
dc_55447331648c,,NV,39.5697107,-119.5378592,contains,0.0,8,900791.0,92266.4,92266.27,,Commercial,,1537574400000.0,X,True,False,AREA OF MINIMAL FLOOD HAZARD,
dc_eb8ab216ce0f,,NV,39.570053,-119.537092,nearest,3.1488897095692163,8,900792.0,108067.1,108067.0,,Commercial,,1537574400000.0,X,True,False,AREA OF MINIMAL FLOOD HAZARD,
dc_ccf5e5778bb2,,NV,39.57059,-119.53603,contains,0.0,7,900793.0,78953.7,78953.7,,Commercial,,1537574400000.0,X,True,False,AREA OF MINIMAL FLOOD HAZARD,
dc_26b206933be4,,NV,39.5709863,-119.5353174,contains,0.0,6,900794.0,93650.7,93650.58,,Commercial,,1537574400000.0,X,True,False,AREA OF MINIMAL FLOOD HAZARD,
dc_64a34293fec1,Carrier Services Group,OH,41.041059,-80.633078,contains,0.0,17,9007017.0,72164.5,72164.36,4.77,Commercial,5635 SOUTH AVENUE,1221091200000.0,X,True,False,AREA OF MINIMAL FLOOD HAZARD,False
dc_82df444c36ba,Flexential Nashville - Cool Springs,TN,35.951045,-86.833406,contains,0.0,9,11003782.0,73025.0,72966.97,,Industrial,425 DUKE DRIVE,1521072000000.0,X,True,False,AREA OF MINIMAL FLOOD HAZARD,
dc_c2b297bd8c6e,,WI,43.6383333,-89.7214027,nearest,140.2949609185511,2,5514811.0,5255.8,5257.856,,Residential,,1526601600000.0,X,True,False,AREA OF MINIMAL FLOOD HAZARD,
dc_404bbc86384a,Gallatin Data Center,TN,36.4084957,-86.3716203,none,,0,,,,,,,,X,True,False,AREA OF MINIMAL FLOOD HAZARD,
dc_cc8fe699ab97,Aligned Data Center - Chicago ORD-01,IL,41.9140034,-87.9175163,contains,0.0,4,34533644.0,467030.1,467029.8,9.36,Industrial,,1321315200000.0,X,True,False,AREA OF MINIMAL FLOOD HAZARD,False
dc_e750446c0bc0,Aligned Data Center - Chicago ORD-02,IL,41.9129628,-87.9175895,contains,0.0,2,34533644.0,467030.1,467029.8,9.36,Industrial,,1321315200000.0,X,True,False,AREA OF MINIMAL FLOOD HAZARD,False
dc_132750142234,,IL,42.0231434,-87.9721861,nearest,103.35180479163486,14,34598344.0,12684.5,12684.54,7.13,Government,1000 OAKTON STREET,1321315200000.0,X,True,False,AREA OF MINIMAL FLOOD HAZARD,False
dc_e3402b9266d8,T5 Chicago II,IL,42.023067,-87.974905,nearest,120.53184042929045,11,34597714.0,14950.9,14950.95,4.86,Commercial,845 OAKTON STREET,1321315200000.0,X,True,False,AREA OF MINIMAL FLOOD HAZARD,False
dc_fb65457c05e8,Cortex supercomputer,TX,30.2156048,-97.6189387,none,,0,,,,,,,,X,True,False,0.2 PCT ANNUAL CHANCE FLOOD HAZARD,
dc_f7e12f7229a2,AWS IAD106,VA,38.74698,-77.51852,contains,0.0,7,7678212.0,189028.0,189027.7,10.21,Unclassified,9700 INNOVATION DRIVE,1205280000000.0,X,True,False,AREA OF MINIMAL FLOOD HAZARD,False
dc_4f4a0b432dc9,Google NBY-2,OH,40.0596182,-82.7644645,none,,0,,,,,,,,X,True,False,AREA OF MINIMAL FLOOD HAZARD,
dc_7b586018e4c3,Amazon Web Services,VA,38.9491488,-77.5235942,contains,0.0,4,51539246.0,15451.8,15457.67,,Commercial,24141 UPPER WOODSIDE LANE,1654387200000.0,X,True,False,AREA OF MINIMAL FLOOD HAZARD,
dc_232553a6ff95,CyrusOne OCB1 Council Bluffs,IA,41.21229,-95.87804,nearest,101.89521746587484,9,7151167.0,1954.6,1955.849,4.63,Agriculture,4700 GIFFORD ROAD,1366848000000.0,X,True,False,AREA WITH REDUCED FLOOD RISK DUE TO LEVEE,False
dc_68b508c5ceaf,Amazon Web Services,OR,45.8361,-119.69405,none,,0,,,,,,,,X,True,False,AREA OF MINIMAL FLOOD HAZARD,
dc_2c47a18367ee,Novartis,TX,32.6512011,-97.3196729,contains,0.0,13,30110958.0,36075.5,36075.44,6.93,Commercial,6551 SOUTH FWY,1435708800000.0,X,True,False,AREA OF MINIMAL FLOOD HAZARD,False
dc_bf2eef1439d6,Equinix SV11,CA,37.242615,-121.7840216,nearest,56.588428947228934,7,10004099.0,127506.0,128232.9,,Unclassified,,1473897600000.0,D,True,False,,
dc_9b042aff160a,Amazon IAD103,VA,38.7369848,-77.5040881,contains,0.0,8,50273763.0,131529.4,131577.6,,Unclassified,10261 TANNER WAY,1654387200000.0,X,True,False,AREA OF MINIMAL FLOOD HAZARD,
dc_10369a8df37e,CloudHQ MCC3,VA,38.71502,-77.49512,contains,0.0,6,50248711.0,126086.1,126131.4,,Unclassified,10900 AIRMAN AVENUE,1655424000000.0,X,True,False,AREA OF MINIMAL FLOOD HAZARD,
dc_3b1559745c3a,CyrusOne PHX8,AZ,33.2663278,-111.8833041,nearest,151.82073247468932,1,11417952.0,680.3,680.353,3.22,Commercial,2605 SOUTH ELLIS STREET,1412467200000.0,X,True,False,0.2 PCT ANNUAL CHANCE FLOOD HAZARD,False
dc_6d2fa97e9079,CyrusOne PHX3,AZ,33.2719163,-111.8816269,contains,0.0,8,11419043.0,970.6,970.595,3.42,Commercial,2335 SOUTH ELLIS STREET,1412467200000.0,X,True,False,0.2 PCT ANNUAL CHANCE FLOOD HAZARD,False
dc_39ca538ce865,CyrusOne PHX4,AZ,33.2718093,-111.8832625,contains,0.0,8,11419112.0,111897.0,111896.8,8.19,Commercial,2335 SOUTH ELLIS STREET,1412467200000.0,X,True,False,0.2 PCT ANNUAL CHANCE FLOOD HAZARD,False
dc_7af833dd4dce,Vantage VA13,VA,39.0032126,-77.440175,contains,0.0,12,51671299.0,323484.5,323581.0,,Commercial,45130 VANTAGE DATA PLAZA,1710374400000.0,X,True,False,AREA OF MINIMAL FLOOD HAZARD,
dc_f8de9711b6d9,Lightedge Des Moines 1,IA,41.6676628,-93.4554841,contains,0.0,5,1494620.0,29888.6,29865.77,,Industrial,1435 NORTHRIDGE CIRCLE NORTHEAST,1554508800000.0,X,True,False,AREA OF MINIMAL FLOOD HAZARD,
dc_5bfc1aecb5cf,Yahoo,NE,41.18048,-96.08488,contains,0.0,23,3043945.0,236323.4,236482.1,12.6,Commercial,10917 HARRY WATANABE PARKWAY,1366848000000.0,X,True,False,AREA OF MINIMAL FLOOD HAZARD,True
dc_b96977f6c390,,NM,32.3096657,-106.7291929,nearest,4.9161801069604225,50,1013117.0,5209.2,5208.408,,Industrial,3301 MISSOURI AVENUE,1527897600000.0,X,True,False,AREA OF MINIMAL FLOOD HAZARD,
dc_7cd73fdda023,Verizon North Las Vegas,NV,36.2218945,-115.1470466,contains,0.0,24,2413871.0,15299.2,15299.2,5.71,Commercial,,1393977600000.0,X,True,False,AREA OF MINIMAL FLOOD HAZARD,False
dc_0549b113a011,Google,NE,41.1349,-96.1443,nearest,71.40437442436763,6,332257.0,10080.9,10087.08,,Unclassified,14651 GOLD COAST ROAD,1589068800000.0,X,True,False,AREA OF MINIMAL FLOOD HAZARD,
dc_51a81e12c581,Google,NE,41.1343926,-96.1559041,nearest,129.10423432786462,4,3011798.0,1155.6,1156.299,5.96,Residential,15249 GOLD COAST ROAD,1366848000000.0,X,True,False,AREA OF MINIMAL FLOOD HAZARD,False
dc_f68c00c4207e,Involta Independence,OH,41.361071,-81.6327814,nearest,65.97123336386063,6,4004149.0,27578.4,28382.12,,Commercial,7100 EAST PLEASANT VALLEY ROAD,1464566400000.0,X,True,False,AREA OF MINIMAL FLOOD HAZARD,
dc_d0d2390b75ed,Bloomberg Data Center,NY,41.0361943,-73.9876261,contains,0.0,13,6011886.0,167745.1,167640.9,,Industrial,155 CORPORATE DRIVE,1516492800000.0,X,True,False,AREA OF MINIMAL FLOOD HAZARD,
dc_00b2737ad841,fifteenfortyseven CSR ORNY1,NY,41.0344926,-73.9757865,contains,0.0,11,6011872.0,167282.7,167179.4,,Commercial,1 RAMLAND ROAD,1516492800000.0,X,True,False,AREA OF MINIMAL FLOOD HAZARD,
dc_091d046182c5,Stack Infrastructure - POR03,OR,45.55415,-122.93941,none,,0,,,,,,,,X,True,False,AREA OF MINIMAL FLOOD HAZARD,
dc_6ff36699e16a,Stack Infrastructure - POR03,OR,45.554283,-122.940567,none,,0,,,,,,,,X,True,False,AREA OF MINIMAL FLOOD HAZARD,
dc_2a1d188ac87d,Stack Infrastructure - POR03,OR,45.5528982,-122.9379804,nearest,139.7155537798502,3,3641133.0,11612.8,11603.48,,Industrial,,1564790400000.0,X,True,False,AREA OF MINIMAL FLOOD HAZARD,
dc_2d174e33a292,Amazon Web Services,VA,38.9043442,-77.4524692,nearest,161.79266049378052,2,2706125.0,1482.9,1575.494,,Commercial,,1536192000000.0,X,True,False,AREA OF MINIMAL FLOOD HAZARD,
dc_1f8be8294d52,Amazon Web Services,VA,38.90492,-77.45475,nearest,149.7096069968975,3,2706125.0,1482.9,1575.494,,Commercial,,1536192000000.0,X,True,False,AREA OF MINIMAL FLOOD HAZARD,
dc_0df484691fd4,Amazon Web Services,VA,38.9159035,-77.4905509,nearest,41.262966829319886,27,51517085.0,817.1,817.3779,,Commercial,43736 CLUBBER LANE,1655424000000.0,X,True,False,AREA OF MINIMAL FLOOD HAZARD,
dc_e5ee534a8f75,Amazon Web Services,VA,38.9149908,-77.4909743,contains,0.0,18,51516289.0,15216.2,15221.48,,Industrial,43764 CLUBBER LANE,1655424000000.0,X,True,False,AREA OF MINIMAL FLOOD HAZARD,
dc_abb797b53b98,Amazon Web Services CMH62,OH,40.0929864,-82.7476276,nearest,147.96248415205665,2,2134573.0,206245.2,206291.0,,Industrial,8865 SMITHS MILL ROAD NORTH,1546646400000.0,,False,,,
dc_65aed79b4274,Amazon Web Services,OH,40.0934344,-82.7321669,none,,0,,,,,,,,,False,,,
dc_4b83d9872e2e,Amazon Web Services,OH,40.0921679,-82.7275475,none,,0,,,,,,,,X,True,False,AREA OF MINIMAL FLOOD HAZARD,
dc_9853927b6203,Amazon Web Services,OH,40.0929609,-82.7265106,nearest,199.56090053799514,1,2135570.0,13997.2,14560.18,,Residential,12525 JUG STREET ROAD NORTHWEST,1546646400000.0,X,True,False,AREA OF MINIMAL FLOOD HAZARD,
dc_c878c41c84a1,Amazon Web Services,OH,40.11726,-83.20197,none,,0,,,,,,,,X,True,False,AREA OF MINIMAL FLOOD HAZARD,
dc_b17651764b5b,,OH,40.1173912,-83.2020737,none,,0,,,,,,,,X,True,False,AREA OF MINIMAL FLOOD HAZARD,
dc_54e21ce1cea4,Amazon Web Services,OH,40.1190307,-83.2002438,nearest,199.7588659235579,1,286668.0,3164.4,3207.972,,Residential,8567 WARNER ROAD,1407628800000.0,X,True,False,AREA OF MINIMAL FLOOD HAZARD,
dc_b80ac4ec6ffb,Amazon Web Services,OH,40.0493536,-83.175465,none,,0,,,,,,,,X,True,False,AREA OF MINIMAL FLOOD HAZARD,
dc_c1dd5309d7d9,,OH,40.0481384,-83.1752938,none,,0,,,,,,,,X,True,False,AREA OF MINIMAL FLOOD HAZARD,
dc_704355a73b47,Amazon Web Services,OH,40.04815,-83.176833,none,,0,,,,,,,,X,True,False,AREA OF MINIMAL FLOOD HAZARD,
dc_89fdbc2bf070,Google NBY-3,OH,40.0579063,-82.7653279,none,,0,,,,,,,,,False,,,
dc_8e771aedabc9,Google NBY-4,OH,40.0593527,-82.7717447,none,,0,,,,,,,,X,True,False,AREA OF MINIMAL FLOOD HAZARD,
dc_a565678c206d,NAO 5/NAO 6,OH,40.06038,-82.75099,none,,0,,,,,,,,,False,,,
dc_80aeb614dd61,Google,OH,39.85208,-82.99484,none,,0,,,,,,,,X,True,False,AREA OF MINIMAL FLOOD HAZARD,
dc_4e24d0589219,Google,VA,38.7761446,-77.5825144,none,,0,,,,,,,,X,True,False,AREA OF MINIMAL FLOOD HAZARD,
dc_b588afe1a787,Amazon Web Services,OR,45.859,-119.6051,none,,0,,,,,,,,X,True,False,AREA OF MINIMAL FLOOD HAZARD,
dc_9863a01aea38,Amazon Web Services,OR,45.860076,-119.6051229,none,,0,,,,,,,,X,True,False,AREA OF MINIMAL FLOOD HAZARD,
dc_2901313c8c49,Amazon Web Services,OR,45.8609677,-119.6051401,none,,0,,,,,,,,X,True,False,AREA OF MINIMAL FLOOD HAZARD,
dc_f049b1fca45c,Amazon Web Services,OR,45.8414702,-119.6517858,nearest,48.99234096058735,8,5000970.0,122169.7,122199.4,,Unclassified,,1557100800000.0,X,True,False,AREA OF MINIMAL FLOOD HAZARD,
dc_ef8be669f009,Amazon Web Services,OR,45.92061,-119.23099,none,,0,,,,,,,,D,True,False,,
dc_f8b9e84e51e9,Amazon Web Services,OR,45.92059,-119.23,none,,0,,,,,,,,D,True,False,,
dc_dac6ac36fb92,Amazon Web Services,OR,45.7986,-119.35965,nearest,177.35841217693923,2,3292811.0,1977.8,1977.854,,Agriculture,,1509148800000.0,X,True,False,AREA OF MINIMAL FLOOD HAZARD,
dc_8e4b8eb39168,Amazon Web Services,OR,45.799157,-119.3666613,nearest,163.8825995297581,3,3292880.0,1186.7,1186.719,,Industrial,,1509148800000.0,X,True,False,AREA OF MINIMAL FLOOD HAZARD,
dc_9ddbd01cdc30,Google,OH,39.7240422,-82.6911124,none,,0,,,,,,,,X,True,False,AREA OF MINIMAL FLOOD HAZARD,
dc_b49da9aafa96,Amazon Web Services,VA,38.7462,-77.5172,contains,0.0,7,50234811.0,3480.1,3481.444,,Unclassified,9740 INNOVATION DRIVE,1654387200000.0,X,True,False,AREA OF MINIMAL FLOOD HAZARD,
dc_1209b396219a,Amazon Web Services,VA,38.9213052,-77.4858007,nearest,195.62033054080464,1,7864398.0,2248.8,2248.76,3.26,Industrial,25171 WILLARD ROAD,1205280000000.0,X,True,False,AREA OF MINIMAL FLOOD HAZARD,False
dc_8f212e8b9568,Amazon Web Services,VA,38.9950879,-77.4710775,contains,0.0,4,51492975.0,21469.0,21476.01,,Unclassified,44351 IMPORT PLAZA,1710374400000.0,X,True,False,AREA OF MINIMAL FLOOD HAZARD,
dc_7048b76fe40b,Meta Sarpy Data center,NE,41.1235744,-96.1328883,none,,0,,,,,,,,X,True,False,AREA OF MINIMAL FLOOD HAZARD,
dc_8a06b58c62ce,Meta Sarpy Data center,NE,41.1143501,-96.1428055,none,,0,,,,,,,,X,True,False,AREA OF MINIMAL FLOOD HAZARD,
dc_647ebabf6c68,Meta Sarpy Data center,NE,41.11225,-96.14162,nearest,166.76818384584723,3,3004211.0,3411.8,3413.964,4.78,Residential,13210 SILICON PRAIRIE PLAZA,1366848000000.0,X,True,False,AREA OF MINIMAL FLOOD HAZARD,False
dc_c5b50e13b2ca,Meta,IA,41.6757843,-93.5098305,nearest,186.85865051056578,2,7124503.0,1150.5,1149.655,5.65,Residential,2000 SHARE WAY NORTHWEST,1248652800000.0,X,True,False,AREA OF MINIMAL FLOOD HAZARD,False
dc_865686fc232f,Meta,IA,41.675801,-93.5060373,none,,0,,,,,,,,X,True,False,AREA OF MINIMAL FLOOD HAZARD,
dc_631b3757e900,Dynamics Mining,KY,37.3629981,-87.5471512,contains,0.0,3,3719378.0,158511.9,158394.3,,Commercial,,1479513600000.0,X,True,False,AREA OF MINIMAL FLOOD HAZARD,
dc_4f0f453ed023,Flexential Atlanta - Douglasville 2,GA,33.731694,-84.616202,none,,0,,,,,,,,X,True,False,AREA OF MINIMAL FLOOD HAZARD,
dc_e4283b7046b1,,NV,36.0640206,-115.221109,nearest,137.92687023827446,4,2114692.0,36435.6,36435.55,5.49,Commercial,,1393977600000.0,X,True,False,0.2 PCT ANNUAL CHANCE FLOOD HAZARD,False
dc_cd7f2ff1bb19,Windbreak Cable,WY,41.18281,-104.06832,contains,0.0,51,4257123.0,8312.5,8307.042,,Residential,203 MAIN STREET,1590883200000.0,X,True,False,AREA OF MINIMAL FLOOD HAZARD,
dc_1971ec91f74b,,VA,38.74051,-77.50398,nearest,12.273113561063346,14,7674888.0,30366.5,30366.5,6.14,Industrial,9905 GODWIN DRIVE,1205280000000.0,X,True,False,AREA OF MINIMAL FLOOD HAZARD,False
dc_409183797c0d,NTT Chicago CH2,IL,41.9890149,-88.0072131,nearest,83.04709256926898,4,24685679.0,527.8,604.3129,,Unclassified,755 PIERCE ROAD,1442793600000.0,X,True,False,AREA OF MINIMAL FLOOD HAZARD,
dc_326516e596cc,QTS,CO,39.7341,-104.7079,none,,0,,,,,,,,X,True,False,AREA OF MINIMAL FLOOD HAZARD,
dc_c7c753ce6dca,Apple,OR,44.28576,-120.86994,nearest,117.83348582298079,2,2305983.0,313520.3,313492.2,,Unclassified,,1560643200000.0,X,True,False,AREA OF MINIMAL FLOOD HAZARD,
dc_29e4078ce63e,Amazon IAD214,VA,38.9898,-77.4353,nearest,4.189389376983906,9,51491331.0,177858.8,177911.2,,Commercial,,1710374400000.0,X,True,False,AREA OF MINIMAL FLOOD HAZARD,
dc_6697ca251c9a,Aligned IAD03,VA,38.9887,-77.4409,contains,0.0,9,51492518.0,98613.5,98643.1,,Unclassified,,1710374400000.0,X,True,False,AREA OF MINIMAL FLOOD HAZARD,
dc_7a9ad2611660,Digital Realty IAD55,VA,38.99215,-77.43385,contains,0.0,11,51491332.0,125929.4,125966.4,,Commercial,,1710374400000.0,X,True,False,AREA OF MINIMAL FLOOD HAZARD,
dc_2565df2c93a6,Involta-Akron,OH,41.0573837,-81.5219276,nearest,0.3737807396570388,30,4724149.0,32197.5,31356.8,,Unclassified,191 EAST MILLER AVENUE,1445817600000.0,X,True,False,AREA OF MINIMAL FLOOD HAZARD,
dc_0d412ec4abac,Amazon Web Services,VA,38.9473737,-77.5202381,nearest,11.193073983625458,12,51656287.0,193974.2,194046.8,,Commercial,42948 FADELEY LANE,1654387200000.0,X,True,False,AREA OF MINIMAL FLOOD HAZARD,
dc_d89bd2b62165,Amazon Web Services,VA,38.9824179,-77.4169319,contains,0.0,3,51501707.0,240026.0,240092.8,,Commercial,22890 PLATFORM PLAZA,1710374400000.0,X,True,False,AREA OF MINIMAL FLOOD HAZARD,
dc_61f8ed64a9f7,Amazon Web Services,VA,38.80285,-77.62212,nearest,30.732520009229784,13,7699074.0,2808.2,2808.193,3.99,Unclassified,14495 JOHN MARSHALL HIGHWAY,1205280000000.0,X,True,False,AREA OF MINIMAL FLOOD HAZARD,False
dc_074fbadebefb,Amazon Web Services,VA,38.7439,-77.5334,nearest,4.517126422673544,8,50263161.0,126305.8,126355.5,,Unclassified,9740 HORNBAKER ROAD,1654387200000.0,X,True,False,AREA OF MINIMAL FLOOD HAZARD,
dc_fb656744b899,Amazon Web Services,VA,38.8145928,-77.6543195,nearest,59.38350709007751,1,2063256.0,150044.0,151920.8,,Commercial,15465 JOHN MARSHALL HIGHWAY,1521849600000.0,X,True,False,AREA OF MINIMAL FLOOD HAZARD,
dc_e1c1a14911c4,Amazon Web Services,VA,38.817,-77.6521,nearest,68.69343442933834,5,2063371.0,2471.1,2425.999,,Residential,6512 CHARLES STREET,1521849600000.0,X,True,False,AREA OF MINIMAL FLOOD HAZARD,
dc_e810f98f642f,Amazon Web Services,OH,40.1341815,-83.2158409,none,,0,,,,,,,,X,True,False,AREA OF MINIMAL FLOOD HAZARD,
dc_387828197fcf,Amazon Web Services,OR,45.9206,-119.2289,none,,0,,,,,,,,D,True,False,,
dc_a262f2e6c813,Amazon Web Services,OR,45.9205816,-119.2270106,none,,0,,,,,,,,D,True,False,,
dc_2b3e01a68c80,Amazon Web Services,OR,45.919529,-119.2261389,none,,0,,,,,,,,D,True,False,,
dc_79ee14f34b57,Amazon Web Services,OR,45.8825252,-119.3416566,none,,0,,,,,,,,D,True,False,,
dc_86edd29795e4,Amazon Web Services,OR,45.8621,-119.6053,none,,0,,,,,,,,X,True,False,AREA OF MINIMAL FLOOD HAZARD,
dc_ece390bb620e,Amazon Web Services,OR,45.85888,-119.60527,none,,0,,,,,,,,X,True,False,AREA OF MINIMAL FLOOD HAZARD,
dc_9c10e28655f7,Amazon Web Services,OR,45.8412,-119.6544,contains,0.0,10,5000969.0,77101.5,77120.4,,Unclassified,,1557100800000.0,X,True,False,AREA OF MINIMAL FLOOD HAZARD,
dc_bbb7c9a29c06,Amazon Web Services,OR,45.81975,-119.63209,none,,0,,,,,,,,X,True,False,AREA OF MINIMAL FLOOD HAZARD,
dc_2f483ca1c248,"Google Lockbourne, OH",OH,39.846723,-82.995655,none,,0,,,,,,,,X,True,False,AREA OF MINIMAL FLOOD HAZARD,
dc_d02a64f6db73,Amazon New Albany: Jug and Beach Road,OH,40.09983,-82.7503,nearest,186.61797548144375,1,2137556.0,3165.4,3056.377,,Residential,,1546646400000.0,X,True,False,AREA OF MINIMAL FLOOD HAZARD,
dc_bb5ca6fb7836,UPS Data Center,GA,34.10363,-84.21503,contains,0.0,3,16016172.0,173727.4,174135.1,,Industrial,,1543363200000.0,X,True,False,AREA OF MINIMAL FLOOD HAZARD,
dc_27736d0748c2,MineOne Wyoming Data Center,WY,41.1249898,-104.8948491,nearest,38.97643810380521,12,4162754.0,527.8,527.4208,,Unclassified,635 LOGISTICS DRIVE,1597017600000.0,X,True,False,AREA OF MINIMAL FLOOD HAZARD,
dc_0d3e2978537f,Iron Mountain VA-3,VA,38.77555,-77.54515,nearest,158.29556024377874,4,2098685.0,2372.5,2039.875,,Commercial,11654 HAYDEN ROAD,1521849600000.0,X,True,False,AREA OF MINIMAL FLOOD HAZARD,
dc_d3cca9241046,Microsoft,AZ,33.446011,-112.374262,none,,0,,,,,,,,X,True,False,0.2 PCT ANNUAL CHANCE FLOOD HAZARD,
dc_a8c1a452b265,Google,VA,38.77444,-77.58562,none,,0,,,,,,,,X,True,False,AREA OF MINIMAL FLOOD HAZARD,
dc_e5424615cf44,Amazon Web Services,VA,38.801862,-77.621212,nearest,82.20107549397882,2,7699074.0,2808.2,2808.193,3.99,Unclassified,14495 JOHN MARSHALL HIGHWAY,1205280000000.0,X,True,False,AREA OF MINIMAL FLOOD HAZARD,False
dc_0a62b3bc7207,Amazon Web Services,VA,38.8019,-77.6206,nearest,114.49708897542614,2,7699074.0,2808.2,2808.193,3.99,Unclassified,14495 JOHN MARSHALL HIGHWAY,1205280000000.0,X,True,False,AREA OF MINIMAL FLOOD HAZARD,False
dc_a46fb1abda97,Iron Mountain VA-4,VA,38.7744146,-77.54223,nearest,59.93497862042406,2,7688578.0,1495.8,1495.786,5.53,Commercial,11600 HAYDEN ROAD,1205280000000.0,X,True,False,AREA OF MINIMAL FLOOD HAZARD,False
dc_c06b85cd674e,Iron Mountain VA-5,VA,38.773028,-77.5411854,none,,0,,,,,,,,X,True,False,AREA OF MINIMAL FLOOD HAZARD,
dc_e1d5b1f3fda5,QTS Manassas DC2,VA,38.7531664,-77.5108824,nearest,12.576757251639151,9,7679376.0,1454.1,1454.139,6.79,Unclassified,9450 GODWIN DRIVE,1205280000000.0,X,True,False,AREA OF MINIMAL FLOOD HAZARD,False
dc_482ea594144f,,VA,38.7589306,-77.5166938,nearest,155.15743685425412,6,7680727.0,2923.1,2923.102,3.44,Industrial,10850 PYRAMID PLACE,1205280000000.0,X,True,False,AREA OF MINIMAL FLOOD HAZARD,False
dc_e192ad80593e,Google,IA,41.17375,-95.7927,none,,0,,,,,,,,X,True,False,AREA WITH REDUCED FLOOD RISK DUE TO LEVEE,
dc_b926ad69f0b0,Google,IA,41.1736283,-95.7886606,none,,0,,,,,,,,X,True,False,AREA WITH REDUCED FLOOD RISK DUE TO LEVEE,
dc_2c01eccc6cb3,T5@Cleveland,OH,41.4426,-81.8022,contains,0.0,15,9576914.0,237985.0,237984.8,9.36,Commercial,4100 WEST 150 STREET,1282003200000.0,X,True,False,AREA OF MINIMAL FLOOD HAZARD,False
dc_12f2ff8f7b4c,42311 THUNDERBALL DR,VA,39.0425196,-77.5382898,contains,0.0,21,51110005.0,55584.8,55606.36,,Commercial,42311 THUNDERBALL DRIVE,1710374400000.0,X,True,False,AREA OF MINIMAL FLOOD HAZARD,
dc_ed1e2cf9b5d8,42255 THUNDERBALL DR,VA,39.0416534,-77.539212,contains,0.0,19,51109551.0,72470.7,72498.86,,Commercial,42255 THUNDERBALL DRIVE,1710374400000.0,X,True,False,AREA OF MINIMAL FLOOD HAZARD,
dc_d8e488d2ebd7,42254 THUNDERBALL DR,VA,39.0434964,-77.5408399,contains,0.0,7,51109560.0,90421.9,90457.07,,Commercial,42254 THUNDERBALL DRIVE,1710374400000.0,X,True,False,AREA OF MINIMAL FLOOD HAZARD,
dc_9c834cc92f25,Meta Gallatin Data Center,TN,36.4118929,-86.3696526,nearest,170.3121564370753,1,6655356.0,5047.2,5043.572,,Government,1 META LOOP,1473206400000.0,X,True,False,AREA OF MINIMAL FLOOD HAZARD,
dc_c5abef17961c,GVTC,TX,29.686403,-98.4626475,nearest,56.30216785090329,73,5382607.0,1237.1,1209.602,,Residential,25854 OVERLOOK PKWY,1547251200000.0,X,True,False,AREA OF MINIMAL FLOOD HAZARD,
dc_ad74ffb219ab,Stream Data Centers DFWA,TX,32.98368,-96.65813,nearest,18.73157463755882,5,37306591.0,222732.8,222817.3,,Unclassified,,1654992000000.0,X,True,False,AREA OF MINIMAL FLOOD HAZARD,
dc_21bf956aedf2,MARA Data Center,TX,32.34343,-97.7324,nearest,160.16398804312257,6,36608675.0,466.4,466.2114,,Agriculture,1911 MITCHELL BEND HIGHWAY,1656115200000.0,X,True,False,AREA OF MINIMAL FLOOD HAZARD,
dc_709476f6cd40,,VA,38.9480346,-77.5589842,nearest,101.21927533719204,8,7866483.0,2753.2,2753.167,5.3,Unclassified,24224 QUAIL RIDGE LANE,1205280000000.0,X,True,False,AREA OF MINIMAL FLOOD HAZARD,False
dc_533d38eafbc1,,VA,38.9500822,-77.5588677,nearest,81.42755366763183,1,51555554.0,153968.1,154031.5,,Unclassified,24244 QUAIL RIDGE LANE,1654387200000.0,X,True,False,AREA OF MINIMAL FLOOD HAZARD,
dc_c11c998fe76e,Amazon AWS Data Center,IN,41.670256,-86.471656,nearest,142.33597695223358,3,10109368.0,527.8,646.6274,,Residential,,1438560000000.0,X,True,False,AREA OF MINIMAL FLOOD HAZARD,
dc_66e21c80d487,Iron Mountain VA-6,VA,38.76827,-77.53869,none,,0,,,,,,,,X,True,False,AREA OF MINIMAL FLOOD HAZARD,
dc_789e4943512c,Ark Duluth Data Center,MN,46.8274678,-92.1304819,contains,0.0,3,878630.0,32047.2,32025.03,,Commercial,3401 TECHNOLOGY DRIVE,1553126400000.0,X,True,False,AREA OF MINIMAL FLOOD HAZARD,
dc_fd766e3bc945,Flexential Charlotte - North,NC,35.329773,-80.7657588,contains,0.0,4,15190538.0,62134.8,62134.73,6.9,Industrial,10105 DAVID TAYLOR DRIVE,1328745600000.0,X,True,False,AREA OF MINIMAL FLOOD HAZARD,False
dc_904e33ba7206,Equinix Ashburn DC6,VA,39.0152,-77.4588,nearest,15.397230874795875,16,7872679.0,60507.4,60507.3,8.62,Commercial,21731 FILIGREE COURT,1205280000000.0,X,True,False,AREA OF MINIMAL FLOOD HAZARD,False
dc_686beb9d707e,Equinix Ashburn DC4,VA,39.0164403,-77.4619542,contains,0.0,7,7872825.0,194683.4,194683.2,9.79,Commercial,21701 FILIGREE COURT,1205280000000.0,X,True,False,AREA OF MINIMAL FLOOD HAZARD,False
dc_a9ba7c984e27,,TX,29.5801522,-98.5413037,contains,0.0,24,29140630.0,35726.4,35726.39,5.76,Commercial,15103 HUEBNER RD,1351728000000.0,X,True,False,AREA OF MINIMAL FLOOD HAZARD,False
dc_61d80369f0b7,,IL,41.88855,-88.72183,none,,0,,,,,,,,X,True,False,AREA OF MINIMAL FLOOD HAZARD,
dc_e6bbbb28df9c,,IL,41.8893,-88.73103,none,,0,,,,,,,,X,True,False,AREA OF MINIMAL FLOOD HAZARD,
dc_fa02eedb0951,,IL,41.890305,-88.7266276,none,,0,,,,,,,,X,True,False,AREA OF MINIMAL FLOOD HAZARD,
dc_bdd81f74b166,Meta Gallatin Data Center,TN,36.4118,-86.367,nearest,172.60281510229132,1,6655356.0,5047.2,5043.572,,Government,1 META LOOP,1473206400000.0,X,True,False,AREA OF MINIMAL FLOOD HAZARD,
dc_3a4bdb026ecc,Meta Gallatin Data Center,TN,36.4061,-86.3666,none,,0,,,,,,,,X,True,False,AREA OF MINIMAL FLOOD HAZARD,
dc_6f3b49e3d03a,Google,NE,41.1379084,-96.1514321,none,,0,,,,,,,,X,True,False,AREA OF MINIMAL FLOOD HAZARD,
dc_139e10563e60,,CA,37.3706431,-121.9744825,contains,0.0,19,15731920.0,111468.5,111468.4,7.04,Industrial,,1349049600000.0,X,True,False,0.2 PCT ANNUAL CHANCE FLOOD HAZARD,False
dc_c99149f78d34,Vantage Santa Clara CA2,CA,37.3640012,-121.94689,nearest,7.371164246906652,35,15719783.0,29418.3,29418.31,7.1,Residential,,1349049600000.0,X,True,False,AREA WITH REDUCED FLOOD RISK DUE TO LEVEE,False
dc_4f36c545582c,Digital Realty Silicon Valley SJC37,CA,37.3709193,-121.9472166,contains,0.0,12,15732556.0,181056.5,181056.3,6.92,Industrial,,1349049600000.0,AH,True,True,,False
dc_1d940d38b3eb,Switch Las Vegas 12,NV,36.0579919,-115.2103279,nearest,164.65987937285306,3,2112046.0,325116.7,325116.4,10.39,Commercial,,1393977600000.0,X,True,False,0.2 PCT ANNUAL CHANCE FLOOD HAZARD,False
dc_68ec06e28857,QTS,AZ,33.4646803,-111.9975601,nearest,130.9497448046209,12,11006572.0,3939.7,3939.679,7.14,Residential,3850 EAST MCDOWELL ROAD,1412467200000.0,X,True,False,0.2 PCT ANNUAL CHANCE FLOOD HAZARD,False
dc_becc405617af,,IL,42.0230805,-87.9614627,nearest,31.67529875544322,13,34599184.0,66380.8,66380.79,6.61,Residential,1600 OAKTON STREET,1321315200000.0,X,True,False,AREA OF MINIMAL FLOOD HAZARD,False
dc_f152760b1463,NTT,TX,32.98098,-96.6595,nearest,171.4081165365734,2,30204113.0,22836.3,22836.29,8.8,Commercial,5535 NORTHMOOR DR,1435708800000.0,X,True,False,AREA OF MINIMAL FLOOD HAZARD,False
dc_e1a3bd223170,NTT,TX,32.9813,-96.6586,nearest,123.00236619899535,4,37292446.0,2626.7,2627.736,,Commercial,5535 NORTHMOOR DR,1654992000000.0,X,True,False,AREA OF MINIMAL FLOOD HAZARD,
dc_dd0e72c403c9,Digital Realty Northern Virginia IAD44,VA,38.961019,-77.491648,nearest,37.16212807218813,4,51097520.0,21159.9,21167.23,,Commercial,43704 EFFICIENCY DRIVE,1655424000000.0,X,True,False,AREA OF MINIMAL FLOOD HAZARD,
dc_710f9439619a,Centersquare Ashburn IAD4 Data Center,VA,39.0219969,-77.4532002,nearest,12.46824243549791,9,7873684.0,1414.8,1414.839,6.87,Commercial,21571 BEAUMEADE CIRCLE,1205280000000.0,X,True,False,AREA OF MINIMAL FLOOD HAZARD,False
dc_2603730d0b62,Microsoft,IA,41.49581,-93.78705,none,,0,,,,,,,,X,True,False,AREA OF MINIMAL FLOOD HAZARD,
dc_553e538d8ae8,Microsoft,IA,41.4947497,-93.7870201,none,,0,,,,,,,,X,True,False,AREA OF MINIMAL FLOOD HAZARD,
dc_d8f1873aaf3c,Apple,IA,41.6168519,-93.9243968,nearest,52.14961044680448,8,1072470.0,1401.9,1400.997,,Unclassified,,1503446400000.0,X,True,False,AREA OF MINIMAL FLOOD HAZARD,
dc_4b71e4693405,,VA,38.9498414,-77.549551,none,,0,,,,,,,,X,True,False,AREA OF MINIMAL FLOOD HAZARD,
dc_b297a9da2ee8,,OH,40.2223,-83.041,contains,0.0,3,346786.0,32389.5,32253.67,,Commercial,268 GREIF PARKWAY,1546646400000.0,X,True,False,AREA OF MINIMAL FLOOD HAZARD,
dc_0ca47c2bf6c5,DC BLOX Myrtle Beach Cable Landing Station,SC,33.67461,-78.94388,none,,0,,,,,,,,X,True,False,AREA OF MINIMAL FLOOD HAZARD,
dc_003ce6cf7b7b,Tahoe Reno 3,NV,39.5115198,-119.4833058,none,,0,,,,,,,,X,True,False,AREA OF MINIMAL FLOOD HAZARD,
dc_ce6ae3a25086,,VA,39.06602,-77.55857,contains,0.0,7,51115903.0,27431.7,27442.89,,Unclassified,,1710374400000.0,X,True,False,AREA OF MINIMAL FLOOD HAZARD,
dc_466154b3dc5e,Nautilus Cryptomine,PA,41.0826255,-76.1514194,none,,0,,,,,,,,X,True,False,AREA OF MINIMAL FLOOD HAZARD,
dc_94f25c0bbaa4,Nautilus Cryptomine,PA,41.0833385,-76.1514461,none,,0,,,,,,,,X,True,False,AREA OF MINIMAL FLOOD HAZARD,
dc_c97789fd9abd,Amazon AWS PHL,PA,41.08491,-76.14337,none,,0,,,,,,,,X,True,False,AREA OF MINIMAL FLOOD HAZARD,
dc_57e09c860fe5,,NE,41.341966,-96.08879,none,,0,,,,,,,,X,True,False,AREA OF MINIMAL FLOOD HAZARD,
dc_e63c56f58572,Meta,NM,34.82586,-106.78139,nearest,194.16748207653154,1,2444908.0,1483.6,1483.399,,Unclassified,,1514419200000.0,X,True,False,AREA OF MINIMAL FLOOD HAZARD,
dc_3e79fab29b39,DataBank,MN,45.143818,-93.387077,nearest,113.01375774693736,2,9266568.0,185239.4,185095.6,,Industrial,10301 XYLON AVENUE NORTH,1534291200000.0,X,True,False,AREA OF MINIMAL FLOOD HAZARD,
dc_7cf9062a50bd,Vantage WA13,WA,47.24742,-119.81387,nearest,87.63171920692659,5,6165081.0,692.0,692.2649,,Unclassified,,1513987200000.0,X,True,False,AREA OF MINIMAL FLOOD HAZARD,
dc_906a3c0aa1a3,Amazon IAD-165,VA,38.9227671,-77.4278721,nearest,11.055780152715412,3,7908628.0,154700.3,154700.2,12.82,Commercial,13600 EDS DRIVE,1205280000000.0,X,True,False,AREA OF MINIMAL FLOOD HAZARD,True
dc_5b99fee65568,Amazon IAD-166,VA,38.9211238,-77.4265432,nearest,78.72241944439021,5,7908628.0,154700.3,154700.2,12.82,Commercial,13600 EDS DRIVE,1205280000000.0,X,True,False,AREA OF MINIMAL FLOOD HAZARD,True
dc_cffa148c7175,Amazon IAD-167,VA,38.9227105,-77.4263036,nearest,30.37046014953417,4,7908628.0,154700.3,154700.2,12.82,Commercial,13600 EDS DRIVE,1205280000000.0,X,True,False,AREA OF MINIMAL FLOOD HAZARD,True
dc_8e7d1266b66c,CyrusOne SAT10 & SAT11,TX,29.4182209,-98.7878367,nearest,26.65391107085658,5,32522111.0,129324.5,129222.3,,Commercial,14719 OMICRON DRIVE,1672185600000.0,X,True,False,AREA OF MINIMAL FLOOD HAZARD,
dc_bb9e276ee8a3,Amazon,TX,29.45093,-98.63879,contains,0.0,10,32344432.0,115970.2,115880.9,,Unclassified,1511 NORTHWEST CROSSROADS,1636156800000.0,X,True,False,AREA OF MINIMAL FLOOD HAZARD,
dc_ec3ac5883e2e,,TX,29.4186,-98.78826,nearest,27.965899576491466,3,32522111.0,129324.5,129222.3,,Commercial,14719 OMICRON DRIVE,1672185600000.0,X,True,False,AREA OF MINIMAL FLOOD HAZARD,
dc_1b52528a2400,Csquare SFO4,CA,37.3757651,-121.9562701,nearest,2.262414251387377,22,1762917.0,1121.4,1031.993,,Unclassified,,1526169600000.0,X,True,False,0.2 PCT ANNUAL CHANCE FLOOD HAZARD,
dc_ac16fc556bbf,Sentinel Data Centers,VA,39.0004483,-77.4607956,nearest,105.07007378136726,4,51492497.0,109761.0,109795.8,,Unclassified,22275 LOCKRIDGE ROAD,1710374400000.0,X,True,False,AREA OF MINIMAL FLOOD HAZARD,
dc_a824cf17055c,,VA,38.99955,-77.46095,nearest,5.9358213072722235,5,51492497.0,109761.0,109795.8,,Unclassified,22275 LOCKRIDGE ROAD,1710374400000.0,X,True,False,AREA OF MINIMAL FLOOD HAZARD,
dc_8517c7de8a9c,Digital Realty IAD43 (Building S),VA,39.0019,-77.4529,contains,0.0,3,51671428.0,198141.9,198203.4,,Commercial,44820 PRENTICE DRIVE,1710374400000.0,X,True,False,AREA OF MINIMAL FLOOD HAZARD,
dc_521feae1aae7,Vantage VA2,VA,38.997949,-77.4302306,nearest,60.22245182107467,11,7939922.0,1968.0,1968.012,2.61,Commercial,,1205280000000.0,X,True,False,AREA OF MINIMAL FLOOD HAZARD,False
dc_6c4275f57202,CyrusOne Cincinnati-Hamilton CIN4,OH,39.38495,-84.56688,contains,0.0,4,3080175.0,144920.6,144150.3,,Commercial,,1521936000000.0,X,True,False,AREA OF MINIMAL FLOOD HAZARD,
dc_74688765b678,DataBank Santa Clara SFO1,CA,37.4073026,-121.9659803,contains,0.0,21,15796359.0,26699.6,26699.57,6.89,Unclassified,,1349049600000.0,X,True,False,AREA WITH REDUCED FLOOD RISK DUE TO LEVEE,False
dc_d79e66e14276,NTT PH1 Datacenter,AZ,33.35004,-111.60859,nearest,86.57617785646927,1,4473152.0,1682.4,1693.356,,Agriculture,,1507507200000.0,D,True,False,,
dc_abb2744b3a0e,Iron Mountain AZP-1,AZ,33.4547261,-111.9762182,contains,0.0,10,11649208.0,504268.8,504268.4,12.13,Commercial,615 NORTH 48TH STREET,1412467200000.0,X,True,False,0.2 PCT ANNUAL CHANCE FLOOD HAZARD,True
dc_3220818536c7,PTC,OR,44.7752235,-122.6159312,contains,0.0,78,1515121.0,3365.0,3362.375,,Industrial,,1533859200000.0,X,True,False,AREA OF MINIMAL FLOOD HAZARD,
dc_21b651e90066,,IA,41.51586,-93.72031,none,,0,,,,,,,,X,True,False,AREA OF MINIMAL FLOOD HAZARD,
dc_1ae3762b7463,,IA,41.51686,-93.71977,none,,0,,,,,,,,X,True,False,AREA OF MINIMAL FLOOD HAZARD,
dc_10fa54833aa4,CenturyLink,MO,39.7440482,-93.997376,nearest,7.773659536704016,66,4178220.0,24689.3,24689.22,,Commercial,,1437091200000.0,X,True,False,AREA OF MINIMAL FLOOD HAZARD,
dc_5255a71086fb,,AZ,33.3532147,-111.6780333,none,,0,,,,,,,,X,True,False,0.2 PCT ANNUAL CHANCE FLOOD HAZARD,
dc_18348e8eb436,Amazon Web Services,OR,45.88003,-119.34171,nearest,110.13688931561262,1,3324855.0,988.9,988.9284,,Agriculture,,1509148800000.0,D,True,False,,
dc_679ff5ffd2c5,Amazon Web Services,OR,45.8825302,-119.3396948,none,,0,,,,,,,,D,True,False,,
dc_9f6f0a48ddbb,,OH,40.0592384,-82.7626774,none,,0,,,,,,,,X,True,False,AREA OF MINIMAL FLOOD HAZARD,
dc_11f8cf85f74c,Microsoft,IA,41.5339161,-93.863439,none,,0,,,,,,,,A,True,True,,
dc_18dc72c9dac5,Microsoft,IA,41.53284,-93.86346,none,,0,,,,,,,,A,True,True,,
dc_eee0a9900e19,Microsoft,IA,41.531814,-93.8634426,none,,0,,,,,,,,A,True,True,,
dc_1fe64519a772,Flexential Las Vegas - Downtown,NV,36.1686438,-115.1431445,contains,0.0,23,2302974.0,30277.2,30277.22,12.74,Commercial,,1393977600000.0,X,True,False,AREA OF MINIMAL FLOOD HAZARD,True
dc_e34d7f618094,,VA,38.737125,-77.826322,nearest,103.09730891722792,2,2052276.0,5270.7,4893.768,,Government,,1540857600000.0,X,True,False,AREA OF MINIMAL FLOOD HAZARD,
dc_9f2ca161d2a1,,VA,38.7382145,-77.8258682,nearest,199.73579088002603,1,2053113.0,2964.8,3027.018,,Residential,7578 BEAR WALLOW ROAD,1540857600000.0,X,True,False,AREA OF MINIMAL FLOOD HAZARD,
dc_6d22761134df,xAI Colossus,TN,35.06015,-90.15605,contains,0.0,1,546813.0,816538.4,817238.9,,Industrial,3231 PAUL R LOWRY ROAD,1508112000000.0,X,True,False,AREA WITH REDUCED FLOOD RISK DUE TO LEVEE,
dc_e1b3a8f32643,CloudHQ,VA,39.0026,-77.472,contains,0.0,4,51660440.0,440153.4,440297.3,,Commercial,,1710374400000.0,X,True,False,AREA OF MINIMAL FLOOD HAZARD,
dc_7f4a4b98d21f,T5@Cleveland,OH,41.4426221,-81.8022998,nearest,0.32655421471544577,15,9576914.0,237985.0,237984.8,9.36,Commercial,4100 WEST 150 STREET,1282003200000.0,X,True,False,AREA OF MINIMAL FLOOD HAZARD,False
dc_1939617702b6,Databank LGA3,NY,41.0397,-73.9897,nearest,16.755833340029874,13,2567991.0,2226.5,2225.081,,Commercial,2000 CORPORATE DRIVE,1516492800000.0,X,True,False,AREA OF MINIMAL FLOOD HAZARD,
dc_3602336d3d9e,Amazon Web Services,OH,40.102426,-82.7501414,nearest,166.49877620130127,2,2139105.0,1318.9,1506.499,,Unclassified,3304 BEECH ROAD NORTHWEST,1546646400000.0,X,True,False,AREA OF MINIMAL FLOOD HAZARD,
dc_bfa1717c079a,Amazon Web Services,OH,40.1019552,-82.7519122,nearest,37.083134690979776,8,2139105.0,1318.9,1506.499,,Unclassified,3304 BEECH ROAD NORTHWEST,1546646400000.0,X,True,False,AREA OF MINIMAL FLOOD HAZARD,
dc_e11210b1487c,Amazon Web Services,OH,40.0942,-82.7321,none,,0,,,,,,,,,False,,,
dc_33991d604090,Amazon Web Services,OH,40.0943973,-82.7292787,none,,0,,,,,,,,,False,,,
dc_3f57a6a92dfe,Amazon Web Services,OH,40.095578,-82.732088,nearest,197.650936823789,1,2136931.0,3363.3,3431.019,,Residential,12852 JUG STREET ROAD NORTHWEST,1546646400000.0,,False,,,
dc_06bbdd2a31eb,Google NBY-5,OH,40.0565,-82.7722,nearest,173.35797559606908,1,2122524.0,1978.3,1913.595,,Unclassified,5128 BABBITT ROAD,1546646400000.0,X,True,False,AREA OF MINIMAL FLOOD HAZARD,
dc_a1f012a7d971,Google NBY-6,OH,40.0539595,-82.7675946,none,,0,,,,,,,,X,True,False,AREA OF MINIMAL FLOOD HAZARD,
dc_1963a1dab74f,LCO DCB 1,OH,40.0614927,-82.7405524,none,,0,,,,,,,,X,True,False,AREA OF MINIMAL FLOOD HAZARD,
dc_295bde3d8f29,LCO DCB 2,OH,40.0652296,-82.7411681,none,,0,,,,,,,,X,True,False,AREA OF MINIMAL FLOOD HAZARD,
dc_45a9d34cb56f,Amazon Web Services,OH,40.1357888,-83.212641,nearest,86.3763943537712,5,317120.0,2307.3,2417.935,,Unclassified,,1407628800000.0,X,True,False,AREA OF MINIMAL FLOOD HAZARD,
dc_3341e1570713,Amazon Web Services,OH,40.1200638,-83.1993191,nearest,101.6823765512778,3,286668.0,3164.4,3207.972,,Residential,8567 WARNER ROAD,1407628800000.0,X,True,False,AREA OF MINIMAL FLOOD HAZARD,
dc_62ad4ef31871,Amazon Web Services,OH,40.1193,-83.20323,nearest,160.46568555338243,1,286138.0,2109.6,2100.742,,Unclassified,,1407628800000.0,X,True,False,AREA OF MINIMAL FLOOD HAZARD,
dc_5e45345b536d,Amazon Web Services,OH,40.11805,-83.2025,none,,0,,,,,,,,X,True,False,AREA OF MINIMAL FLOOD HAZARD,
dc_a97ad74f1324,Amazon Web Services,OH,40.05018,-83.17552,none,,0,,,,,,,,X,True,False,AREA OF MINIMAL FLOOD HAZARD,
dc_c4278b67d2a7,Amazon Web Services,OH,40.0515221,-83.1757154,nearest,144.19811653590187,1,204696.0,593.3,658.5024,,Residential,4701 LEPPERT ROAD,1407628800000.0,X,True,False,AREA OF MINIMAL FLOOD HAZARD,
dc_1d3d51cfc269,Amazon Web Services,OH,40.01659,-83.12585,none,,0,,,,,,,,X,True,False,AREA OF MINIMAL FLOOD HAZARD,
dc_7265e2ab382c,Amazon Web Services,OH,40.0210134,-83.1260205,nearest,137.0684924036449,12,9830906.0,1947.9,1947.855,4.33,Residential,3428 DARBY GLEN BOULEVARD,1301616000000.0,X,True,False,AREA OF MINIMAL FLOOD HAZARD,False
dc_38ee88266071,Amazon Web Services,OR,45.8517,-119.6197,none,,0,,,,,,,,X,True,False,AREA OF MINIMAL FLOOD HAZARD,
dc_33100f7e2542,Amazon Web Services,OR,45.8530947,-119.61968,none,,0,,,,,,,,X,True,False,AREA OF MINIMAL FLOOD HAZARD,
dc_384a3561c678,Amazon Web Services,OR,45.8193,-119.632,none,,0,,,,,,,,X,True,False,AREA OF MINIMAL FLOOD HAZARD,
dc_f138bbd8bc1d,Amazon Web Services,OR,45.81929,-119.63626,none,,0,,,,,,,,X,True,False,AREA OF MINIMAL FLOOD HAZARD,
dc_d7d8441ed5db,Amazon Web Services,OR,45.8199495,-119.6368556,none,,0,,,,,,,,X,True,False,AREA OF MINIMAL FLOOD HAZARD,
dc_e58443614b83,Amazon Web Services,OR,45.810384,-119.268776,none,,0,,,,,,,,X,True,False,AREA OF MINIMAL FLOOD HAZARD,
dc_fb93b96e8ed9,Amazon Web Services,OR,45.8082769,-119.2686163,none,,0,,,,,,,,X,True,False,AREA OF MINIMAL FLOOD HAZARD,
dc_3a2713412dbf,Amazon Web Services,OR,45.799,-119.3617,nearest,172.58195932461444,2,3292677.0,2637.1,2637.174,,Industrial,,1509148800000.0,X,True,False,AREA OF MINIMAL FLOOD HAZARD,
dc_e33cbb7805bd,Amazon Web Services,OR,45.7996834,-119.3584242,nearest,97.68426165657304,2,3292811.0,1977.8,1977.854,,Agriculture,,1509148800000.0,X,True,False,AREA OF MINIMAL FLOOD HAZARD,
dc_3fee772ee31d,Amazon Web Services,OR,45.797835,-119.360508,none,,0,,,,,,,,X,True,False,AREA OF MINIMAL FLOOD HAZARD,
dc_0fe2a0efd4a5,CYS41 Datacenter,WY,41.1246,-104.8983,nearest,8.294289821459094,12,16000027.0,153654.6,153532.1,,Industrial,,1597017600000.0,X,True,False,AREA OF MINIMAL FLOOD HAZARD,
dc_cd516cae2531,CYS42 Datacenter,WY,41.12538,-104.90889,nearest,41.51780630112645,12,4163196.0,34178.5,34151.24,,Commercial,656 LOGISTICS DRIVE,1597017600000.0,X,True,False,AREA OF MINIMAL FLOOD HAZARD,
dc_eba87b29546a,xAI Macrohard Colossus 2,TN,34.9981,-90.03498,none,,0,,,,,,,,X,True,False,AREA OF MINIMAL FLOOD HAZARD,
dc_673b340833e9,,OK,35.56835,-95.51242,nearest,96.12353091071546,7,3405209.0,4612.8,4593.394,,Unclassified,,1451606400000.0,X,True,False,AREA OF MINIMAL FLOOD HAZARD,
dc_00e628ce6044,True North Data Centers,VA,39.0436134,-77.5372623,nearest,7.831154226722088,7,51110029.0,130791.3,130841.9,,Commercial,42590 THUNDERBALL DRIVE,1710374400000.0,X,True,False,AREA OF MINIMAL FLOOD HAZARD,
dc_bf2b1134f899,TikTok Data Center,VA,39.04425,-77.53796,contains,0.0,4,51110029.0,130791.3,130841.9,,Commercial,42590 THUNDERBALL DRIVE,1710374400000.0,X,True,False,AREA OF MINIMAL FLOOD HAZARD,
dc_c231fc51e3eb,Encompass Minneapolis Facility,MN,45.1321573,-93.0956156,nearest,8.020695269840214,4,11372492.0,2096.4,2094.734,4.18,Commercial,6221 HOLLY DRIVE,1335744000000.0,X,True,False,AREA OF MINIMAL FLOOD HAZARD,False
dc_5049ca57aab5,,KS,38.9391997,-94.8601851,none,,0,,,,,,,,X,True,False,AREA OF MINIMAL FLOOD HAZARD,
dc_1a859cfbdcb4,,OH,40.0526729,-83.1274235,none,,0,,,,,,,,X,True,False,AREA OF MINIMAL FLOOD HAZARD,
dc_e577fdae7a20,,WY,44.1892369,-105.6104802,none,,0,,,,,,,,X,True,False,AREA OF MINIMAL FLOOD HAZARD,
dc_cf3294ee628d,State of Montana Data Center,MT,46.4068846,-105.8206969,contains,0.0,17,5798804.0,9368.5,9361.898,,Unclassified,114 SOUTH HAYNES AVENUE,1440374400000.0,X,True,False,AREA OF MINIMAL FLOOD HAZARD,
dc_4ecbe50b2051,Switch Las Vegas 14,NV,36.0652076,-115.222045,none,,0,,,,,,,,X,True,False,0.2 PCT ANNUAL CHANCE FLOOD HAZARD,
dc_d6ad1ac37897,Google,NE,41.3393059,-96.0846572,nearest,153.12295408911388,4,3233577.0,882.3,882.9009,6.3,Residential,8425 NORTH 114TH STREET,1366848000000.0,X,True,False,AREA OF MINIMAL FLOOD HAZARD,False
dc_3e1e075b64ea,Google,NE,41.3419,-96.0877,none,,0,,,,,,,,X,True,False,AREA OF MINIMAL FLOOD HAZARD,
dc_a6b4531def62,Google,NE,41.3455,-96.09365,none,,0,,,,,,,,X,True,False,AREA OF MINIMAL FLOOD HAZARD,
dc_5f6e752e8332,,ND,46.0123214,-98.5730984,none,,0,,,,,,,,X,True,False,AREA OF MINIMAL FLOOD HAZARD,
dc_c6bcbe1b8a1f,,ND,46.0135016,-98.5716711,none,,0,,,,,,,,X,True,False,AREA OF MINIMAL FLOOD HAZARD,
dc_059baa53ed1a,,ND,46.0126411,-98.5744629,none,,0,,,,,,,,X,True,False,AREA OF MINIMAL FLOOD HAZARD,
dc_cc1a5c76c102,QTS NAL 2 DC1,OH,40.05574,-82.75645,none,,0,,,,,,,,,False,,,
dc_2c541c5c30d6,QTS NAL 2 DC2,OH,40.0531,-82.7566,none,,0,,,,,,,,,False,,,
dc_b1c8c36b01b9,QTS NAL1 DC2,OH,40.0636133,-82.7582273,nearest,170.99076211736494,1,2124512.0,1582.7,1520.064,,Unclassified,1690 BEECH ROAD SOUTHWEST,1546646400000.0,,False,,,
dc_a20930b79289,QTS NAL1 DC1,OH,40.0650012,-82.7581306,none,,0,,,,,,,,,False,,,
dc_21b4adeddde5,,IL,41.79538,-88.24696,nearest,110.98303845147508,2,22862581.0,1121.4,1261.317,,Residential,130 MOLITOR ROAD,1462406400000.0,X,True,False,AREA OF MINIMAL FLOOD HAZARD,
dc_53100ad6729e,Google,TX,32.5390042,-96.7932072,none,,0,,,,,,,,X,True,False,AREA OF MINIMAL FLOOD HAZARD,
dc_3fbc71924de1,Compass Data Center,TX,32.545504,-96.802207,nearest,138.50669748560244,1,14376392.0,593.2,719.1572,,Agriculture,600 HOUSTON SCHOOL RD,1616457600000.0,X,True,False,AREA OF MINIMAL FLOOD HAZARD,
dc_073b5a543445,Compass Data Center,TX,32.5442,-96.8022,none,,0,,,,,,,,X,True,False,AREA OF MINIMAL FLOOD HAZARD,
dc_a53b0f3f5d96,Compass Data Center,TX,32.5428991,-96.8021938,nearest,172.63646172198617,1,14371891.0,3345.1,3186.239,,Agriculture,481 NORTH AUSTIN BOULEVARD,1616457600000.0,X,True,False,AREA OF MINIMAL FLOOD HAZARD,
dc_81873e5cdfa0,Compass Data Center,TX,32.5415885,-96.8022074,nearest,105.85827847578128,1,14371891.0,3345.1,3186.239,,Agriculture,481 NORTH AUSTIN BOULEVARD,1616457600000.0,X,True,False,AREA OF MINIMAL FLOOD HAZARD,
dc_cb4c961a9958,Compass Data Center,TX,32.5402764,-96.8022204,nearest,172.5158033668257,2,14371891.0,3345.1,3186.239,,Agriculture,481 NORTH AUSTIN BOULEVARD,1616457600000.0,X,True,False,AREA OF MINIMAL FLOOD HAZARD,
dc_fb27816330e8,Compass Data Center,TX,32.5426759,-96.793719,none,,0,,,,,,,,X,True,False,AREA OF MINIMAL FLOOD HAZARD,
dc_e95c9536a835,Compass Data Center,TX,32.543994,-96.793719,none,,0,,,,,,,,X,True,False,AREA OF MINIMAL FLOOD HAZARD,
dc_1ef21e9efb64,Compass Data Center,TX,32.5452986,-96.7937562,none,,0,,,,,,,,X,True,False,AREA OF MINIMAL FLOOD HAZARD,
dc_dcfd9a467a8b,Compass Data Center,TX,32.544711,-96.788648,nearest,178.99433082938293,1,21933989.0,2306.9,2483.758,,Residential,1518 WEST REINDEER ROAD,1616457600000.0,X,True,False,AREA OF MINIMAL FLOOD HAZARD,
dc_802db22e67f1,Compass Data Center,TX,32.5452921,-96.7883821,nearest,114.22987138939989,2,21933989.0,2306.9,2483.758,,Residential,1518 WEST REINDEER ROAD,1616457600000.0,X,True,False,AREA OF MINIMAL FLOOD HAZARD,
dc_bcd0a6c2165d,Amazon IAD-168,VA,38.9231403,-77.4249774,nearest,36.87465618550768,13,51487140.0,1407.3,1407.722,,Commercial,,1655424000000.0,X,True,False,AREA OF MINIMAL FLOOD HAZARD,
dc_3d890dc6520c,Amazon IAD-500,VA,38.936,-77.4243,nearest,0.351624127785231,12,7916139.0,143226.1,143226.0,7.35,Commercial,13874 REDSKIN DRIVE,1205280000000.0,X,True,False,AREA OF MINIMAL FLOOD HAZARD,False
dc_7c029fb06937,Google NBY-7,OH,40.0539392,-82.7639185,none,,0,,,,,,,,,False,,,
dc_f568eee20c17,Vantage Building 1,OH,40.1025,-82.74695,none,,0,,,,,,,,X,True,False,AREA OF MINIMAL FLOOD HAZARD,
dc_1491711e475b,Vantage Building 2,OH,40.1005303,-82.7471193,nearest,85.42705843955503,3,2138409.0,2308.1,2442.952,,Residential,,1546646400000.0,X,True,False,AREA OF MINIMAL FLOOD HAZARD,
dc_4a8c1543df7d,Vantage Building 3,OH,40.0987619,-82.7472449,nearest,66.2072272107042,3,2138193.0,593.5,624.3139,,Residential,,1546646400000.0,X,True,False,AREA OF MINIMAL FLOOD HAZARD,
dc_dad966852eb4,Microsoft,WA,47.2385928,-119.8874148,contains,0.0,9,7000744.0,149141.5,149197.2,,Commercial,,1513987200000.0,X,True,False,AREA OF MINIMAL FLOOD HAZARD,
dc_990f669f9ec2,,TX,29.44968,-98.7144036,nearest,130.2475947615752,4,32376788.0,17363.3,17349.72,,Commercial,11123 W MILITARY DR,1672185600000.0,X,True,False,AREA OF MINIMAL FLOOD HAZARD,
dc_9b9f99566927,,TX,29.4499,-98.7141,nearest,127.02879338037842,4,4752506.0,890.7,812.3385,,Commercial,1619 W LOOP 1604 N,1587859200000.0,X,True,False,AREA OF MINIMAL FLOOD HAZARD,
dc_080f1a37f4e4,,TX,29.4522303,-98.7140639,none,,0,,,,,,,,X,True,False,AREA OF MINIMAL FLOOD HAZARD,
dc_f0527c78fab7,,MO,39.3226315,-94.5947952,none,,0,,,,,,,,X,True,False,AREA OF MINIMAL FLOOD HAZARD,
dc_06b6217194bb,CloudHQ LC3,VA,39.0112,-77.4604,contains,0.0,4,50979287.0,260553.8,260636.4,,Unclassified,44631 WAXPOOL ROAD,1710374400000.0,X,True,False,AREA OF MINIMAL FLOOD HAZARD,
dc_5e9834409f88,Google,OR,45.6231,-121.2067,nearest,64.45840187391995,5,3205327.0,21433.8,21426.93,,Industrial,,1536451200000.0,,False,,,
dc_b15a9ac2dbba,Alinged Data Center DFW-03,TX,32.55,-97.0749,nearest,175.0180529756105,1,14378458.0,1977.8,1924.257,,Agriculture,,1616457600000.0,X,True,False,AREA OF MINIMAL FLOOD HAZARD,
dc_227328ca29fa,,VA,39.05598,-77.54733,nearest,157.62027003583364,1,51113288.0,1355.7,1356.247,,Commercial,,1710374400000.0,X,True,False,AREA OF MINIMAL FLOOD HAZARD,
dc_d9595069df1d,,VA,39.0577971,-77.546734,none,,0,,,,,,,,X,True,False,AREA OF MINIMAL FLOOD HAZARD,
dc_45594dea9379,,VA,39.0821895,-77.5651208,nearest,129.80105550070886,4,51128512.0,3177.4,3178.735,,Unclassified,595 COMPASS POINT PLAZA SOUTHEAST,1654387200000.0,X,True,False,AREA OF MINIMAL FLOOD HAZARD,
dc_5040856febf7,NTT Chicago CH3,IL,41.98758,-88.010887,nearest,25.87738521398238,2,34580868.0,27908.2,27908.18,15.79,Commercial,333 PIERCE ROAD,1321315200000.0,X,True,False,0.2 PCT ANNUAL CHANCE FLOOD HAZARD,True
dc_becfb5c153fe,NTT Chicago CH4,IL,41.9891013,-88.0047584,nearest,18.064958135009437,9,34581086.0,28793.7,28793.65,18.88,Commercial,1250 ARLINGTON HEIGHTS ROAD,1321315200000.0,X,True,False,AREA OF MINIMAL FLOOD HAZARD,True
dc_590024763fae,Microsoft Data Center 2,VA,38.7999718,-77.5833485,nearest,90.64974598530651,3,50257631.0,1331.4,1332.038,,Unclassified,13720 UNIVERSITY BOULEVARD,1654387200000.0,X,True,False,AREA OF MINIMAL FLOOD HAZARD,
dc_42e5e1f19e3b,,OH,40.0207739,-83.1241809,none,,0,,,,,,,,X,True,False,AREA OF MINIMAL FLOOD HAZARD,
dc_4360cc6ad80d,,OH,40.021203,-83.1231884,none,,0,,,,,,,,X,True,False,AREA OF MINIMAL FLOOD HAZARD,
dc_803d715f084d,PowerHouse CTP-02,VA,37.36059,-77.3257,nearest,82.80101944272751,2,51645405.0,256586.2,256649.3,,Commercial,1401 MEADOWVILLE TECH PARKWAY,1644537600000.0,X,True,False,AREA OF MINIMAL FLOOD HAZARD,
dc_3678db5e848c,,MN,44.7347591,-93.0618605,none,,0,,,,,,,,X,True,False,AREA OF MINIMAL FLOOD HAZARD,
dc_3d1532ca066a,,MN,44.7345345,-93.0648906,none,,0,,,,,,,,X,True,False,AREA OF MINIMAL FLOOD HAZARD,
dc_d2de6bd1654c,NTT RagingWire DC - Hillsboro,OR,45.5480793,-122.9377875,contains,0.0,6,3639376.0,208881.4,208714.5,,Industrial,,1564790400000.0,X,True,False,AREA OF MINIMAL FLOOD HAZARD,
dc_31978bedd946,,IA,41.514853,-93.7208856,none,,0,,,,,,,,X,True,False,AREA OF MINIMAL FLOOD HAZARD,
dc_6cff6c8c0f96,,IA,41.5138877,-93.7214096,none,,0,,,,,,,,X,True,False,AREA OF MINIMAL FLOOD HAZARD,
dc_3e38f37da8cc,IONIC Digital Cedarvale,TX,31.5139,-103.4488,contains,0.0,5,31352052.0,62127.1,62351.35,,Agriculture,,1686528000000.0,,False,,,
dc_4cb7cf3af123,,ID,43.4631415,-116.2682325,none,,0,,,,,,,,X,True,False,AREA OF MINIMAL FLOOD HAZARD,
dc_dd03aab3ce8e,,ID,43.4633361,-116.2720949,none,,0,,,,,,,,X,True,False,AREA OF MINIMAL FLOOD HAZARD,
dc_0effc7beed6d,East Kentucky Network Datacenter,KY,37.6001856,-82.6787687,nearest,101.93953858770331,3,1304811.0,2769.8,2769.027,,Commercial,201 TECHNOLOGY TRAILS,1523404800000.0,X,True,False,AREA OF MINIMAL FLOOD HAZARD,
dc_ff5f3d1e936c,,AZ,33.3471979,-111.6324603,none,,0,,,,,,,,X,True,False,0.2 PCT ANNUAL CHANCE FLOOD HAZARD,
dc_2a63d0b145ad,,AZ,33.3463331,-111.6289144,none,,0,,,,,,,,X,True,False,0.2 PCT ANNUAL CHANCE FLOOD HAZARD,
dc_204d8cf6c427,,AZ,33.347189,-111.6257923,none,,0,,,,,,,,X,True,False,0.2 PCT ANNUAL CHANCE FLOOD HAZARD,
dc_4ccb2c1d6e95,,TX,31.1941757,-94.7967665,nearest,146.0601046463228,1,14605029.0,659.3,624.7114,,Unclassified,801 PINE VALLEY RD,1548720000000.0,X,True,False,AREA OF MINIMAL FLOOD HAZARD,
dc_6908e0a4116d,Google,TX,32.4402,-97.06085,none,,1,,,,,,,,X,True,False,AREA OF MINIMAL FLOOD HAZARD,
dc_145f8eb38f08,Newrays Two LLC Mining,TN,36.3270316,-88.3200731,none,,0,,,,,,,,X,True,False,AREA OF MINIMAL FLOOD HAZARD,
dc_effe5dd6b5df,,VA,39.0552634,-77.5447851,none,,0,,,,,,,,X,True,False,AREA OF MINIMAL FLOOD HAZARD,
dc_d13459ca6718,,VA,39.0540969,-77.545995,nearest,155.1286322765095,1,51113288.0,1355.7,1356.247,,Commercial,,1710374400000.0,X,True,False,AREA OF MINIMAL FLOOD HAZARD,
dc_b3d26444c787,,VA,39.0512,-77.5347,nearest,121.47044525334377,5,2130580.0,5535.9,5743.033,,Commercial,20480 GOOSE LANDING LANE,1467417600000.0,X,True,False,AREA OF MINIMAL FLOOD HAZARD,
dc_b9607f6a4899,EdgeCore Silicon Valley,CA,37.3837192,-121.9654044,nearest,23.700379060355324,12,15756268.0,129395.5,129395.3,11.37,Industrial,,1349049600000.0,X,True,False,AREA WITH REDUCED FLOOD RISK DUE TO LEVEE,False
dc_949ff6edb0fd,STACK SVY02,CA,37.3619343,-121.9537306,contains,0.0,61,15715385.0,150557.4,150557.2,7.35,Industrial,,1349049600000.0,X,True,False,AREA WITH REDUCED FLOOD RISK DUE TO LEVEE,False
dc_4522ee78b5e3,Amazon AWS SAT - 12807 Donop,TX,29.2930099,-98.3915987,none,,0,,,,,,,,X,True,False,AREA OF MINIMAL FLOOD HAZARD,
dc_75378fd737b2,Prime DFW01-01,TX,32.83751,-96.879424,nearest,30.176140675714684,10,29723887.0,108395.4,108395.3,4.91,Industrial,1460 ROUND TABLE DR,1435708800000.0,X,True,False,AREA WITH REDUCED FLOOD RISK DUE TO LEVEE,False
dc_a40902f66f87,Google,VA,38.7793049,-77.5863352,none,,0,,,,,,,,X,True,False,AREA OF MINIMAL FLOOD HAZARD,
dc_924134c2a4de,QTS Data Center - Hillsboro 3,OR,45.5719248,-122.918438,nearest,62.82392729350754,10,3646144.0,2771.2,2768.995,,Residential,,1564790400000.0,X,True,False,AREA OF MINIMAL FLOOD HAZARD,
dc_a2925ffcf201,QTS Data Center - Hillsboro 3,OR,45.5684,-122.9199,nearest,119.33584448512359,10,3645908.0,1484.6,1483.406,,Commercial,,1564790400000.0,X,True,False,AREA OF MINIMAL FLOOD HAZARD,
dc_104426d2e73e,,WA,47.2401708,-119.8632652,contains,0.0,3,7000749.0,512663.3,512844.9,,Industrial,,1513987200000.0,X,True,False,AREA OF MINIMAL FLOOD HAZARD,
dc_254519e1eeb7,SPC4A,TN,36.62406,-87.25691,nearest,53.25366273830122,3,7283448.0,1847.4,1845.997,,Industrial,,1533945600000.0,X,True,False,AREA OF MINIMAL FLOOD HAZARD,
dc_5275a77e506f,,IN,41.6885485,-86.4730506,none,,0,,,,,,,,X,True,False,AREA OF MINIMAL FLOOD HAZARD,
dc_0499ba5ee08a,,IN,41.6885306,-86.4698642,none,,0,,,,,,,,X,True,False,AREA OF MINIMAL FLOOD HAZARD,
dc_94adf4e278f3,,IN,41.692058,-86.4648908,nearest,176.70633511446388,1,10112967.0,1385.5,1396.261,,Residential,30750 EDISON ROAD,1438560000000.0,X,True,False,AREA OF MINIMAL FLOOD HAZARD,
dc_804db6bb2305,,IN,41.6885384,-86.4718825,none,,0,,,,,,,,X,True,False,AREA OF MINIMAL FLOOD HAZARD,
dc_951ab6bcefa0,,IN,41.6885566,-86.475061,none,,0,,,,,,,,X,True,False,AREA OF MINIMAL FLOOD HAZARD,
dc_d6b57c7d2f07,,IN,41.6924747,-86.466384,nearest,58.97028767486931,3,10112967.0,1385.5,1396.261,,Residential,30750 EDISON ROAD,1438560000000.0,X,True,False,AREA OF MINIMAL FLOOD HAZARD,
dc_2046ccb217ea,,IN,41.6920458,-86.4637145,none,,0,,,,,,,,X,True,False,AREA OF MINIMAL FLOOD HAZARD,
dc_2b393a3841c5,QTS,GA,33.4484,-84.5225,nearest,103.13565903114024,1,51773026.0,1149.8,1150.387,,Unclassified,,1644624000000.0,X,True,False,AREA OF MINIMAL FLOOD HAZARD,
dc_c46ca6c89e13,QTS,GA,33.4508851,-84.5236253,none,,0,,,,,,,,X,True,False,AREA OF MINIMAL FLOOD HAZARD,
dc_2baa37ae6f4f,,UT,40.2658623,-112.0194332,contains,0.0,15,10814790.0,10687.1,10680.5,,Commercial,,1566086400000.0,X,True,False,AREA OF MINIMAL FLOOD HAZARD,
dc_ddffff011e6b,,UT,40.2699,-112.0195,none,,0,,,,,,,,X,True,False,AREA OF MINIMAL FLOOD HAZARD,
dc_60550a4f2094,CyrusOne CHI3,IL,41.80285,-88.2474,none,,0,,,,,,,,X,True,False,AREA OF MINIMAL FLOOD HAZARD,
dc_955dd0d1f4c4,Edged Chicago ORD01,IL,41.8069309,-88.2410968,nearest,153.66703044843513,2,32003140.0,33411.0,34628.06,,Assembly,,1462406400000.0,X,True,False,AREA OF MINIMAL FLOOD HAZARD,
dc_c50964c22193,,VA,38.7771313,-77.5561679,nearest,55.408565898878884,10,7689727.0,3240.9,3240.941,3.88,Unclassified,8300 BUCKEYE TIMBER DRIVE,1205280000000.0,X,True,False,AREA OF MINIMAL FLOOD HAZARD,False
dc_332cf8bf4e95,Amazon IAD230,VA,38.988888,-77.44851,nearest,36.03024839880427,12,7869706.0,81678.3,81678.23,9.02,Commercial,22675 DULLES SUMMIT COURT,1205280000000.0,X,True,False,AREA OF MINIMAL FLOOD HAZARD,False
dc_a55b0ad0ecd4,,TX,33.1407,-96.6596,nearest,158.40561534519853,1,31616097.0,346020.4,346150.0,,Commercial,2300 CHELSEA BOULEVARD,1654992000000.0,X,True,False,AREA OF MINIMAL FLOOD HAZARD,
dc_a88013721ba7,Aligned Data Centers DFW-04,TX,33.00601,-96.65709,nearest,140.23627391874817,1,30280352.0,106938.8,106938.6,11.16,Commercial,4060 EAST PLANO PARKWAY,1435708800000.0,X,True,False,AREA OF MINIMAL FLOOD HAZARD,False
dc_7260fa89b9b2,Verizon Wireless,TN,36.2821754,-86.7971366,contains,0.0,4,6354851.0,57024.3,56979.14,,Unclassified,575 HICKORY HILLS BOULEVARD,1548028800000.0,X,True,False,AREA OF MINIMAL FLOOD HAZARD,
dc_1daa73860d72,Argo Data Center,TX,33.7746,-100.8691,none,,0,,,,,,,,,False,,,
dc_a4c02ff1ab9a,Switch: The Rock,TX,30.4880189,-97.6725256,nearest,121.38736772659976,9,36342942.0,8351.3,8347.921,,Unclassified,2303 S MAYS ST,1657065600000.0,X,True,False,AREA OF MINIMAL FLOOD HAZARD,
dc_10b5ea15f75c,DC6,VA,37.4852894,-77.2501822,none,,0,,,,,,,,X,True,False,AREA OF MINIMAL FLOOD HAZARD,
dc_4cde6afb83b5,DC5,VA,37.4847788,-77.2491092,none,,0,,,,,,,,X,True,False,AREA OF MINIMAL FLOOD HAZARD,
dc_ada093eb611f,DC4,VA,37.4839184,-77.2478145,none,,0,,,,,,,,X,True,False,AREA OF MINIMAL FLOOD HAZARD,
dc_026860356044,RIC2 DC1,VA,37.4881735,-77.2400618,none,,0,,,,,,,,X,True,False,AREA OF MINIMAL FLOOD HAZARD,
dc_ccce259deff1,RIC2 DC2,VA,37.48709,-77.24098,none,,0,,,,,,,,X,True,False,AREA OF MINIMAL FLOOD HAZARD,
dc_120e0272afcc,RIC2 DC3,VA,37.4860655,-77.2418909,nearest,164.71843365622794,1,1949776.0,1895.1,2099.147,,Unclassified,,1428796800000.0,X,True,False,AREA OF MINIMAL FLOOD HAZARD,
dc_4500391b9a8b,RIC2 DC5,VA,37.4848483,-77.2429836,nearest,152.42909859333585,1,1949776.0,1895.1,2099.147,,Unclassified,,1428796800000.0,X,True,False,AREA OF MINIMAL FLOOD HAZARD,
dc_69f514533469,RIC2 DC6,VA,37.4839006,-77.2437642,nearest,147.95971199028529,2,51102838.0,1074.5,1074.71,,Residential,3720 PORTUGEE ROAD,1644537600000.0,X,True,False,AREA OF MINIMAL FLOOD HAZARD,
dc_6fc77096a366,RIC3 DC1,VA,37.4805,-77.25162,none,,0,,,,,,,,X,True,False,AREA OF MINIMAL FLOOD HAZARD,
dc_5505e83a8a7d,RIC3 DC2,VA,37.4797266,-77.2522103,none,,0,,,,,,,,X,True,False,AREA OF MINIMAL FLOOD HAZARD,
dc_dfcdf261d966,RIC3 DC3,VA,37.48,-77.2523,none,,0,,,,,,,,X,True,False,AREA OF MINIMAL FLOOD HAZARD,
dc_ffee65abd862,RIC3 DC5,VA,37.4770151,-77.2496926,none,,0,,,,,,,,X,True,False,AREA OF MINIMAL FLOOD HAZARD,
dc_5daffb14e048,RIC3 DC4,VA,37.4779175,-77.2489773,none,,0,,,,,,,,X,True,False,AREA OF MINIMAL FLOOD HAZARD,
dc_a2483b687fe0,Tahoe Reno 4,NV,39.509868,-119.4830413,none,,0,,,,,,,,X,True,False,AREA OF MINIMAL FLOOD HAZARD,
dc_6227bf84afd6,Tahoe Reno 5,NV,39.5079,-119.48324,none,,0,,,,,,,,X,True,False,AREA OF MINIMAL FLOOD HAZARD,
dc_c23d657f1be3,,KS,37.2784058,-98.5884618,nearest,20.27500216220791,13,798948.0,7422.7,7416.999,,Commercial,,1500681600000.0,X,True,False,AREA OF MINIMAL FLOOD HAZARD,
dc_690df06e6539,,TX,31.05752,-97.29825,nearest,199.17972651138135,1,5798180.0,1632.0,1694.679,,Residential,2811 BOB WHITE ROAD,1459814400000.0,X,True,False,AREA OF MINIMAL FLOOD HAZARD,
dc_c89bb09da654,Google,OH,39.72411,-82.68757,none,,0,,,,,,,,X,True,False,AREA OF MINIMAL FLOOD HAZARD,
dc_fa46f751ca71,Amazon Web Services,OR,45.8538757,-119.6197258,none,,0,,,,,,,,X,True,False,AREA OF MINIMAL FLOOD HAZARD,
dc_feb977251d5e,Amazon Web Services,OR,45.8552336,-119.6197272,none,,0,,,,,,,,X,True,False,AREA OF MINIMAL FLOOD HAZARD,
dc_90b6d7cbc168,Amazon Web Services,OR,45.8117453,-119.268665,none,,0,,,,,,,,X,True,False,AREA OF MINIMAL FLOOD HAZARD,
dc_bf3a5359df1d,Amazon Web Services,OR,45.81038,-119.26867,none,,0,,,,,,,,X,True,False,AREA OF MINIMAL FLOOD HAZARD,
dc_38113ff13f32,Amazon Web Services,OR,45.8112095,-119.2782469,nearest,167.93416341503595,1,3294586.0,1648.3,1648.215,,Unclassified,,1537660800000.0,X,True,False,AREA OF MINIMAL FLOOD HAZARD,
dc_4661711aa91c,Crane DC - Portland,OR,45.5147872,-123.078828,nearest,102.52496941579366,8,3540220.0,4453.8,4450.189,,Unclassified,,1557446400000.0,X,True,False,AREA OF MINIMAL FLOOD HAZARD,
dc_cd16309c74e0,Percheron DC,OR,45.7113177,-119.8262349,none,,0,,,,,,,,X,True,False,AREA OF MINIMAL FLOOD HAZARD,
dc_de20ecdcfb85,Percheron DC,OR,45.7119338,-119.8247642,none,,0,,,,,,,,X,True,False,AREA OF MINIMAL FLOOD HAZARD,
dc_d4f155a2b9d4,Percheron DC,OR,45.7082722,-119.8222729,none,,0,,,,,,,,X,True,False,AREA OF MINIMAL FLOOD HAZARD,
dc_1d02d6941bfd,Percheron DC,OR,45.7093209,-119.8212121,none,,0,,,,,,,,X,True,False,AREA OF MINIMAL FLOOD HAZARD,
dc_707f7bff6b02,NYGC Chateaugay,NY,44.8930062,-74.0728813,nearest,15.182149467786344,4,4428027.0,12699.8,12691.34,,Industrial,7019 STATE ROUTE 374,1555459200000.0,,False,,,
dc_0888941918ee,Vantage Data Centers TX22,TX,29.47909,-98.6977,nearest,118.45099689754272,3,35327958.0,824.1,823.4407,,Agriculture,,1672185600000.0,X,True,False,AREA OF MINIMAL FLOOD HAZARD,
dc_01fc94cf15b9,,TX,29.470428,-98.698835,none,,0,,,,,,,,X,True,False,AREA OF MINIMAL FLOOD HAZARD,
dc_e985cd8a1feb,MDC,TX,31.7500067,-106.3099264,contains,0.0,72,29379589.0,9256.5,9256.471,4.08,Commercial,11455 CEDAR OAK DRIVE,1414800000000.0,X,True,False,AREA OF MINIMAL FLOOD HAZARD,False
dc_a9eeb2ecdcc1,,WI,42.6733205,-87.8968464,none,,0,,,,,,,,X,True,False,AREA OF MINIMAL FLOOD HAZARD,
dc_835c8b136700,,OR,45.8098,-119.8589,none,,0,,,,,,,,X,True,False,AREA OF MINIMAL FLOOD HAZARD,
dc_044a443dd7e2,Google,OR,45.6247767,-121.208428,nearest,133.92271220158258,3,3205938.0,527.6,527.4364,,Industrial,,1536451200000.0,,False,,,
dc_23dd70e27fd3,Amazon Web Services,MS,32.41193,-90.18784,none,,0,,,,,,,,X,True,False,AREA OF MINIMAL FLOOD HAZARD,
dc_2cc523155665,Amazon Web Services,MS,32.4119331,-90.1895198,none,,0,,,,,,,,X,True,False,AREA OF MINIMAL FLOOD HAZARD,
dc_aa437d7ed6c9,Amazon Web Services,MS,32.4119506,-90.1905464,none,,0,,,,,,,,X,True,False,AREA OF MINIMAL FLOOD HAZARD,
dc_945543dfe7d9,Amazon Web Services,MS,32.412351,-90.1922336,none,,0,,,,,,,,X,True,False,AREA OF MINIMAL FLOOD HAZARD,
dc_cb943ec8c29b,QTS,GA,33.46229,-84.52368,none,,0,,,,,,,,X,True,False,AREA OF MINIMAL FLOOD HAZARD,
dc_48932a950563,QTS,GA,33.4639934,-84.5291838,nearest,189.95997033430396,2,50626562.0,2795.9,2797.27,,Residential,,1644624000000.0,X,True,False,AREA OF MINIMAL FLOOD HAZARD,
dc_104eefb08c2e,,VA,38.7751744,-77.5399654,nearest,153.645620162025,2,7689594.0,126265.7,126265.6,8.43,Commercial,8326 BETHLEHEM ROAD,1205280000000.0,X,True,False,AREA OF MINIMAL FLOOD HAZARD,False
dc_74f020694462,Amazon Web Services,VA,38.789376,-77.5819732,nearest,1.172551937707662,32,2100637.0,527.2,572.9802,,Unclassified,5945 WELLINGTON ROAD,1521849600000.0,X,True,False,AREA OF MINIMAL FLOOD HAZARD,
dc_6eb415a8ef3b,Amazon Web Services,VA,38.7894558,-77.5796864,nearest,77.95500572831622,16,7695934.0,20776.0,20776.01,4.11,Unclassified,5945 WELLINGTON ROAD,1205280000000.0,X,True,False,AREA OF MINIMAL FLOOD HAZARD,False
dc_62dd2b7fa7cc,Amazon Web Services,VA,38.74661,-77.49722,nearest,117.87214664598972,4,7676764.0,920.8,920.8357,4.47,Industrial,10034 DEAN DRIVE,1205280000000.0,X,True,False,AREA OF MINIMAL FLOOD HAZARD,False
dc_acfd3a40de9f,Amazon Web Services,VA,38.7476409,-77.4947856,nearest,32.98195693055971,13,2633716.0,34007.1,34519.86,,Commercial,9495 TECHNOLOGY DRIVE,1536192000000.0,X,True,False,AREA OF MINIMAL FLOOD HAZARD,
dc_85aaa696bf19,Amazon Web Services,VA,38.7499,-77.4931,nearest,125.97265771681566,10,7678318.0,7620.6,7620.588,4.03,Education,9511 TECHNOLOGY DRIVE,1205280000000.0,X,True,False,AREA OF MINIMAL FLOOD HAZARD,False
dc_48d6192ea411,,TX,31.5327486,-103.8062715,none,,0,,,,,,,,,False,,,
dc_d8d34358af13,,TX,31.5327486,-103.8052292,none,,0,,,,,,,,,False,,,
dc_43d1b8fa745f,,TX,31.5327607,-103.8041922,none,,0,,,,,,,,,False,,,
dc_5e31a13f74b9,,TX,31.5333451,-103.800415,none,,0,,,,,,,,,False,,,
dc_02cbb0a9f4e7,Digital Realty Northern Virginia IAD40,VA,39.0062702,-77.4683054,contains,0.0,4,50990179.0,275428.4,275517.3,,Commercial,44540 ROUND TABLE PLAZA,1710374400000.0,X,True,False,AREA OF MINIMAL FLOOD HAZARD,
dc_d1e1933ac3d8,Vantage VA14,VA,39.003223,-77.439718,contains,0.0,12,51671299.0,323484.5,323581.0,,Commercial,45130 VANTAGE DATA PLAZA,1710374400000.0,X,True,False,AREA OF MINIMAL FLOOD HAZARD,
dc_640f760993bb,Information Systems Facility,NM,32.3805057,-106.4810659,nearest,17.42901807308151,26,1224629.0,11541.3,11537.58,,Government,,1454544000000.0,X,True,False,AREA OF MINIMAL FLOOD HAZARD,
dc_9ecfe9c3bf78,,VA,38.935591,-77.4267117,contains,0.0,8,7915963.0,173233.3,173233.2,7.5,Commercial,13906 PARK CENTER ROAD,1205280000000.0,X,True,False,AREA OF MINIMAL FLOOD HAZARD,False
dc_e83acd2e78d1,,VA,38.93646,-77.42464,contains,0.0,10,7916139.0,143226.1,143226.0,7.35,Commercial,13874 REDSKIN DRIVE,1205280000000.0,X,True,False,AREA OF MINIMAL FLOOD HAZARD,False
dc_054193767570,Equinix,VA,39.0134,-77.4538,nearest,91.43348614921389,7,50980314.0,123610.6,123649.0,,Commercial,22175 BEAUMEADE CIRCLE,1710374400000.0,X,True,False,AREA OF MINIMAL FLOOD HAZARD,
dc_daf88193f8d2,Digital Realty,TX,32.974397,-96.650364,nearest,152.9642664559672,1,37294637.0,97152.1,97189.95,,Commercial,5535 NORTHMOOR DR,1654992000000.0,X,True,False,AREA OF MINIMAL FLOOD HAZARD,
dc_2e1860ff6362,"Landmax Data Systems, Inc",NY,42.9972167,-77.6458295,contains,0.0,41,3005041.0,1285.2,1285.611,,Commercial,5919 EAST HENRIETTA ROAD,1564704000000.0,X,True,False,AREA OF MINIMAL FLOOD HAZARD,
dc_5e1d8fbc3e75,DataBank SLC6,UT,40.4806176,-111.9063611,nearest,52.33468890747479,7,3383133.0,84675.2,84619.75,,Commercial,14926 SOUTH PONY EXPRESS ROAD,1566086400000.0,X,True,False,AREA OF MINIMAL FLOOD HAZARD,
dc_b492591b9a2d,Digital Realty,TX,32.9764,-96.6501,none,,0,,,,,,,,X,True,False,AREA OF MINIMAL FLOOD HAZARD,
dc_e0c1cc3cf46a,NTT,TX,32.97953,-96.65838,nearest,79.31675969015915,5,4592440.0,3690.6,3800.336,,Commercial,5535 NORTHMOOR DR,1616457600000.0,X,True,False,AREA OF MINIMAL FLOOD HAZARD,
dc_97a8471652c2,Aligned  DFW-02,TX,33.0090025,-96.6751351,nearest,53.88618743268682,9,30281855.0,108447.7,108447.5,8.63,Commercial,2800 SUMMIT AVENUE,1435708800000.0,X,True,False,AREA OF MINIMAL FLOOD HAZARD,False
dc_94ad65dfbe69,Verizon,NJ,40.5442554,-74.4965213,contains,0.0,11,6009063.0,109854.7,109607.5,,Unclassified,201 CENTENNIAL AVENUE,1508371200000.0,X,True,False,AREA OF MINIMAL FLOOD HAZARD,
dc_953d28b6d60c,OVHcloud - Hillsboro,OR,45.534,-122.9557,nearest,3.216376510187715,11,3628764.0,117216.4,117122.7,,Industrial,,1564790400000.0,X,True,False,AREA OF MINIMAL FLOOD HAZARD,
dc_90940e7c3b70,Google Data Center,NC,35.894022,-81.545278,contains,0.0,16,14011211.0,592282.5,592950.4,,Unclassified,708 LYNHAVEN ST,1513900800000.0,X,True,False,AREA OF MINIMAL FLOOD HAZARD,
dc_b1bab62f304f,Liberty Center One,MI,42.5334813,-83.1774894,contains,0.0,57,10303664.0,26404.8,26404.5,,Industrial,,1568764800000.0,X,True,False,AREA OF MINIMAL FLOOD HAZARD,
dc_9c866fe205ee,Apple - Maiden Data Center,NC,35.58835,-81.2626,contains,0.0,2,14010028.0,612087.7,614934.3,,Utility and Misc,5977 STARTOWN ROAD,1448064000000.0,X,True,False,AREA OF MINIMAL FLOOD HAZARD,
dc_f4bc8c66c017,HPC,NM,35.0499451,-106.542801,contains,0.0,29,12021759.0,203764.0,203700.5,,Government,,1314835200000.0,D,True,False,,
dc_d1aef113ad23,Barclays Datacenter,NJ,40.6437889,-74.2854476,contains,0.0,14,7495138.0,95920.3,95920.11,7.57,Commercial,27 COMMERCE DRIVE,1376524800000.0,X,True,False,AREA OF MINIMAL FLOOD HAZARD,False
dc_935e740f9717,CyberNAP Glen Burnie,MD,39.1402303,-76.6064303,contains,0.0,1,7548956.0,610614.2,610613.8,10.69,Unclassified,7900 RITCHIE HIGHWAY,1205280000000.0,X,True,False,AREA OF MINIMAL FLOOD HAZARD,False
dc_82b88a5440d2,Meta Huntsville Data Center,AL,34.8442568,-86.6280217,none,,0,,,,,,,,,False,,,
dc_ddf0f305ef19,Dakota Carrier Network,ND,46.8151,-96.84431,nearest,1.9030113847894814,6,449472.0,11473.2,11471.62,,Commercial,3901 GREAT PLAINS DRIVE SOUTH,1504656000000.0,X,True,False,0.2 PCT ANNUAL CHANCE FLOOD HAZARD,
dc_bb1260086ef0,Microsoft Data Center 1,VA,38.8023704,-77.5823062,nearest,32.69518072560891,1,50257706.0,92384.4,92424.89,,Unclassified,13760 UNIVERSITY BOULEVARD,1654387200000.0,X,True,False,AREA OF MINIMAL FLOOD HAZARD,
dc_2fb6faada02b,QTS Data Center - Hillsboro 3,OR,45.5595,-122.9376,nearest,106.8892197522187,2,3644123.0,2078.4,2076.764,,Residential,,1564790400000.0,X,True,False,AREA OF MINIMAL FLOOD HAZARD,
dc_781f2b85da3d,EAT14,WA,47.3594969,-120.1600907,nearest,123.16906907199275,7,6174506.0,1186.3,1186.728,,Residential,5369 MALAGA ALCOA HIGHWAY,1566259200000.0,,False,,,
dc_7daf03548fa7,EAT13,WA,47.3584257,-120.1599758,nearest,143.8207907251258,2,6174251.0,1977.2,1977.856,,Residential,5375 MALAGA ALCOA HIGHWAY,1566259200000.0,,False,,,
dc_0418bc301d33,EAT12,WA,47.357683,-120.159213,nearest,169.63037520794347,2,6173644.0,4152.2,4153.541,,Residential,5351 MALAGA ALCOA HIGHWAY,1566259200000.0,,False,,,
dc_5a3101d7946e,,VA,38.7376,-77.5076,nearest,140.94709613474794,3,50275760.0,221414.6,221495.8,,Unclassified,10281 TANNER WAY,1654387200000.0,X,True,False,AREA OF MINIMAL FLOOD HAZARD,
dc_e5983c042068,Google datacenter,SC,33.1769601,-80.534942,none,,0,,,,,,,,X,True,False,AREA OF MINIMAL FLOOD HAZARD,
dc_4c251ee10a95,,SC,33.1776984,-80.5365658,none,,0,,,,,,,,X,True,False,AREA OF MINIMAL FLOOD HAZARD,
dc_f08f429f5b31,AWS IAD-500 and IAD-501,VA,38.93675,-77.42459,nearest,15.337231410113406,8,7916139.0,143226.1,143226.0,7.35,Commercial,13874 REDSKIN DRIVE,1205280000000.0,X,True,False,AREA OF MINIMAL FLOOD HAZARD,False
dc_9f6881cb0524,Dorchester County Google Datacenter,SC,32.9582784,-80.3080686,none,,0,,,,,,,,X,True,False,AREA OF MINIMAL FLOOD HAZARD,
dc_f394a25ba7ff,CyrusOne Datacenter,TX,32.9026069,-97.3954256,nearest,188.39487797788195,1,34176416.0,466.3,466.217,,Unclassified,,1649376000000.0,X,True,False,AREA OF MINIMAL FLOOD HAZARD,
dc_56aaea9dd837,,MS,32.5963048,-90.089258,none,,0,,,,,,,,X,True,False,AREA OF MINIMAL FLOOD HAZARD,
dc_831ce16615b7,,MS,32.5947,-90.098,none,,0,,,,,,,,X,True,False,AREA OF MINIMAL FLOOD HAZARD,
dc_e43a3cf43272,,MS,32.5944763,-90.0944115,none,,0,,,,,,,,X,True,False,AREA OF MINIMAL FLOOD HAZARD,
dc_3525b583d0e6,,MS,32.5960505,-90.0944274,none,,0,,,,,,,,X,True,False,AREA OF MINIMAL FLOOD HAZARD,
dc_ae738dd582dd,,MS,32.5960391,-90.0980115,none,,0,,,,,,,,X,True,False,AREA OF MINIMAL FLOOD HAZARD,
dc_36754c52f050,"Equinix DC1-DC15,DC21-DC22 - Ashburn",VA,39.014822,-77.45859,contains,0.0,14,7872679.0,60507.4,60507.3,8.62,Commercial,21731 FILIGREE COURT,1205280000000.0,X,True,False,AREA OF MINIMAL FLOOD HAZARD,False
dc_9acc15c3d0a9,Digital Realty SFO (200 Paul),CA,37.72442,-122.39805,nearest,15.566465509324404,31,16176879.0,106161.3,106161.2,16.53,Industrial,,1349049600000.0,X,True,False,AREA OF MINIMAL FLOOD HAZARD,True
dc_4cf5e14e6a53,"Equinix SV1/SV5/SV10 - Silicon Valley, San Jose",CA,37.241767,-121.782967,contains,0.0,9,10004099.0,127506.0,128232.9,,Unclassified,,1473897600000.0,D,True,False,,
dc_82835681bfc0,Equinix CH1/CH2/CH4 - Chicago,IL,41.85365,-87.618342,contains,0.0,12,35011105.0,247826.3,247826.1,27.25,Commercial,2105 SOUTH PRAIRIE AVENUE,1321315200000.0,X,True,False,AREA OF MINIMAL FLOOD HAZARD,True
dc_7015a8562d9d,Equinix LA1 - Los Angeles,CA,34.047282,-118.256692,nearest,10.301109370075533,19,14634908.0,68664.1,68664.0,35.53,Commercial,,1350432000000.0,X,True,False,1 PCT DEPTH LESS THAN 1 FOOT,True
dc_34c302840328,"Equinix NY1 - New York, Newark",NJ,40.736844,-74.173402,contains,0.0,25,7652032.0,89826.2,89826.13,54.25,Education,111 MARKET STREET,1376524800000.0,X,True,False,AREA OF MINIMAL FLOOD HAZARD,True
dc_88450995c8ab,Digital Realty NYC (60 Hudson),NY,40.717723,-74.008299,contains,0.0,25,7730764.0,63885.5,63845.47,69.18,Commercial,60 HUDSON STREET,1376524800000.0,X,True,False,AREA OF MINIMAL FLOOD HAZARD,True
dc_ac4ba4acc418,Equinix AT2/AT3 - Atlanta,GA,33.755456,-84.39153,contains,0.0,20,17206825.0,15776.9,15776.92,37.45,Commercial,,1351209600000.0,X,True,False,AREA OF MINIMAL FLOOD HAZARD,True
dc_faa6dba0bad0,"Equinix MI1 - Miami, NOTA",FL,25.782425,-80.193091,contains,0.0,25,30413957.0,122568.7,122568.2,33.75,Commercial,50 NE 9 ST,1392508800000.0,X,True,False,AREA OF MINIMAL FLOOD HAZARD,True
dc_05323da3c824,Digital Realty NYC (111 8th Ave),NY,40.741469,-74.003387,contains,0.0,25,7732059.0,166489.6,166385.5,62.74,Industrial,76 9 AVENUE,1376524800000.0,X,True,False,AREA OF MINIMAL FLOOD HAZARD,True
dc_d4fbdd3d160d,CoreSite - San Jose (SV1),CA,37.334508,-121.89143,nearest,9.983881229183318,29,15648160.0,59302.9,59302.88,31.09,Utility and Misc,,1349049600000.0,D,True,False,,True
dc_4fd715d56b5a,FedConnect San Francisco,CA,37.783322,-122.392048,contains,0.0,24,16272590.0,184749.5,184749.4,17.56,Residential,,1349049600000.0,X,True,False,AREA OF MINIMAL FLOOD HAZARD,True
dc_8b1409a7c09c,JMA NAC Los Angeles,CA,34.048222,-118.254575,nearest,6.184215240643648,21,14871969.0,117377.0,117376.9,49.83,Commercial,,1350432000000.0,X,True,False,1 PCT DEPTH LESS THAN 1 FOOT,True
dc_64ef535e80b4,Digital Realty SFO (365 Main),CA,37.788616,-122.390816,nearest,11.309498870708008,29,16279841.0,75143.0,75142.94,22.9,Industrial,,1349049600000.0,X,True,False,AREA OF MINIMAL FLOOD HAZARD,True
dc_483139dbc068,The Mission Street Center,CA,37.780581,-122.409099,nearest,5.228432746739096,26,16268096.0,121942.7,121942.6,12.1,Residential,,1349049600000.0,X,True,False,AREA OF MINIMAL FLOOD HAZARD,True
dc_6cd941ab7126,SVTIX San Jose,CA,37.3335,-121.9048,contains,0.0,30,15647414.0,46864.6,46864.55,5.66,Unclassified,,1349049600000.0,D,True,False,,False
dc_5c289e8fcbb5,"Equinix NY9 - New York, 111 8th Avenue",NY,40.741469,-74.003387,contains,0.0,25,7732059.0,166489.6,166385.5,62.74,Industrial,76 9 AVENUE,1376524800000.0,X,True,False,AREA OF MINIMAL FLOOD HAZARD,True
dc_6377f6789f0d,Digital Realty Seattle SEA10,WA,47.614347,-122.338883,contains,0.0,27,10158492.0,139990.0,139886.5,47.9,Industrial,,1273190400000.0,X,True,False,AREA OF MINIMAL FLOOD HAZARD,True
dc_95e3409a561c,KDWEB San Jose,CA,37.333942,-121.889924,nearest,4.487348626855463,22,15647209.0,23025.8,23025.79,14.06,Industrial,,1349049600000.0,D,True,False,,True
dc_2c5adc2a0ab8,Equinix SE2/SE3 - Seattle,WA,47.614358,-122.338864,contains,0.0,27,10158492.0,139990.0,139886.5,47.9,Industrial,,1273190400000.0,X,True,False,AREA OF MINIMAL FLOOD HAZARD,True
dc_e060f829c242,"Equinix DC7 - Ashburn, Vienna",VA,38.908422,-77.219692,contains,0.0,22,7898507.0,20261.2,20261.15,19.29,Commercial,7980 QUANTUM DRIVE,1205280000000.0,X,True,False,AREA OF MINIMAL FLOOD HAZARD,True
dc_1d517d9c43cf,Equinix LA2 - Los Angeles,CA,34.04902,-118.259396,nearest,6.382388596194371,20,14636591.0,40568.1,40568.07,40.72,Commercial,,1350432000000.0,X,True,False,AREA OF MINIMAL FLOOD HAZARD,True
dc_ed793f68cc82,Digital Realty NYC (32 AofA),NY,40.72,-74.004561,contains,0.0,23,7730897.0,48868.6,48838.0,106.8,Industrial,32 AVENUE OF THE AMERICAS,1376524800000.0,X,True,False,AREA OF MINIMAL FLOOD HAZARD,True
dc_c34856e581f7,Digital Realty ATL (56 Marietta),GA,33.755456,-84.39153,contains,0.0,20,17206825.0,15776.9,15776.92,37.45,Commercial,,1351209600000.0,X,True,False,AREA OF MINIMAL FLOOD HAZARD,True
dc_0cfbf292e004,"Equinix DC8 - Ashburn, Vienna",VA,38.931419,-77.238951,nearest,29.10801249412843,24,7910789.0,26784.8,26784.72,5.47,Residential,8501 TYCO ROAD,1205280000000.0,X,True,False,AREA OF MINIMAL FLOOD HAZARD,False
dc_eb804c8b0e43,Equinix PH1 - Philadelphia,PA,39.959616,-75.161873,nearest,4.087502498785138,28,7867176.0,123764.1,123764.0,49.45,Industrial,,1348012800000.0,X,True,False,AREA OF MINIMAL FLOOD HAZARD,True
dc_f8e6324f3558,Evocative San Jose (SV7),CA,37.339028,-121.910595,contains,0.0,70,15658015.0,20903.4,20903.39,5.94,Industrial,,1349049600000.0,X,True,False,0.2 PCT ANNUAL CHANCE FLOOD HAZARD,False
dc_471ff8a35a44,iM Critical Miami,FL,25.848414,-80.195084,contains,0.0,90,30480678.0,39530.3,39530.16,11.04,Commercial,100 NE 80 TER,1392508800000.0,X,True,False,AREA OF MINIMAL FLOOD HAZARD,False
dc_f3ae051ee57a,Digital Realty PHX10 (120 E Van Buren),AZ,33.452003,-112.072042,contains,0.0,19,11572548.0,86440.9,86440.76,15.63,Commercial,120 EAST VAN BUREN STREET,1412467200000.0,X,True,False,0.2 PCT ANNUAL CHANCE FLOOD HAZARD,True
dc_7c0cbc96d748,Level(3) Sunnyvale,CA,37.373412,-121.98778,contains,0.0,17,15735890.0,75856.7,75856.66,6.44,Industrial,,1349049600000.0,X,True,False,AREA WITH REDUCED FLOOD RISK DUE TO LEVEE,False
dc_cab7dc076637,Printer's Square Chicago (600 S Federal),IL,41.874302,-87.629928,contains,0.0,27,34136315.0,70443.5,70443.47,30.01,Commercial,680 SOUTH FEDERAL STREET,1321315200000.0,X,True,False,AREA OF MINIMAL FLOOD HAZARD,True
dc_5a3cb29dc9a8,Netrality - Indy Telcom Center - 733 W. Henry,IN,39.75985,-86.17165,nearest,4.77829625201003,12,18072306.0,21332.0,21331.98,5.02,Commercial,711 WEST HENRY STREET,1314230400000.0,X,True,False,AREA OF MINIMAL FLOOD HAZARD,False
dc_0967d5287af9,FiberNet Telecom Group - 60 Hudson St,NY,40.717664,-74.008333,contains,0.0,26,7730764.0,63885.5,63845.47,69.18,Commercial,60 HUDSON STREET,1376524800000.0,X,True,False,AREA OF MINIMAL FLOOD HAZARD,True
dc_7d8d010f3707,FiberNet Telecom Group New York (111 Eighth Ave),NY,40.741355,-74.003203,contains,0.0,24,7732059.0,166489.6,166385.5,62.74,Industrial,76 9 AVENUE,1376524800000.0,X,True,False,AREA OF MINIMAL FLOOD HAZARD,True
dc_970d93b0c688,Level(3) Weehawken,NJ,40.761825,-74.025031,contains,0.0,12,7696463.0,125262.9,125262.8,15.26,Unclassified,,1376524800000.0,X,True,False,AREA OF MINIMAL FLOOD HAZARD,True
dc_c005344da0ff,Markley Group One Summer Street Boston,MA,42.354692,-71.060266,contains,0.0,20,7041802.0,268625.6,268625.4,29.35,Commercial,474 WASHINGTON STREET,1242864000000.0,X,True,False,AREA OF MINIMAL FLOOD HAZARD,True
dc_d53cb59c41ed,Peace Communications  KNX1,TN,35.966288,-83.921575,nearest,19.026374652899825,23,12286815.0,74618.2,74686.2,24.54,Commercial,520 WEST SUMMIT HILL DRIVE,1414108800000.0,X,True,False,AREA OF MINIMAL FLOOD HAZARD,True
dc_2839fc2c5212,Looking Glass Networks NYC Node,NY,40.726368,-74.005592,nearest,8.874959799331988,34,7731264.0,22247.9,22233.93,39.18,Industrial,150 VARICK STREET,1376524800000.0,X,True,False,AREA OF MINIMAL FLOOD HAZARD,True
dc_5cdbfb9dbc3c,Level(3) Atlanta (Courtland),GA,33.765138,-84.383731,contains,0.0,32,17223075.0,74636.4,74636.3,20.65,Unclassified,,1351209600000.0,X,True,False,AREA OF MINIMAL FLOOD HAZARD,True
dc_02182668c9f0,Level(3) Chicago (Canal),IL,41.884066,-87.639377,contains,0.0,13,34148879.0,61226.3,61226.2,55.68,Industrial,111 NORTH CANAL STREET,1321315200000.0,X,True,False,AREA OF MINIMAL FLOOD HAZARD,True
dc_4cfa0741336f,ServerCondo-219 Albuquerque,NM,35.084344,-106.649484,nearest,30.03559246356424,22,12064600.0,22543.2,22537.7,,Residential,219 CENTRAL AVENUE NORTHWEST,1314835200000.0,X,True,False,AREA OF MINIMAL FLOOD HAZARD,
dc_2d7b8c28a757,Citynet Columbus,OH,39.968171,-82.994861,contains,0.0,24,9770983.0,14443.1,14443.09,5.16,Commercial,236 NEILSTON STREET,1301616000000.0,X,True,False,AREA OF MINIMAL FLOOD HAZARD,False
dc_474103050162,Citynet Pittsburgh,PA,40.447383,-80.003614,contains,0.0,19,7367815.0,20345.9,20345.91,19.83,Commercial,,1312502400000.0,X,True,False,0.2 PCT ANNUAL CHANCE FLOOD HAZARD,True
dc_07b3382b03ec,Citynet Indianapolis,IN,39.759534,-86.170711,contains,0.0,15,18072313.0,31824.2,31824.13,12.49,Industrial,600 KENTUCKY AVENUE,1314230400000.0,X,True,False,AREA OF MINIMAL FLOOD HAZARD,True
dc_767f1e943a61,PTOR1,OR,45.521366,-122.680792,contains,0.0,31,8134650.0,41740.7,41708.01,28.61,Industrial,,1285027200000.0,X,True,False,AREA OF MINIMAL FLOOD HAZARD,True
dc_877f8d001c22,Centersquare New Jersey (EWR5),NJ,40.78616,-74.06912,contains,0.0,26,7740403.0,142610.8,142610.5,7.81,Industrial,,1376524800000.0,X,True,False,AREA OF MINIMAL FLOOD HAZARD,False
dc_ef3e0fde0b9d,"Equinix BO1 - Boston, Waltham",MA,42.395346,-71.269187,contains,0.0,14,90458.0,17717.4,17886.83,,Industrial,76 WEST STREET,1572739200000.0,X,True,False,AREA OF MINIMAL FLOOD HAZARD,
dc_b2d8b1a270c4,365 Data Centers Chicago (CH6),IL,41.876212,-87.631453,contains,0.0,26,34139019.0,37120.7,37120.71,39.43,Commercial,119 WEST VAN BUREN STREET,1321315200000.0,X,True,False,AREA OF MINIMAL FLOOD HAZARD,True
dc_0fddb314e04f,Evocative SJC3,CA,37.378042,-121.954136,contains,0.0,26,15744382.0,25800.7,25800.66,6.61,Industrial,,1349049600000.0,AH,True,True,,False
dc_dce4e16c83f1,Level(3) Nashville (Sidco Drive),TN,36.102726,-86.755786,contains,0.0,19,12134467.0,108888.5,108802.7,7.22,Commercial,2976 SIDCO DRIVE,1136073600000.0,X,True,False,AREA OF MINIMAL FLOOD HAZARD,False
dc_13a37eb7f85b,IRIS - Nashville,TN,36.162621,-86.776316,contains,0.0,24,12127628.0,23716.7,23697.94,44.87,Commercial,211 COMMERCE STREET,1136073600000.0,X,True,False,AREA OF MINIMAL FLOOD HAZARD,True
dc_6d10a61e19f2,Cincinnatti Bell - West 7th Street,OH,39.103125,-84.517017,nearest,3.8735796385413552,33,10452226.0,58514.1,58514.02,59.33,Government,,1425168000000.0,X,True,False,AREA OF MINIMAL FLOOD HAZARD,True
dc_572b91bb7df5,Level(3) Cincinnati,OH,39.102533,-84.50313,contains,0.0,15,10452380.0,49675.6,49675.49,37.02,Residential,,1425168000000.0,X,True,False,AREA OF MINIMAL FLOOD HAZARD,True
dc_4595feafd7e2,Telehouse - Los Angeles,CA,34.048122,-118.256329,nearest,6.44380343300642,21,14635312.0,50329.4,50329.32,40.78,Industrial,,1350432000000.0,X,True,False,1 PCT DEPTH LESS THAN 1 FOOT,True
dc_f9308489536b,Newport Financial Center,NJ,40.72655,-74.033789,nearest,13.032630021475399,15,7634111.0,33789.8,33789.77,58.83,Commercial,111 TOWN SQUARE PLACE,1376524800000.0,AE,True,True,,True
dc_23d4f87a5267,Netrality St. Louis - 900 Walnut,MO,38.625536,-90.195238,contains,0.0,9,11507567.0,18367.4,18367.43,24.34,Commercial,,1352419200000.0,X,True,False,AREA OF MINIMAL FLOOD HAZARD,True
dc_eac2b2368edf,"Equinix LA3/LA4 - Los Angeles, El Segundo",CA,33.918002,-118.384026,contains,0.0,13,13236275.0,91316.6,91316.58,16.83,Education,,1350432000000.0,X,True,False,AREA OF MINIMAL FLOOD HAZARD,True
dc_5a62da9c3162,Level(3) New York,NY,40.744,-74.0074,contains,0.0,18,7732206.0,56254.2,56218.92,42.8,Government,46 11 AVENUE,1376524800000.0,X,True,False,0.2 PCT ANNUAL CHANCE FLOOD HAZARD,True
dc_1fec2e59960c,165 Halsey Meet-Me Room,NJ,40.736844,-74.173402,contains,0.0,25,7652032.0,89826.2,89826.13,54.25,Education,111 MARKET STREET,1376524800000.0,X,True,False,AREA OF MINIMAL FLOOD HAZARD,True
dc_f231db004eb1,Crown Castle Brentwood (1650 Islip),NY,40.784184,-73.219864,contains,0.0,41,2522100.0,30334.8,30327.36,,Government,1650 ISLIP AVENUE,1552435200000.0,X,True,False,AREA OF MINIMAL FLOOD HAZARD,
dc_6c8911ef04ae,710 Tucker St Louis,MO,38.632728,-90.195813,contains,0.0,22,11513507.0,86452.6,86452.56,31.33,Education,,1352419200000.0,X,True,False,AREA OF MINIMAL FLOOD HAZARD,True
dc_da9d1fb0b335,CoreSite - Los Angeles (LA2),CA,34.0582,-118.23556,contains,0.0,21,14645058.0,96193.6,96193.51,22.86,Assembly,,1350432000000.0,X,True,False,AREA OF MINIMAL FLOOD HAZARD,True
dc_db0f207e9b74,XO Nashville,TN,36.158837,-86.772516,contains,0.0,29,12215474.0,26964.8,26943.47,8.92,Commercial,101 MOLLOY STREET,1136073600000.0,X,True,False,AREA OF MINIMAL FLOOD HAZARD,False
dc_93d82a58a852,Network 222,WI,43.073116,-89.386502,nearest,12.774147608849622,29,10446673.0,83650.1,83660.99,15.98,Commercial,,1270771200000.0,X,True,False,AREA OF MINIMAL FLOOD HAZARD,True
dc_f94db4d64ace,OCDC Orange County Datacenter Santa Ana,CA,33.730192,-117.850521,nearest,67.25636549912984,20,13770747.0,10799.5,10799.49,7.6,Unclassified,,1350432000000.0,X,True,False,AREA OF MINIMAL FLOOD HAZARD,False
dc_9448c3ccf011,iConnect Billings Fiber Hotel,MT,45.780784,-108.511788,nearest,29.085169028668172,41,2377176.0,7251.3,7252.195,,Unclassified,235 NORTH 32ND STREET,1531872000000.0,X,True,False,AREA OF MINIMAL FLOOD HAZARD,
dc_c97738231c91,iConnect Missoula,MT,46.872109,-113.993787,contains,0.0,22,11000345.0,113211.7,113266.0,,Commercial,300 NORTH HIGGINS AVENUE,1565049600000.0,X,True,False,AREA OF MINIMAL FLOOD HAZARD,
dc_d8cbb9e4b58b,CoreSite - Denver (DE1),CO,39.74565,-104.99534,nearest,3.0680376533100757,21,15733952.0,106026.7,106026.6,48.25,Unclassified,910 15TH STREET,1337212800000.0,X,True,False,AREA OF MINIMAL FLOOD HAZARD,True
dc_50e4626e32e8,WOW! Business (Tampa Datacenter),FL,27.947439,-82.458854,nearest,9.732521646389198,26,31392037.0,42422.4,42422.25,76.0,Commercial,400 N TAMPA ST,1340668800000.0,X,True,False,0.2 PCT ANNUAL CHANCE FLOOD HAZARD IN COASTAL ZONE,True
dc_2e3dadc752a4,Digital Realty DFW (2323 Bryan St),TX,32.78693,-96.794018,nearest,27.80290203052816,5,29817305.0,583.3,583.312,3.61,Unclassified,,1435708800000.0,X,True,False,AREA OF MINIMAL FLOOD HAZARD,False
dc_45ec8b20e65d,Digital Realty LAX (600 W 7th),CA,34.047282,-118.256692,nearest,10.301109370075533,19,14634908.0,68664.1,68664.0,35.53,Commercial,,1350432000000.0,X,True,False,1 PCT DEPTH LESS THAN 1 FOOT,True
dc_559731ec2e30,Digital Realty IAD (44480 Hastings),VA,39.017808,-77.462489,contains,0.0,6,7873153.0,297023.6,297023.3,8.28,Commercial,44480 HASTINGS DRIVE,1205280000000.0,X,True,False,AREA OF MINIMAL FLOOD HAZARD,False
dc_47d937b135c2,Netrality Houston - 1301 Fannin,TX,29.754104,-95.365803,nearest,9.668393494229164,12,28491171.0,62217.7,62217.6,82.55,Commercial,1301 FANNIN ST,1264204800000.0,X,True,False,AREA OF MINIMAL FLOOD HAZARD,True
dc_4b5aca5e22a3,190 Park Center Plaza San Jose,CA,37.332931,-121.891362,nearest,9.636176089670675,28,15645340.0,28348.6,28348.56,23.75,Education,,1349049600000.0,D,True,False,,True
dc_cda90edc406a,The Franklin Exchange Tampa,FL,27.949592,-82.458713,nearest,4.878281281184472,32,31393716.0,42298.5,42298.27,41.2,Industrial,655 N FRANKLIN ST,1340668800000.0,X,True,False,AREA OF MINIMAL FLOOD HAZARD,True
dc_2e34e7874bca,Level(3) Oakland,CA,37.834675,-122.286597,contains,0.0,53,16328984.0,119530.8,119530.7,8.84,Government,,1349049600000.0,X,True,False,AREA OF MINIMAL FLOOD HAZARD,False
dc_7fe57b05a442,Netrality Kansas City - 1102 Grand,MO,39.100947,-94.580944,nearest,7.686478471041416,16,11230219.0,41925.7,41925.64,43.28,Commercial,1116 GRAND BOULEVARD,1329609600000.0,X,True,False,AREA OF MINIMAL FLOOD HAZARD,True
dc_070bebed08d4,Digital Realty CHI (350 E Cermak),IL,41.85365,-87.618342,contains,0.0,12,35011105.0,247826.3,247826.1,27.25,Commercial,2105 SOUTH PRAIRIE AVENUE,1321315200000.0,X,True,False,AREA OF MINIMAL FLOOD HAZARD,True
dc_224c864afb76,Digital Realty OAK (720 2nd St),CA,37.799021,-122.282507,contains,0.0,32,16294316.0,33619.3,33619.25,19.84,Industrial,,1349049600000.0,X,True,False,AREA OF MINIMAL FLOOD HAZARD,True
dc_c8a36d575578,Digital Realty SJC (2820 NW Pkwy),CA,37.372818,-121.973377,contains,0.0,15,15734455.0,95003.8,95003.7,11.23,Unclassified,,1349049600000.0,X,True,False,0.2 PCT ANNUAL CHANCE FLOOD HAZARD,False
dc_97a9a746d058,GAP Union Station,IN,41.669526,-86.255805,nearest,10.748186520486238,20,10196916.0,26984.1,26041.22,,Industrial,506 WEST SOUTH STREET,1537660800000.0,X,True,False,AREA OF MINIMAL FLOOD HAZARD,
dc_20dbd0561061,Carolina Internet / CaroNet,NC,35.173324,-80.925975,contains,0.0,12,15055456.0,119716.5,119716.3,8.0,Industrial,900 CENTER PARK DRIVE,1328745600000.0,X,True,False,AREA OF MINIMAL FLOOD HAZARD,False
dc_a15321ccd7ac,TierPoint Spokane,WA,47.671879,-117.09123,contains,0.0,21,10415975.0,35247.1,35218.88,11.06,Commercial,,1225324800000.0,X,True,False,AREA OF MINIMAL FLOOD HAZARD,False
dc_6cab86b4b98b,US Bank Building,WA,47.65801,-117.4185,nearest,20.360287106395532,21,10412708.0,773994.2,773394.3,24.68,Education,,1225324800000.0,X,True,False,AREA OF MINIMAL FLOOD HAZARD,True
dc_cb6d24a8690a,324 E Wisconsin,WI,43.03873,-87.907475,nearest,13.584288327854987,25,10206442.0,44660.8,44631.05,35.46,Commercial,,1351900800000.0,X,True,False,AREA OF MINIMAL FLOOD HAZARD,True
dc_aa41048d7691,Lumen Boston,MA,42.367691,-71.086779,nearest,7.2788589501519185,47,7195194.0,102069.6,102069.5,18.64,Government,300 BENT STREET,1242864000000.0,X,True,False,AREA OF MINIMAL FLOOD HAZARD,True
dc_af88d300efeb,"1101 Stewart Ave, Garden City",NY,40.73616,-73.594195,contains,0.0,27,1121934.0,44044.1,44024.1,,Commercial,1101 STEWART AVENUE,1550534400000.0,X,True,False,AREA OF MINIMAL FLOOD HAZARD,
dc_fd11a1f44708,180 E Broad St.,OH,39.962785,-82.996184,nearest,22.799293496466564,26,9765568.0,36355.1,36355.08,22.04,Assembly,100 BROAD STREET,1301616000000.0,X,True,False,AREA OF MINIMAL FLOOD HAZARD,True
dc_bb7e64ba6a05,Equinix DA4 - Dallas,TX,32.786929,-96.794018,nearest,27.72413548980548,5,29817305.0,583.3,583.312,3.61,Unclassified,,1435708800000.0,X,True,False,AREA OF MINIMAL FLOOD HAZARD,False
dc_e4de78d83084,"Equinix NY8 - New York, 60 Hudson",NY,40.717723,-74.008299,contains,0.0,25,7730764.0,63885.5,63845.47,69.18,Commercial,60 HUDSON STREET,1376524800000.0,X,True,False,AREA OF MINIMAL FLOOD HAZARD,True
dc_4f362c566385,SBTC,WA,47.612139,-122.340036,contains,0.0,28,10157621.0,83496.5,83434.85,19.34,Commercial,,1273190400000.0,X,True,False,AREA OF MINIMAL FLOOD HAZARD,True
dc_64860b293bb0,"Equinix NY7 - New York, North Bergen",NJ,40.796857,-74.031129,contains,0.0,9,7764209.0,72350.6,72350.56,11.39,Industrial,,1376524800000.0,X,True,False,AREA OF MINIMAL FLOOD HAZARD,False
dc_1ba158ee3c5f,3500 Garrott,TX,29.741436,-95.385784,contains,0.0,165,28422304.0,1995.3,1995.326,6.62,Residential,3500 GARROTT ST,1264204800000.0,X,True,False,AREA OF MINIMAL FLOOD HAZARD,False
dc_d6ee1c60c7cf,Equinix MI2 - Miami,FL,25.77603,-80.19309,nearest,0.36218427633419986,19,30407427.0,162425.1,162424.5,21.25,Education,36 NE 2 ST,1392508800000.0,X,True,False,AREA OF MINIMAL FLOOD HAZARD,True
dc_fc171f02d21c,5Nines Data,WI,43.073116,-89.386502,nearest,12.774147608849622,29,10446673.0,83650.1,83660.99,15.98,Commercial,,1270771200000.0,X,True,False,AREA OF MINIMAL FLOOD HAZARD,True
dc_da694d866879,H5 Data Centers Nashville,TN,36.16294,-86.77855,contains,0.0,27,12127624.0,39428.7,39397.52,28.22,Commercial,147 4TH AVENUE NORTH,1136073600000.0,X,True,False,AREA OF MINIMAL FLOOD HAZARD,True
dc_597fa7e4dbb1,Epsilon Global Hubs New York (60 Hudson),NY,40.717664,-74.008333,contains,0.0,26,7730764.0,63885.5,63845.47,69.18,Commercial,60 HUDSON STREET,1376524800000.0,X,True,False,AREA OF MINIMAL FLOOD HAZARD,True
dc_e58ccf16d115,QTS Santa Clara (SJC1/SJC2),CA,37.394031,-121.978279,contains,0.0,9,15773408.0,34791.1,34791.03,9.63,Unclassified,,1349049600000.0,X,True,False,AREA WITH REDUCED FLOOD RISK DUE TO LEVEE,False
dc_a26daee8f0b8,QTS Jersey City (JCY1),NJ,40.719403,-74.04282,nearest,10.248910528505549,52,7617984.0,68655.1,68655.06,49.46,Commercial,95 COLUMBUS DRIVE,1376524800000.0,X,True,False,AREA OF MINIMAL FLOOD HAZARD,True
dc_e5cafa592f46,QTS Atlanta-Suwanee (SUW1),GA,34.0353,-84.0614,contains,0.0,4,9092711.0,323613.3,322189.1,,Commercial,,1543363200000.0,X,True,False,AREA OF MINIMAL FLOOD HAZARD,
dc_ef06ca20995a,QTS Atlanta-Metro (ATL1),GA,33.777526,-84.421036,contains,0.0,7,17462468.0,713190.3,713189.6,7.99,Commercial,,1351209600000.0,X,True,False,AREA OF MINIMAL FLOOD HAZARD,False
dc_b1fceb7d2ac8,QTS Miami (MIA1),FL,25.791541,-80.379598,contains,0.0,11,30419045.0,27681.2,27681.03,6.7,Industrial,11234 NW 20 ST,1392508800000.0,AH,True,True,,False
dc_b2178656f857,1025Connect,NY,40.7558,-73.557923,contains,0.0,59,6016191.0,73146.9,73115.13,,Commercial,1025 OLD COUNTRY ROAD,1550534400000.0,X,True,False,AREA OF MINIMAL FLOOD HAZARD,
dc_5f959f8ebedd,Intergate West / Digital.forest / Fortress,WA,47.494136,-122.29441,contains,0.0,12,10090645.0,19597.9,19583.53,19.37,Commercial,,1273190400000.0,X,True,False,AREA OF MINIMAL FLOOD HAZARD,True
dc_69889b71d3f5,274 Brannan Street,CA,37.782582,-122.391764,contains,0.0,24,16270814.0,19733.7,19733.71,23.26,Industrial,,1349049600000.0,X,True,False,AREA OF MINIMAL FLOOD HAZARD,True
dc_b7447025e854,FiberNet Telecom Group Newark - 165 Halsey,NJ,40.736844,-74.173402,contains,0.0,25,7652032.0,89826.2,89826.13,54.25,Education,111 MARKET STREET,1376524800000.0,X,True,False,AREA OF MINIMAL FLOOD HAZARD,True
dc_f2547bb7a78e,365 Data Centers Ft. Lauderdale (FLL),FL,26.184971,-80.190819,contains,0.0,13,30904332.0,28719.0,28718.89,13.22,Commercial,,1392508800000.0,X,True,False,AREA OF MINIMAL FLOOD HAZARD,True
dc_b4cb8f3be956,"Colo at 55, LLC",GA,33.755474,-84.391094,nearest,15.942834516843853,25,17206825.0,15776.9,15776.92,37.45,Commercial,,1351209600000.0,X,True,False,AREA OF MINIMAL FLOOD HAZARD,True
dc_cc49cc794d73,Telecom Center LA,CA,34.048222,-118.254575,nearest,6.184215240643648,21,14871969.0,117377.0,117376.9,49.83,Commercial,,1350432000000.0,X,True,False,1 PCT DEPTH LESS THAN 1 FOOT,True
dc_a61f211e8fc1,Colo4Dallas,TX,32.807888,-96.857296,contains,0.0,12,29947292.0,71792.2,71792.1,5.58,Commercial,3000 IRVING BLVD,1435708800000.0,X,True,False,AREA WITH REDUCED FLOOD RISK DUE TO LEVEE,False
dc_583749301cba,CoreSite - Reston (VA1),VA,38.950631,-77.364541,contains,0.0,9,7921874.0,136878.0,136877.9,8.76,Commercial,12100 SUNRISE VALLEY DRIVE,1205280000000.0,X,True,False,AREA OF MINIMAL FLOOD HAZARD,False
dc_a19dbeb11233,CoreSite - New York (NY1),NY,40.72,-74.004561,contains,0.0,23,7730897.0,48868.6,48838.0,106.8,Industrial,32 AVENUE OF THE AMERICAS,1376524800000.0,X,True,False,AREA OF MINIMAL FLOOD HAZARD,True
dc_bed5d7adeebd,ColoHouse Miami,FL,25.776033,-80.193092,nearest,0.7010647328960676,19,30407427.0,162425.1,162424.5,21.25,Education,36 NE 2 ST,1392508800000.0,X,True,False,AREA OF MINIMAL FLOOD HAZARD,True
dc_555e7f99046e,Equinix DE2 - Denver,CO,39.5604,-104.85783,contains,0.0,5,15044790.0,110121.3,110121.2,6.57,Unclassified,335 INVERNESS DRIVE SOUTH,1337212800000.0,X,True,False,AREA OF MINIMAL FLOOD HAZARD,False
dc_6073295c9610,Equinix CU1/CU2/CU3/CU4 - Culpeper,VA,38.454881,-77.978325,contains,0.0,6,50479116.0,49487.7,49530.45,,Commercial,18155 TECHNOLOGY DRIVE,1535932800000.0,X,True,False,AREA OF MINIMAL FLOOD HAZARD,
dc_e3f553271048,Telehouse - Teleport Center (New York),NY,40.60723,-74.17269,contains,0.0,13,7699462.0,94211.7,94147.63,10.94,Commercial,10 TELEPORT DRIVE,1376524800000.0,X,True,False,AREA OF MINIMAL FLOOD HAZARD,False
dc_682c5aa2595c,Level(3) Jersey City,NJ,40.718534,-74.037494,contains,0.0,18,7616617.0,18572.1,18572.03,63.46,Commercial,1 EVERTRUST PLAZA,1376524800000.0,AE,True,True,,True
dc_d8cbe6a83e85,YRIX,MT,45.78078,-108.51179,nearest,29.55595569857784,41,2377176.0,7251.3,7252.195,,Unclassified,235 NORTH 32ND STREET,1531872000000.0,X,True,False,AREA OF MINIMAL FLOOD HAZARD,
dc_a5f0be3912b0,"Kanobe, LLC",WA,47.779371,-122.190511,contains,0.0,11,7002381.0,156808.0,156696.7,,Industrial,,1565740800000.0,X,True,False,AREA OF MINIMAL FLOOD HAZARD,
dc_97685944d21e,LightEdge San Diego 1 (SAN1),CA,32.828068,-117.129906,contains,0.0,7,3300047.0,90510.1,91635.11,,Industrial,,1475020800000.0,X,True,False,AREA OF MINIMAL FLOOD HAZARD,
dc_42fe8c21d049,LightEdge San Diego 2 (SAN2),CA,32.897149,-117.20105,contains,0.0,13,5881891.0,83268.2,83497.35,,Commercial,,1475020800000.0,X,True,False,AREA OF MINIMAL FLOOD HAZARD,
dc_2718db0e3e25,Cologix MIN1,MN,44.971408,-93.25458,contains,0.0,17,11071597.0,88316.9,88247.18,12.7,Commercial,511 11TH AVENUE SOUTH,1335744000000.0,X,True,False,AREA OF MINIMAL FLOOD HAZARD,True
dc_dc9cfe14a3c1,JSLLC Bozeman,MT,45.680672,-111.035371,contains,0.0,59,1849219.0,14582.0,14570.33,,Residential,109 EAST MENDENHALL STREET,1563580800000.0,X,True,False,AREA OF MINIMAL FLOOD HAZARD,
dc_1a7218366cda,Level(3) Salt Lake City,UT,40.756316,-111.955031,contains,0.0,13,16189242.0,60676.8,60638.02,8.54,Industrial,572 SOUTH DELONG STREET,1284768000000.0,X,True,False,AREA OF MINIMAL FLOOD HAZARD,False
dc_fd9603176e38,XO Salt Lake City IP PoP,UT,40.750975,-111.979876,contains,0.0,9,16185974.0,45621.6,45592.75,7.42,Industrial,3709 WEST 800 SOUTH,1284768000000.0,X,True,False,AREA OF MINIMAL FLOOD HAZARD,False
dc_84bb862c11a5,NASA Moffet Field,CA,37.420567,-122.040197,nearest,48.06062852831508,3,15810733.0,4544.2,4544.206,3.38,Utility and Misc,,1349049600000.0,D,True,False,,False
dc_ace039d9399a,Quonix Datacenter (2401 Locust St),PA,39.950345,-75.180048,contains,0.0,43,7861705.0,12083.7,12083.75,17.53,Industrial,,1348012800000.0,X,True,False,0.2 PCT ANNUAL CHANCE FLOOD HAZARD,True
dc_087ab67b867b,Digital Realty EWR (100 Delawanna),NJ,40.829926,-74.126752,contains,0.0,60,7821270.0,28470.8,28470.75,29.83,Industrial,100 DELAWANNA AVENUE,1376524800000.0,X,True,False,AREA OF MINIMAL FLOOD HAZARD,True
dc_b853c136e629,Equinix AT1 - Atlanta,GA,33.758485,-84.387673,nearest,5.933637070071655,24,17217821.0,1553498.9,1553498.0,30.27,Utility and Misc,,1351209600000.0,X,True,False,AREA OF MINIMAL FLOOD HAZARD,True
dc_8571719d8d4f,Flex Data Center,VA,38.951881,-77.346564,contains,0.0,9,7922083.0,20039.7,20039.72,5.63,Education,11517 SUNSET HILLS ROAD,1205280000000.0,X,True,False,AREA OF MINIMAL FLOOD HAZARD,False
dc_d066029539f1,Netriplex,NC,35.488137,-82.557785,contains,0.0,9,50824522.0,56132.3,56114.9,,Commercial,100 TECHNOLOGY DRIVE,1581638400000.0,X,True,False,AREA OF MINIMAL FLOOD HAZARD,
dc_474021bfadb0,800 south hope,CA,34.046483,-118.259013,nearest,12.246002542340477,14,14633255.0,31596.5,31596.46,28.49,Commercial,,1350432000000.0,AE,True,True,,True
dc_5cda8a3851c2,Equinix CH3 - Elk Grove,IL,42.001171,-87.954882,contains,0.0,11,34586287.0,113210.2,113210.0,16.53,Industrial,1905 LUNT AVENUE,1321315200000.0,X,True,False,AREA OF MINIMAL FLOOD HAZARD,True
dc_4d5eb2ad3758,Login Tucson,AZ,32.244939,-110.969165,contains,0.0,82,11924052.0,20562.5,20562.48,4.33,Commercial,1855 NORTH 6TH AVENUE,1156636800000.0,X,True,False,AREA OF MINIMAL FLOOD HAZARD,False
dc_0d2326038c4d,QuadraNet DTLA,CA,34.048222,-118.254575,nearest,6.184215240643648,21,14871969.0,117377.0,117376.9,49.83,Commercial,,1350432000000.0,X,True,False,1 PCT DEPTH LESS THAN 1 FOOT,True
dc_41636269afae,801 Main Street - Lenoir,NC,35.922479,-81.54274,contains,0.0,49,14011350.0,27018.0,26781.42,,Industrial,801 NORTH MAIN STREET NORTHWEST,1513900800000.0,X,True,False,AREA OF MINIMAL FLOOD HAZARD,
dc_3875880f621c,Tonaquint Data Center - Saint George,UT,37.081472,-113.607242,contains,0.0,15,8276159.0,28927.6,28942.79,,Commercial,1108 WEST 1600 SOUTH,1536537600000.0,X,True,False,AREA OF MINIMAL FLOOD HAZARD,
dc_381edb33d816,XO 818 West 7th,CA,34.048852,-118.259479,contains,0.0,21,14636591.0,40568.1,40568.07,40.72,Commercial,,1350432000000.0,X,True,False,AREA OF MINIMAL FLOOD HAZARD,True
dc_9dd5566a71a7,XO 600 West 7th,CA,34.0472,-118.2567,nearest,12.314271137305326,19,14634908.0,68664.1,68664.0,35.53,Commercial,,1350432000000.0,X,True,False,1 PCT DEPTH LESS THAN 1 FOOT,True
dc_fbb53be5b475,Level(3) Dallas,TX,32.807584,-96.86816,nearest,10.898062885382965,11,29938495.0,81281.3,81281.19,8.21,Commercial,3180 IRVING BLVD,1435708800000.0,X,True,False,AREA WITH REDUCED FLOOD RISK DUE TO LEVEE,False
dc_52d8bce06fbc,ixColo,NY,42.884227,-78.875514,contains,0.0,18,8162722.0,326928.2,326908.8,29.05,Government,400 MAIN STREET,1427846400000.0,X,True,False,AREA OF MINIMAL FLOOD HAZARD,True
dc_4b5f2abb8123,Level(3) Seattle (Denny Way),WA,47.619054,-122.336393,contains,0.0,29,10160589.0,57562.8,57520.25,9.51,Industrial,,1273190400000.0,X,True,False,AREA OF MINIMAL FLOOD HAZARD,False
dc_bce2a55a99d1,501 Franklin Ave,NY,40.7217,-73.6312,contains,0.0,40,6005598.0,93415.9,93371.92,,Commercial,401 FRANKLIN AVENUE,1550534400000.0,X,True,False,AREA OF MINIMAL FLOOD HAZARD,
dc_5ed930ed15c9,Zayo Networks,CO,39.964963,-105.165261,contains,0.0,14,15704579.0,21191.6,21191.62,8.47,Commercial,,1337212800000.0,X,True,False,AREA OF MINIMAL FLOOD HAZARD,False
dc_3d8ba6265059,SBA Edge - Jacksonville (JAX),FL,30.331375,-81.662322,contains,0.0,23,31843070.0,25961.4,25961.37,30.5,Residential,421 W CHURCH ST,1267660800000.0,X,True,False,AREA OF MINIMAL FLOOD HAZARD,True
dc_bd177f82d3dd,Level(3) Kansas City,MO,39.101004,-94.582095,nearest,5.09077813147211,15,11275890.0,594084.9,594084.3,32.65,Residential,18 PETTICOAT LANE,1329609600000.0,X,True,False,AREA OF MINIMAL FLOOD HAZARD,True
dc_dad53bb36c30,801 Tenth Street Modesto (Ayera),CA,37.638551,-120.998503,contains,0.0,32,17619878.0,17236.1,17236.07,24.0,Government,,1266364800000.0,X,True,False,AREA OF MINIMAL FLOOD HAZARD,True
dc_6bd093e936e7,500 Green (AKA VOLICO 2.0),FL,26.289687,-80.130014,nearest,2.5647127288845604,90,31008849.0,31685.4,31685.33,9.95,Commercial,500 NW 48 ST,1392508800000.0,X,True,False,0.2 PCT ANNUAL CHANCE FLOOD HAZARD,False
dc_6ad7c23dd50f,Level(3) Los Angeles,CA,34.04895,-118.25948,contains,0.0,22,14636591.0,40568.1,40568.07,40.72,Commercial,,1350432000000.0,X,True,False,AREA OF MINIMAL FLOOD HAZARD,True
dc_12dcf424978c,Digital Realty SJC (2220 De La Cruz Blvd),CA,37.361768,-121.943773,contains,0.0,21,15717085.0,297381.2,297380.9,8.49,Utility and Misc,,1349049600000.0,X,True,False,AREA WITH REDUCED FLOOD RISK DUE TO LEVEE,False
dc_0bbaee713245,Vantage Data Centers (Santa Clara),CA,37.372595,-121.973508,contains,0.0,15,15734455.0,95003.8,95003.7,11.23,Unclassified,,1349049600000.0,X,True,False,0.2 PCT ANNUAL CHANCE FLOOD HAZARD,False
dc_854cee558167,RagingWire VA1 - NTT,VA,39.022561,-77.455012,contains,0.0,12,7874092.0,111316.7,111316.5,7.39,Commercial,44664 GUILFORD DRIVE,1205280000000.0,X,True,False,AREA OF MINIMAL FLOOD HAZARD,False
dc_5ec81740ac02,"232 20th St NW, East Grand Forks",MN,47.945477,-97.022654,nearest,36.96943088848291,38,3638950.0,527.6,527.4312,,Unclassified,,1441670400000.0,,False,,,
dc_6fac010572d0,IUPUI Informatics & Communications Technology Complex,IN,39.77382,-86.167904,contains,0.0,10,18082460.0,46408.2,46408.2,17.29,Education,535 WEST MICHIGAN STREET,1314230400000.0,X,True,False,AREA OF MINIMAL FLOOD HAZARD,True
dc_b42e1143db3d,INdigital,IN,41.132672,-85.211021,contains,0.0,22,18505793.0,11347.7,11347.66,4.26,Commercial,5312 WEST WASHINGTON CENTER ROAD,1430438400000.0,X,True,False,AREA OF MINIMAL FLOOD HAZARD,False
dc_606ad9c4165a,Syringa Networks Boise,ID,43.567545,-116.207057,contains,0.0,17,3018999.0,4386.5,4386.518,7.32,Unclassified,,1362787200000.0,X,True,False,AREA OF MINIMAL FLOOD HAZARD,False
dc_fd519f588a3b,SupraNet Communications Madison,WI,43.075606,-89.524364,contains,0.0,15,10450695.0,15759.6,15763.32,15.55,Commercial,,1270771200000.0,X,True,False,AREA OF MINIMAL FLOOD HAZARD,True
dc_110d4d59e055,QTS Piscataway (PNJ1),NJ,40.5578,-74.489,nearest,167.48869283351874,1,6009080.0,134860.5,135603.4,,Industrial,120 CIRCLE DRIVE NORTH,1508371200000.0,X,True,False,AREA OF MINIMAL FLOOD HAZARD,
dc_b18c7f03ee5a,I2B SAN02,CA,32.830414,-117.136849,contains,0.0,24,3300896.0,20602.7,19141.39,,Industrial,,1475020800000.0,X,True,False,AREA OF MINIMAL FLOOD HAZARD,
dc_d19c07e250c3,I2B SAN01,CA,32.830076,-117.135523,nearest,14.11399416347294,25,3300683.0,23753.4,23030.08,,Industrial,,1475020800000.0,X,True,False,AREA OF MINIMAL FLOOD HAZARD,
dc_ee5a10e9cdc7,USNAMES-NET,DE,39.730981,-75.627882,contains,0.0,61,7047889.0,3270.0,3267.589,3.51,Commercial,3422 OLD CAPITOL TRAIL,1348012800000.0,X,True,False,AREA OF MINIMAL FLOOD HAZARD,False
dc_5559c4f443dd,Level(3) Denver,CO,39.745119,-104.979669,contains,0.0,82,15414618.0,78649.0,78648.93,10.6,Commercial,601 EAST 18TH AVENUE,1337212800000.0,X,True,False,AREA OF MINIMAL FLOOD HAZARD,False
dc_57ba990839e2,DataBank Ashburn (IAD1),VA,39.015966,-77.48158,contains,0.0,10,7872779.0,71742.8,71742.77,6.04,Commercial,21635 RED RUM DRIVE,1205280000000.0,X,True,False,AREA OF MINIMAL FLOOD HAZARD,False
dc_f907a6d7f787,Fireline Data Center,CA,34.062462,-118.357905,nearest,27.070988570635823,40,14221935.0,36228.1,36228.14,55.75,Commercial,,1350432000000.0,X,True,False,AREA OF MINIMAL FLOOD HAZARD,True
dc_c600c3efed73,CoreSite - Denver (DE2),CO,39.744922,-104.97913,nearest,5.767942007676955,93,15414618.0,78649.0,78648.93,10.6,Commercial,601 EAST 18TH AVENUE,1337212800000.0,X,True,False,AREA OF MINIMAL FLOOD HAZARD,False
dc_3892ecf526a3,321 S Boston Ave,OK,36.153266,-95.989196,contains,0.0,28,7106433.0,17424.7,17424.69,37.1,Residential,,1222992000000.0,X,True,False,AREA OF MINIMAL FLOOD HAZARD,True
dc_4f54bffb8d68,"Equinix MI3 - Miami, Boca Raton",FL,26.390199,-80.108655,nearest,25.90418900090832,8,36590275.0,963287.6,962703.8,,Education,5000 T REX AVE,1673913600000.0,X,True,False,0.2 PCT ANNUAL CHANCE FLOOD HAZARD IN COASTAL ZONE,
dc_71b5b73fcac8,Telehouse - New York Chelsea,NY,40.743446,-74.00734,nearest,9.695768306067963,17,7732154.0,330995.7,330788.3,28.25,Commercial,448 WEST 16 STREET,1376524800000.0,X,True,False,0.2 PCT ANNUAL CHANCE FLOOD HAZARD,True
dc_9ed1aea6df62,INOC Albany (80 State St),NY,42.6495,-73.7526,nearest,0.06990369889874551,29,7263766.0,60325.5,60292.73,30.64,Commercial,74 STATE STREET,1347321600000.0,X,True,False,AREA OF MINIMAL FLOOD HAZARD,True
dc_e81430ad9e71,Colo@34 (Downtown),GA,33.754711,-84.389556,nearest,11.2226591493703,26,17206201.0,35574.6,35574.57,70.1,Education,,1351209600000.0,X,True,False,AREA OF MINIMAL FLOOD HAZARD,True
dc_4d6a0bcae658,Level(3) Memphis,TN,35.028826,-89.930755,contains,0.0,9,256183.0,60909.2,60967.86,,Commercial,3993 CROWFARN DRIVE,1520035200000.0,X,True,False,AREA OF MINIMAL FLOOD HAZARD,
dc_caf0dd24a4a3,Hivelocity,FL,28.019886,-82.524709,contains,0.0,8,31466760.0,55796.7,55796.41,6.2,Industrial,8010 WOODLAND CENTER BLVD,1340668800000.0,X,True,False,AREA OF MINIMAL FLOOD HAZARD,False
dc_ec064dc4d572,NP Rochester,MN,44.02129,-92.462938,nearest,8.296612813102524,17,6500408.0,147858.3,147746.8,,Industrial,,1551571200000.0,X,True,False,AREA OF MINIMAL FLOOD HAZARD,
dc_74be05054a07,Duluth Missabe,MN,46.785475,-92.102217,contains,0.0,11,6505875.0,231651.5,231492.9,,Government,305 WEST 1ST STREET,1553126400000.0,X,True,False,AREA OF MINIMAL FLOOD HAZARD,
dc_f4381f508e7b,XMission - Salt Lake City - Utah,UT,40.760709,-111.889029,nearest,13.652887602367159,20,16191311.0,16216.3,16205.61,7.3,Commercial,51 EAST 400 SOUTH,1284768000000.0,X,True,False,AREA OF MINIMAL FLOOD HAZARD,False
dc_1e56ff5b5b31,EvoSwitch WDC1,VA,38.74794,-77.53215,contains,0.0,13,50234355.0,9459.7,9463.474,,Commercial,9651 HORNBAKER ROAD,1654387200000.0,X,True,False,AREA OF MINIMAL FLOOD HAZARD,
dc_d51a40e3ebd7,Digital Realty IAD (44521 Hastings),VA,39.020131,-77.463206,contains,0.0,6,7873501.0,300087.4,300087.1,8.59,Commercial,44521 HASTINGS DRIVE,1205280000000.0,X,True,False,AREA OF MINIMAL FLOOD HAZARD,False
dc_002da1390e71,Digital Realty IAD (44461 Chilum),VA,39.021133,-77.463564,contains,0.0,10,50994839.0,239814.9,239891.4,,Commercial,44461 CHILUM PLACE,1710374400000.0,X,True,False,AREA OF MINIMAL FLOOD HAZARD,
dc_1d8cca75d953,Digital Realty DFW (1232 Alma),TX,32.96506,-96.7161,nearest,59.783032988122756,9,30135309.0,106520.3,106520.3,7.17,Commercial,5535 NORTHMOOR DR,1435708800000.0,X,True,False,AREA OF MINIMAL FLOOD HAZARD,False
dc_b12f43ed44be,Digital Realty CHI (2200 Busse Rd.),IL,41.994269,-87.962053,contains,0.0,10,34582515.0,449220.2,449219.8,8.81,Industrial,2200 BUSSE ROAD,1321315200000.0,X,True,False,AREA OF MINIMAL FLOOD HAZARD,False
dc_131e675b00b7,Rackspace Dallas Grapevine (DFW1),TX,32.929191,-97.104853,contains,0.0,3,30700476.0,352934.8,352934.6,12.42,Commercial,801 INDUSTRIAL BLVD,1435708800000.0,X,True,False,AREA OF MINIMAL FLOOD HAZARD,True
dc_272219c4c331,Carolina Internet / CaroNet XB,NC,35.179019,-80.932278,contains,0.0,17,15060500.0,24684.9,24684.88,6.9,Industrial,1960 CROSS BEAM DRIVE,1328745600000.0,X,True,False,AREA OF MINIMAL FLOOD HAZARD,False
dc_b31752bb43f2,Westelcom Networks Watertown,NY,43.974742,-75.913547,contains,0.0,29,3844368.0,15470.7,15460.34,,Commercial,130 PARK PLACE,1524355200000.0,,False,,,
dc_022cedeff92c,Westelcom Networks Plattsburgh,NY,44.696433,-73.452937,contains,0.0,38,3614240.0,26976.5,26964.88,,Commercial,18 MARGARET STREET,1544140800000.0,X,True,False,AREA OF MINIMAL FLOOD HAZARD,
dc_f0251b9c4cc6,Fusion - Cleveland,OH,41.501163,-81.680516,nearest,6.088997581617908,12,9232358.0,397126.6,397126.3,22.88,Education,1901 EAST 13 STREET,1282003200000.0,X,True,False,AREA OF MINIMAL FLOOD HAZARD,True
dc_80a9eb772e82,DataBank New York (LGA1),NY,40.717664,-74.008333,contains,0.0,26,7730764.0,63885.5,63845.47,69.18,Commercial,60 HUDSON STREET,1376524800000.0,X,True,False,AREA OF MINIMAL FLOOD HAZARD,True
dc_5e87bc712d75,Crown Castle Pittsburgh (Allegheny Center Mall),PA,40.45141,-80.00571,contains,0.0,20,7370318.0,424619.9,424619.4,16.82,Commercial,,1312502400000.0,X,True,False,AREA OF MINIMAL FLOOD HAZARD,True
dc_85af46cfd088,1500 Champa,CO,39.74559,-104.99505,nearest,10.749179316873436,22,15415339.0,49936.8,49936.71,16.32,Commercial,820 16TH STREET,1337212800000.0,X,True,False,AREA OF MINIMAL FLOOD HAZARD,True
dc_a7346f4ae373,ColoCenter.com - Manchester NH,NH,42.97202,-71.46958,nearest,66.94877019065947,13,75082.0,106520.2,106541.3,,Education,,1569110400000.0,X,True,False,AREA OF MINIMAL FLOOD HAZARD,
dc_298d8384169d,Implex Minneapolis,MN,45.000634,-93.265888,contains,0.0,147,11135043.0,6823.7,6818.288,3.57,Commercial,1229 2ND STREET NORTHEAST,1335744000000.0,X,True,False,AREA OF MINIMAL FLOOD HAZARD,False
dc_fed2cce6b6c2,IPR Wilmington CCC,DE,39.747408,-75.546652,nearest,6.624095601268359,40,7056681.0,34558.2,34532.45,65.05,Commercial,1201 NORTH MARKET STREET,1348012800000.0,X,True,False,AREA OF MINIMAL FLOOD HAZARD,True
dc_c076f88bdf99,CyrusOne Cincinnati 7th St,OH,39.103125,-84.517017,nearest,3.8735796385413552,33,10452226.0,58514.1,58514.02,59.33,Government,,1425168000000.0,X,True,False,AREA OF MINIMAL FLOOD HAZARD,True
dc_a29f6258e847,CyrusOne Lebanon,OH,39.389053,-84.220796,nearest,16.593912823241492,5,659987.0,5172.3,5575.82,,Industrial,,1414281600000.0,X,True,False,AREA OF MINIMAL FLOOD HAZARD,
dc_50f553e0c62c,CyrusOne Florence,KY,38.98065,-84.618707,nearest,0.8336527384225718,11,5362171.0,149325.0,149362.1,,Commercial,7190 INDUSTRIAL ROAD,1465776000000.0,X,True,False,AREA OF MINIMAL FLOOD HAZARD,
dc_df6acb943b72,CyrusOne Mason,OH,39.303887,-84.311636,contains,0.0,18,581752.0,84246.1,82484.15,,Commercial,,1496707200000.0,X,True,False,AREA OF MINIMAL FLOOD HAZARD,
dc_5f2a61722af9,CyrusOne Hamilton,OH,39.3852,-84.56691,nearest,7.270422506625924,4,3080175.0,144920.6,144150.3,,Commercial,,1521936000000.0,X,True,False,AREA OF MINIMAL FLOOD HAZARD,
dc_86334a11f204,Databank Houston Galleria (HOU5),TX,29.7282,-95.4447,nearest,12.475191402230461,44,28341842.0,46633.1,46633.0,8.44,Industrial,4201 SOUTHWEST FREEWAY,1264204800000.0,X,True,False,AREA OF MINIMAL FLOOD HAZARD,False
dc_664c5d805196,Databank Houston West (HOU1) (HOU2),TX,29.844182,-95.556656,contains,0.0,13,37834477.0,139418.5,139687.8,,Industrial,,1573344000000.0,X,True,False,AREA OF MINIMAL FLOOD HAZARD,
dc_0b2f7896c0d0,CyrusOne Dallas (Lewisville),TX,33.001402,-96.99766,contains,0.0,5,29833111.0,934082.7,934081.8,6.26,Commercial,2501 S SH 121 BUS SOUTH,1435708800000.0,X,True,False,AREA OF MINIMAL FLOOD HAZARD,False
dc_58616fe2297e,CyrusOne Dallas (Carrollton),TX,32.993965,-96.930484,nearest,7.83638667270017,7,29805041.0,84444.1,84444.08,10.88,Commercial,,1435708800000.0,X,True,False,AREA OF MINIMAL FLOOD HAZARD,False
dc_3223faf8d9ac,CyrusOne Chicago (Lombard),IL,41.849175,-88.029567,contains,0.0,11,34467791.0,60062.9,60062.78,4.65,Commercial,1800 SOUTH SPRINGER DRIVE,1321315200000.0,X,True,False,AREA OF MINIMAL FLOOD HAZARD,False
dc_e22e8d10f87c,200 Quannapowitt Pkwy,MA,42.51857,-71.08619,contains,0.0,4,6003413.0,51609.9,51086.39,,Commercial,100 QUANNAPOWITT PARKWAY,1527724800000.0,X,True,False,AREA OF MINIMAL FLOOD HAZARD,
dc_89d0864db4f2,Bay Area Internet,CA,37.365431,-121.961738,contains,0.0,43,15722434.0,82786.4,82786.38,6.98,Industrial,,1349049600000.0,X,True,False,0.2 PCT ANNUAL CHANCE FLOOD HAZARD,False
dc_f379e2e3f368,EZ Network Systems,CA,37.990788,-121.289822,contains,0.0,40,17455636.0,13410.2,13410.21,4.85,Industrial,,1272844800000.0,X,True,False,AREA WITH REDUCED FLOOD RISK DUE TO LEVEE,False
dc_db573af22b8c,DataBank Las Vegas (LAS1),NV,36.05905,-115.14557,nearest,35.45650078509424,28,2111863.0,677.9,677.8802,2.7,Unclassified,,1393977600000.0,X,True,False,AREA OF MINIMAL FLOOD HAZARD,False
dc_b5323f8208c8,Level(3) Newark,NJ,40.736844,-74.173402,contains,0.0,25,7652032.0,89826.2,89826.13,54.25,Education,111 MARKET STREET,1376524800000.0,X,True,False,AREA OF MINIMAL FLOOD HAZARD,True
dc_8ee44a03b9d6,Level(3) Bellevue,NE,41.185518,-95.936099,contains,0.0,17,3055068.0,11752.2,11760.37,6.01,Commercial,1514 WEST CHANDLER ROAD,1366848000000.0,X,True,False,AREA OF MINIMAL FLOOD HAZARD,False
dc_148aeae62582,Level(3) Hayward,CA,37.638508,-122.129908,contains,0.0,39,16062804.0,8118.5,8118.455,4.96,Government,,1349049600000.0,X,True,False,AREA OF MINIMAL FLOOD HAZARD,False
dc_82ff6a5c5a0d,OneNet OSU Tulsa,OK,36.163393,-95.987612,contains,0.0,8,7114507.0,104473.1,104472.9,7.3,Government,,1222992000000.0,X,True,False,AREA OF MINIMAL FLOOD HAZARD,False
dc_b6fbffa58ede,ARE-ON Hope,AR,33.664742,-93.600378,contains,0.0,62,140259.0,6861.6,6675.661,,Unclassified,901 WEST 3RD STREET,1460073600000.0,X,True,False,AREA OF MINIMAL FLOOD HAZARD,
dc_a6d9638415be,ARE-ON Forrest City,AR,35.040103,-90.768064,contains,0.0,14,3055435.0,55730.5,57158.84,,Education,1620 NEWCASTLE ROAD,1451952000000.0,,False,,,
dc_d64ac7105bee,"375 Pearl, Intergate.Manhattan",NY,40.710859,-74.000694,nearest,13.839562819654045,19,7730444.0,80891.6,80841.05,73.53,Education,411 PEARL STREET,1376524800000.0,X,True,False,AREA OF MINIMAL FLOOD HAZARD,True
dc_69bfcdca0d0e,Sungard AS Sacramento,CA,38.596081,-121.272635,contains,0.0,12,2199526.0,70017.0,69493.41,,Industrial,,1474502400000.0,X,True,False,AREA OF MINIMAL FLOOD HAZARD,
dc_4b4602a89a86,SITCO Evansville,IN,38.019934,-87.521467,nearest,10.231700081139074,11,7568986.0,21113.1,21272.39,,Industrial,4631 OHARA DRIVE,1489104000000.0,X,True,False,AREA OF MINIMAL FLOOD HAZARD,
dc_1302d924a662,InfoBunker,IA,42.164903,-93.794162,nearest,3.006190492644575,11,1253029.0,527.8,527.4366,,Industrial,308 T AVENUE,1571961600000.0,X,True,False,AREA OF MINIMAL FLOOD HAZARD,
dc_7d017b08a124,DataBank Miami (MIA1),FL,25.776033,-80.193092,nearest,0.7010647328960676,19,30407427.0,162425.1,162424.5,21.25,Education,36 NE 2 ST,1392508800000.0,X,True,False,AREA OF MINIMAL FLOOD HAZARD,True
dc_39a8cb17ab9f,Level(3) Austin (Kramer),TX,30.386556,-97.708075,nearest,14.061264086746718,42,35783510.0,70691.1,70661.3,,Industrial,1835 KRAMER LN,1512086400000.0,X,True,False,AREA OF MINIMAL FLOOD HAZARD,
dc_ea8cf986c503,Alpheus Houston (777 Walker Street),TX,29.75922,-95.366246,contains,0.0,15,28511391.0,62133.9,62133.79,57.35,Commercial,777 WALKER ST,1264204800000.0,X,True,False,AREA OF MINIMAL FLOOD HAZARD,True
dc_c8127fd45f74,CLT2,NC,35.193762,-80.938485,contains,0.0,14,15074553.0,27951.7,27951.64,6.8,Industrial,3101 INTERNATIONAL AIRPORT DRIVE,1328745600000.0,X,True,False,AREA OF MINIMAL FLOOD HAZARD,False
dc_178e214f0af3,"SBA Edge, LLC",IL,41.875948,-88.248975,contains,0.0,2,32003385.0,76865.0,77297.11,,Industrial,603 DISCOVERY DRIVE,1462406400000.0,X,True,False,AREA OF MINIMAL FLOOD HAZARD,
dc_e40e30b5f07d,Level(3) Atlanta (Peachtree),GA,33.758485,-84.387673,nearest,5.933637070071655,24,17217821.0,1553498.9,1553498.0,30.27,Utility and Misc,,1351209600000.0,X,True,False,AREA OF MINIMAL FLOOD HAZARD,True
dc_864cf68f769a,Level(3) Chicago (Kingsbury),IL,41.898951,-87.644642,contains,0.0,30,34170731.0,281499.4,281499.1,37.79,Industrial,600 WEST CHICAGO AVENUE,1321315200000.0,X,True,False,AREA OF MINIMAL FLOOD HAZARD,True
dc_b5e8b871ad80,Level(3) Miami (5th St),FL,25.779013,-80.192962,nearest,19.930557681144492,29,30410135.0,105659.3,105658.9,36.02,Residential,33 NE 4 ST,1392508800000.0,X,True,False,AREA OF MINIMAL FLOOD HAZARD,True
dc_f762d99d6b4e,Level(3) Herndon,VA,38.964641,-77.382947,nearest,39.92256284412213,44,7925534.0,981.2,981.1787,8.21,Residential,605 NASH STREET,1205280000000.0,X,True,False,AREA OF MINIMAL FLOOD HAZARD,False
dc_883d27078b2e,Level(3) McLean,VA,38.9201,-77.2132,nearest,2.5510240743135455,12,7905095.0,47480.7,47480.66,14.71,Commercial,1760 OLD MEADOW ROAD,1205280000000.0,X,True,False,AREA OF MINIMAL FLOOD HAZARD,True
dc_ed8005520bf5,DataBank Dallas (DFW6),TX,32.838552,-96.865083,contains,0.0,27,30224621.0,291073.2,291072.9,7.26,Industrial,8600 HARRY HINES BOULEVARD,1435708800000.0,X,True,False,AREA OF MINIMAL FLOOD HAZARD,False
dc_ae465e5fe76f,HSW-DC1RH,SC,34.92958,-81.021841,contains,0.0,46,4521096.0,3958.9,4105.976,,Commercial,420 DAVE LYLE BOULEVARD,1477353600000.0,X,True,False,AREA OF MINIMAL FLOOD HAZARD,
dc_4e2c0853b3db,Digital Realty Boston BOS16 (closed),MA,42.302248,-71.21957,contains,0.0,22,1232456.0,51373.9,51059.43,,Industrial,105 CABOT STREET,1554940800000.0,X,True,False,AREA OF MINIMAL FLOOD HAZARD,
dc_01f98dd90a2d,LightPoint Corporation,OR,45.521436,-122.677878,contains,0.0,27,8134641.0,40674.3,40642.43,26.71,Commercial,,1285027200000.0,X,True,False,AREA OF MINIMAL FLOOD HAZARD,True
dc_ee2dabe2d034,IC2NET Data Center,CA,33.71632,-117.80396,nearest,33.57765594987975,14,13747147.0,91826.4,91826.32,6.07,Unclassified,,1350432000000.0,X,True,False,0.2 PCT ANNUAL CHANCE FLOOD HAZARD,False
dc_c37802ecd331,Northland Communications - Syracuse,NY,43.04426,-76.15226,nearest,20.00214612421348,15,7050200.0,485605.6,485322.3,22.71,Assembly,500 SOUTH SALINA STREET,1218499200000.0,X,True,False,AREA OF MINIMAL FLOOD HAZARD,True
dc_d4c3cf951bc7,Northland Communications - Utica,NY,43.099765,-75.235426,contains,0.0,30,6008960.0,106180.2,106096.2,,Assembly,254 GENESEE STREET,1474502400000.0,X,True,False,AREA OF MINIMAL FLOOD HAZARD,
dc_fd5d2f4c2f9e,NYI NY1 (100 William Street),NY,40.708341,-74.007174,contains,0.0,37,7730356.0,27649.3,27631.96,80.33,Commercial,80 JOHN STREET,1376524800000.0,X,True,False,AREA OF MINIMAL FLOOD HAZARD,True
dc_d26d3b37dc1a,Host Color,NY,40.74463,-73.987667,contains,0.0,25,7732255.0,62973.4,62934.29,26.33,Industrial,246 5 AVENUE,1376524800000.0,X,True,False,AREA OF MINIMAL FLOOD HAZARD,True
dc_fa5618a8e380,H5 Data Centers New York,NY,40.72682,-74.007478,nearest,7.051781408591474,24,7731326.0,68155.9,68113.16,28.47,Commercial,333 HUDSON STREET,1376524800000.0,X,True,False,AREA OF MINIMAL FLOOD HAZARD,True
dc_f3db3ae251af,DataBank New York (LGA2),NY,40.741469,-74.003387,contains,0.0,25,7732059.0,166489.6,166385.5,62.74,Industrial,76 9 AVENUE,1376524800000.0,X,True,False,AREA OF MINIMAL FLOOD HAZARD,True
dc_5f57417784ad,DataBank Newark (EWR1),NJ,40.736844,-74.173402,contains,0.0,25,7652032.0,89826.2,89826.13,54.25,Education,111 MARKET STREET,1376524800000.0,X,True,False,AREA OF MINIMAL FLOOD HAZARD,True
dc_81bdea6e864f,WOW! Business (Columbus Datacenter),OH,39.96773,-82.99574,nearest,2.5792015556971366,28,9771417.0,103357.3,103357.2,11.87,Commercial,240 5TH STREET,1301616000000.0,X,True,False,AREA OF MINIMAL FLOOD HAZARD,False
dc_9d9fbdb41e19,DC74-CLT1,NC,35.193902,-80.937263,contains,0.0,9,15074626.0,49916.8,49916.74,6.8,Industrial,3100 INTERNATIONAL AIRPORT DRIVE,1328745600000.0,X,True,False,AREA OF MINIMAL FLOOD HAZARD,False
dc_49e0d2491132,DC74-CLT4,NC,35.180076,-80.92639,contains,0.0,24,15061147.0,18947.2,18947.2,6.4,Commercial,1612 CROSS BEAM DRIVE,1328745600000.0,X,True,False,AREA OF MINIMAL FLOOD HAZARD,False
dc_7d05eaf4ac3e,612 W Main,WI,43.06776,-89.392409,contains,0.0,56,10440264.0,15352.3,15354.33,10.33,Commercial,,1270771200000.0,X,True,False,AREA OF MINIMAL FLOOD HAZARD,False
dc_20728e9abe29,Telefonica KeyCenter,FL,25.796769,-80.379841,nearest,36.929700274981776,13,30421581.0,88842.7,88842.34,12.16,Industrial,11300 NW 25 ST,1392508800000.0,AH,True,True,,True
dc_34886e6cf7de,DataBank Seattle (SEA1),WA,47.614347,-122.338883,contains,0.0,27,10158492.0,139990.0,139886.5,47.9,Industrial,,1273190400000.0,X,True,False,AREA OF MINIMAL FLOOD HAZARD,True
dc_aea1cf806ec1,EdgeConneX Denver (EDCDEN01),CO,39.560754,-104.826772,nearest,36.3834349202193,8,12001084.0,94980.2,95881.27,,Unclassified,8535 HIGHFIELD PARKWAY,1599868800000.0,X,True,False,AREA OF MINIMAL FLOOD HAZARD,
dc_a234b02a6a79,Digital Realty IAD (43940 Digital Loudoun),VA,39.000821,-77.479198,contains,0.0,7,2957624.0,1318.1,1097.117,,Commercial,43780 DIGITAL LOUDOUN PLAZA,1536192000000.0,X,True,False,AREA OF MINIMAL FLOOD HAZARD,
dc_5eaa6dda34c1,QTS Phoenix (PHX1),AZ,33.452003,-112.072042,contains,0.0,19,11572548.0,86440.9,86440.76,15.63,Commercial,120 EAST VAN BUREN STREET,1412467200000.0,X,True,False,0.2 PCT ANNUAL CHANCE FLOOD HAZARD,True
dc_ffef5b6cf155,Montana Opticom,MT,45.673641,-111.19004,nearest,7.5224200221291895,28,1841661.0,6928.0,6922.523,,Commercial,,1533513600000.0,X,True,False,AREA OF MINIMAL FLOOD HAZARD,
dc_82227ff3b01d,Iron Mountain Data Center - Denver (DEN-1),CO,39.777353,-104.968212,contains,0.0,16,15487033.0,153181.8,153181.7,8.58,Industrial,4300 NORTH BRIGHTON BOULEVARD,1337212800000.0,X,True,False,AREA OF MINIMAL FLOOD HAZARD,False
dc_baa87d4e6e61,EdgeConneX Houston (EDCHOU01),TX,29.794579,-95.745149,contains,0.0,23,36608032.0,97668.1,97828.72,,Industrial,1510 PRIME WEST PKWY,1693526400000.0,X,True,False,AREA OF MINIMAL FLOOD HAZARD,
dc_3383905d0028,NEGMA Datacenter,TX,32.949582,-96.837348,contains,0.0,21,30027938.0,20911.4,20911.38,4.94,Commercial,5535 NORTHMOOR DR,1435708800000.0,X,True,False,AREA OF MINIMAL FLOOD HAZARD,False
dc_0e570fa9e1ff,EdgeConneX Phoenix (EDCPHX01),AZ,33.395544,-111.97012,contains,0.0,33,11617787.0,81821.6,81821.53,6.63,Commercial,3011 SOUTH 52ND STREET,1412467200000.0,X,True,False,0.2 PCT ANNUAL CHANCE FLOOD HAZARD,False
dc_dfda7e9a1e03,EdgeConneX Las Vegas (EDCLAS01),NV,36.065272,-115.130816,contains,0.0,68,2118546.0,25132.9,25132.89,10.19,Commercial,,1393977600000.0,X,True,False,AREA OF MINIMAL FLOOD HAZARD,False
dc_bceae002eccf,EdgeConneX Norfolk (EDCNOR01),VA,36.86186,-76.235342,contains,0.0,15,7134705.0,99289.1,99289.02,6.4186,Industrial,3800 VILLAGE AVENUE,1364774400000.0,X,True,False,AREA OF MINIMAL FLOOD HAZARD,False
dc_ac081552fe1c,EdgeConneX Portland (EDCPOR01),OR,45.548296,-122.907473,nearest,39.65290948062022,15,3639727.0,96547.8,96470.66,,Government,,1564790400000.0,X,True,False,AREA OF MINIMAL FLOOD HAZARD,
dc_32cda6fe8ad6,EdgeConneX Miami (EDCMIA01),FL,25.793016,-80.38119,nearest,25.24201633308346,14,30420050.0,25216.5,25216.43,9.47,Unclassified,2244 NW 114 AVE SOUTH,1392508800000.0,AH,True,True,,False
dc_a013916a228d,EdgeConneX Nashville (EDCNAS01),TN,36.144881,-86.701721,contains,0.0,9,12156734.0,43016.9,42983.25,5.85,Commercial,1851 AIR LANE DRIVE,1136073600000.0,X,True,False,AREA OF MINIMAL FLOOD HAZARD,False
dc_584854729387,EdgeConneX Pittsburgh (EDCPIT01),PA,40.451752,-80.043152,contains,0.0,32,7370278.0,150570.0,150569.8,8.39,Industrial,,1312502400000.0,X,True,False,AREA OF MINIMAL FLOOD HAZARD,False
dc_215a200532dc,EdgeConneX Sacramento (EDCSAC01),CA,38.592346,-121.277389,contains,0.0,12,2198133.0,29774.2,29503.56,,Industrial,,1474502400000.0,X,True,False,AREA OF MINIMAL FLOOD HAZARD,
dc_f37586d2198c,EdgeConneX Detroit (EDCDET01),MI,42.448537,-83.261226,nearest,9.90995645281678,8,14871838.0,51306.8,51309.45,7.15,Commercial,,1430438400000.0,X,True,False,AREA OF MINIMAL FLOOD HAZARD,False
dc_9b38c6590761,EdgeConneX San Diego (EDCSDG01),CA,32.83998,-117.16853,contains,0.0,39,3276417.0,60323.5,60355.04,,Industrial,,1475020800000.0,X,True,False,AREA OF MINIMAL FLOOD HAZARD,
dc_6941afa4ec15,EdgeConneX Atlanta (EDCATL01),GA,33.729369,-84.420099,contains,0.0,32,17165871.0,51687.9,51687.82,6.39,Commercial,,1351209600000.0,X,True,False,AREA OF MINIMAL FLOOD HAZARD,False
dc_733aea2e5795,EdgeConneX Memphis (EDCMEM01),TN,35.038995,-89.88623,contains,0.0,5,11000197.0,65704.5,65764.27,,Industrial,4005 SOUTH MENDENHALL ROAD,1520035200000.0,X,True,False,0.2 PCT ANNUAL CHANCE FLOOD HAZARD,
dc_e579a4187175,CME Cermak,IL,41.85365,-87.618342,contains,0.0,12,35011105.0,247826.3,247826.1,27.25,Commercial,2105 SOUTH PRAIRIE AVENUE,1321315200000.0,X,True,False,AREA OF MINIMAL FLOOD HAZARD,True
dc_57ccaad02d2e,Lifeline Eastgate,IN,39.775998,-86.04275,contains,0.0,26,18268020.0,322866.3,322866.0,5.69,Utility and Misc,401 NORTH SHADELAND AVENUE,1314230400000.0,X,True,False,AREA OF MINIMAL FLOOD HAZARD,False
dc_c38d391736df,Digital Realty MIA (36 NE 2nd St),FL,25.776033,-80.193092,nearest,0.7010647328960676,19,30407427.0,162425.1,162424.5,21.25,Education,36 NE 2 ST,1392508800000.0,X,True,False,AREA OF MINIMAL FLOOD HAZARD,True
dc_5f370fd573c6,Level(3) Boise,ID,43.56619,-116.185889,nearest,27.685008476843613,17,3018100.0,8304.3,8304.245,5.14,Industrial,,1362787200000.0,X,True,False,AREA OF MINIMAL FLOOD HAZARD,False
dc_fdb3d62969dc,South Reach Networks,FL,25.776033,-80.193092,nearest,0.7010647328960676,19,30407427.0,162425.1,162424.5,21.25,Education,36 NE 2 ST,1392508800000.0,X,True,False,AREA OF MINIMAL FLOOD HAZARD,True
dc_b91b77b57b86,"LogInToUs, Inc.",NY,44.861059,-74.294006,nearest,4.36377085979658,35,4408465.0,2309.2,2307.511,,Residential,234 PARK STREET,1570492800000.0,,False,,,
dc_fcd214823e30,MDC McAllen,TX,26.201918,-98.231633,contains,0.0,34,30760357.0,88508.1,88507.97,15.3,Commercial,200 S 10TH ST,1208390400000.0,,False,,,True
dc_b88a0de9a6f9,Laredo VTX,TX,27.50656,-99.501483,contains,0.0,112,33854421.0,6725.7,6720.728,,Commercial,520 MATAMOROS STREET,1628553600000.0,X,True,False,AREA OF MINIMAL FLOOD HAZARD,
dc_ff894257d489,Netrality St. Louis - 210 N Tucker,MO,38.629039,-90.197493,nearest,5.4873029185388145,22,11511285.0,26243.0,26242.92,59.34,Unclassified,,1352419200000.0,X,True,False,AREA OF MINIMAL FLOOD HAZARD,True
dc_528e1ba31c73,Level(3) Nashville (9th Ave),TN,36.18889,-86.80367,contains,0.0,17,12123196.0,21322.0,21305.11,10.76,Commercial,2208 9TH AVENUE NORTH,1136073600000.0,X,True,False,AREA OF MINIMAL FLOOD HAZARD,False
dc_141a6d343f13,Iron Mountain Data Center - Ohio (OHS-1),OH,39.591093,-84.236385,contains,0.0,7,737230.0,42581.6,42923.65,,Unclassified,3366 SOUTH TECH BOULEVARD,1414281600000.0,X,True,False,AREA OF MINIMAL FLOOD HAZARD,
dc_96c5b654ee78,Iron Mountain Data Center - New Jersey (NJE-1),NJ,40.5213,-74.3472,contains,0.0,3,7393299.0,772602.8,772602.1,12.69,Commercial,3003 WOODBRIDGE AVENUE,1376524800000.0,X,True,False,AREA OF MINIMAL FLOOD HAZARD,True
dc_5a0289a90452,Evocative Emeryville (EM1),CA,37.847,-122.29318,contains,0.0,17,16340570.0,189265.6,189265.4,9.45,Education,,1349049600000.0,X,True,False,AREA OF MINIMAL FLOOD HAZARD,False
dc_9e8f44c6161f,365 Data Centers New York (NY10),NY,40.707335,-74.012583,contains,0.0,22,7730335.0,52308.3,52275.44,103.95,Industrial,71 BROADWAY,1376524800000.0,X,True,False,AREA OF MINIMAL FLOOD HAZARD,True
dc_5880d7b58735,365 Data Centers Philadelphia (PH2),PA,39.956611,-75.196511,nearest,1.8603811997155715,23,7865284.0,51656.2,51656.09,30.68,Education,,1348012800000.0,X,True,False,AREA OF MINIMAL FLOOD HAZARD,True
dc_34f0b7f21dd7,Netrality - Indy Telcom Center - 701 W. Henry,IN,39.759534,-86.170711,contains,0.0,15,18072313.0,31824.2,31824.13,12.49,Industrial,600 KENTUCKY AVENUE,1314230400000.0,X,True,False,AREA OF MINIMAL FLOOD HAZARD,True
dc_c58e13acabfe,365 Data Centers Detroit (DT1),MI,42.469879,-83.259651,contains,0.0,20,14920823.0,11933.6,11934.19,4.4,Commercial,,1430438400000.0,X,True,False,AREA OF MINIMAL FLOOD HAZARD,False
dc_3836361e4e37,Wintek Corporation,IN,40.421474,-86.890366,contains,0.0,75,16085489.0,7422.9,7265.215,,Commercial,427 NORTH 6TH STREET,1521676800000.0,X,True,False,AREA OF MINIMAL FLOOD HAZARD,
dc_27ae5eaebba0,NETRIX - MTP,IL,42.078163,-87.915633,nearest,2.151532033042182,11,34634247.0,30968.3,30968.22,5.57,Commercial,1331 BUSINESS CENTER DRIVE,1321315200000.0,X,True,False,AREA OF MINIMAL FLOOD HAZARD,False
dc_ad044f529f5f,NETRIX - ALSIP,IL,41.662716,-87.746531,contains,0.0,28,34668094.0,11827.7,11827.64,5.84,Industrial,12620 SOUTH HOLIDAY DRIVE,1321315200000.0,X,True,False,AREA OF MINIMAL FLOOD HAZARD,False
dc_66cc54598f3e,NETRIX - BBN,IL,42.202902,-87.883783,contains,0.0,9,22625485.0,34058.6,34705.77,,Commercial,100 CORPORATE NORTH,1524960000000.0,X,True,False,AREA OF MINIMAL FLOOD HAZARD,
dc_ea75373be693,Pixel Factory Data Center,VA,37.698361,-77.435303,contains,0.0,18,50971260.0,12053.9,12057.91,,Education,9650 ATLEE COMMONS DRIVE,1630800000000.0,X,True,False,AREA OF MINIMAL FLOOD HAZARD,
dc_6f387c9933e4,EdgeConneX Boston (EDCBOS01),MA,42.528505,-71.249495,contains,0.0,23,215779.0,54949.6,55476.9,,Commercial,22 LINNELL CIRCLE,1527724800000.0,X,True,False,AREA OF MINIMAL FLOOD HAZARD,
dc_83ffc6452bd2,EdgeConneX Tallahassee (EDCTAL01),FL,30.47092,-84.35522,contains,0.0,46,31958808.0,15149.9,15149.8,5.04,Commercial,1510 COMMONWEALTH BUSINESS DR,1231718400000.0,X,True,False,AREA OF MINIMAL FLOOD HAZARD,False
dc_668e8cfeb9b1,EdgeConneX Richmond (EDCRIC01),VA,37.6391,-77.4677,nearest,2.6893605618209713,42,51378764.0,120298.9,120343.1,,Industrial,1460 EAST PARHAM ROAD,1630800000000.0,X,True,False,AREA OF MINIMAL FLOOD HAZARD,
dc_a4bccfe660c3,EdgeConneX Jacksonville (EDCJAX01),FL,30.254238,-81.604183,contains,0.0,7,22122879.0,44501.0,44029.46,,Industrial,6602 N EXECUTIVE PARK CT 100,1490140800000.0,X,True,False,AREA OF MINIMAL FLOOD HAZARD,
dc_4397dcdb97c4,EdgeConneX Salt Lake City (EDCSLC01),UT,40.720873,-111.984927,contains,0.0,16,16159065.0,43098.0,43070.89,6.9,Industrial,2302 SOUTH PRESIDENTS DRIVE,1284768000000.0,X,True,False,AREA OF MINIMAL FLOOD HAZARD,False
dc_3e49d7f1ba48,EdgeConneX Seattle (EDCSEA01),WA,47.498209,-122.289962,contains,0.0,8,10092774.0,47258.5,47223.99,8.2,Industrial,,1273190400000.0,X,True,False,AREA OF MINIMAL FLOOD HAZARD,False
dc_d766673ffec0,FiberCloud-Westin1809,WA,47.614358,-122.338864,contains,0.0,27,10158492.0,139990.0,139886.5,47.9,Industrial,,1273190400000.0,X,True,False,AREA OF MINIMAL FLOOD HAZARD,True
dc_7c4b01474de7,FiberCloud-Westin3205,WA,47.614358,-122.338864,contains,0.0,27,10158492.0,139990.0,139886.5,47.9,Industrial,,1273190400000.0,X,True,False,AREA OF MINIMAL FLOOD HAZARD,True
dc_52cd5868f517,123.NET - DC1 - 24700 Northwestern Hwy.,MI,42.471634,-83.238056,contains,0.0,18,14924324.0,22787.8,22788.52,27.67,Commercial,,1430438400000.0,X,True,False,AREA OF MINIMAL FLOOD HAZARD,True
dc_e87f67f21f0c,H5 Data Centers Tampa,FL,27.949592,-82.458713,nearest,4.878281281184472,32,31393716.0,42298.5,42298.27,41.2,Industrial,655 N FRANKLIN ST,1340668800000.0,X,True,False,AREA OF MINIMAL FLOOD HAZARD,True
dc_c2f10be9629e,H5 Data Centers Buffalo III,NY,42.88427,-78.875707,contains,0.0,19,8162722.0,326928.2,326908.8,29.05,Government,400 MAIN STREET,1427846400000.0,X,True,False,AREA OF MINIMAL FLOOD HAZARD,True
dc_ec9f9b87e90e,TierPoint Hawthorne (fka Xand),NY,41.090952,-73.813834,nearest,16.778862088464525,13,4116824.0,12302.6,12295.73,,Commercial,7 SKYLINE DRIVE,1549411200000.0,X,True,False,AREA OF MINIMAL FLOOD HAZARD,
dc_b8a06f212731,Netrality Philadelphia - 401 N Broad,PA,39.959616,-75.161873,nearest,4.087502498785138,28,7867176.0,123764.1,123764.0,49.45,Industrial,,1348012800000.0,X,True,False,AREA OF MINIMAL FLOOD HAZARD,True
dc_09200711b7ac,833 Chestnut Street,PA,39.949362,-75.154904,contains,0.0,22,7861064.0,45621.8,45621.72,56.6,Residential,,1348012800000.0,X,True,False,AREA OF MINIMAL FLOOD HAZARD,True
dc_70fb4023eb68,H5 Data Centers Philadelphia (PA01),PA,39.962351,-75.163736,contains,0.0,31,7868955.0,137367.1,137367.0,35.99,Industrial,,1348012800000.0,X,True,False,AREA OF MINIMAL FLOOD HAZARD,True
dc_4aca16af087d,SD Data Center,FL,28.259917,-80.694719,contains,0.0,2,18079652.0,29097.3,28921.19,,Utility and Misc,8635 HOLIDAY SPRINGS RD,1515024000000.0,A,True,True,,
dc_9d25e192f215,Digital Fortress (SEA),WA,47.617781,-122.356693,contains,0.0,23,10159834.0,20743.2,20727.85,29.63,Industrial,,1273190400000.0,X,True,False,AREA OF MINIMAL FLOOD HAZARD,True
dc_735d2581baf7,Digital Fortress (TUK),WA,47.494136,-122.29441,contains,0.0,12,10090645.0,19597.9,19583.53,19.37,Commercial,,1273190400000.0,X,True,False,AREA OF MINIMAL FLOOD HAZARD,True
dc_9ecc3ad99ee0,TierPoint Omaha - Midlands,NE,41.134508,-96.039042,contains,0.0,7,3014525.0,32883.1,32906.8,10.59,Residential,11425 SOUTH 84TH STREET,1366848000000.0,X,True,False,AREA OF MINIMAL FLOOD HAZARD,False
dc_d0a52d46f2aa,CyrusOne NJ-1,NJ,40.538224,-74.546019,contains,0.0,14,6009046.0,211546.2,212459.0,,Commercial,,1508371200000.0,X,True,False,AREA OF MINIMAL FLOOD HAZARD,
dc_55f5c1098183,CyrusOne NC-1,NC,35.93208,-78.88317,nearest,42.9541947660594,9,15237079.0,198707.3,198707.1,7.9,Commercial,3500 TRICENTER BOULEVARD,1267488000000.0,X,True,False,AREA OF MINIMAL FLOOD HAZARD,False
dc_ba58e4ebbda3,Psychz Networks LAX1,CA,34.04865,-118.257155,nearest,10.121868690982057,26,14636105.0,11544.2,11544.16,26.24,Education,,1350432000000.0,X,True,False,1 PCT DEPTH LESS THAN 1 FOOT,True
dc_805c4656a845,230 Congress,MA,42.354552,-71.054087,contains,0.0,28,7041786.0,22292.9,22292.93,35.15,Commercial,113 HIGH STREET,1242864000000.0,X,True,False,AREA OF MINIMAL FLOOD HAZARD,True
dc_c781be459e42,DataBank Denver (DEN2),CO,39.591303,-104.846748,contains,0.0,9,15087510.0,61980.9,61980.84,7.63,Industrial,6900 SOUTH PEORIA STREET,1337212800000.0,X,True,False,AREA OF MINIMAL FLOOD HAZARD,False
dc_8895a8adb317,SoVerNet Burlington,VT,44.479321,-73.213866,nearest,6.070240468603468,51,6000513.0,87366.0,87339.47,,Government,23 CHURCH STREET,1528416000000.0,X,True,False,AREA OF MINIMAL FLOOD HAZARD,
dc_86ad0acb41d8,Simply Bits DC1,AZ,32.205098,-110.956748,contains,0.0,66,11850020.0,12093.8,12093.76,5.94,Industrial,1300 SOUTH PARK AVENUE,1156636800000.0,X,True,False,AREA OF MINIMAL FLOOD HAZARD,False
dc_cd3925d5b7dd,DataBank Boston (BOS1),MA,42.354699,-71.060271,contains,0.0,20,7041802.0,268625.6,268625.4,29.35,Commercial,474 WASHINGTON STREET,1242864000000.0,X,True,False,AREA OF MINIMAL FLOOD HAZARD,True
dc_6db2ddc44c26,Digital Realty BOS (128 1st Ave),MA,42.301316,-71.219029,contains,0.0,15,6004726.0,78733.8,79577.34,,Commercial,72 A STREET,1554940800000.0,X,True,False,AREA OF MINIMAL FLOOD HAZARD,
dc_79d256a5f79f,Colo@ (Buckhead),GA,33.83887,-84.372429,contains,0.0,59,17321524.0,6851.9,6851.913,8.78,Commercial,,1351209600000.0,X,True,False,AREA OF MINIMAL FLOOD HAZARD,False
dc_3f21446be601,Atlanta Tech Village,GA,33.848673,-84.373313,contains,0.0,25,17332845.0,39071.8,39071.75,13.55,Industrial,,1351209600000.0,X,True,False,AREA OF MINIMAL FLOOD HAZARD,True
dc_dd9631825e6b,GIP Plano,TX,33.012213,-96.683109,contains,0.0,15,30285690.0,33401.1,33401.13,6.07,Commercial,1009 JUPITER ROAD,1435708800000.0,X,True,False,AREA OF MINIMAL FLOOD HAZARD,False
dc_c2f977e5b859,UFN Kearns,UT,40.766362,-111.891169,nearest,10.945288054102337,21,16214042.0,144429.7,144334.3,21.44,Industrial,136 SOUTH MAIN STREET,1284768000000.0,X,True,False,AREA OF MINIMAL FLOOD HAZARD,True
dc_755d5a3f3818,CyrusOne Sterling,VA,39.025827,-77.41381,contains,0.0,5,50997659.0,312769.1,312855.1,,Commercial,21111 RIDGETOP CIRCLE,1710374400000.0,X,True,False,AREA OF MINIMAL FLOOD HAZARD,
dc_2338d12e367c,RSA Dexter Avenue Datacenter,AL,32.37803,-86.30301,contains,0.0,30,14176992.0,56869.5,56869.41,46.06,Commercial,,1387152000000.0,X,True,False,AREA OF MINIMAL FLOOD HAZARD,True
dc_f7435c1bda22,Gafachi 1 West Main Rochester,NY,43.155657,-77.612519,nearest,7.959740549033601,27,3085032.0,18108.4,18114.0,,Commercial,23 EAST MAIN STREET,1564704000000.0,X,True,False,AREA OF MINIMAL FLOOD HAZARD,
dc_2e566d6574eb,Cologix MIN2,MN,44.971385,-93.254494,contains,0.0,16,11071597.0,88316.9,88247.18,12.7,Commercial,511 11TH AVENUE SOUTH,1335744000000.0,X,True,False,AREA OF MINIMAL FLOOD HAZARD,True
dc_2e5749b84fc8,Vaultas,WI,43.044997,-87.910189,contains,0.0,26,10211180.0,20559.1,20545.43,11.94,Commercial,,1351900800000.0,X,True,False,AREA OF MINIMAL FLOOD HAZARD,False
dc_49e9f7db52dc,Data Foundry Austin 1,TX,30.215695,-97.695677,contains,0.0,7,31027806.0,50476.8,50476.73,7.7,Industrial,7401 E BEN WHITE BLVD EB,1311292800000.0,X,True,False,AREA OF MINIMAL FLOOD HAZARD,False
dc_3706cdb29bf1,Data Foundry Houston 1,TX,29.749895,-95.472527,nearest,23.55236197673013,37,16747732.0,9833.9,9539.2,,Commercial,5555 SAN FELIPE STREET,1589068800000.0,X,True,False,AREA OF MINIMAL FLOOD HAZARD,
dc_94fb239dbf78,Data Foundry Houston 2,TX,29.945145,-95.424212,contains,0.0,3,37937932.0,111509.7,111748.4,,Industrial,,1668297600000.0,X,True,False,AREA OF MINIMAL FLOOD HAZARD,
dc_c958657a0348,TriTech Center,MN,44.979252,-93.26646,nearest,7.900214716780868,10,11084180.0,13869.3,13858.34,13.16,Commercial,309 2ND AVENUE SOUTH,1335744000000.0,X,True,False,AREA OF MINIMAL FLOOD HAZARD,True
dc_a48bd507b5ac,CyrusOne Wappingers Falls,NY,41.59911,-73.88234,contains,0.0,9,7188340.0,147475.2,147388.7,9.45,Education,155 MYERS CORNERS ROAD,1321056000000.0,X,True,False,AREA OF MINIMAL FLOOD HAZARD,False
dc_80dd96d6f070,CyrusOne Totowa,NJ,40.907217,-74.242258,contains,0.0,23,6008742.0,120734.3,121501.8,,Unclassified,970 RIVERVIEW DRIVE,1461024000000.0,X,True,False,AREA OF MINIMAL FLOOD HAZARD,
dc_a1a2d4c9b9b0,CyrusOne Norwalk,CT,41.1116,-73.3922,contains,0.0,8,6000348.0,356932.8,356807.5,,Utility and Misc,10 NORDEN PLACE,1552435200000.0,X,True,False,AREA OF MINIMAL FLOOD HAZARD,
dc_2600bf81e31a,QTS Richmond (RIC1),VA,37.488073,-77.244177,nearest,3.6525316252128945,3,51286135.0,657028.1,657140.1,,Unclassified,6000 TECHNOLOGY BOULEVARD,1644537600000.0,X,True,False,AREA OF MINIMAL FLOOD HAZARD,
dc_1633b238c629,Cologix DAL1,TX,32.800748,-96.819412,contains,0.0,10,29902135.0,243138.7,243138.4,32.91,Education,1950 N STEMMONS FWY,1435708800000.0,X,True,False,AREA WITH REDUCED FLOOD RISK DUE TO LEVEE,True
dc_033df59021e1,Cologix DAL2,TX,32.800748,-96.819412,contains,0.0,10,29902135.0,243138.7,243138.4,32.91,Education,1950 N STEMMONS FWY,1435708800000.0,X,True,False,AREA WITH REDUCED FLOOD RISK DUE TO LEVEE,True
dc_62b148aaa408,Cologix COL1,OH,40.116491,-83.001985,nearest,22.370732135813373,20,283433.0,461.5,586.4561,,Industrial,7455 ALTA VIEW BOULEVARD,1546646400000.0,X,True,False,AREA OF MINIMAL FLOOD HAZARD,
dc_2c014e46bfd7,Cologix COL2,OH,40.116491,-83.001985,nearest,22.370732135813373,20,283433.0,461.5,586.4561,,Industrial,7455 ALTA VIEW BOULEVARD,1546646400000.0,X,True,False,AREA OF MINIMAL FLOOD HAZARD,
dc_8c4c2067351e,Cologix JAX2,FL,30.273221,-81.613866,contains,0.0,25,31791798.0,61638.6,61638.37,8.6,Utility and Misc,4800 SPRING PARK RD,1267660800000.0,X,True,False,AREA OF MINIMAL FLOOD HAZARD,False
dc_841c8754ed1b,Cologix LAK1,FL,28.079624,-81.975179,contains,0.0,10,35003562.0,151412.0,151325.0,,Commercial,2850 INTERSTATE DR,1665187200000.0,X,True,False,AREA OF MINIMAL FLOOD HAZARD,
dc_ce8075567251,Flexential - Cincinnati (CIN1/2),OH,39.31601,-84.44924,contains,0.0,23,544391.0,83878.3,83629.87,,Commercial,5319 MUHLHAUSER ROAD,1521936000000.0,X,True,False,AREA OF MINIMAL FLOOD HAZARD,
dc_6452cc5b0c97,Level(3) Charlotte,NC,35.17868,-80.928126,contains,0.0,18,15059942.0,44055.5,44055.45,7.2,Commercial,4021 ROSE LAKE DRIVE,1328745600000.0,X,True,False,AREA OF MINIMAL FLOOD HAZARD,False
dc_93add6dd1d1d,ERC Broadband,NC,35.594066,-82.55792,contains,0.0,40,51007639.0,79244.2,79219.61,,Government,151 PATTON AVENUE,1581638400000.0,X,True,False,AREA OF MINIMAL FLOOD HAZARD,
dc_90929b3b19a1,Lightboard ★ Massachusetts,MA,42.109443,-72.575141,contains,0.0,28,7398976.0,204171.1,204170.9,9.52,Education,65 LINCOLN STREET,1346112000000.0,X,True,False,AREA OF MINIMAL FLOOD HAZARD,False
dc_90c8dcfdda40,Stack Infrastructure Portland PORO2,OR,45.5475,-122.8972,contains,0.0,6,5000814.0,211668.9,211499.9,,Commercial,,1564790400000.0,X,True,False,AREA OF MINIMAL FLOOD HAZARD,
dc_59783b2d12ed,EdgeConneX Santa Clara (EDCSVC01/EDCSVC02),CA,37.36437,-121.958865,contains,0.0,33,15719782.0,58856.9,58856.8,7.05,Industrial,,1349049600000.0,X,True,False,0.2 PCT ANNUAL CHANCE FLOOD HAZARD,False
dc_23a57bb771d3,"DataSite, Boise",ID,43.606214,-116.303601,contains,0.0,11,3057577.0,62764.1,62763.98,5.48,Commercial,,1362787200000.0,X,True,False,AREA OF MINIMAL FLOOD HAZARD,False
dc_7fe3c888b6c0,Lunavi - Westin1809,WA,47.614347,-122.338883,contains,0.0,27,10158492.0,139990.0,139886.5,47.9,Industrial,,1273190400000.0,X,True,False,AREA OF MINIMAL FLOOD HAZARD,True
dc_78def80fc2f7,Lunavi - Westin1969,WA,47.614347,-122.338883,contains,0.0,27,10158492.0,139990.0,139886.5,47.9,Industrial,,1273190400000.0,X,True,False,AREA OF MINIMAL FLOOD HAZARD,True
dc_12cbbeba293d,Lunavi - Westin3205,WA,47.614347,-122.338883,contains,0.0,27,10158492.0,139990.0,139886.5,47.9,Industrial,,1273190400000.0,X,True,False,AREA OF MINIMAL FLOOD HAZARD,True
dc_4b4508a3fbf2,Flexential - Denver/Aurora (DEN03),CO,39.66107,-104.849813,contains,0.0,117,15211108.0,179759.6,179759.3,7.34,Commercial,11900 EAST CORNELL AVENUE,1337212800000.0,X,True,False,AREA OF MINIMAL FLOOD HAZARD,False
dc_33b0acb3fbfc,Flexential - Denver/Englewood (DEN11),CO,39.559006,-104.838116,contains,0.0,9,1694594.0,209276.4,209597.0,,Unclassified,8636 SOUTH PEORIA STREET,1599868800000.0,X,True,False,AREA OF MINIMAL FLOOD HAZARD,
dc_a3a8fb84180f,Flexential - Minneapolis/Chaska (MSP01),MN,44.851292,-93.599549,contains,0.0,1,11578329.0,137652.1,137549.6,7.4,Commercial,3500 LYMAN BOULEVARD,1335744000000.0,X,True,False,AREA OF MINIMAL FLOOD HAZARD,False
dc_2183463f5e3a,Flexential - Las Vegas/Downtown (LAS03),NV,36.168644,-115.143561,contains,0.0,22,2303416.0,20291.4,20291.33,30.87,Education,,1393977600000.0,X,True,False,AREA OF MINIMAL FLOOD HAZARD,True
dc_e5ff3c2dc17c,Flexential - Las Vegas/Downtown (LAS05),NV,36.168333,-115.143126,contains,0.0,27,2302974.0,30277.2,30277.22,12.74,Commercial,,1393977600000.0,X,True,False,AREA OF MINIMAL FLOOD HAZARD,True
dc_b04abdda0a7c,Flexential - Las Vegas/North (LAS04),NV,36.248009,-115.101272,contains,0.0,6,2459568.0,107668.5,107668.4,11.36,Commercial,,1393977600000.0,X,True,False,AREA WITH REDUCED FLOOD RISK DUE TO LEVEE,False
dc_ce363e3ec754,Flexential - Portland/Hillsboro (PDX01),OR,45.54761,-122.89156,contains,0.0,7,3639014.0,55721.5,55677.0,,Industrial,,1564790400000.0,X,True,False,AREA OF MINIMAL FLOOD HAZARD,
dc_cf7e6e8946c1,Flexential - Portland/Hillsboro 2 (PDX02),OR,45.557854,-122.917023,contains,0.0,3,3643696.0,233773.0,233586.2,,Unclassified,,1564790400000.0,X,True,False,AREA OF MINIMAL FLOOD HAZARD,
dc_d966ea3f8e06,Flexential - Denver/Centennial (DEN05),CO,39.594144,-104.843142,contains,0.0,10,15091990.0,42429.5,42429.49,6.26,Industrial,12500 EAST ARAPAHOE ROAD,1337212800000.0,X,True,False,AREA OF MINIMAL FLOOD HAZARD,False
dc_55529f8314f5,Flexential - Dallas/Richardson (RCH01),TX,32.993304,-96.756242,nearest,134.71586015047936,2,30248341.0,46505.6,46505.54,8.74,Education,17919 WATERVIEW PARKWAY,1435708800000.0,X,True,False,AREA OF MINIMAL FLOOD HAZARD,False
dc_dfc785a7c7de,Flexential - Salt Lake City/Cottonwood (SLC05),UT,40.634811,-111.805979,nearest,39.21805159335811,13,16048917.0,51471.5,51436.18,11.69,Commercial,6322 SOUTH 3000 EAST,1284768000000.0,X,True,False,AREA OF MINIMAL FLOOD HAZARD,False
dc_2d61a33ca46b,Flexential - Salt Lake City/South Valley (SLC09),UT,40.618997,-111.985014,nearest,50.78379266963956,5,16031433.0,31245.7,31226.05,9.59,Residential,3923 WEST CENTER PARK DRIVE,1284768000000.0,X,True,False,AREA OF MINIMAL FLOOD HAZARD,False
dc_c7daef7be339,DataBank Dallas (DFW5),TX,32.800748,-96.819412,contains,0.0,10,29902135.0,243138.7,243138.4,32.91,Education,1950 N STEMMONS FWY,1435708800000.0,X,True,False,AREA WITH REDUCED FLOOD RISK DUE TO LEVEE,True
dc_c620295c9127,Cologix NNJ2,NJ,40.831821,-74.448794,contains,0.0,17,1788117.0,53508.3,53319.23,,Industrial,9 WING DRIVE,1464480000000.0,,False,,,
dc_21bd83254e11,Cologix NNJ3,NJ,40.857084,-74.418907,contains,0.0,7,1796567.0,86002.1,85592.63,,Industrial,200 WEBRO ROAD,1464480000000.0,,False,,,
dc_e398f3978d57,Alpheus Austin (1905 E. 6th Street),TX,30.261601,-97.722423,nearest,18.898509539320845,59,31038016.0,1645.3,1645.272,3.6,Commercial,1900 E 6TH ST,1311292800000.0,X,True,False,AREA OF MINIMAL FLOOD HAZARD,False
dc_362d590e4b24,Voonami SLC2,UT,40.720873,-111.984927,contains,0.0,16,16159065.0,43098.0,43070.89,6.9,Industrial,2302 SOUTH PRESIDENTS DRIVE,1284768000000.0,X,True,False,AREA OF MINIMAL FLOOD HAZARD,False
dc_6f992d5b84cd,Voonami SLC1,UT,40.326235,-111.681642,contains,0.0,32,6337491.0,23306.2,23289.44,,Commercial,501 EAST TECHNOLOGY AVENUE,1588550400000.0,X,True,False,AREA OF MINIMAL FLOOD HAZARD,
dc_180d30e8b4da,ACT Cheyenne,WY,41.131025,-104.900887,nearest,18.214988763701268,2,19009396.0,801.7,801.0619,3.65,Unclassified,,1234310400000.0,X,True,False,AREA OF MINIMAL FLOOD HAZARD,False
dc_2b69bfa841ef,ACT Wheatland,WY,42.045087,-104.963884,nearest,10.797636423379748,11,4322463.0,527.9,527.4313,,Residential,,1596412800000.0,,False,,,
dc_0ccbc7a90b2d,ACT Douglas,WY,42.734225,-105.338279,nearest,83.89597842601192,1,4374595.0,44074.9,44040.49,,Unclassified,,1529625600000.0,D,True,False,,
dc_255488578f92,ACT Casper,WY,42.852917,-106.319088,nearest,4.430475141268364,65,4107501.0,1038.9,1038.392,,Commercial,315 NORTH KIMBALL STREET,1598572800000.0,X,True,False,AREA OF MINIMAL FLOOD HAZARD,
dc_125f47540bac,ACT Riverton,WY,43.024471,-108.381932,nearest,2.362729094473444,81,3166594.0,5536.3,5538.026,,Commercial,107 SOUTH 7 EAST,1504915200000.0,X,True,False,AREA OF MINIMAL FLOOD HAZARD,
dc_58ca51de8887,ACT Gillette,WY,44.246829,-105.504717,none,,0,,,,,,,,X,True,False,AREA OF MINIMAL FLOOD HAZARD,
dc_7db6a874da87,ACT Buffalo,WY,44.354194,-106.696638,nearest,23.491544631292296,48,3273194.0,5737.8,5735.827,,Commercial,,1530662400000.0,,False,,,
dc_9987086c405c,ACT Sheridan,WY,44.797251,-106.955883,nearest,10.334671711271454,40,16000453.0,70163.1,70148.32,,Commercial,,1530144000000.0,X,True,False,AREA OF MINIMAL FLOOD HAZARD,
dc_6f74b8c1ecc5,ACT Colstrip,MT,45.89347,-106.618344,none,,0,,,,,,,,,False,,,
dc_4dbc93c49488,Digital Realty SJC (2805 Lafayette),CA,37.372597,-121.947955,contains,0.0,12,15734484.0,155167.8,155167.7,5.99,Unclassified,,1349049600000.0,X,True,False,AREA WITH REDUCED FLOOD RISK DUE TO LEVEE,False
dc_e1b88786f3b0,Digital Realty LAX (2260 E El Segundo),CA,33.91565,-118.3847,contains,0.0,16,13233735.0,112830.1,112830.0,9.25,Commercial,,1350432000000.0,X,True,False,AREA OF MINIMAL FLOOD HAZARD,False
dc_3dea0a669a7d,325 Delaware Ave,NY,42.893011,-78.875279,contains,0.0,43,8169827.0,29235.2,29233.51,12.94,Commercial,325 DELAWARE AVENUE,1427846400000.0,X,True,False,AREA OF MINIMAL FLOOD HAZARD,True
dc_59773501dcdd,Forsythe Data Centers,IL,42.00687,-87.96457,contains,0.0,10,34588998.0,367585.3,367584.9,7.99,Industrial,1441 TOUHY AVENUE,1321315200000.0,X,True,False,AREA OF MINIMAL FLOOD HAZARD,False
dc_dfcc7a22bf0c,Columbia County Community Broadband Utility,GA,33.545316,-82.135633,contains,0.0,30,17570779.0,26568.9,26568.92,5.6,Commercial,,1266883200000.0,X,True,False,AREA OF MINIMAL FLOOD HAZARD,False
dc_ee2c4724265a,Equinix DA7 - Dallas,TX,33.064858,-96.810993,contains,0.0,8,36744212.0,324590.3,324664.8,,Commercial,6653 PINECREST DRIVE,1673654400000.0,X,True,False,AREA OF MINIMAL FLOOD HAZARD,
dc_3feab9bb27ef,Centersquare Chicago (ORD2),IL,41.99209,-87.958015,contains,0.0,8,34581636.0,163901.7,163901.5,10.22,Industrial,2425 BUSSE ROAD,1321315200000.0,X,True,False,AREA OF MINIMAL FLOOD HAZARD,False
dc_95a460858bbe,Centersquare Columbus (CMH1),OH,40.16884,-83.010799,contains,0.0,17,333278.0,77901.1,78025.89,,Industrial,8180 GREEN MEADOWS DRIVE,1546646400000.0,X,True,False,AREA OF MINIMAL FLOOD HAZARD,
dc_1fd168086757,Centersquare Northern Virginia (IAD1-A/F),VA,39.023339,-77.413194,contains,0.0,24,7948062.0,90584.4,90584.26,9.29,Commercial,45901 NOKES BOULEVARD,1205280000000.0,X,True,False,AREA OF MINIMAL FLOOD HAZARD,False
dc_445dff13f0cb,EdgeConneX Madison (EDCMAD01),WI,43.04802,-89.297331,nearest,35.655040189957134,14,10425511.0,61380.5,61384.28,5.28,Commercial,,1270771200000.0,X,True,False,AREA OF MINIMAL FLOOD HAZARD,False
dc_a57a479290da,EdgeConneX Minneapolis (EDCMSP01),MN,44.878844,-93.404156,contains,0.0,11,11609223.0,33331.1,33305.21,4.73,Industrial,6875 SHADY OAK ROAD,1335744000000.0,X,True,False,AREA OF MINIMAL FLOOD HAZARD,False
dc_528384267832,Centersquare Northern Virginia (IAD1-C/E),VA,39.025283,-77.413213,nearest,21.06465938535538,6,7948392.0,135274.8,135274.6,6.58,Commercial,21110 RIDGETOP CIRCLE,1205280000000.0,X,True,False,AREA OF MINIMAL FLOOD HAZARD,False
dc_39d40801f80a,Centersquare Northern Virginia (IAD2),VA,38.984122,-77.423889,nearest,12.26949338208954,8,7934000.0,48812.7,48812.68,7.36,Commercial,22810 INTERNATIONAL DRIVE,1205280000000.0,X,True,False,AREA OF MINIMAL FLOOD HAZARD,False
dc_fa631ad5684c,Centersquare Northern Virginia (IAD3),VA,38.980226,-77.443486,nearest,27.798798300759163,13,7868505.0,131498.8,131498.6,6.77,Commercial,22995 WILDER COURT,1205280000000.0,X,True,False,AREA OF MINIMAL FLOOD HAZARD,False
dc_ff3aba8fa11d,Centersquare Dallas (DFW1),TX,32.832607,-97.040726,contains,0.0,5,30638892.0,245162.7,245162.4,10.9,Commercial,14901 FAA BLVD,1435708800000.0,X,True,False,AREA OF MINIMAL FLOOD HAZARD,False
dc_837045fc5729,Centersquare Denver (DEN1),CO,39.550215,-105.033374,contains,0.0,14,15035912.0,133704.8,133704.6,8.43,Unclassified,9110 COMMERCE CENTER CIRCLE,1337212800000.0,X,True,False,AREA OF MINIMAL FLOOD HAZARD,False
dc_a8b860d92de2,Centersquare Denver (DEN2),CO,39.560863,-104.830727,contains,0.0,14,15045564.0,80416.5,80416.37,9.19,Unclassified,8534 CONCORD CENTER DRIVE,1337212800000.0,X,True,False,AREA OF MINIMAL FLOOD HAZARD,False
dc_ec0b9c36f643,Centersquare Minneapolis (MSP1),MN,44.778828,-93.461982,contains,0.0,34,9078729.0,61756.9,61709.5,,Industrial,4450 DEAN LAKES BOULEVARD,1522540800000.0,X,True,False,AREA OF MINIMAL FLOOD HAZARD,
dc_c1851f9d9727,Centersquare New Jersey (EWR2),NJ,40.76218,-74.024685,contains,0.0,14,7696463.0,125262.9,125262.8,15.26,Unclassified,,1376524800000.0,X,True,False,AREA OF MINIMAL FLOOD HAZARD,True
dc_c7be2966c16a,Centersquare New Jersey (EWR3),NJ,40.553374,-74.459223,contains,0.0,13,6009074.0,338403.0,338038.5,,Industrial,1115 CENTENNIAL AVENUE,1464480000000.0,X,True,False,AREA OF MINIMAL FLOOD HAZARD,
dc_634e7c426abd,Centersquare Los Angeles (LAX3),CA,33.687339,-117.848727,contains,0.0,13,13709585.0,406258.8,406258.3,7.16,Industrial,,1350432000000.0,X,True,False,AREA OF MINIMAL FLOOD HAZARD,False
dc_cfd86dec39d0,Centersquare Phoenix (PHX1),AZ,33.454411,-111.976435,contains,0.0,15,11649208.0,504268.8,504268.4,12.13,Commercial,615 NORTH 48TH STREET,1412467200000.0,X,True,False,0.2 PCT ANNUAL CHANCE FLOOD HAZARD,True
dc_9a78859fa7f1,Centersquare Silicon Valley (SFO1),CA,37.371485,-121.969739,contains,0.0,11,15732738.0,176528.9,176528.7,8.97,Unclassified,,1349049600000.0,X,True,False,0.2 PCT ANNUAL CHANCE FLOOD HAZARD,False
dc_d290e4022b32,Centersquare Silicon Valley (SFO2),CA,37.398632,-121.980961,contains,0.0,15,15781396.0,96587.6,96587.51,4.5,Unclassified,,1349049600000.0,X,True,False,AREA WITH REDUCED FLOOD RISK DUE TO LEVEE,False
dc_b3f9e624dfec,Centersquare Seattle (SEA1-B),WA,47.491883,-122.289792,contains,0.0,11,10090594.0,400567.6,400275.4,14.64,Industrial,,1273190400000.0,X,True,False,AREA OF MINIMAL FLOOD HAZARD,True
dc_90455f1b2274,Centersquare Silicon Valley (SFO3),CA,37.372078,-121.986073,contains,0.0,14,15733763.0,69569.6,69569.51,11.88,Unclassified,,1349049600000.0,X,True,False,0.2 PCT ANNUAL CHANCE FLOOD HAZARD,False
dc_6ab52053e3ec,Centersquare Tampa (TPA1),FL,27.94551,-82.35121,contains,0.0,6,31390264.0,98195.6,98195.14,9.4,Industrial,9302 FLORIDA PALM RD,1340668800000.0,X,True,False,AREA OF MINIMAL FLOOD HAZARD,False
dc_83495392fdac,NP Belle Plaine (MSP1),MN,44.6234,-93.75902,contains,0.0,62,4469902.0,12024.1,12015.52,,Government,700 MAIN STREET EAST,1560384000000.0,X,True,False,AREA OF MINIMAL FLOOD HAZARD,
dc_3ef211afc81f,I-Evolve Technology Datacenter Amherst,NY,43.018107,-78.784612,contains,0.0,17,8040267.0,17119.6,17119.65,12.92,Commercial,501 JOHN JAMES AUDUBON PARKWAY,1427846400000.0,X,True,False,AREA OF MINIMAL FLOOD HAZARD,True
dc_0889bebc1079,Lowest Host/Empire Technology,UT,40.7997,-111.946913,nearest,2.934100017967582,116,3898133.0,494.8,494.4602,,Residential,1396 NORTH MORTON DRIVE,1566086400000.0,X,True,False,AREA WITH REDUCED FLOOD RISK DUE TO LEVEE,
dc_577d0763b239,CoreSite - Reston (VA2),VA,38.94895,-77.364494,nearest,74.24155975080468,8,7921384.0,20489.4,20489.35,17.1,Commercial,12030 SUNRISE VALLEY DRIVE,1205280000000.0,X,True,False,AREA OF MINIMAL FLOOD HAZARD,True
dc_77d6c520b74a,Ascent - CH2,IL,41.920029,-87.912164,contains,0.0,9,34539451.0,249527.4,249527.2,7.83,Industrial,,1321315200000.0,X,True,False,AREA OF MINIMAL FLOOD HAZARD,False
dc_54191d9d0f70,MultaCom Main,CA,34.049219,-118.257002,contains,0.0,26,14636914.0,24929.1,24929.08,193.38,Commercial,,1350432000000.0,X,True,False,1 PCT DEPTH LESS THAN 1 FOOT,True
dc_815a4077d7c3,SDN Communications Campus Sioux Falls South Dakota,SD,43.546529,-96.764101,nearest,54.392914376037574,10,348514.0,5538.0,5538.052,,Commercial,2920 WEST 10TH STREET,1563408000000.0,X,True,False,AREA WITH REDUCED FLOOD RISK DUE TO LEVEE,
dc_a4a29a509851,SDN Communication Mark Shlanta Technology Park,SD,43.60705,-96.80934,nearest,17.778514660868197,2,904949.0,15625.7,15625.18,,Utility and Misc,,1563408000000.0,X,True,False,AREA OF MINIMAL FLOOD HAZARD,
dc_a1d2bf1489bd,BESTNAP,TX,30.273541,-97.742861,nearest,37.08572816553822,26,31040074.0,14957.6,14957.6,50.8,Unclassified,201 W 12TH ST,1311292800000.0,X,True,False,AREA OF MINIMAL FLOOD HAZARD,True
dc_26db4d08cc6d,Evocative DA4,TX,32.837967,-96.878307,contains,0.0,8,29789224.0,89703.5,89703.47,8.04,Commercial,1515 ROUND TABLE DR,1435708800000.0,X,True,False,AREA WITH REDUCED FLOOD RISK DUE TO LEVEE,False
dc_f27036f5aa1b,H5 Data Centers Silicon Valley,CA,37.372036,-121.987545,contains,0.0,16,15734149.0,96124.6,96124.63,8.31,Industrial,,1349049600000.0,X,True,False,AREA WITH REDUCED FLOOD RISK DUE TO LEVEE,False
dc_1582bf9a4bfb,Digital Realty CHI (600-780 S Federal),IL,41.874224,-87.629937,contains,0.0,26,34136315.0,70443.5,70443.47,30.01,Commercial,680 SOUTH FEDERAL STREET,1321315200000.0,X,True,False,AREA OF MINIMAL FLOOD HAZARD,True
dc_16d1c4c70378,Zayo Pittsburgh - 2500 Allegheny Center Mall,PA,40.451862,-80.006977,contains,0.0,28,7370375.0,23910.4,23910.37,24.35,Residential,,1312502400000.0,X,True,False,AREA OF MINIMAL FLOOD HAZARD,True
dc_fa32d5b574b6,Zayo Nashville - 209 10th Ave. S,TN,36.155165,-86.782559,contains,0.0,15,12215835.0,85302.6,85235.2,18.34,Commercial,209 10TH AVENUE SOUTH,1136073600000.0,X,True,False,AREA OF MINIMAL FLOOD HAZARD,True
dc_76ee034b9cda,Zayo Cleveland - 1525 Rockwell Ave,OH,41.506167,-81.68395,contains,0.0,30,9236193.0,73655.0,73654.91,20.22,Unclassified,1625 ROCKWELL AVENUE,1282003200000.0,X,True,False,AREA OF MINIMAL FLOOD HAZARD,True
dc_6408ea6661a1,Sungard AS Scottsdale,AZ,33.632423,-111.917795,contains,0.0,30,11375226.0,99749.2,99749.09,8.78,Commercial,7499 EAST PARADISE LANE,1412467200000.0,X,True,False,0.2 PCT ANNUAL CHANCE FLOOD HAZARD,False
dc_c5961d5d88a0,INAP Houston,TX,29.754104,-95.365803,nearest,9.668393494229164,12,28491171.0,62217.7,62217.6,82.55,Commercial,1301 FANNIN ST,1264204800000.0,X,True,False,AREA OF MINIMAL FLOOD HAZARD,True
dc_3ad585b77fab,DataBank Chicago (ORD1),IL,41.874224,-87.629937,contains,0.0,26,34136315.0,70443.5,70443.47,30.01,Commercial,680 SOUTH FEDERAL STREET,1321315200000.0,X,True,False,AREA OF MINIMAL FLOOD HAZARD,True
dc_bc06006b2111,Zayo Baltimore - 111 Market Pl,MD,39.287752,-76.60685,nearest,16.483992905816294,24,7701329.0,97274.4,97274.32,29.67,Commercial,124 MARKET PLACE,1347494400000.0,AE,True,True,,True
dc_62a40204a545,DataBank Memphis (MEM1),TN,35.203086,-89.808615,contains,0.0,16,1092771.0,50065.4,50106.02,,Industrial,7620 APPLING CENTER DRIVE,1507852800000.0,X,True,False,AREA OF MINIMAL FLOOD HAZARD,
dc_55079160dfd9,Zayo Minneapolis - 10300 6th Ave N,MN,44.98646,-93.411433,contains,0.0,11,11068834.0,22304.0,22286.71,4.68,Commercial,10300 6TH AVENUE NORTH,1335744000000.0,X,True,False,AREA OF MINIMAL FLOOD HAZARD,False
dc_03a055ec8a9d,DataBank Chicago (ORD3),IL,42.078055,-87.923547,contains,0.0,9,34634126.0,77832.1,77832.05,5.93,Industrial,800 BUSINESS CENTER DRIVE,1321315200000.0,X,True,False,AREA OF MINIMAL FLOOD HAZARD,False
dc_e4341c36e064,"Roller Network (Reno, NV)",NV,39.469306,-119.76983,contains,0.0,21,2534782.0,29652.1,29652.08,6.67,Industrial,,1412121600000.0,X,True,False,AREA OF MINIMAL FLOOD HAZARD,False
dc_53c76c4c9a51,Zayo Washington DC - 2100 M Street NW,DC,38.904888,-77.047082,contains,0.0,23,16011380.0,113265.1,113262.5,27.62,Education,2121 L STREET NORTHWEST,1348531200000.0,X,True,False,AREA OF MINIMAL FLOOD HAZARD,True
dc_44e1452bfc28,DataBank Seattle (SEA2),WA,47.495027,-122.290569,contains,0.0,11,10091102.0,108720.8,108641.5,8.67,Industrial,,1273190400000.0,X,True,False,AREA OF MINIMAL FLOOD HAZARD,False
dc_c9e0167855d2,1011 San Jacinto,TX,30.27167,-97.738559,contains,0.0,26,31039772.0,8803.2,8803.177,21.5,Unclassified,1011 SAN JACINTO BLVD,1311292800000.0,X,True,False,AREA OF MINIMAL FLOOD HAZARD,True
dc_939f4f8150c1,H5 Data Centers Cleveland,OH,41.506167,-81.68395,contains,0.0,30,9236193.0,73655.0,73654.91,20.22,Unclassified,1625 ROCKWELL AVENUE,1282003200000.0,X,True,False,AREA OF MINIMAL FLOOD HAZARD,True
dc_60f5bc675bc3,Digital Realty CLT (125 N Myers St),NC,35.221491,-80.835817,nearest,1.2770129371261876,27,15100289.0,23358.2,23358.15,10.8,Commercial,731 EAST TRADE STREET,1328745600000.0,X,True,False,AREA OF MINIMAL FLOOD HAZARD,False
dc_9aa547ca020f,DataBank Denver (DEN1),CO,39.5608,-104.8653,nearest,91.28655676129732,13,15045098.0,55327.3,55327.29,6.89,Education,373 INVERNESS PARKWAY,1337212800000.0,X,True,False,AREA OF MINIMAL FLOOD HAZARD,False
dc_50f300dbed19,Alpheus Fort Worth (307 W 7th St),TX,32.751822,-97.331523,nearest,6.359134764912789,20,29719740.0,128799.6,128799.5,41.39,Government,811 TAYLOR ST,1435708800000.0,X,True,False,AREA OF MINIMAL FLOOD HAZARD,True
dc_6c5c3de9236e,Digital Realty EWR (3 Corporate Pl),NJ,40.5537,-74.459,contains,0.0,13,6009074.0,338403.0,338038.5,,Industrial,1115 CENTENNIAL AVENUE,1464480000000.0,X,True,False,AREA OF MINIMAL FLOOD HAZARD,
dc_c83ebcd9777a,DataBank Irvine (SNA1),CA,33.691369,-117.840359,nearest,19.829854725315045,19,462390.0,1484.4,1380.689,,Residential,,1534723200000.0,X,True,False,AREA OF MINIMAL FLOOD HAZARD,
dc_7cc4b0b4fc96,Evocative EWR1,NJ,40.787662,-74.068015,contains,0.0,16,7743298.0,101151.1,101151.0,13.29,Industrial,,1376524800000.0,X,True,False,AREA OF MINIMAL FLOOD HAZARD,True
dc_9dd5204cf104,TierPoint Chicago - West,IL,41.927017,-87.858028,contains,0.0,13,34545731.0,269672.3,269672.2,11.1,Industrial,9333 GRAND AVENUE,1321315200000.0,X,True,False,AREA OF MINIMAL FLOOD HAZARD,False
dc_0e8f573507fc,US Signal - Oak Brook,IL,41.846308,-87.939656,contains,0.0,9,35180041.0,33654.6,33654.58,8.28,Commercial,810 JORIE BOULEVARD,1321315200000.0,X,True,False,AREA OF MINIMAL FLOOD HAZARD,False
dc_08c02a332e69,Evocative SEA1,WA,47.619446,-122.34811,contains,0.0,36,10160622.0,44088.8,44056.16,23.01,Commercial,,1273190400000.0,X,True,False,AREA OF MINIMAL FLOOD HAZARD,True
dc_c81ebd5c76fc,Evocative Virginia (VA1),VA,38.948869,-77.329428,contains,0.0,17,7920957.0,19093.7,19093.69,7.11,Commercial,1807 MICHAEL FARADAY COURT,1205280000000.0,X,True,False,AREA OF MINIMAL FLOOD HAZARD,False
dc_586f965d0e34,Long Lines Data Center,IA,42.479224,-96.346135,nearest,29.94482898035646,14,3699384.0,2768.0,2769.009,,Education,4801 STONE AVENUE,1531267200000.0,X,True,False,AREA OF MINIMAL FLOOD HAZARD,
dc_202a2991c5a5,UnitedLayer Los Angeles,CA,34.048222,-118.254575,nearest,6.184215240643648,21,14871969.0,117377.0,117376.9,49.83,Commercial,,1350432000000.0,X,True,False,1 PCT DEPTH LESS THAN 1 FOOT,True
dc_1bdd34364619,TierPoint Philadelphia,PA,39.892465,-75.165482,contains,0.0,12,7833074.0,25724.0,25723.98,6.68,Commercial,,1348012800000.0,X,True,False,AREA OF MINIMAL FLOOD HAZARD,False
dc_ddd97248cc7e,TierPoint Chicago - Polk,IL,41.871616,-87.642825,contains,0.0,27,34135765.0,64476.5,64476.48,9.25,Commercial,601 WEST POLK STREET,1321315200000.0,X,True,False,AREA OF MINIMAL FLOOD HAZARD,False
dc_e2cb4bbef84e,H5 Data Centers Denver,CO,39.618102,-104.891509,contains,0.0,19,15136636.0,83629.0,83628.92,11.03,Commercial,5350 SOUTH VALENTIA WAY,1337212800000.0,X,True,False,AREA OF MINIMAL FLOOD HAZARD,False
dc_a99edebba530,H5 Data Centers Seattle,WA,47.619054,-122.336393,contains,0.0,29,10160589.0,57562.8,57520.25,9.51,Industrial,,1273190400000.0,X,True,False,AREA OF MINIMAL FLOOD HAZARD,False
dc_1f5c6ef67d69,H5 Data Centers Atlanta,GA,33.765199,-84.38365,contains,0.0,34,17223075.0,74636.4,74636.3,20.65,Unclassified,,1351209600000.0,X,True,False,AREA OF MINIMAL FLOOD HAZARD,True
dc_50cfa203d920,Amplex DC0,OH,41.48316,-83.4532,nearest,14.216870848208536,1,4538874.0,15324.9,15745.14,,Commercial,,1538179200000.0,X,True,False,AREA OF MINIMAL FLOOD HAZARD,
dc_8e3b85f052e5,Markley Group Lowell,MA,42.6302,-71.3045,contains,0.0,86,6003965.0,185179.8,186535.9,,Industrial,2 PRINCE AVENUE,1527724800000.0,X,True,False,AREA OF MINIMAL FLOOD HAZARD,
dc_6a78d9936b54,GIP Dallas,TX,32.783819,-96.79463,contains,0.0,5,29799666.0,39811.4,39811.39,18.63,Commercial,2020 LIVE OAK ST,1435708800000.0,X,True,False,AREA OF MINIMAL FLOOD HAZARD,True
dc_79dfa0f520ee,Enseva Cedar Rapids,IA,42.055307,-91.679646,nearest,30.273755581334406,10,724878.0,32717.3,32700.78,,Industrial,760 KACENA ROAD,1525651200000.0,X,True,False,AREA OF MINIMAL FLOOD HAZARD,
dc_1381e04db5f3,Digital Realty SJC (1100 Space Park),CA,37.375823,-121.953325,contains,0.0,17,15740644.0,55596.6,55596.56,14.62,Unclassified,,1349049600000.0,X,True,False,AREA WITH REDUCED FLOOD RISK DUE TO LEVEE,True
dc_b5563d708045,CyrusOne Aurora I,IL,41.796754,-88.24276,contains,0.0,4,32005777.0,273933.8,273512.6,,Industrial,,1462406400000.0,X,True,False,AREA OF MINIMAL FLOOD HAZARD,
dc_f41ce391bc3a,Optic Fusion - Perkins Building,WA,47.253338,-122.436709,contains,0.0,23,2444613.0,34572.9,34546.75,,Unclassified,,1560124800000.0,X,True,False,AREA OF MINIMAL FLOOD HAZARD,
dc_b7fb6104e55f,Digital Realty HOU (12001 North Freeway),TX,29.943168,-95.416846,contains,0.0,13,1814555.0,7643.6,7588.189,,Industrial,12001 NORTH FREEWAY,1589068800000.0,X,True,False,AREA OF MINIMAL FLOOD HAZARD,
dc_3c96251ce435,Tech Vault South Burlington,VT,44.45418,-73.141763,contains,0.0,13,93476.0,38133.4,38123.39,,Commercial,21 GREGORY DRIVE,1528416000000.0,X,True,False,AREA OF MINIMAL FLOOD HAZARD,
dc_5dcb98d9729e,Digital Realty Portland - PDX10,OR,45.547609,-122.892017,contains,0.0,8,3639014.0,55721.5,55677.0,,Industrial,,1564790400000.0,X,True,False,AREA OF MINIMAL FLOOD HAZARD,
dc_acacfb9245c6,Cologix MIN3,MN,44.971408,-93.25458,contains,0.0,17,11071597.0,88316.9,88247.18,12.7,Commercial,511 11TH AVENUE SOUTH,1335744000000.0,X,True,False,AREA OF MINIMAL FLOOD HAZARD,True
dc_7ab474505334,Cologix COL3,OH,40.116491,-83.001985,nearest,22.370732135813373,20,283433.0,461.5,586.4561,,Industrial,7455 ALTA VIEW BOULEVARD,1546646400000.0,X,True,False,AREA OF MINIMAL FLOOD HAZARD,
dc_b272dd406678,Consolidated - 811 Louisiana,TX,29.759292,-95.366313,contains,0.0,15,28511391.0,62133.9,62133.79,57.35,Commercial,777 WALKER ST,1264204800000.0,X,True,False,AREA OF MINIMAL FLOOD HAZARD,True
dc_5d9780f4d912,Prov.net PVD1 (1155 Westminster),RI,41.817374,-71.427671,contains,0.0,140,7127428.0,12760.7,12763.28,10.11,Industrial,1155 WESTMINSTER STREET,1314748800000.0,X,True,False,AREA OF MINIMAL FLOOD HAZARD,False
dc_21ebebf3dbbb,Prov.net PVD2 (304 Carpenter),RI,41.817622,-71.429267,nearest,9.204802697873259,153,7127676.0,23929.9,23934.77,8.12,Industrial,304 CARPENTER STREET,1314748800000.0,X,True,False,AREA OF MINIMAL FLOOD HAZARD,False
dc_02dc64b737be,Prov.net CHF1 (Boston North),MA,42.597085,-71.331383,nearest,4.406369350584759,12,236562.0,52441.3,52041.01,,Industrial,187 BILLERICA ROAD,1527724800000.0,X,True,False,AREA OF MINIMAL FLOOD HAZARD,
dc_0ba8bcd18eb0,QTS Princeton (PJC1),NJ,40.279249,-74.547551,contains,0.0,3,6002143.0,179925.6,180265.2,,Unclassified,,1444089600000.0,X,True,False,AREA OF MINIMAL FLOOD HAZARD,
dc_347878620932,QTS Chicago (CHI1),IL,41.841895,-87.668306,contains,0.0,5,34991138.0,237388.5,237388.3,12.92,Commercial,2800 SOUTH ASHLAND AVENUE,1321315200000.0,X,True,False,AREA OF MINIMAL FLOOD HAZARD,True
dc_85cad2201208,QTS Overland Park (OVP1),KS,38.89627,-94.673374,contains,0.0,7,482181.0,19553.5,19547.95,,Commercial,,1587427200000.0,X,True,False,AREA OF MINIMAL FLOOD HAZARD,
dc_e37781a3945e,US Internet - Minnetonka,MN,44.972011,-93.436607,nearest,0.9965194540387515,9,11039630.0,19729.2,19714.01,9.14,Commercial,12400 WAYZATA BOULEVARD,1335744000000.0,X,True,False,AREA OF MINIMAL FLOOD HAZARD,False
dc_af69a6e28ad1,Everstream Parma Data Center,OH,41.407902,-81.780019,contains,0.0,11,9503901.0,69140.3,69140.21,6.9,Commercial,12875 CORPORATE DRIVE,1282003200000.0,X,True,False,AREA OF MINIMAL FLOOD HAZARD,False
dc_eca142e41806,LADC2 - 707 Wilshire Blvd,CA,34.049219,-118.257002,contains,0.0,26,14636914.0,24929.1,24929.08,193.38,Commercial,,1350432000000.0,X,True,False,1 PCT DEPTH LESS THAN 1 FOOT,True
dc_7569fa9635bc,LADC3 - 600 W 7th St,CA,34.047282,-118.256692,nearest,10.301109370075533,19,14634908.0,68664.1,68664.0,35.53,Commercial,,1350432000000.0,X,True,False,1 PCT DEPTH LESS THAN 1 FOOT,True
dc_ac067fc8caa1,LADC4 - 530 W 6th St,CA,34.048222,-118.254575,nearest,6.184215240643648,21,14871969.0,117377.0,117376.9,49.83,Commercial,,1350432000000.0,X,True,False,1 PCT DEPTH LESS THAN 1 FOOT,True
dc_c7aa0c4fe9d5,LADC5 - 650 S Grand Ave,CA,34.047741,-118.256095,nearest,8.783757604712656,24,14871969.0,117377.0,117376.9,49.83,Commercial,,1350432000000.0,AE,True,True,,True
dc_57acf1168596,SFDC1 - 200 Paul Ave,CA,37.724028,-122.397718,contains,0.0,31,16176879.0,106161.3,106161.2,16.53,Industrial,,1349049600000.0,X,True,False,AREA OF MINIMAL FLOOD HAZARD,True
dc_be812f833558,NYDC1 - 60 Hudson Street,NY,40.717729,-74.008306,contains,0.0,25,7730764.0,63885.5,63845.47,69.18,Commercial,60 HUDSON STREET,1376524800000.0,X,True,False,AREA OF MINIMAL FLOOD HAZARD,True
dc_f6923d09cd62,NYDC2 - 111 8th ave,NY,40.741469,-74.003387,contains,0.0,25,7732059.0,166489.6,166385.5,62.74,Industrial,76 9 AVENUE,1376524800000.0,X,True,False,AREA OF MINIMAL FLOOD HAZARD,True
dc_3cd8837b3e4f,NYDC3 - 11 skyline dr,NY,41.09095,-73.81383,nearest,16.53914775582314,13,4116824.0,12302.6,12295.73,,Commercial,7 SKYLINE DRIVE,1549411200000.0,X,True,False,AREA OF MINIMAL FLOOD HAZARD,
dc_871585f535e8,NJDC1 - 100 Delawanna ave,NJ,40.829947,-74.126657,contains,0.0,59,7821270.0,28470.8,28470.75,29.83,Industrial,100 DELAWANNA AVENUE,1376524800000.0,X,True,False,AREA OF MINIMAL FLOOD HAZARD,True
dc_df65c9139bfb,NJDC2 - 300 J F Kennedy Blvd,NJ,40.777818,-74.075909,contains,0.0,7,7726415.0,432722.0,432721.7,9.38,Industrial,,1376524800000.0,AE,True,True,,False
dc_75f15cdb1182,BDC1 - 34 Saint Martin Dr,MA,42.312902,-71.579257,contains,0.0,4,6001963.0,192535.0,193921.9,,Industrial,34 SAINT MARTIN DRIVE,1570233600000.0,X,True,False,AREA OF MINIMAL FLOOD HAZARD,
dc_081751389720,PDC1 - 9999 Hamilton blvd,PA,40.544235,-75.655718,nearest,13.379555380051169,6,6010976.0,279955.6,283514.1,,Education,,1391731200000.0,X,True,False,AREA OF MINIMAL FLOOD HAZARD,
dc_c58b1b612021,PDC2 - 1000 Adams ave,PA,40.121801,-75.421011,contains,0.0,9,7808993.0,65639.4,65639.3,8.35,Commercial,1000 ADAMS AVENUE,1348012800000.0,X,True,False,AREA OF MINIMAL FLOOD HAZARD,False
dc_7efbc943a5b5,PDC3 - 3949 Schelden Cir,PA,40.675013,-75.378107,contains,0.0,11,8178359.0,26137.4,26137.36,6.36,Industrial,,1415059200000.0,X,True,False,AREA OF MINIMAL FLOOD HAZARD,False
dc_194539a143f0,CDC1 - 350 E Cermak Rd,IL,41.853701,-87.618252,contains,0.0,13,35011105.0,247826.3,247826.1,27.25,Commercial,2105 SOUTH PRAIRIE AVENUE,1321315200000.0,X,True,False,AREA OF MINIMAL FLOOD HAZARD,True
dc_ad43d4cf1b08,CDC2 - 600 S Federal st,IL,41.874224,-87.629937,contains,0.0,26,34136315.0,70443.5,70443.47,30.01,Commercial,680 SOUTH FEDERAL STREET,1321315200000.0,X,True,False,AREA OF MINIMAL FLOOD HAZARD,True
dc_037586104f46,CDC3 - 800 E Business Center Dr,IL,42.078055,-87.923547,contains,0.0,9,34634126.0,77832.1,77832.05,5.93,Industrial,800 BUSINESS CENTER DRIVE,1321315200000.0,X,True,False,AREA OF MINIMAL FLOOD HAZARD,False
dc_6fa7f8a2244a,CDC4 - 1808 Swift Dr,IL,41.854051,-87.920916,contains,0.0,18,35183751.0,152406.4,152406.2,8.52,Commercial,1808 SWIFT DRIVE,1321315200000.0,X,True,False,AREA OF MINIMAL FLOOD HAZARD,False
dc_c160bcff218a,CDC5 - 2200 Busse Rd,IL,41.994269,-87.962053,contains,0.0,10,34582515.0,449220.2,449219.8,8.81,Industrial,2200 BUSSE ROAD,1321315200000.0,X,True,False,AREA OF MINIMAL FLOOD HAZARD,False
dc_ec7f3d892327,MDC1 - 36 NE 2nd St,FL,25.776033,-80.193092,nearest,0.7010647328960676,19,30407427.0,162425.1,162424.5,21.25,Education,36 NE 2 ST,1392508800000.0,X,True,False,AREA OF MINIMAL FLOOD HAZARD,True
dc_41ca0ce0a509,HDC1 - 108 Bank St,CT,41.554386,-73.041037,nearest,8.107721975437183,24,6001486.0,90747.8,90734.73,,Commercial,96 BANK STREET,1564099200000.0,X,True,False,AREA OF MINIMAL FLOOD HAZARD,
dc_a9daac2a9bcf,"ColoSpace - Bedford, NH",NH,42.928233,-71.463933,contains,0.0,8,6000195.0,37852.3,37859.68,,Commercial,,1554249600000.0,X,True,False,AREA OF MINIMAL FLOOD HAZARD,
dc_9674a1042873,"ColoSpace - Waltham, MA",MA,42.399882,-71.253131,contains,0.0,30,91821.0,24705.8,24240.56,,Commercial,265 WINTER STREET,1572739200000.0,X,True,False,AREA OF MINIMAL FLOOD HAZARD,
dc_fe6a5082e1a4,"ColoSpace - Rockland, MA",MA,42.166264,-70.898347,contains,0.0,5,7021123.0,12219.9,12219.94,12.4,Commercial,1050 HINGHAM STREET,1242864000000.0,X,True,False,AREA OF MINIMAL FLOOD HAZARD,True
dc_7371f6e88a78,"ColoSpace - Somerville, MA",MA,42.376703,-71.079763,contains,0.0,11,7202925.0,133359.2,133359.0,12.43,Industrial,70 INNER BELT ROAD,1242864000000.0,X,True,False,AREA OF MINIMAL FLOOD HAZARD,True
dc_64078778e699,MI Tech - Main Campus,MI,47.119532,-88.551329,contains,0.0,45,12064882.0,15236.6,15229.59,,Education,,1521158400000.0,,False,,,
dc_57096ce99736,Crown Castle Hartford (960 Main),CT,41.76818,-72.6726,contains,0.0,12,7213770.0,223457.6,223484.7,33.27,Residential,153 MARKET STREET,1345939200000.0,X,True,False,AREA OF MINIMAL FLOOD HAZARD,True
dc_f386ecfb7f09,Crown Castle Boston (1 Summer),MA,42.354692,-71.060266,contains,0.0,20,7041802.0,268625.6,268625.4,29.35,Commercial,474 WASHINGTON STREET,1242864000000.0,X,True,False,AREA OF MINIMAL FLOOD HAZARD,True
dc_4de2dac0b961,Crown Castle Springfield (1 Federal),MA,42.109052,-72.576013,contains,0.0,21,7398976.0,204171.1,204170.9,9.52,Education,65 LINCOLN STREET,1346112000000.0,X,True,False,AREA OF MINIMAL FLOOD HAZARD,False
dc_c67379e56350,Crown Castle Newark (165 Halsey),NJ,40.736844,-74.173402,contains,0.0,25,7652032.0,89826.2,89826.13,54.25,Education,111 MARKET STREET,1376524800000.0,X,True,False,AREA OF MINIMAL FLOOD HAZARD,True
dc_0697d50df413,Crown Castle Providence (235 Promenade),RI,41.828542,-71.41934,contains,0.0,7,7139338.0,206101.5,206141.5,16.5,Government,235 PROMENADE STREET,1314748800000.0,X,True,False,AREA WITH REDUCED FLOOD RISK DUE TO LEVEE,True
dc_3b40bd0e28a9,Crown Castle Chicago (725 S Wells),IL,41.872619,-87.633278,contains,0.0,19,34136302.0,67510.9,67510.82,53.52,Residential,673 SOUTH WELLS STREET,1321315200000.0,X,True,False,AREA OF MINIMAL FLOOD HAZARD,True
dc_64fac6510bfa,Crown Castle Marlboro (34 St Martin),MA,42.313247,-71.578316,contains,0.0,3,6001963.0,192535.0,193921.9,,Industrial,34 SAINT MARTIN DRIVE,1570233600000.0,X,True,False,AREA OF MINIMAL FLOOD HAZARD,
dc_e7bcef4e6ef3,Crown Castle Worcester (474 Main),MA,42.262556,-71.802963,contains,0.0,22,7308779.0,61605.1,61605.07,16.98,Residential,484 MAIN STREET,1249689600000.0,X,True,False,AREA OF MINIMAL FLOOD HAZARD,True
dc_f16231684f36,Crown Castle New York (111 8th),NY,40.741469,-74.003387,contains,0.0,25,7732059.0,166489.6,166385.5,62.74,Industrial,76 9 AVENUE,1376524800000.0,X,True,False,AREA OF MINIMAL FLOOD HAZARD,True
dc_1976e66defac,Crown Castle Providence (300 Carpenter),RI,41.817911,-71.42888,contains,0.0,165,7127676.0,23929.9,23934.77,8.12,Industrial,304 CARPENTER STREET,1314748800000.0,X,True,False,AREA OF MINIMAL FLOOD HAZARD,False
dc_caa1e331d330,Crown Castle Columbus (101 E Town),OH,39.958911,-82.996895,contains,0.0,27,9758548.0,10774.3,10774.25,19.26,Education,101 TOWN STREET,1301616000000.0,X,True,False,AREA OF MINIMAL FLOOD HAZARD,True
dc_8a0744087416,ManagedWay TYM1,MI,42.537158,-83.099861,contains,0.0,24,3324031.0,18214.1,18212.87,,Industrial,,1568764800000.0,X,True,False,AREA OF MINIMAL FLOOD HAZARD,
dc_f1924a1f4658,ManagedWay TYM2,MI,42.540615,-83.098459,contains,0.0,27,3326903.0,47290.8,47287.48,,Industrial,,1568764800000.0,X,True,False,AREA OF MINIMAL FLOOD HAZARD,
dc_83e9572d0746,ManagedWay BYK1,MI,42.825353,-85.672818,nearest,38.22968411312586,11,217743.0,25346.2,25333.24,,Commercial,,1552003200000.0,X,True,False,AREA OF MINIMAL FLOOD HAZARD,
dc_e69a4d117f8d,ManagedWay SFJ1,MI,42.471634,-83.238056,contains,0.0,18,14924324.0,22787.8,22788.52,27.67,Commercial,,1430438400000.0,X,True,False,AREA OF MINIMAL FLOOD HAZARD,True
dc_f9b72dde45d8,ManagedWay SFJ2,MI,42.467059,-83.234759,contains,0.0,25,14913597.0,9150.2,9150.495,7.43,Commercial,,1430438400000.0,X,True,False,AREA OF MINIMAL FLOOD HAZARD,False
dc_b24968196134,NWT Data Center,FL,25.775583,-80.188189,contains,0.0,14,30406134.0,38169.7,38169.52,50.12,Commercial,130 BISCAYNE BLVD,1392508800000.0,X,True,False,0.2 PCT ANNUAL CHANCE FLOOD HAZARD,True
dc_9ce7e28cd5d6,IM Datacenter,FL,25.776,-80.1931,contains,0.0,18,30407427.0,162425.1,162424.5,21.25,Education,36 NE 2 ST,1392508800000.0,X,True,False,AREA OF MINIMAL FLOOD HAZARD,True
dc_d76a427d377e,Patmos KC1,MO,39.097212,-94.567238,contains,0.0,21,11226788.0,5646.7,5646.67,6.6,Industrial,1325 TRACY AVENUE,1329609600000.0,X,True,False,AREA OF MINIMAL FLOOD HAZARD,False
dc_3f97f56200be,CoreSite - Orlando (OR1),FL,28.427139,-81.419829,contains,0.0,5,30032849.0,133062.3,133061.8,6.17,Unclassified,9701 S JOHN YOUNG PKWY,1390608000000.0,X,True,False,AREA OF MINIMAL FLOOD HAZARD,False
dc_c31443bd7e5d,"DartPoints Cincinnati, OH - CVG1",OH,39.098228,-84.517483,contains,0.0,17,10448593.0,35648.2,35648.14,29.61,Unclassified,,1425168000000.0,X,True,False,AREA OF MINIMAL FLOOD HAZARD,True
dc_487092045130,TierPoint Allentown-TekPark,PA,40.544235,-75.655718,nearest,13.379555380051169,6,6010976.0,279955.6,283514.1,,Education,,1391731200000.0,X,True,False,AREA OF MINIMAL FLOOD HAZARD,
dc_5e85cebf311b,TierPoint Lehigh Valley,PA,40.675013,-75.378107,contains,0.0,11,8178359.0,26137.4,26137.36,6.36,Industrial,,1415059200000.0,X,True,False,AREA OF MINIMAL FLOOD HAZARD,False
dc_03a4e256150f,"DartPoints Asheville, NC - AVL1",NC,35.488154,-82.558062,contains,0.0,7,50824522.0,56132.3,56114.9,,Commercial,100 TECHNOLOGY DRIVE,1581638400000.0,X,True,False,AREA OF MINIMAL FLOOD HAZARD,
dc_5a60b2d9349b,"DartPoints Greenville, SC - GSP1",SC,34.807763,-82.34338,contains,0.0,5,51199704.0,306365.7,306234.3,,Education,,1591056000000.0,X,True,False,AREA OF MINIMAL FLOOD HAZARD,
dc_6186c857fc4f,"DartPoints Columbia, SC - CAE1",SC,33.987661,-81.030715,contains,0.0,17,10170621.0,88621.0,88620.92,6.65,Industrial,,1232668800000.0,X,True,False,AREA OF MINIMAL FLOOD HAZARD,False
dc_d6d98ef855f4,"DartPoints Charleston, SC - CHS1",SC,32.96496,-80.1013,contains,0.0,6,51476504.0,16479.1,16468.74,,Commercial,,1588550400000.0,X,True,False,AREA OF MINIMAL FLOOD HAZARD,
dc_85dc506fa124,Hosted Backbone Richmond1,VA,37.646784,-77.438443,nearest,7.102424170440227,9,50983154.0,43470.0,43484.79,,Commercial,8851 PARK CENTRAL DRIVE,1630800000000.0,X,True,False,AREA OF MINIMAL FLOOD HAZARD,
dc_5410c3966313,T5@Dallas,TX,33.064858,-96.810993,contains,0.0,8,36744212.0,324590.3,324664.8,,Commercial,6653 PINECREST DRIVE,1673654400000.0,X,True,False,AREA OF MINIMAL FLOOD HAZARD,
dc_6b2ef030c33c,Digital Realty ATL (250 Williams),GA,33.761611,-84.391309,contains,0.0,13,17217821.0,1553498.9,1553498.0,30.27,Utility and Misc,,1351209600000.0,X,True,False,AREA OF MINIMAL FLOOD HAZARD,True
dc_3c15e6d243fd,Anexio NJ1,NJ,40.55734,-74.4844,contains,0.0,6,6003326.0,350494.8,352964.5,,Industrial,101 POSSUMTOWN ROAD,1508371200000.0,X,True,False,AREA OF MINIMAL FLOOD HAZARD,
dc_2e8f81227e3c,Anexio ACC5,VA,39.020131,-77.463206,contains,0.0,6,7873501.0,300087.4,300087.1,8.59,Commercial,44521 HASTINGS DRIVE,1205280000000.0,X,True,False,AREA OF MINIMAL FLOOD HAZARD,False
dc_d5bc37668c90,Aecero - Orange County (SNA1),CA,33.848958,-117.971033,contains,0.0,24,13970320.0,99928.5,99928.41,10.88,Industrial,,1350432000000.0,X,True,False,0.2 PCT ANNUAL CHANCE FLOOD HAZARD,False
dc_7259ff26155b,QuadraNet LAX,CA,33.9464,-118.3936,nearest,0.7470279172203294,19,14070202.0,16540.7,16540.7,19.71,Residential,,1350432000000.0,X,True,False,AREA OF MINIMAL FLOOD HAZARD,True
dc_ffd700f6d2ef,DataBank Atlanta (ATL2),GA,33.733895,-84.425712,contains,0.0,48,17173675.0,69729.3,69729.17,7.54,Industrial,,1351209600000.0,X,True,False,AREA OF MINIMAL FLOOD HAZARD,False
dc_a8fff910467b,FirstLight Regen Hut,ME,43.658074,-70.29982,nearest,11.194234588743127,36,272405.0,1187.4,1186.74,,Commercial,9 WESTLAND AVENUE,1490486400000.0,X,True,False,AREA OF MINIMAL FLOOD HAZARD,
dc_2d83d46863fc,Opus Interactive Portland (PDX01),OR,45.52306,-122.683661,contains,0.0,24,8137199.0,40053.8,40022.4,19.37,Commercial,,1285027200000.0,X,True,False,AREA OF MINIMAL FLOOD HAZARD,True
dc_58ce7a0aa27d,Opus Interactive Hillsboro (HIO01),OR,45.5472,-122.89725,contains,0.0,6,5000814.0,211668.9,211499.9,,Commercial,,1564790400000.0,X,True,False,AREA OF MINIMAL FLOOD HAZARD,
dc_64a01d02406b,Opus Interactive Dallas (DTX01),TX,32.778287,-96.7984,nearest,41.262900354715235,14,29766705.0,40184.2,40184.14,56.49,Commercial,308 S AKARD ST,1435708800000.0,X,True,False,AREA OF MINIMAL FLOOD HAZARD,True
dc_bb41f7c6272c,Opus Interactive Silicon Valley (SJC01),CA,37.402591,-121.893199,contains,0.0,21,15790890.0,80178.2,80178.11,8.03,Unclassified,,1349049600000.0,AO,True,True,,False
dc_2c9f0fdd6bd5,WhiteLabelITSolutions,NJ,40.883258,-74.050276,contains,0.0,77,6007295.0,98264.3,99108.94,,Industrial,123 RAILROAD AVENUE,1550534400000.0,X,True,False,AREA OF MINIMAL FLOOD HAZARD,
dc_5453a4c127bb,Bresco Broadband Data Center,OH,39.959803,-82.988601,contains,0.0,38,9759830.0,4353.1,4353.071,6.99,Commercial,423 TOWN STREET,1301616000000.0,X,True,False,AREA OF MINIMAL FLOOD HAZARD,False
dc_ca9d0ab87d83,Continental Plaza,OH,39.962785,-82.996184,nearest,22.799293496466564,26,9765568.0,36355.1,36355.08,22.04,Assembly,100 BROAD STREET,1301616000000.0,X,True,False,AREA OF MINIMAL FLOOD HAZARD,True
dc_7fabd1d8f84d,H5 Data Centers Secaucus (NJ01),NJ,40.78387,-74.07545,contains,0.0,8,7736171.0,246933.2,246933.0,7.81,Industrial,,1376524800000.0,AE,True,True,,False
dc_8d25991bfa8d,Element Critical  Austin AUS1,TX,30.3428,-97.6964,contains,0.0,25,28073211.0,63538.7,63538.67,6.61,Commercial,8025 N IH 35 SVRD NB,1167609600000.0,X,True,False,AREA OF MINIMAL FLOOD HAZARD,False
dc_4c67f29cb099,Tech Mahindra Cleveland,OH,41.49786,-81.693321,contains,0.0,13,9228846.0,229209.2,229208.9,47.65,Industrial,24 PUBLIC SQUARE,1282003200000.0,X,True,False,AREA OF MINIMAL FLOOD HAZARD,True
dc_2c7c11ab382b,Cologix MIN4,MN,44.971408,-93.25458,contains,0.0,17,11071597.0,88316.9,88247.18,12.7,Commercial,511 11TH AVENUE SOUTH,1335744000000.0,X,True,False,AREA OF MINIMAL FLOOD HAZARD,True
dc_1e39597e7669,H5 Data Centers Nashville (TN01),TN,36.162621,-86.776316,contains,0.0,24,12127628.0,23716.7,23697.94,44.87,Commercial,211 COMMERCE STREET,1136073600000.0,X,True,False,AREA OF MINIMAL FLOOD HAZARD,True
dc_667b43557d64,75 Broad Street,NY,40.704435,-74.01149,nearest,3.148327476479643,27,7730281.0,52657.0,52623.87,57.03,Education,10 SOUTH WILLIAM STREET,1376524800000.0,AE,True,True,,True
dc_79d66f4fbbef,H5 Data Centers St. Louis (MO01),MO,38.632728,-90.195813,contains,0.0,22,11513507.0,86452.6,86452.56,31.33,Education,,1352419200000.0,X,True,False,AREA OF MINIMAL FLOOD HAZARD,True
dc_4485a73fc1d8,vXchnge Raleigh-Durham (NC01),NC,35.895769,-78.849214,nearest,7.06843694733603,15,9900787.0,14584.9,15171.44,,Commercial,4518 SOUTH MIAMI BOULEVARD,1510790400000.0,X,True,False,AREA OF MINIMAL FLOOD HAZARD,
dc_67ff6b9472eb,Evocative New York (JFK2),NY,41.18114,-73.75511,contains,0.0,5,6012241.0,139217.0,139143.0,,Unclassified,,1478476800000.0,X,True,False,AREA OF MINIMAL FLOOD HAZARD,
dc_3ca280f35beb,H5 Data Centers Pittsburgh (PA02),PA,40.452053,-79.980564,contains,0.0,21,7504862.0,57713.8,57713.71,9.68,Industrial,,1312502400000.0,X,True,False,AREA OF MINIMAL FLOOD HAZARD,False
dc_5a561854a759,Verizon Atlanta,GA,33.727965,-84.417833,contains,0.0,32,17163938.0,86264.2,86264.18,6.22,Industrial,,1351209600000.0,X,True,False,AREA OF MINIMAL FLOOD HAZARD,False
dc_739935478bcb,Centersquare Albuquerque (ABQ1),NM,35.08659,-106.651287,nearest,16.633437084007806,21,12066636.0,97564.0,97540.48,,Commercial,201 3RD STREET NORTHWEST,1314835200000.0,X,True,False,AREA OF MINIMAL FLOOD HAZARD,
dc_583b75cdc1d2,Centersquare Atlanta (ATL1-A/B/C),GA,33.744284,-84.581404,contains,0.0,2,17185567.0,251657.1,251656.8,9.03,Industrial,,1351209600000.0,X,True,False,AREA OF MINIMAL FLOOD HAZARD,False
dc_e7c1247bfe63,Centersquare Boston (BOS1-A),MA,42.396785,-71.267452,contains,0.0,8,6002916.0,71792.4,70510.25,,Industrial,580 WINTER STREET,1572739200000.0,X,True,False,AREA OF MINIMAL FLOOD HAZARD,
dc_8d868acd51ee,Consolidated - 770 Elm St.,NH,42.989023,-71.46365,contains,0.0,34,83574.0,28344.0,28349.49,,Commercial,,1569110400000.0,X,True,False,AREA OF MINIMAL FLOOD HAZARD,
dc_4290cc221459,Consolidated - 266 Main St.,VT,44.476496,-73.208582,contains,0.0,66,173391.0,18383.2,18377.68,,Government,266 MAIN STREET,1528416000000.0,X,True,False,AREA OF MINIMAL FLOOD HAZARD,
dc_81e63f1a603e,Consolidated - 45 Forest Ave.,ME,43.66578,-70.27613,nearest,24.36864494789037,106,275628.0,3644.5,3642.565,,Commercial,430 FOREST AVENUE,1490486400000.0,X,True,False,AREA OF MINIMAL FLOOD HAZARD,
dc_713ae9ff9f61,Switch Tahoe Reno,NV,39.5141,-119.4738,contains,0.0,1,900768.0,367504.5,367503.6,,Industrial,,1474329600000.0,X,True,False,AREA OF MINIMAL FLOOD HAZARD,
dc_7bac40f4748e,Sabey Intergate East Building 4,WA,47.493087,-122.293706,contains,0.0,13,10090064.0,19540.8,19526.52,18.86,Commercial,,1273190400000.0,X,True,False,AREA OF MINIMAL FLOOD HAZARD,True
dc_740a1ee8d789,Verus Corportation,MN,45.124986,-93.2728,contains,0.0,10,11349566.0,9770.6,9762.912,3.3,Commercial,201 85TH AVENUE NORTHWEST,1335744000000.0,X,True,False,AREA OF MINIMAL FLOOD HAZARD,False
dc_95ab7384a93f,DataBank Dallas (DFW3),TX,33.085202,-96.812385,nearest,71.26305505100378,3,31731699.0,122150.1,122177.6,,Commercial,5501 HEADQUARTERS DRIVE,1673654400000.0,X,True,False,AREA OF MINIMAL FLOOD HAZARD,
dc_e3304d66630f,DataBank Minneapolis (MSP1),MN,44.862766,-93.330405,contains,0.0,10,11586438.0,87462.1,87393.6,12.74,Commercial,7700 FRANCE AVENUE SOUTH,1335744000000.0,X,True,False,AREA OF MINIMAL FLOOD HAZARD,True
dc_04ef3d9451a0,DataBank Minneapolis (MSP2),MN,44.838484,-93.145777,contains,0.0,9,11555985.0,87721.3,87651.4,9.88,Industrial,3255 NEIL ARMSTRONG BOULEVARD,1335744000000.0,X,True,False,AREA OF MINIMAL FLOOD HAZARD,False
dc_80da332f0c37,DataBank Kansas City (MCI2),KS,38.97526,-94.70892,contains,0.0,36,4208548.0,31837.4,31829.09,4.71,Commercial,,1329609600000.0,X,True,False,AREA OF MINIMAL FLOOD HAZARD,False
dc_1b4424f5d12f,DataBank Cleveland (CLE1),OH,41.500691,-81.684135,nearest,8.911229559955634,11,9231803.0,84954.5,84954.46,23.53,Commercial,1807 EAST 12 STREET,1282003200000.0,X,True,False,AREA OF MINIMAL FLOOD HAZARD,True
dc_c6a7708cb1fd,DataBank Pittsburgh (PIT1),PA,40.451325,-80.005712,contains,0.0,22,7370318.0,424619.9,424619.4,16.82,Commercial,,1312502400000.0,X,True,False,AREA OF MINIMAL FLOOD HAZARD,True
dc_f2375e9e8272,DataBank Salt Lake City (SLC1),UT,40.768287,-111.885994,nearest,4.731225058369766,30,16194562.0,62887.3,62845.67,23.42,Commercial,143 EAST SOCIAL HALL AVENUE,1284768000000.0,X,True,False,AREA OF MINIMAL FLOOD HAZARD,True
dc_5cb21e4f1f61,DataBank Salt Lake City (SLC2),UT,40.480032,-111.904533,contains,0.0,11,13000531.0,75917.4,75867.7,,Commercial,14944 SOUTH PONY EXPRESS ROAD,1566086400000.0,X,True,False,AREA OF MINIMAL FLOOD HAZARD,
dc_89b2b8fe4327,DataBank Salt Lake City (SLC3),UT,40.479891,-111.905781,contains,0.0,20,3383133.0,84675.2,84619.75,,Commercial,14926 SOUTH PONY EXPRESS ROAD,1566086400000.0,X,True,False,AREA OF MINIMAL FLOOD HAZARD,
dc_a1a5838a60ca,Smartcom Telephone (MCAL2),TX,26.203611,-98.225848,contains,0.0,82,673615.0,5805.6,6240.002,,Commercial,601 BEECH AVE,1584576000000.0,,False,,,
dc_93c731f0d49a,Smartcom Telephone (MCAL1),TX,26.203638,-98.225835,contains,0.0,83,673615.0,5805.6,6240.002,,Commercial,601 BEECH AVE,1584576000000.0,,False,,,
dc_7aae4d4abf47,TierPoint Dallas2 - Allen,TX,33.13593,-96.66089,contains,0.0,5,31616094.0,172500.4,172564.8,,Commercial,2260 CHELSEA BLVD,1654992000000.0,X,True,False,AREA OF MINIMAL FLOOD HAZARD,
dc_e815cc10857f,TierPoint Jacksonville,FL,30.216587,-81.581459,contains,0.0,19,22105354.0,130089.4,129035.4,,Utility and Misc,8324 BAYMEADOWS WAY,1490140800000.0,X,True,False,AREA OF MINIMAL FLOOD HAZARD,
dc_165b15e48a25,Equinix DE1 - Denver,CO,39.58737,-104.8763,contains,0.0,13,15080824.0,30188.2,30188.21,5.78,Industrial,9706 EAST EASTER AVENUE,1337212800000.0,X,True,False,AREA OF MINIMAL FLOOD HAZARD,False
dc_d62273c68978,EDCDET01,MI,42.448537,-83.261226,nearest,9.90995645281678,8,14871838.0,51306.8,51309.45,7.15,Commercial,,1430438400000.0,X,True,False,AREA OF MINIMAL FLOOD HAZARD,False
dc_e1ff79fe6a61,Fireline Broadband,CA,33.94835,-118.07316,contains,0.0,15,14912427.0,25644.5,25644.46,6.29,Industrial,,1350432000000.0,X,True,False,AREA OF MINIMAL FLOOD HAZARD,False
dc_551d1055ddc3,LightEdge Kansas City Subtropolis (KCI1),MO,39.159195,-94.471237,nearest,134.2903652438289,7,11255486.0,673.0,673.011,3.1,Commercial,9101 NORTHEAST BIRMINGHAM ROAD,1329609600000.0,X,True,False,AREA OF MINIMAL FLOOD HAZARD,False
dc_c71975653c6c,LightEdge Omaha (OMA1),NE,41.158303,-96.026596,contains,0.0,3,3029324.0,36327.2,36353.82,4.94,Commercial,1102 EAST 1ST STREET,1366848000000.0,X,True,False,AREA OF MINIMAL FLOOD HAZARD,False
dc_9b54779dc33d,Quest Roseville,CA,38.791,-121.317,contains,0.0,5,2365159.0,349189.6,347495.2,,Industrial,,1474502400000.0,X,True,False,AREA OF MINIMAL FLOOD HAZARD,
dc_7019d4a4257b,MDC Laredo,TX,27.690636,-99.450354,contains,0.0,2,10035308.0,9435.0,9236.414,,Commercial,13619 CABEZUT DRIVE,1528243200000.0,A,True,True,,
dc_90539e96965d,Cogent New York 1,NY,40.705,-74.014,nearest,8.832812071997951,17,7730300.0,94053.8,93994.66,64.29,Industrial,11 GREENWICH STREET,1376524800000.0,X,True,False,AREA OF MINIMAL FLOOD HAZARD,True
dc_374a8dbdef04,CyrusOne Sterling V,VA,39.027202,-77.435827,nearest,33.7883705277225,5,2986761.0,15258.1,15316.12,,Unclassified,,1467417600000.0,AE,True,True,,
dc_1c34e69b8d80,Coloblox Data Centers ATL2,GA,33.755474,-84.391094,nearest,15.942834516843853,25,17206825.0,15776.9,15776.92,37.45,Commercial,,1351209600000.0,X,True,False,AREA OF MINIMAL FLOOD HAZARD,True
dc_5108e71bb3f6,"Equinix BO2 - Boston, Billerica",MA,42.551527,-71.217522,nearest,1.4725061753187467,18,222640.0,65004.9,65949.56,,Industrial,19 ALEXANDER ROAD,1527724800000.0,X,True,False,AREA OF MINIMAL FLOOD HAZARD,
dc_8454f89ad7f5,Digital Realty SJC (3205 Alfred St),CA,37.379576,-121.958562,nearest,14.962975364693918,23,15747091.0,1958.8,1958.825,5.05,Industrial,,1349049600000.0,AH,True,True,,False
dc_5901d49adbc4,Digital Realty SJC (3105 Alfred St),CA,37.378271,-121.958112,contains,0.0,18,15744977.0,52129.7,52129.61,8.41,Unclassified,,1349049600000.0,AH,True,True,,False
dc_67ad37b81af1,Digital Realty SJC (3011 Lafayette St),CA,37.376362,-121.948543,contains,0.0,38,15741522.0,47541.6,47541.51,11.64,Unclassified,,1349049600000.0,X,True,False,AREA WITH REDUCED FLOOD RISK DUE TO LEVEE,False
dc_ad3f1c9b17f1,Digital Realty SJC (1725 Comstock St),CA,37.375034,-121.958096,contains,0.0,16,15739012.0,39991.6,39991.59,7.01,Industrial,,1349049600000.0,X,True,False,0.2 PCT ANNUAL CHANCE FLOOD HAZARD,False
dc_d677d70d3c7b,Digital Realty SJC (1525 Comstock St),CA,37.37493,-121.956008,contains,0.0,17,15738809.0,42828.6,42828.62,7.26,Unclassified,,1349049600000.0,X,True,False,0.2 PCT ANNUAL CHANCE FLOOD HAZARD,False
dc_6db1673e46d6,Digital Realty SJC (1500 Space Park Dr),CA,37.375801,-121.955182,contains,0.0,19,15740490.0,28105.6,28105.52,10.57,Unclassified,,1349049600000.0,X,True,False,AREA WITH REDUCED FLOOD RISK DUE TO LEVEE,False
dc_e3eb86c1081a,Digital Realty SJC (1201 Comstock St),CA,37.37498,-121.954079,contains,0.0,14,15739006.0,24212.9,24212.93,7.42,Unclassified,,1349049600000.0,X,True,False,0.2 PCT ANNUAL CHANCE FLOOD HAZARD,False
dc_73878c244253,Digital Realty IAD (44100 Digital Loudoun),VA,39.001128,-77.479043,contains,0.0,6,51676699.0,132202.4,132246.6,,Commercial,43780 DIGITAL LOUDOUN PLAZA,1710374400000.0,X,True,False,AREA OF MINIMAL FLOOD HAZARD,
dc_864daa63b839,H5 Data Centers Virginia (4030),VA,38.910141,-77.472549,contains,0.0,7,7861947.0,72631.5,72631.48,6.7,Industrial,4030 LAFAYETTE CENTER DRIVE,1205280000000.0,X,True,False,AREA OF MINIMAL FLOOD HAZARD,False
dc_9b958c018393,43915 Devin Shafron,VA,39.002814,-77.481851,contains,0.0,6,51079901.0,151885.4,151936.5,,Commercial,43915 DEVIN SHAFRON DRIVE,1710374400000.0,X,True,False,AREA OF MINIMAL FLOOD HAZARD,
dc_7538b0a42bca,Digital Realty IAD (43881 Devin Shafron),VA,39.002034,-77.483444,contains,0.0,7,7871060.0,179301.5,179301.3,8.91,Commercial,43881 DEVIN SHAFRON DRIVE,1205280000000.0,X,True,False,AREA OF MINIMAL FLOOD HAZARD,False
dc_54b013b60906,Digital Realty IAD (43791 Devin Shafron),VA,39.003285,-77.487214,contains,0.0,7,7871173.0,135932.3,135932.1,8.84,Commercial,43791 DEVIN SHAFRON DRIVE,1205280000000.0,X,True,False,AREA OF MINIMAL FLOOD HAZARD,False
dc_64527d47d8c6,Digital Realty IAD (43830 Devin Shafron),VA,39.004182,-77.484108,contains,0.0,6,51082965.0,118843.7,118883.9,,Unclassified,43830 DEVIN SHAFRON DRIVE,1710374400000.0,X,True,False,AREA OF MINIMAL FLOOD HAZARD,
dc_bdff878de982,Digital Realty IAD (44060 Digital Loudoun),VA,39.001795,-77.47841,nearest,15.589559522958837,5,51676699.0,132202.4,132246.6,,Commercial,43780 DIGITAL LOUDOUN PLAZA,1710374400000.0,X,True,False,AREA OF MINIMAL FLOOD HAZARD,
dc_33e94a939c1b,Digital Realty IAD (44490 Chilum),VA,39.021667,-77.459578,contains,0.0,14,7873972.0,187271.2,187271.1,7.46,Unclassified,44470 CHILUM PLACE,1205280000000.0,X,True,False,AREA OF MINIMAL FLOOD HAZARD,False
dc_f2ddfa4dc87b,Digital Realty IAD (44520 Hastings),VA,39.020372,-77.459125,contains,0.0,14,7873423.0,150946.5,150946.4,7.06,Unclassified,44520 HASTINGS DRIVE,1205280000000.0,X,True,False,AREA OF MINIMAL FLOOD HAZARD,False
dc_af951740e7e1,Digital Realty IAD (21625 Gresham),VA,39.017522,-77.465676,contains,0.0,4,50998257.0,435356.1,435496.0,,Commercial,21625 GRESHAM DRIVE,1710374400000.0,X,True,False,AREA OF MINIMAL FLOOD HAZARD,
dc_f173d04f46e2,Digital Realty IAD (21745 Sir Timothy),VA,39.014286,-77.466327,nearest,7.9392745227640384,4,50996419.0,347124.5,347236.8,,Commercial,21745 SIR TIMOTHY DRIVE,1710374400000.0,X,True,False,AREA OF MINIMAL FLOOD HAZARD,
dc_1e1101b5f2d2,Digital Realty IAD (1780 Business Center),VA,38.948482,-77.327203,contains,0.0,13,7920956.0,73412.6,73412.5,17.63,Commercial,1780 BUSINESS CENTER DRIVE,1205280000000.0,X,True,False,AREA OF MINIMAL FLOOD HAZARD,True
dc_d0750011f8b2,Digital Realty GNV (8217 Linton Hall),VA,38.77782,-77.59529,contains,0.0,4,7690911.0,229236.6,229236.5,6.75,Commercial,8217 LINTON HALL ROAD,1205280000000.0,X,True,False,AREA OF MINIMAL FLOOD HAZARD,False
dc_7dd700f2302b,Digital Realty CLT (113 N Myers St),NC,35.221402,-80.835538,contains,0.0,26,15099864.0,8793.3,8793.237,6.9,Commercial,811 EAST TRADE STREET,1328745600000.0,X,True,False,AREA OF MINIMAL FLOOD HAZARD,False
dc_879b2f39f650,Digital Realty EWR (2 Peekay),NJ,40.832,-74.1237,contains,0.0,12,7824879.0,68345.8,68345.72,5.52,Industrial,,1376524800000.0,X,True,False,AREA OF MINIMAL FLOOD HAZARD,False
dc_7f78d28d21cc,Aphorio Carter Trumbull Data Center,CT,41.240684,-73.147321,contains,0.0,9,7086679.0,133791.9,133764.2,9.53,Utility and Misc,80 MERRITT BOULEVARD,1345766400000.0,X,True,False,AREA OF MINIMAL FLOOD HAZARD,False
dc_46a9ac21e607,Digital Realty Boston BOS13 (closed),MA,42.51235,-71.236851,nearest,14.722968955235523,13,211883.0,25826.9,25962.72,,Industrial,55 MIDDLESEX TURNPIKE,1527724800000.0,X,True,False,AREA OF MINIMAL FLOOD HAZARD,
dc_7a668eda7453,Digital Realty AUS (7500 Metro Center Dr),TX,30.212217,-97.695701,contains,0.0,2,31046393.0,74757.8,74757.76,12.5,Commercial,7500 METRO CENTER DR,1311292800000.0,X,True,False,AREA OF MINIMAL FLOOD HAZARD,True
dc_1040e7bc3ee5,Jaguar Communications,MN,44.083125,-93.228236,contains,0.0,72,4494820.0,6169.2,6164.368,,Commercial,,1522540800000.0,X,True,False,AREA OF MINIMAL FLOOD HAZARD,
dc_0f8e04f8093f,Cogent Seattle,WA,47.31176,-122.294551,contains,0.0,3,7002215.0,117208.4,117122.8,,Commercial,,1565740800000.0,X,True,False,AREA OF MINIMAL FLOOD HAZARD,
dc_5dc1ed2d15ae,Cogent Herndon,VA,38.962883,-77.380442,contains,0.0,23,7925040.0,26956.2,26956.19,4.67,Commercial,520 HUNTMAR PARK DRIVE,1205280000000.0,X,True,False,AREA OF MINIMAL FLOOD HAZARD,False
dc_65708f50b372,Burbank Water and Power,CA,34.17856,-118.316386,nearest,21.47258231853077,64,14806112.0,20730.8,20730.76,7.81,Commercial,,1350432000000.0,X,True,False,AREA OF MINIMAL FLOOD HAZARD,False
dc_d6b549083307,Flexential - Atlanta/Alpharetta (ATL3/4),GA,34.08716,-84.252346,contains,0.0,3,16016048.0,85409.8,86141.91,,Commercial,,1543363200000.0,X,True,False,AREA OF MINIMAL FLOOD HAZARD,
dc_f90876e9d8ae,Flexential - Louisville/Downtown (LOU02/03/04),KY,38.242458,-85.733412,contains,0.0,61,14255239.0,36288.0,36269.94,8.17,Commercial,752 BARRET AVENUE,1309910400000.0,X,True,False,AREA OF MINIMAL FLOOD HAZARD,False
dc_2d3d06e9ea7a,Flexential - Louisville/East (LOU5),KY,38.275674,-85.507183,nearest,41.93738507082494,8,12337600.0,68493.3,68467.28,,Commercial,2055 NELSON MILLER PARKWAY,1403827200000.0,X,True,False,AREA OF MINIMAL FLOOD HAZARD,
dc_5057b853b06b,Flexential - Nashville/Brentwood (NAS01/04),TN,35.972453,-86.808748,contains,0.0,6,11003848.0,164046.1,163916.1,,Commercial,7100 COMMERCE WAY,1521072000000.0,X,True,False,AREA OF MINIMAL FLOOD HAZARD,
dc_03c1a9199b8c,Flexential - Nashville/Cool Springs (NAS02/03),TN,35.951091,-86.833251,contains,0.0,10,11003782.0,73025.0,72966.97,,Industrial,425 DUKE DRIVE,1521072000000.0,X,True,False,AREA OF MINIMAL FLOOD HAZARD,
dc_5b48930dcb41,Flexential - Nashville/Franklin (NAS05/06),TN,35.92028,-86.815618,contains,0.0,7,5553293.0,77660.0,77598.4,,Commercial,4600 CAROTHERS PARKWAY,1521072000000.0,X,True,False,AREA OF MINIMAL FLOOD HAZARD,
dc_19f4861e9a91,Flexential - Raleigh (RAL01/02/03),NC,35.84984,-78.829017,contains,0.0,6,15359568.0,143356.7,143356.5,5.8,Commercial,5150 MCCRIMMON PKWY,1267488000000.0,X,True,False,AREA OF MINIMAL FLOOD HAZARD,False
dc_5998861d7b2d,Flexential - Tampa/West (TPA01/02),FL,28.03698,-82.54105,contains,0.0,7,31489880.0,69327.8,69327.47,9.0,Industrial,9423 ANDERSON RD,1340668800000.0,X,True,False,AREA OF MINIMAL FLOOD HAZARD,False
dc_6cd417b4303c,Flexential - Tampa/North (TPA03),FL,28.074222,-82.368201,nearest,13.957570072320019,1,35518520.0,34233.3,34221.14,,Commercial,8350 PARKEDGE DR,1676246400000.0,X,True,False,AREA OF MINIMAL FLOOD HAZARD,
dc_70517ce6c585,Colocation Northwest - Tacoma,WA,47.253339,-122.436765,contains,0.0,23,2444613.0,34572.9,34546.75,,Unclassified,,1560124800000.0,X,True,False,AREA OF MINIMAL FLOOD HAZARD,
dc_5721d1182d99,"702 Communications - Moorhead, MN",MN,46.874078,-96.769171,contains,0.0,41,1431037.0,20868.3,20866.47,,Commercial,,1528848000000.0,X,True,False,0.2 PCT ANNUAL CHANCE FLOOD HAZARD,
dc_c481a23e5621,Data Center West Medford,OR,42.332451,-122.880416,contains,0.0,109,1698607.0,9006.5,8999.319,,Commercial,,1536451200000.0,X,True,False,AREA OF MINIMAL FLOOD HAZARD,
dc_7f5f90e935c4,H5 Data Centers Albuquerque,NM,35.088399,-106.65223,nearest,8.551680696080004,30,12070108.0,31685.0,31677.39,,Industrial,505 MARQUETTE AVENUE NORTHWEST,1314835200000.0,X,True,False,AREA OF MINIMAL FLOOD HAZARD,
dc_732615ae8393,EdgeConneX Miami (EDCMIA02),FL,25.945524,-80.191391,contains,0.0,18,30604377.0,64486.8,64486.58,8.29,Unclassified,475 NE 185 ST,1392508800000.0,AE,True,True,,False
dc_4ee36820cdbd,QTS Ashburn (ASH1),VA,38.99957,-77.45017,contains,0.0,8,51497338.0,173244.0,173297.5,,Commercial,22271 BRODERICK DRIVE,1710374400000.0,X,True,False,AREA OF MINIMAL FLOOD HAZARD,
dc_1cab594215d1,WowRack,WA,47.49312,-122.293712,contains,0.0,13,10090064.0,19540.8,19526.52,18.86,Commercial,,1273190400000.0,X,True,False,AREA OF MINIMAL FLOOD HAZARD,True
dc_5fef38fd6a16,Digital Realty IAD 39 (44274 Round Table),TX,39.0076364,-77.4674725,contains,0.0,3,50990386.0,587139.7,587329.5,,Commercial,44274 ROUND TABLE PLAZA,1710374400000.0,X,True,False,AREA OF MINIMAL FLOOD HAZARD,
dc_50b6ee35fe1a,CyrusOne Dallas (Allen),TX,33.13863,-96.65976,contains,0.0,4,31616097.0,346020.4,346150.0,,Commercial,2300 CHELSEA BOULEVARD,1654992000000.0,X,True,False,AREA OF MINIMAL FLOOD HAZARD,
dc_93e321876bc3,"Lawton Information Services, LLC",FL,27.958465,-81.965329,contains,0.0,18,34870655.0,32420.4,32401.67,,Government,6000 S FLORIDA AVE,1706313600000.0,X,True,False,AREA OF MINIMAL FLOOD HAZARD,
dc_2dcf536a9c38,CentriLogic Rochester (ROC),NY,43.167127,-77.673029,contains,0.0,19,3097419.0,17810.9,17817.33,,Commercial,28 MANSFIELD STREET,1564704000000.0,X,True,False,AREA OF MINIMAL FLOOD HAZARD,
dc_81488b0d568f,CentriLogic Buffalo (BUF),NY,42.884112,-78.875431,contains,0.0,17,8162722.0,326928.2,326908.8,29.05,Government,400 MAIN STREET,1427846400000.0,X,True,False,AREA OF MINIMAL FLOOD HAZARD,True
dc_d26ec4045e7e,X2nSat Petaluma,CA,38.275227,-122.666142,nearest,27.673108278071798,17,6289885.0,38499.6,40071.05,,Industrial,,1504224000000.0,AE,True,True,,
dc_ba3321bb1d05,TRG Datacenters Houston (HOU1) (HOU2),TX,30.065987,-95.459024,contains,0.0,13,1626011.0,22287.4,22089.67,,Industrial,2632 SPRING CYPRESS ROAD,1573344000000.0,X,True,False,AREA OF MINIMAL FLOOD HAZARD,
dc_9bae8815eb40,TierPoint St. Louis - Walnut,MO,38.625536,-90.195238,contains,0.0,9,11507567.0,18367.4,18367.43,24.34,Commercial,,1352419200000.0,X,True,False,AREA OF MINIMAL FLOOD HAZARD,True
dc_cd1b4830cc8b,Wave Data Centers San Francisco,CA,37.72386,-122.3978,contains,0.0,35,16176879.0,106161.3,106161.2,16.53,Industrial,,1349049600000.0,X,True,False,AREA OF MINIMAL FLOOD HAZARD,True
dc_a0ba79ee7b3b,Equinix HO1 - Houston,TX,29.9358,-95.36435,contains,0.0,18,28643823.0,107409.3,107409.3,6.54,Industrial,1515 ALDINE MEADOWS RD,1264204800000.0,AE,True,True,,False
dc_e2ea0f2d5fa5,TierPoint Baltimore,MD,39.27541,-76.625461,contains,0.0,14,7692111.0,28344.2,28344.18,7.64,Unclassified,1401 RUSSELL STREET,1347494400000.0,X,True,False,0.2 PCT ANNUAL CHANCE FLOOD HAZARD,False
dc_630579405647,Aunalytics Kalamazoo Datacenter,MI,42.246545,-85.675111,contains,0.0,7,4718694.0,63290.8,63258.78,,Industrial,,1466208000000.0,X,True,False,AREA OF MINIMAL FLOOD HAZARD,
dc_bac0d40c168b,Serverfarm ATL1 Atlanta,GA,34.036063,-84.063817,contains,0.0,6,9093249.0,151203.4,153074.6,,Industrial,,1543363200000.0,X,True,False,AREA OF MINIMAL FLOOD HAZARD,
dc_3e26e88eb51b,ScaleMatrix Charlotte Data Center US-East 01,NC,35.173088,-80.927807,contains,0.0,11,15054793.0,59534.4,59534.28,7.2,Industrial,1805 CENTER PARK DRIVE,1328745600000.0,X,True,False,AREA OF MINIMAL FLOOD HAZARD,False
dc_3e5cc95a0f6d,Serverfarm TiTAN Moses Lake,WA,47.181497,-119.3215,nearest,7.2695906406217325,10,895298.0,8472.2,8471.869,,Commercial,,1546214400000.0,X,True,False,AREA OF MINIMAL FLOOD HAZARD,
dc_0a9668a7af4c,Serverfarm CH2 Oak Brook / Chicago,IL,41.845343,-87.941522,contains,0.0,7,35179775.0,69743.2,69743.14,8.25,Residential,800 JORIE BOULEVARD,1321315200000.0,X,True,False,AREA OF MINIMAL FLOOD HAZARD,False
dc_37ea6db27be4,ServerFarm SC1,CA,37.407382,-121.965885,contains,0.0,23,15796359.0,26699.6,26699.57,6.89,Unclassified,,1349049600000.0,X,True,False,AREA WITH REDUCED FLOOD RISK DUE TO LEVEE,False
dc_bfc2d08370f4,CoreSite - Reston (VA3),VA,38.948941,-77.371495,nearest,0.024482968098197302,19,7921284.0,137229.8,137229.8,5.51,Commercial,12369 SUNRISE VALLEY DRIVE,1205280000000.0,X,True,False,AREA OF MINIMAL FLOOD HAZARD,False
dc_f8e77a5485b8,Peace Communications NSH2,TN,36.103326,-86.668932,nearest,12.648311223380354,11,12143977.0,18365.7,18351.41,4.9,Commercial,1661 MURFREESBORO PIKE,1136073600000.0,X,True,False,AREA OF MINIMAL FLOOD HAZARD,False
dc_74a33a13576f,INOC Albany (11 North Pearl St),NY,42.650137,-73.752435,nearest,10.030083503934266,31,7264382.0,42010.4,41987.56,36.41,Commercial,17 NORTH PEARL STREET,1347321600000.0,X,True,False,AREA OF MINIMAL FLOOD HAZARD,True
dc_257a1a9f40c2,INOC Albany (4 Tower Pl),NY,42.686106,-73.84255,contains,0.0,15,7287890.0,17480.0,17469.92,39.99,Education,4 TOWER PLACE,1347321600000.0,X,True,False,AREA OF MINIMAL FLOOD HAZARD,True
dc_23e3d9344ea5,OzarksGo Fayetteville,AR,36.077952,-94.212464,contains,0.0,15,2090884.0,61889.2,61552.92,,Government,3641 WEST WEDINGTON DRIVE,1497052800000.0,X,True,False,AREA OF MINIMAL FLOOD HAZARD,
dc_5801df70eb41,Subrigo LAX11,CA,34.047741,-118.256095,nearest,8.783757604712656,24,14871969.0,117377.0,117376.9,49.83,Commercial,,1350432000000.0,AE,True,True,,True
dc_828f6330155e,Subrigo DET11,MI,42.471612,-83.238138,contains,0.0,18,14924324.0,22787.8,22788.52,27.67,Commercial,,1430438400000.0,X,True,False,AREA OF MINIMAL FLOOD HAZARD,True
dc_fb7b3b72a5bc,JAX NAP,FL,30.331375,-81.662322,contains,0.0,23,31843070.0,25961.4,25961.37,30.5,Residential,421 W CHURCH ST,1267660800000.0,X,True,False,AREA OF MINIMAL FLOOD HAZARD,True
dc_f7c3855e08a9,Simple Helix,AL,34.745454,-86.691888,contains,0.0,12,14065383.0,14696.8,14696.83,5.11,Commercial,,1234051200000.0,,False,,,False
dc_36a3c1c1f362,RACK59 Data Center,OK,35.466279,-97.64893,contains,0.0,5,7367231.0,1426957.2,1426956.0,10.24,Industrial,,1375142400000.0,X,True,False,AREA OF MINIMAL FLOOD HAZARD,False
dc_b013e69db6d4,IP Pathways DSM1,IA,41.627549,-93.767761,contains,0.0,9,7097052.0,38678.1,38651.05,5.89,Unclassified,3660 109TH STREET,1248652800000.0,X,True,False,AREA OF MINIMAL FLOOD HAZARD,False
dc_be110fe76f32,TulsaConnect DC3,OK,36.098083,-95.839889,contains,0.0,4,7143964.0,367324.0,367323.7,7.5,Commercial,,1222992000000.0,X,True,False,AREA OF MINIMAL FLOOD HAZARD,False
dc_50d4b0564dea,QX.Net Lexington,KY,38.04783,-84.500067,nearest,11.981109347274968,24,14087152.0,649280.8,649530.3,23.18,Assembly,401 WEST MAIN STREET,1308182400000.0,X,True,False,AREA OF MINIMAL FLOOD HAZARD,True
dc_81bf17999a6f,Evocative ATL1,GA,33.761505,-84.39141,contains,0.0,13,17217821.0,1553498.9,1553498.0,30.27,Utility and Misc,,1351209600000.0,X,True,False,AREA OF MINIMAL FLOOD HAZARD,True
dc_984b3aec7ac9,NJFX,NJ,40.16059,-74.052962,contains,0.0,29,5093129.0,53733.5,53495.97,,Unclassified,1400 WALL CHURCH ROAD,1375142400000.0,X,True,False,AREA OF MINIMAL FLOOD HAZARD,
dc_a0de6177fed5,LightWave Networks,MA,42.302267,-71.219577,contains,0.0,21,1232456.0,51373.9,51059.43,,Industrial,105 CABOT STREET,1554940800000.0,X,True,False,AREA OF MINIMAL FLOOD HAZARD,
dc_d74048d15a6b,LightEdge Austin 2 (AUS2),TX,30.20048,-97.70727,contains,0.0,4,31045989.0,86665.2,86665.08,9.6,Industrial,6900 BURLESON RD,1311292800000.0,X,True,False,AREA OF MINIMAL FLOOD HAZARD,False
dc_8ce3e4ffe880,Coloblox Data Centers ATL3,GA,33.887451,-84.467834,contains,0.0,7,17381624.0,179731.3,179731.1,15.54,Industrial,,1351209600000.0,X,True,False,AREA OF MINIMAL FLOOD HAZARD,True
dc_6450f5a2d7fb,InterConnX Realty,TX,29.754605,-95.369869,contains,0.0,15,28495302.0,26024.3,26024.3,112.22,Commercial,1415 LOUISIANA ST,1264204800000.0,X,True,False,AREA OF MINIMAL FLOOD HAZARD,True
dc_9c88fb61b0b7,NYI NY2 (60 Hudson Street),NY,40.717729,-74.008306,contains,0.0,25,7730764.0,63885.5,63845.47,69.18,Commercial,60 HUDSON STREET,1376524800000.0,X,True,False,AREA OF MINIMAL FLOOD HAZARD,True
dc_398612fa21ca,365 Data Centers Bridgewater (BW1),NJ,40.58144,-74.573881,contains,0.0,2,1245441.0,30284.7,29397.45,,Residential,,1508371200000.0,X,True,False,AREA OF MINIMAL FLOOD HAZARD,
dc_c2fe624e0003,COPT DC-6,VA,38.747611,-77.53198,contains,0.0,13,7677962.0,116138.2,116138.1,13.77,Commercial,9651 HORNBAKER ROAD,1205280000000.0,X,True,False,AREA OF MINIMAL FLOOD HAZARD,True
dc_b0c57c44b511,Encompass New York 111 8th Ave,NY,40.741469,-74.003387,contains,0.0,25,7732059.0,166489.6,166385.5,62.74,Industrial,76 9 AVENUE,1376524800000.0,X,True,False,AREA OF MINIMAL FLOOD HAZARD,True
dc_d4f724bf0b85,Element Critical Northern Virginia VA1,VA,38.908613,-77.220473,contains,0.0,24,7899170.0,105569.8,105569.7,9.74,Commercial,7990 QUANTUM DRIVE,1205280000000.0,X,True,False,AREA OF MINIMAL FLOOD HAZARD,False
dc_f58af64586a4,Cloudpath CT1 (26 Fahey St),CT,41.091604,-73.516758,contains,0.0,54,903544.0,33885.2,33871.01,,Industrial,26 FAHEY STREET,1541289600000.0,X,True,False,AREA OF MINIMAL FLOOD HAZARD,
dc_3afc967d9d1a,365 Data Centers Herndon (VA1),VA,38.9328,-77.4273,nearest,0.4280605933887149,5,7915226.0,188725.0,188724.8,14.07,Residential,13871 PARK CENTER ROAD,1205280000000.0,X,True,False,AREA OF MINIMAL FLOOD HAZARD,True
dc_6306dacb193a,Iron Mountain Data Center - Boston (BOS-1),MA,42.340622,-71.639811,contains,0.0,13,994284.0,20496.5,21124.92,,Unclassified,171 BEARFOOT ROAD,1554508800000.0,X,True,False,AREA OF MINIMAL FLOOD HAZARD,
dc_69e23360ffac,Iron Mountain Data Center - Western Pennsylvania (WPA-1),PA,41.092096,-79.912188,nearest,98.19779629649838,5,1701317.0,1946.1,1854.354,,Residential,,1268092800000.0,X,True,False,AREA OF MINIMAL FLOOD HAZARD,
dc_f7e77aebe39c,Iron Mountain Data Center - Kansas City (KCM-1),MO,39.010862,-94.501281,contains,0.0,6,11134249.0,121655.8,121655.7,5.93,Commercial,6301 WINCHESTER AVENUE,1329609600000.0,X,True,False,AREA OF MINIMAL FLOOD HAZARD,False
dc_ea29c9c9ca57,Iron Mountain Data Center - Manassas (VA-2),VA,38.77323,-77.5418,nearest,190.86329593174244,1,7688578.0,1495.8,1495.786,5.53,Commercial,11600 HAYDEN ROAD,1205280000000.0,X,True,False,AREA OF MINIMAL FLOOD HAZARD,False
dc_5454e38d3adb,SFN MN-Albert Lea,MN,43.633435,-93.383825,nearest,15.413694978012199,21,6072287.0,1583.5,1582.291,,Commercial,,1567036800000.0,X,True,False,AREA OF MINIMAL FLOOD HAZARD,
dc_b0e5e2338d19,H5 Data Centers Cincinnati,OH,39.097935,-84.524095,contains,0.0,10,10448283.0,65110.2,65110.14,7.14,Unclassified,,1425168000000.0,X,True,False,AREA OF MINIMAL FLOOD HAZARD,False
dc_6fdf64f1f69a,ColoCrossing BUF1,NY,42.893049,-78.875318,contains,0.0,42,8169827.0,29235.2,29233.51,12.94,Commercial,325 DELAWARE AVENUE,1427846400000.0,X,True,False,AREA OF MINIMAL FLOOD HAZARD,True
dc_59230c71f261,ColoCrossing SJ1,CA,37.334508,-121.89143,nearest,9.983881229183318,29,15648160.0,59302.9,59302.88,31.09,Utility and Misc,,1349049600000.0,D,True,False,,True
dc_6be6451b0bd2,ColoCrossing SEA1,WA,47.49312,-122.293712,contains,0.0,13,10090064.0,19540.8,19526.52,18.86,Commercial,,1273190400000.0,X,True,False,AREA OF MINIMAL FLOOD HAZARD,True
dc_9277151d2171,ColoCrossing NJ1,NJ,40.558035,-74.48942,nearest,135.1631039444187,2,6009080.0,134860.5,135603.4,,Industrial,120 CIRCLE DRIVE NORTH,1508371200000.0,X,True,False,AREA OF MINIMAL FLOOD HAZARD,
dc_1419d45e56a4,ColoCrossing LA1,CA,34.048222,-118.254575,nearest,6.184215240643648,21,14871969.0,117377.0,117376.9,49.83,Commercial,,1350432000000.0,X,True,False,1 PCT DEPTH LESS THAN 1 FOOT,True
dc_e6c4c8934f01,ColoCrossing DFW1,TX,32.807888,-96.857296,contains,0.0,12,29947292.0,71792.2,71792.1,5.58,Commercial,3000 IRVING BLVD,1435708800000.0,X,True,False,AREA WITH REDUCED FLOOD RISK DUE TO LEVEE,False
dc_c0dc6dafc51e,ColoCrossing CHI1,IL,41.994256,-87.961965,contains,0.0,10,34582515.0,449220.2,449219.8,8.81,Industrial,2200 BUSSE ROAD,1321315200000.0,X,True,False,AREA OF MINIMAL FLOOD HAZARD,False
dc_7284cc251f4e,Peer-Point Colocation,FL,25.767923,-80.19032,nearest,28.181460956505024,16,30392573.0,48138.1,48137.92,94.48,Commercial,35 SE 6 ST,1392508800000.0,AE,True,True,,True
dc_ddb7e68d3679,Heyburn Building,KY,38.245944,-85.757291,nearest,19.105998364456894,21,14259788.0,124867.3,124803.8,19.06,Residential,667 S 4TH STREET,1309910400000.0,X,True,False,AREA OF MINIMAL FLOOD HAZARD,True
dc_2f27232ab9dd,Lunavi - Cheyenne,WY,41.129714,-104.741612,contains,0.0,7,4166290.0,38994.8,38964.09,,Commercial,340 PROGRESS CIRCLE,1595116800000.0,X,True,False,AREA OF MINIMAL FLOOD HAZARD,
dc_8ab8ca86bd41,SFN IA-Emery,IA,43.132695,-93.27891,contains,0.0,4,3132313.0,50557.9,50518.08,,Commercial,16455 LARK AVENUE,1567036800000.0,X,True,False,AREA OF MINIMAL FLOOD HAZARD,
dc_9bfe6733e707,UPX Miami,FL,25.932848,-80.121136,nearest,38.106655731306766,16,30589402.0,65816.9,65816.65,54.41,Unclassified,17001 COLLINS AVE 4701,1392508800000.0,X,True,False,AREA OF MINIMAL FLOOD HAZARD,True
dc_4c9033aaa0e5,AiNET WDC11,MD,39.101551,-76.84789,nearest,4.624624229398265,79,7481561.0,6954.7,6954.701,6.63,Commercial,312 LAUREL AVENUE,1205280000000.0,X,True,False,AREA OF MINIMAL FLOOD HAZARD,False
dc_dd717d06043b,AiNET MD-300L,MD,39.291653,-76.619739,contains,0.0,34,7704904.0,93212.2,93212.16,25.96,Government,222 NORTH HOWARD STREET NORTH,1347494400000.0,X,True,False,AREA OF MINIMAL FLOOD HAZARD,True
dc_d7293cd91449,AiNET MD-790R,MD,39.13848,-76.605528,contains,0.0,1,7548956.0,610614.2,610613.8,10.69,Unclassified,7900 RITCHIE HIGHWAY,1205280000000.0,X,True,False,AREA OF MINIMAL FLOOD HAZARD,False
dc_857c2235de8a,AiNET DC-900S,DC,38.90101,-77.003861,contains,0.0,26,16010497.0,28216.3,28214.69,13.19,Commercial,900 2ND STREET NORTHEAST,1348531200000.0,X,True,False,AREA OF MINIMAL FLOOD HAZARD,True
dc_f34b6043d4fd,RagingWire VA3 - NTT,VA,39.019293,-77.470655,nearest,68.29322812594657,9,7873230.0,2838.7,2838.754,4.39,Commercial,44245 ICE RINK PLAZA,1205280000000.0,X,True,False,AREA OF MINIMAL FLOOD HAZARD,False
dc_8e268643b2bf,RagingWire VA2 - NTT,VA,39.02489,-77.457559,contains,0.0,14,50983676.0,94777.7,94807.41,,Commercial,44610 GUILFORD DRIVE,1710374400000.0,X,True,False,AREA OF MINIMAL FLOOD HAZARD,
dc_b9ee518385d3,Colocation Northwest - Bellevue,WA,47.583534,-122.134492,contains,0.0,11,3991843.0,23800.5,23783.88,,Commercial,,1565740800000.0,X,True,False,AREA OF MINIMAL FLOOD HAZARD,
dc_122d26c60fe0,Colocation Northwest - Redmond,WA,47.632512,-122.138538,contains,0.0,19,4051982.0,13475.4,13465.98,,Commercial,,1565740800000.0,X,True,False,AREA OF MINIMAL FLOOD HAZARD,
dc_3dc0f4451cf1,Colocation Northwest - Seattle,WA,47.614347,-122.338883,contains,0.0,27,10158492.0,139990.0,139886.5,47.9,Industrial,,1273190400000.0,X,True,False,AREA OF MINIMAL FLOOD HAZARD,True
dc_3c06c3237ab7,Colocation Northwest - South Hill,WA,47.1554,-122.28017,contains,0.0,10,4879170.0,31058.6,31036.05,,Commercial,,1565740800000.0,X,True,False,AREA OF MINIMAL FLOOD HAZARD,
dc_63d292808da8,Digital Realty CHI (505 N Railroad),IL,41.920267,-87.912334,contains,0.0,12,34539451.0,249527.4,249527.2,7.83,Industrial,,1321315200000.0,X,True,False,AREA OF MINIMAL FLOOD HAZARD,False
dc_ec4c14283b81,Wnet Telecom USA,NY,40.597568,-73.994831,nearest,11.431635341843045,216,7803881.0,1141.5,1140.781,8.64,Residential,8752 23 AVENUE,1376524800000.0,X,True,False,AREA OF MINIMAL FLOOD HAZARD,False
dc_3b978cea1326,CoreSite - Atlanta (AT2),GA,33.925548,-84.481654,contains,0.0,16,17420501.0,77650.3,77650.2,5.89,Commercial,,1351209600000.0,X,True,False,AREA OF MINIMAL FLOOD HAZARD,False
dc_205214f38282,Centersquare Los Angeles (LAX4),CA,33.92441,-118.32016,contains,0.0,29,13244986.0,295317.1,295316.9,7.04,Industrial,,1350432000000.0,X,True,False,AREA OF MINIMAL FLOOD HAZARD,False
dc_5155a7762cb7,Centersquare Los Angeles (LAX5),CA,33.68484,-117.83684,contains,0.0,21,13705099.0,149420.3,149420.1,8.35,Industrial,,1350432000000.0,X,True,False,AREA OF MINIMAL FLOOD HAZARD,False
dc_14483ad203a0,Centersquare Atlanta (ATL1-D),GA,33.744326,-84.581852,nearest,7.111101814741932,2,17185567.0,251657.1,251656.8,9.03,Industrial,,1351209600000.0,X,True,False,AREA OF MINIMAL FLOOD HAZARD,False
dc_2f5dcb1f11e8,Centersquare Chicago (ORD4),IL,41.802407,-88.094656,contains,0.0,24,32003102.0,388075.0,386983.3,,Industrial,4513 WESTERN AVENUE,1442793600000.0,X,True,False,AREA OF MINIMAL FLOOD HAZARD,
dc_5c57ba7c00e3,Centersquare Boston (BOS4-A),MA,42.365768,-71.158084,nearest,40.160511516307125,29,111111.0,7680.9,7359.038,,Industrial,,1573257600000.0,X,True,False,AREA OF MINIMAL FLOOD HAZARD,
dc_ca70c0deb389,Centersquare Dallas (DFW2),TX,42.4731,-96.6837,none,,0,,,,,,,,X,True,False,AREA OF MINIMAL FLOOD HAZARD,
dc_68edd4e8e2ac,Centersquare Dallas (DFW3),TX,32.91035,-96.87404,contains,0.0,14,30639473.0,96088.5,96088.45,11.29,Commercial,11945 WEBB CHAPEL ROAD,1435708800000.0,X,True,False,AREA OF MINIMAL FLOOD HAZARD,False
dc_8a7de1e6b962,Centersquare Northern Virginia (IAD4),VA,39.021941,-77.453284,nearest,4.397860464705147,8,7873684.0,1414.8,1414.839,6.87,Commercial,21571 BEAUMEADE CIRCLE,1205280000000.0,X,True,False,AREA OF MINIMAL FLOOD HAZARD,False
dc_7aabaf75c3ad,UnReal Servers,MO,39.132777,-94.580381,nearest,4.086770969821538,23,11251891.0,86418.0,86417.93,5.82,Commercial,,1329609600000.0,X,True,False,AREA WITH REDUCED FLOOD RISK DUE TO LEVEE,False
dc_1d1ff5972873,Level(3) Raleigh,NC,35.854381,-78.597011,contains,0.0,15,15364498.0,84599.4,84599.27,7.9,Industrial,5301 DEPARTURE DRIVE,1267488000000.0,X,True,False,AREA OF MINIMAL FLOOD HAZARD,False
dc_b2f8b3f3db48,Border Crossing Pop 1,CA,32.544028,-117.027372,nearest,91.92188350068213,10,17883556.0,2591.3,2591.344,5.29,Unclassified,,1167609600000.0,X,True,False,AREA OF MINIMAL FLOOD HAZARD,False
dc_6c109172a8d5,Lincoln Rackhouse Dallas,TX,33.015496,-96.766132,contains,0.0,22,30288229.0,15470.1,15470.12,7.82,Commercial,1004 COIT ROAD,1435708800000.0,X,True,False,AREA OF MINIMAL FLOOD HAZARD,False
dc_6d88b75bdb12,Lincoln Rackhouse Silver Spring,MD,39.058289,-76.964548,contains,0.0,14,7332777.0,146868.0,146867.9,6.75,Commercial,,1205280000000.0,X,True,False,AREA OF MINIMAL FLOOD HAZARD,False
dc_35337c131c2a,Smart City Telecom Maitland Colo,FL,28.638819,-81.39965,contains,0.0,13,30174050.0,85902.4,85902.05,8.09,Industrial,1101 N KELLER RD,1390608000000.0,X,True,False,AREA OF MINIMAL FLOOD HAZARD,False
dc_2d29a4e427b4,Volt Modesto,CA,37.641953,-121.00224,contains,0.0,24,17623132.0,180406.4,180406.3,13.21,Residential,,1266364800000.0,X,True,False,AREA OF MINIMAL FLOOD HAZARD,True
dc_ebb75c83c360,Lumen Norfolk,VA,36.878851,-76.221387,contains,0.0,12,7162131.0,58075.2,58075.18,5.3529,Commercial,2600 ELTHAM AVENUE,1364774400000.0,X,True,False,AREA OF MINIMAL FLOOD HAZARD,False
dc_2457668a558c,Globalinx Virginia Beach CLS,VA,36.785084,-76.008306,nearest,4.220981147302507,7,7412408.0,34110.3,34110.3,5.2008,Industrial,1600 CORPORATE LANDING PARKWAY,1364774400000.0,X,True,False,AREA OF MINIMAL FLOOD HAZARD,False
dc_38197c1f3767,"Equinix SE4 - Seattle, Kent",WA,47.420105,-122.248282,contains,0.0,6,5215705.0,73596.8,73543.75,,Industrial,,1565740800000.0,AE,True,True,,
dc_66e8fa6175af,Evocative DAL6,TX,33.0156,-96.76844,contains,0.0,14,30288342.0,104965.1,104965.0,7.37,Commercial,1221 COIT ROAD,1435708800000.0,X,True,False,AREA OF MINIMAL FLOOD HAZARD,False
dc_9a635f7f4c1f,WēConnect Westerville,OH,40.123627,-82.943999,nearest,12.042191898720468,17,299264.0,62013.9,61976.57,,Industrial,39 COLLEGEVIEW ROAD,1546646400000.0,X,True,False,AREA OF MINIMAL FLOOD HAZARD,
dc_1459b4e7eef5,TSR Solutions Data Center,WI,43.0389885,-87.9069379,contains,0.0,28,10206468.0,39262.2,39236.06,28.99,Commercial,,1351900800000.0,X,True,False,AREA OF MINIMAL FLOOD HAZARD,True
dc_9b95847ef56f,DC BLOX HSV1 - DCBLOX Huntsville,AL,34.7098,-86.6929,nearest,110.4737371867623,3,14666859.0,87013.4,86945.4,,Unclassified,,1489881600000.0,,False,,,
dc_4d97600c0104,DC BLOX BHM1 - DCBLOX Birmingham,AL,33.500687,-86.821105,contains,0.0,26,15545766.0,27701.0,27679.0,,Unclassified,,1646092800000.0,X,True,False,AREA OF MINIMAL FLOOD HAZARD,
dc_faf2065fd962,DC BLOX ATL1 - DCBLOX Atlanta,GA,33.832314,-84.339042,nearest,42.674710584747885,21,17315224.0,4027.6,4027.635,6.96,Commercial,,1351209600000.0,X,True,False,AREA OF MINIMAL FLOOD HAZARD,False
dc_2546bb57a1b3,TurnKey Internet - CA,CA,34.048222,-118.254575,nearest,6.184215240643648,21,14871969.0,117377.0,117376.9,49.83,Commercial,,1350432000000.0,X,True,False,1 PCT DEPTH LESS THAN 1 FOOT,True
dc_d3a8a17157cf,TurnKey Internet - DR,NY,42.64957,-73.75262,nearest,5.756004440436387,31,7263766.0,60325.5,60292.73,30.64,Commercial,74 STATE STREET,1347321600000.0,X,True,False,AREA OF MINIMAL FLOOD HAZARD,True
dc_7d3c86a321c9,Cogent Albany,NY,42.64957,-73.75262,nearest,5.756004440436387,31,7263766.0,60325.5,60292.73,30.64,Commercial,74 STATE STREET,1347321600000.0,X,True,False,AREA OF MINIMAL FLOOD HAZARD,True
dc_b21478932c0d,Lumen New York,NY,40.751657,-74.007158,contains,0.0,12,7732728.0,118907.2,118832.6,63.45,Industrial,601 WEST 26 STREET,1376524800000.0,AE,True,True,,True
dc_b630100d026f,TierPoint Omaha - Bellevue,NE,41.178209,-95.924766,contains,0.0,9,3046372.0,262426.9,262605.9,8.67,Education,1001 FORT CROOK ROAD NORTH,1366848000000.0,X,True,False,AREA OF MINIMAL FLOOD HAZARD,False
dc_cb3651da3ba0,Planet Networks Newton Datacenter,NJ,41.058209,-74.75396,contains,0.0,43,211787.0,4156.8,4451.8,,Commercial,4 PARK PLACE,1435881600000.0,X,True,False,AREA OF MINIMAL FLOOD HAZARD,
dc_3c91f82abab9,Xfernet LAX01,CA,34.06172,-118.29302,nearest,9.927394307870868,31,14647816.0,56245.5,56245.54,34.77,Commercial,,1350432000000.0,X,True,False,AREA OF MINIMAL FLOOD HAZARD,True
dc_cfa299c09d66,SFN IA-IowaFalls,IA,42.55655,-93.25919,contains,0.0,1,2984227.0,18590.1,18575.49,,Commercial,,1427414400000.0,X,True,False,AREA OF MINIMAL FLOOD HAZARD,
dc_1e995f203458,"702 Communications - Fargo, ND",ND,46.864784,-96.832308,contains,0.0,29,484435.0,8703.7,8702.611,,Industrial,3301 FIECHTNER DRIVE SOUTH,1528848000000.0,X,True,False,AREA OF MINIMAL FLOOD HAZARD,
dc_a7acec8d7af4,NYI CH1 (800 Jorie Blvd),IL,41.845343,-87.941522,contains,0.0,7,35179775.0,69743.2,69743.14,8.25,Residential,800 JORIE BOULEVARD,1321315200000.0,X,True,False,AREA OF MINIMAL FLOOD HAZARD,False
dc_0378cf1ad710,Neutron - Spokane,WA,47.6583,-117.4191,contains,0.0,18,10412708.0,773994.2,773394.3,24.68,Education,,1225324800000.0,X,True,False,AREA OF MINIMAL FLOOD HAZARD,True
dc_03a9959da784,EdgeConneX Hillsboro (EDCPOR02),OR,45.548296,-122.907473,nearest,39.65290948062022,15,3639727.0,96547.8,96470.66,,Government,,1564790400000.0,X,True,False,AREA OF MINIMAL FLOOD HAZARD,
dc_924c700670ac,EdgeConneX Atlanta (EDCATL02),GA,33.731803,-84.423585,contains,0.0,46,17170134.0,95100.5,95100.38,8.73,Commercial,,1351209600000.0,X,True,False,AREA OF MINIMAL FLOOD HAZARD,False
dc_88c1a3921ea5,Racksquared Data Centers,OH,39.9669,-82.9928,nearest,2.7647929129796545,42,9769485.0,16868.3,16868.25,4.26,Industrial,162 6TH STREET,1301616000000.0,X,True,False,AREA OF MINIMAL FLOOD HAZARD,False
dc_3c5de49118a8,Unwired FAT1 - Fresno Colocation,CA,36.846165,-119.799363,nearest,1.9353040933430752,45,16863056.0,8079.7,8079.688,4.63,Industrial,,1336176000000.0,X,True,False,AREA OF MINIMAL FLOOD HAZARD,False
dc_1b48e32e32a9,RagingWire VA4 - NTT,VA,39.019293,-77.470655,nearest,68.29322812594657,9,7873230.0,2838.7,2838.754,4.39,Commercial,44245 ICE RINK PLAZA,1205280000000.0,X,True,False,AREA OF MINIMAL FLOOD HAZARD,False
dc_63477d7fddc5,SFN IA-Davenport,IA,41.548129,-90.621185,nearest,9.319702091401298,50,483600.0,8898.9,8900.43,,Industrial,2728 NORTH CLARK STREET,1556928000000.0,X,True,False,AREA OF MINIMAL FLOOD HAZARD,
dc_020b4e91299a,SFN IA-Waterloo,IA,42.488836,-92.330614,nearest,2.6591006171206724,89,1821330.0,494.8,494.4679,,Unclassified,1426 COMMERCIAL STREET,1492819200000.0,X,True,False,AREA WITH REDUCED FLOOD RISK DUE TO LEVEE,
dc_e0deb5a5797a,"DartPoints Spartanburg, SC - SPA1",SC,34.99596,-82.03468,contains,0.0,5,50058126.0,59291.7,59257.3,,Unclassified,,1625443200000.0,X,True,False,AREA OF MINIMAL FLOOD HAZARD,
dc_b0bc13ad8190,"DartPoints Columbus, IN - CLU1",IN,39.182499,-85.895227,contains,0.0,16,9482776.0,58116.8,56940.04,,Industrial,2555 EAST TECHNOLOGY BOULEVARD,1447545600000.0,X,True,False,AREA OF MINIMAL FLOOD HAZARD,
dc_90a6d53a922b,Citynet Charleston,WV,38.352874,-81.640475,nearest,19.031286270804706,21,7019867.0,28414.7,28394.1,14.05,Assembly,,1237334400000.0,X,True,False,0.2 PCT ANNUAL CHANCE FLOOD HAZARD,True
dc_d1f55f9f8389,Citynet Bridgeport,WV,39.276713,-80.270157,contains,0.0,2,249257.0,16032.0,16020.75,,Industrial,,1477958400000.0,X,True,False,AREA OF MINIMAL FLOOD HAZARD,
dc_0be54ba06f42,Centersquare Silicon Valley (SFO4-A),CA,37.375719,-121.955154,contains,0.0,20,15740490.0,28105.6,28105.52,10.57,Unclassified,,1349049600000.0,X,True,False,AREA WITH REDUCED FLOOD RISK DUE TO LEVEE,False
dc_e8f9e82ff0a7,Aligned Ashburn (IAD-01),VA,39.014003,-77.469729,contains,0.0,9,50987110.0,157848.9,157900.5,,Commercial,21890 UUNET DRIVE,1710374400000.0,X,True,False,AREA OF MINIMAL FLOOD HAZARD,
dc_00764728680d,Aligned Dallas (DFW-01),TX,33.009295,-96.676434,contains,0.0,9,30281855.0,108447.7,108447.5,8.63,Commercial,2800 SUMMIT AVENUE,1435708800000.0,X,True,False,AREA OF MINIMAL FLOOD HAZARD,False
dc_7afb9b268c71,Aligned Phoenix (PHX-01),AZ,33.658881,-112.110606,contains,0.0,7,11322460.0,516298.6,516298.2,7.63,Commercial,19200 NORTH 23RD AVENUE,1412467200000.0,X,True,False,0.2 PCT ANNUAL CHANCE FLOOD HAZARD,False
dc_ffcac70d833e,Aligned Salt Lake (SLC-02),UT,40.585936,-111.969762,contains,0.0,4,13000723.0,274042.7,273868.9,,Commercial,3333 WEST 9000 SOUTH,1566086400000.0,X,True,False,AREA OF MINIMAL FLOOD HAZARD,
dc_41b7b98857a3,Aligned Salt Lake (SLC-01),UT,40.585936,-111.969762,contains,0.0,4,13000723.0,274042.7,273868.9,,Commercial,3333 WEST 9000 SOUTH,1566086400000.0,X,True,False,AREA OF MINIMAL FLOOD HAZARD,
dc_bb6acbbe7a18,QTS Hillsboro (HIL1),OR,45.5568,-122.9316,nearest,186.95934733979482,1,3643122.0,1979.5,1977.876,,Residential,,1564790400000.0,X,True,False,AREA OF MINIMAL FLOOD HAZARD,
dc_1c5529fb9a1a,QTS Manassas (MAN1),VA,38.7534,-77.5128,nearest,0.6375565080024149,8,50232405.0,129903.1,129951.8,,Commercial,9400 GODWIN DRIVE,1654387200000.0,X,True,False,AREA OF MINIMAL FLOOD HAZARD,
dc_6f3dc8f369c9,QTS Fort Worth (FTW1),TX,32.988738,-97.258448,contains,0.0,8,31063569.0,142886.6,142886.5,8.4,Commercial,14100 PARK VISTA BLVD,1241136000000.0,X,True,False,AREA OF MINIMAL FLOOD HAZARD,False
dc_b3c70d75bf1a,CENTRA CLT01 - Charlotte NC (701 E Trade),NC,35.22222,-80.83651,contains,0.0,23,15100708.0,16205.9,16205.83,7.6,Commercial,701 EAST TRADE STREET,1328745600000.0,X,True,False,AREA OF MINIMAL FLOOD HAZARD,False
dc_01f9f53c2eac,Coloblox Data Centers ATL1,GA,33.889646,-84.465365,contains,0.0,5,17384509.0,226971.1,226970.8,22.23,Industrial,,1351209600000.0,X,True,False,AREA OF MINIMAL FLOOD HAZARD,True
dc_65462e0cdff1,The Garland Center / West 7 Center,CA,34.051411,-118.265796,nearest,11.617210609579827,33,14639335.0,99998.6,99998.5,30.89,Commercial,,1350432000000.0,X,True,False,AREA OF MINIMAL FLOOD HAZARD,True
dc_ccc53908a275,Bluebird Underground Data Center,MO,37.231398,-93.212181,none,,0,,,,,,,,X,True,False,AREA OF MINIMAL FLOOD HAZARD,
dc_9d948b20f397,Stream Data Centers - DFW VII,TX,32.981,-96.6594,nearest,180.27399632377094,2,30204113.0,22836.3,22836.29,8.8,Commercial,5535 NORTHMOOR DR,1435708800000.0,X,True,False,AREA OF MINIMAL FLOOD HAZARD,False
dc_64c7a0c8382c,Stream Data Centers - MN I,MN,44.8084,-93.6341,contains,0.0,4,11514973.0,256683.3,256493.9,6.97,Industrial,1707 WEST CREEK LANE,1335744000000.0,X,True,False,AREA OF MINIMAL FLOOD HAZARD,False
dc_e7e81b57c81b,DQE Communications (Downtown Pittsburgh),PA,40.439169,-80.000902,contains,0.0,28,7490120.0,41586.1,41586.06,49.68,Residential,,1312502400000.0,X,True,False,AREA OF MINIMAL FLOOD HAZARD,True
dc_904d1fe660bd,DQE Communications (Butler),PA,40.860587,-79.907512,contains,0.0,153,1664119.0,2968.5,2953.783,,Commercial,,1563148800000.0,X,True,False,AREA OF MINIMAL FLOOD HAZARD,
dc_9a27ff212d93,DQE Communications (Allegheny Center Mall),PA,40.450158,-80.006045,nearest,5.984603471782385,17,7370318.0,424619.9,424619.4,16.82,Commercial,,1312502400000.0,X,True,False,AREA OF MINIMAL FLOOD HAZARD,True
dc_a6deac218790,Data102 - COS01,CO,38.832108,-104.82403,contains,0.0,16,15787825.0,13683.1,13683.1,46.89,Commercial,,1337558400000.0,X,True,False,AREA OF MINIMAL FLOOD HAZARD,True
dc_61349568f7bb,Data102 - COS02,CO,38.832108,-104.82403,contains,0.0,16,15787825.0,13683.1,13683.1,46.89,Commercial,,1337558400000.0,X,True,False,AREA OF MINIMAL FLOOD HAZARD,True
dc_307abcbb36ae,Frontier Tampa Main Tandem Office,FL,27.950142,-82.456179,nearest,5.867733881840195,29,31394092.0,42010.9,42010.74,38.3,Commercial,610 N MORGAN ST,1340668800000.0,X,True,False,AREA OF MINIMAL FLOOD HAZARD,True
dc_8d1d5560f657,Navégalo Data Center Miami (MI1),FL,25.776033,-80.193092,nearest,0.7010647328960676,19,30407427.0,162425.1,162424.5,21.25,Education,36 NE 2 ST,1392508800000.0,X,True,False,AREA OF MINIMAL FLOOD HAZARD,True
dc_5682de2fcd5d,Agile Aurora,IL,41.772203,-88.217055,contains,0.0,6,32005729.0,78053.2,78843.18,,Industrial,,1462406400000.0,X,True,False,AREA OF MINIMAL FLOOD HAZARD,
dc_b2ab8aee8632,FIBERTOWN Houston Data Center,TX,29.943078,-95.417308,contains,0.0,13,37930683.0,247576.3,248109.2,,Industrial,12009 NORTH FREEWAY,1668297600000.0,X,True,False,AREA OF MINIMAL FLOOD HAZARD,
dc_c81618121941,FIBERTOWN Bryan Data Center,TX,30.674256,-96.373773,contains,0.0,35,35375864.0,27316.2,27336.94,,Government,,1571702400000.0,X,True,False,AREA OF MINIMAL FLOOD HAZARD,
dc_0725a2d5f792,Quasar Data Center,TX,29.760061,-95.362102,contains,0.0,23,28512891.0,61540.5,61540.45,23.78,Commercial,1000 PRAIRIE STREET,1264204800000.0,X,True,False,AREA OF MINIMAL FLOOD HAZARD,True
dc_62d3d21ff61d,"ark data centers - Tucson, AZ",AZ,32.1723,-110.95415,contains,0.0,29,11829432.0,40319.2,40319.14,6.29,Industrial,1215 EAST PENNSYLVANIA STREET,1156636800000.0,X,True,False,AREA OF MINIMAL FLOOD HAZARD,False
dc_bf71e65b6afd,"ark data centers - Akron,OH",OH,41.057108,-81.522183,contains,0.0,35,4724149.0,32197.5,31356.8,,Unclassified,191 EAST MILLER AVENUE,1445817600000.0,X,True,False,AREA OF MINIMAL FLOOD HAZARD,
dc_9cbf0a55e19a,"ark data centers - Cedar Rapids ,IA",IA,42.052632,-91.554004,nearest,14.752879235238357,5,722949.0,20727.5,20718.2,,Commercial,5055 REC DRIVE,1525651200000.0,X,True,False,AREA OF MINIMAL FLOOD HAZARD,
dc_868fa144afdf,PhoenixNAP ASHBURN,VA,39.015966,-77.48158,contains,0.0,10,7872779.0,71742.8,71742.77,6.04,Commercial,21635 RED RUM DRIVE,1205280000000.0,X,True,False,AREA OF MINIMAL FLOOD HAZARD,False
dc_363c889003c4,PhoenixNAP ATLANTA,GA,33.927915,-84.481824,contains,0.0,11,17422425.0,37688.3,37688.22,12.16,Commercial,,1351209600000.0,AE,True,True,,True
dc_23e2d561cf0c,Cologix DAL3,TX,32.800748,-96.819412,contains,0.0,10,29902135.0,243138.7,243138.4,32.91,Education,1950 N STEMMONS FWY,1435708800000.0,X,True,False,AREA WITH REDUCED FLOOD RISK DUE TO LEVEE,True
dc_22d8db7b360c,T5@Chicago,IL,42.023151,-122.975114,none,,0,,,,,,,,,False,,,
dc_4b2fdcc8f1c8,Expedient Indianapolis,IN,39.963184,-86.145575,contains,0.0,7,18403056.0,58060.8,58060.8,5.87,Unclassified,701 CONGRESSIONAL BOULEVARD,1314230400000.0,X,True,False,AREA OF MINIMAL FLOOD HAZARD,False
dc_3dc0908f81e0,ORI.NET Noblesville,IN,40.04555,-86.01401,nearest,5.645470361387542,37,2273380.0,42154.9,41245.77,,Unclassified,817 CONNER STREET,1479254400000.0,X,True,False,AREA OF MINIMAL FLOOD HAZARD,
dc_42f11cbcfcbf,Expedient Cleveland - 151 NEO,OH,41.428228,-81.573952,contains,0.0,20,9315493.0,43373.5,43373.41,5.09,Industrial,15166 NEO PARKWAY,1282003200000.0,X,True,False,AREA OF MINIMAL FLOOD HAZARD,False
dc_b64820074b60,Expedient Boston,MA,42.405414,-71.074978,contains,0.0,11,7230528.0,88623.1,88623.09,18.66,Commercial,1 CABOT ROAD,1242864000000.0,X,True,False,AREA OF MINIMAL FLOOD HAZARD,True
dc_ee22854729f6,Expedient Cleveland - 152 NEO,OH,41.429415,-81.574072,contains,0.0,16,9315787.0,43775.1,43775.09,5.63,Unclassified,15264 NEO PARKWAY,1282003200000.0,X,True,False,AREA OF MINIMAL FLOOD HAZARD,False
dc_db838b27c2aa,Expedient Columbus - Dublin,OH,40.091865,-83.143709,none,,0,,,,,,,,X,True,False,AREA OF MINIMAL FLOOD HAZARD,
dc_878c140caab9,Expedient Columbus - Upper Arlington,OH,40.057853,-83.0785,contains,0.0,18,9877044.0,99347.4,99347.28,8.61,Commercial,4640 ARLINGTON CENTRE LOOP,1301616000000.0,X,True,False,AREA OF MINIMAL FLOOD HAZARD,False
dc_f9b2b8a754f1,Expedient Memphis,TN,35.062965,-89.786143,contains,0.0,21,402765.0,37006.3,37035.57,,Commercial,3180 PLAYERS LANE,1507852800000.0,X,True,False,AREA OF MINIMAL FLOOD HAZARD,
dc_3511a00a4df6,Expedient Phoenix,AZ,33.41601,-112.009445,contains,0.0,30,11559737.0,79846.3,79846.24,10.41,Commercial,3402 EAST UNIVERSITY DRIVE,1412467200000.0,X,True,False,0.2 PCT ANNUAL CHANCE FLOOD HAZARD,False
dc_9d41992d9e6f,Expedient Pittsburgh - Nova Place,PA,40.452,-80.0045,nearest,14.69676751636647,19,7370318.0,424619.9,424619.4,16.82,Commercial,,1312502400000.0,X,True,False,AREA OF MINIMAL FLOOD HAZARD,True
dc_09dea9d939e5,Databank Atlanta (ATL1),GA,33.775782,-84.386765,contains,0.0,23,17239442.0,91155.5,91155.38,21.38,Commercial,,1351209600000.0,X,True,False,AREA OF MINIMAL FLOOD HAZARD,True
dc_8f85055bfe5d,365 Data Centers Commack (CNY),NY,40.822677,-73.291647,contains,0.0,5,6014427.0,359598.1,359494.0,,Industrial,500 COMMACK ROAD,1552435200000.0,X,True,False,AREA OF MINIMAL FLOOD HAZARD,
dc_41bc53d197ab,FairlawnGig Service Center,OH,41.133097,-81.629367,contains,0.0,18,5303337.0,47371.7,47022.82,,Commercial,,1445817600000.0,X,True,False,AREA OF MINIMAL FLOOD HAZARD,
dc_6c5747e8ee21,Cogent Tampa,FL,27.947439,-82.458855,nearest,9.646578821188646,26,31392037.0,42422.4,42422.25,76.0,Commercial,400 N TAMPA ST,1340668800000.0,X,True,False,0.2 PCT ANNUAL CHANCE FLOOD HAZARD IN COASTAL ZONE,True
dc_84946db8ccde,Senawave,UT,40.711882,-111.964741,nearest,0.6569986053212665,41,16152229.0,60212.7,60174.41,8.84,Industrial,3039 WEST PARKWAY BOULEVARD,1284768000000.0,X,True,False,AREA OF MINIMAL FLOOD HAZARD,False
dc_23f3922163d5,Corepacket PDX-1,OR,45.52076,-122.678985,nearest,13.18112293780395,27,8132834.0,40961.5,40929.33,24.0,Commercial,,1285027200000.0,X,True,False,AREA OF MINIMAL FLOOD HAZARD,True
dc_1a15871c8912,TierPoint Baltimore – BWI,MD,39.21345,-76.68286,contains,0.0,6,460888.0,33369.4,32975.57,,Industrial,813 PINNACLE DRIVE,1570665600000.0,X,True,False,AREA OF MINIMAL FLOOD HAZARD,
dc_cbc49ed43b20,TierPoint Charlotte - North Myers,NC,35.221531,-80.835807,contains,0.0,27,15100289.0,23358.2,23358.15,10.8,Commercial,731 EAST TRADE STREET,1328745600000.0,X,True,False,AREA OF MINIMAL FLOOD HAZARD,False
dc_b493d7002b92,TierPoint Tulsa-State Farm,OK,36.096334,-95.840438,nearest,172.7078815351424,2,7143964.0,367324.0,367323.7,7.5,Commercial,,1222992000000.0,X,True,False,AREA OF MINIMAL FLOOD HAZARD,False
dc_2fbb14b41636,TierPoint Oklahoma City,OK,35.514225,-97.596767,contains,0.0,56,7430196.0,23710.2,23710.21,6.82,Industrial,,1375142400000.0,X,True,False,AREA OF MINIMAL FLOOD HAZARD,False
dc_6f67b70fb02b,TierPoint Raleigh – RTP,NC,35.896667,-78.878838,contains,0.0,5,9902108.0,27934.5,27395.19,,Commercial,99 T W ALEXANDER DRIVE,1510790400000.0,X,True,False,AREA OF MINIMAL FLOOD HAZARD,
dc_e247d5484e1d,TierPoint Seattle,WA,47.619446,-122.34811,contains,0.0,36,10160622.0,44088.8,44056.16,23.01,Commercial,,1273190400000.0,X,True,False,AREA OF MINIMAL FLOOD HAZARD,True
dc_ac30ac8e4a4e,TierPoint Sioux Falls - East,SD,43.596146,-96.716872,nearest,13.385531046139175,4,372876.0,80100.8,80103.65,,Industrial,700 EAST 54TH STREET NORTH,1563408000000.0,X,True,False,AREA WITH REDUCED FLOOD RISK DUE TO LEVEE,
dc_68d97fc661d5,TierPoint Sioux Falls - West,SD,43.607,-96.80965,nearest,39.07557830386076,2,904949.0,15625.7,15625.18,,Utility and Misc,,1563408000000.0,X,True,False,AREA OF MINIMAL FLOOD HAZARD,
dc_686de1690128,TierPoint Raleigh,NC,35.854381,-78.597011,contains,0.0,15,15364498.0,84599.4,84599.27,7.9,Industrial,5301 DEPARTURE DRIVE,1267488000000.0,X,True,False,AREA OF MINIMAL FLOOD HAZARD,False
dc_50e9c91a244c,TierPoint Waterbury,CT,41.554386,-73.041037,nearest,8.107721975437183,24,6001486.0,90747.8,90734.73,,Commercial,96 BANK STREET,1564099200000.0,X,True,False,AREA OF MINIMAL FLOOD HAZARD,
dc_b882f44c45b0,BlueBridge Networks | Downtown Cleveland,OH,41.500747,-81.683704,nearest,6.700397565278645,13,9231039.0,43734.7,43734.68,25.71,Government,1275 EUCLID AVENUE,1282003200000.0,X,True,False,AREA OF MINIMAL FLOOD HAZARD,True
dc_5201629a2721,BlueBridge Networks |  Mayfield Heights Data Center,OH,41.50198,-81.47152,nearest,58.82983640216993,32,9231505.0,31214.1,31214.06,5.74,Government,5815 LANDERBROOK DRIVE,1282003200000.0,X,True,False,AREA OF MINIMAL FLOOD HAZARD,False
dc_63bb73652979,Fortress SF1,CA,37.782608,-122.391772,contains,0.0,24,16270814.0,19733.7,19733.71,23.26,Industrial,,1349049600000.0,X,True,False,AREA OF MINIMAL FLOOD HAZARD,True
dc_7f9a84f2ffad,bigbyte.cc,NM,35.084508,-106.648933,contains,0.0,18,12064596.0,16039.2,16035.29,,Commercial,123 CENTRAL AVENUE NORTHWEST,1314835200000.0,X,True,False,AREA OF MINIMAL FLOOD HAZARD,
dc_0b62aed251e8,InterServer Teb2,NJ,40.78606,-74.073757,contains,0.0,9,7739665.0,40279.8,40279.78,9.75,Commercial,,1376524800000.0,X,True,False,0.2 PCT ANNUAL CHANCE FLOOD HAZARD,False
dc_ad5acf412ac8,InterServer Teb4,NJ,40.785251,-74.074991,contains,0.0,7,7738034.0,50467.4,50467.3,8.92,Commercial,,1376524800000.0,X,True,False,AREA OF MINIMAL FLOOD HAZARD,False
dc_cd5551c92afa,mindSHIFT Ashburn,VA,39.01505,-77.45879,nearest,10.147825167168852,18,7872679.0,60507.4,60507.3,8.62,Commercial,21731 FILIGREE COURT,1205280000000.0,X,True,False,AREA OF MINIMAL FLOOD HAZARD,False
dc_d1996798840c,mindSHIT Commack,NY,40.822677,-73.291647,contains,0.0,5,6014427.0,359598.1,359494.0,,Industrial,500 COMMACK ROAD,1552435200000.0,X,True,False,AREA OF MINIMAL FLOOD HAZARD,
dc_8e8dd43b1c7e,mindSHIFT Minneapolis,MN,44.971408,-93.25458,contains,0.0,17,11071597.0,88316.9,88247.18,12.7,Commercial,511 11TH AVENUE SOUTH,1335744000000.0,X,True,False,AREA OF MINIMAL FLOOD HAZARD,True
dc_92574408e089,Synergy Fiber,MI,42.241964,-83.739113,nearest,91.167900005196,11,9549271.0,37035.1,37052.14,,Commercial,,1553558400000.0,X,True,False,AREA OF MINIMAL FLOOD HAZARD,
dc_795295307718,INAP Phoenix,AZ,33.298287,-112.053638,nearest,16.94737911955985,123,11396172.0,2365.3,2365.308,5.32,Residential,1309 EAST FRYE ROAD,1412467200000.0,X,True,False,0.2 PCT ANNUAL CHANCE FLOOD HAZARD,False
dc_a6a8876c4b50,Evocative LAX14,CA,33.89075,-118.3708,contains,0.0,20,13192721.0,117053.8,117053.8,24.15,Industrial,,1350432000000.0,X,True,False,AREA OF MINIMAL FLOOD HAZARD,True
dc_4c0328a22c39,Southwest Cyberport Albuquerque,NM,35.10196,-106.589328,nearest,33.34107135554684,72,12089738.0,49266.3,49252.33,,Education,5041 INDIAN SCHOOL ROAD NORTHEAST,1314835200000.0,X,True,False,AREA OF MINIMAL FLOOD HAZARD,
dc_22b86260251c,Digital Realty CHI (2299 Busse Road),IL,41.99418,-87.957678,contains,0.0,5,34582624.0,299720.4,299720.2,7.67,Commercial,2299 BUSSE ROAD,1321315200000.0,X,True,False,AREA OF MINIMAL FLOOD HAZARD,False
dc_f66893ce1d98,Digital Realty CHI (1400 East Devon Ave),IL,41.993346,-87.964112,nearest,0.37971780824998264,24,34582414.0,143304.3,143304.2,7.62,Commercial,1500 EAST DEVON AVENUE,1321315200000.0,X,True,False,AREA OF MINIMAL FLOOD HAZARD,False
dc_ae8edb4e2092,Digital Realty DFW (4025 Midway Road),TX,33.021665,-96.844728,contains,0.0,17,30299151.0,52860.2,52860.2,9.64,Commercial,,1435708800000.0,X,True,False,AREA OF MINIMAL FLOOD HAZARD,False
dc_190020b3e447,Digital Realty DFW (2440 Marsh Lane),TX,32.980107,-96.853694,contains,0.0,16,30189561.0,133319.5,133319.4,7.59,Commercial,5535 NORTHMOOR DR,1435708800000.0,X,True,False,AREA OF MINIMAL FLOOD HAZARD,False
dc_86494a18d241,"Equinix MI6 - Miami, Doral",FL,25.787849,-80.354555,contains,0.0,12,30416532.0,109363.9,109363.4,6.34,Industrial,1525 NW 98 CT,1392508800000.0,X,True,False,AREA OF MINIMAL FLOOD HAZARD,False
dc_13696f488c53,Telxius Boca Raton DC,FL,26.405641,-80.114041,contains,0.0,26,36607062.0,23185.4,23171.31,,Commercial,6503 W ROGERS CIR,1673913600000.0,X,True,False,AREA OF MINIMAL FLOOD HAZARD,
dc_67636ae84300,NOLA BROADBAND,LA,29.901419,-90.041661,nearest,12.14651896889619,51,10061963.0,5498.2,5498.232,4.0,Unclassified,,1343865600000.0,AE,True,True,,False
dc_3d42335bad72,1530 SWIFT - NOCIX,MO,39.1361,-94.5779,contains,0.0,25,11252558.0,254256.1,254255.9,6.71,Industrial,,1329609600000.0,X,True,False,AREA WITH REDUCED FLOOD RISK DUE TO LEVEE,False
dc_94004336071b,NOCIX Clay Facility,MO,39.137768,-94.578826,nearest,7.1112740667452625,21,11252559.0,22150.5,22150.52,5.32,Industrial,,1329609600000.0,X,True,False,AREA WITH REDUCED FLOOD RISK DUE TO LEVEE,False
dc_5fc5932e2fa1,Aunalytics South Bend Datacenter (AUSB),IN,41.66226,-86.25609,contains,0.0,6,10189654.0,54627.7,54906.13,,Industrial,460 STULL STREET,1537660800000.0,X,True,False,AREA OF MINIMAL FLOOD HAZARD,
dc_a3de0719d6f7,Jackson Technical Datacenter,OK,36.151937,-95.984342,nearest,1.6086170698044884,24,7105001.0,1166.6,1166.627,4.3,Residential,,1222992000000.0,X,True,False,AREA OF MINIMAL FLOOD HAZARD,False
dc_ac3f561a257b,123.NET - DC4 - 400 76th St SW,MI,42.825389,-85.672784,nearest,43.05903827734501,11,217743.0,25346.2,25333.24,,Commercial,,1552003200000.0,X,True,False,AREA OF MINIMAL FLOOD HAZARD,
dc_183f43223ec1,123.NET - DC2 - 24275 Northwestern Hwy.,MI,42.46701,-83.23484,contains,0.0,26,14913597.0,9150.2,9150.495,7.43,Commercial,,1430438400000.0,X,True,False,AREA OF MINIMAL FLOOD HAZARD,False
dc_7afdfff73d8e,"DartPoints Dublin, OH - CMH1",OH,40.093185,-83.133589,contains,0.0,5,9915998.0,31163.1,31163.1,17.01,Commercial,565 METRO PLACE SOUTH,1301616000000.0,X,True,False,AREA OF MINIMAL FLOOD HAZARD,True
dc_ffc36ba64dc4,TunBroker Baltimore,MD,39.21362,-76.68284,nearest,3.064868638024877,6,460888.0,33369.4,32975.57,,Industrial,813 PINNACLE DRIVE,1570665600000.0,X,True,False,AREA OF MINIMAL FLOOD HAZARD,
dc_4ca5071fffcd,123.NET - DC3 - 24245 Northwestern Hwy.,MI,42.466911,-83.234976,contains,0.0,27,14913597.0,9150.2,9150.495,7.43,Commercial,,1430438400000.0,X,True,False,AREA OF MINIMAL FLOOD HAZARD,False
dc_70f64e34b56c,QTS Ashburn (ASH3),VA,39.0024,-77.4725,contains,0.0,3,51660440.0,440153.4,440297.3,,Commercial,,1710374400000.0,X,True,False,AREA OF MINIMAL FLOOD HAZARD,
dc_cdfdfa748122,Colo Solutions Downtown Orlando,FL,28.534183,-81.379805,nearest,6.826467435808246,22,30095315.0,10401.7,10401.65,8.36,Commercial,80 S LUCERNE CIR W,1390608000000.0,X,True,False,AREA OF MINIMAL FLOOD HAZARD,False
dc_becc51ab069d,Evocative BOS1,MA,42.377932,-71.080419,contains,0.0,13,7204099.0,41148.4,41148.36,8.28,Commercial,50 INNER BELT ROAD,1242864000000.0,X,True,False,AREA OF MINIMAL FLOOD HAZARD,False
dc_cb5e2d785f37,Neutron - Coeur d'Alene,ID,47.700339,-116.794444,contains,0.0,35,1910730.0,7917.8,7869.043,,Commercial,,1498176000000.0,X,True,False,AREA OF MINIMAL FLOOD HAZARD,
dc_9641538f7308,Prov.net 935,RI,41.81734,-71.424019,nearest,5.636854043773174,49,7127607.0,18977.9,18981.64,5.11,Commercial,444 WASHINGTON STREET,1314748800000.0,X,True,False,AREA OF MINIMAL FLOOD HAZARD,False
dc_cc078a791020,Cogent Atlanta,GA,33.755474,-84.391094,nearest,15.942834516843853,25,17206825.0,15776.9,15776.92,37.45,Commercial,,1351209600000.0,X,True,False,AREA OF MINIMAL FLOOD HAZARD,True
dc_774234c34888,200 South Virginia - Reno,NV,39.522999,-119.811358,contains,0.0,40,2566057.0,17319.3,17319.23,37.89,Government,,1412121600000.0,X,True,False,AREA OF MINIMAL FLOOD HAZARD,True
dc_810fb2f8aacf,"CoreSite - Washington,DC (DC2)",DC,38.903404,-77.031169,contains,0.0,25,16010967.0,58145.0,58142.91,36.17,Commercial,1099 14TH STREET NORTHWEST,1348531200000.0,X,True,False,AREA OF MINIMAL FLOOD HAZARD,True
dc_5809c849162d,CoreSite - Los Angeles (LA3),CA,34.058703,-118.235929,nearest,19.274459262120768,18,14645058.0,96193.6,96193.51,22.86,Assembly,,1350432000000.0,X,True,False,AREA OF MINIMAL FLOOD HAZARD,True
dc_6c962e9b59d5,SecureData 365,OH,40.832529,-81.431933,contains,0.0,12,1632648.0,18276.4,18576.03,,Commercial,4726 HILLS DALES ROAD NORTHWEST,1525046400000.0,X,True,False,AREA OF MINIMAL FLOOD HAZARD,
dc_f0eb87bf240c,DNSnetworks IDC4,FL,25.776033,-80.193092,nearest,0.7010647328960676,19,30407427.0,162425.1,162424.5,21.25,Education,36 NE 2 ST,1392508800000.0,X,True,False,AREA OF MINIMAL FLOOD HAZARD,True
dc_3485d6a6a465,Globenet Boca Raton CLS,FL,26.344915,-80.08815,contains,0.0,35,8319165.0,16821.9,18120.44,,Commercial,500 S DIXIE HWY,1534896000000.0,X,True,False,AREA OF MINIMAL FLOOD HAZARD,
dc_861ef818508f,AISO Data Center,CA,33.74821,-117.152165,contains,0.0,43,6095824.0,6284.7,6619.451,,Residential,,1534204800000.0,X,True,False,AREA OF MINIMAL FLOOD HAZARD,
dc_c7c6e35626c1,Connect Des Moines,IA,41.58568,-93.6254,nearest,7.505073665506858,7,7048353.0,2712553.5,2710566.0,27.37,Residential,601 GRAND AVENUE,1248652800000.0,X,True,False,AREA OF MINIMAL FLOOD HAZARD,True
dc_a2905edeca9d,Tonaquint Data Center - Boise ID,ID,43.60801,-116.310153,contains,0.0,14,3058498.0,47073.9,47073.88,5.2,Commercial,,1362787200000.0,X,True,False,AREA OF MINIMAL FLOOD HAZARD,False
dc_0f72f668a2e1,T5@Cleveland,OH,41.442224,-81.801833,contains,0.0,14,9576914.0,237985.0,237984.8,9.36,Commercial,4100 WEST 150 STREET,1282003200000.0,X,True,False,AREA OF MINIMAL FLOOD HAZARD,False
dc_7085de572f71,T5@Cincinnati,OH,39.10585,-84.536559,nearest,0.06269401423719595,19,10454887.0,91181.2,91181.14,7.79,Industrial,,1425168000000.0,X,True,False,AREA WITH REDUCED FLOOD RISK DUE TO LEVEE,False
dc_88f0f2bd808e,T5@Minneapolis,MN,44.971526,-93.270339,contains,0.0,16,11068538.0,94203.2,94128.95,28.26,Commercial,327 10TH STREET SOUTH,1335744000000.0,X,True,False,AREA OF MINIMAL FLOOD HAZARD,True
dc_1afe434bec86,AceHost Tampa,FL,27.948986,-82.457025,contains,0.0,31,31392996.0,18993.3,18993.23,40.8,Commercial,412 E MADISON ST,1340668800000.0,X,True,False,AREA OF MINIMAL FLOOD HAZARD,True
dc_64fcb38e770e,Alpha Technologies DC1,WV,38.353059,-81.696117,contains,0.0,5,7020151.0,44075.7,44044.47,11.04,Education,,1237334400000.0,X,True,False,AREA OF MINIMAL FLOOD HAZARD,False
dc_5c4333eac436,Direct LTx Reading,PA,40.38115,-75.98237,nearest,6.0203310873962295,4,6010599.0,96861.2,97102.56,,Government,,1445212800000.0,X,True,False,AREA OF MINIMAL FLOOD HAZARD,
dc_45aede10d770,Lincoln Rackhouse Atlanta,GA,33.92663,-84.326708,contains,0.0,39,17424939.0,46582.2,46582.11,9.12,Commercial,,1351209600000.0,X,True,False,AREA OF MINIMAL FLOOD HAZARD,False
dc_854a45524688,Victory Technology Center,NY,42.82679,-78.82128,contains,0.0,77,8120484.0,97565.5,97563.55,16.39,Residential,,1427846400000.0,X,True,False,AREA OF MINIMAL FLOOD HAZARD,True
dc_2b2238a314f7,Heartland Technology Data Center,IA,42.471271,-92.054083,nearest,76.04473822265889,6,113720.0,8576.4,8570.775,,Commercial,1241 12TH STREET,1473638400000.0,X,True,False,AREA OF MINIMAL FLOOD HAZARD,
dc_7d30ac8ea42e,365 Data Centers New Jersey (NJ1),NJ,40.58144,-74.573881,contains,0.0,2,1245441.0,30284.7,29397.45,,Residential,,1508371200000.0,X,True,False,AREA OF MINIMAL FLOOD HAZARD,
dc_e1f13594b03c,LCOG Park Place,OR,44.05041,-123.092659,contains,0.0,27,1079376.0,23423.4,23404.76,,Commercial,,1565568000000.0,X,True,False,AREA OF MINIMAL FLOOD HAZARD,
dc_bbc3c38a0286,Amarillo Petroleum Building,TX,35.205583,-101.839148,contains,0.0,30,30884428.0,14231.5,14231.53,25.5,Commercial,800 S TYLER ST,1221696000000.0,X,True,False,AREA OF MINIMAL FLOOD HAZARD,True
dc_238636144790,Bluebird Quad Cities Data Center,IA,41.550323,-90.482459,contains,0.0,30,487710.0,62845.3,62863.25,,Industrial,2701 DEVILS GLEN ROAD,1556928000000.0,X,True,False,AREA OF MINIMAL FLOOD HAZARD,
dc_f0164b700441,Beloit-NOC,KS,39.459519,-98.110625,contains,0.0,64,2919308.0,4354.2,4351.299,,Commercial,109 NORTH MILL STREET,1441756800000.0,X,True,False,AREA OF MINIMAL FLOOD HAZARD,
dc_475764483f9f,BendTel,OR,44.059999,-121.309304,nearest,3.9414248951552855,55,2204037.0,29859.8,29849.34,,Commercial,,1565827200000.0,X,True,False,AREA OF MINIMAL FLOOD HAZARD,
dc_40e076b938dd,Cloudpath CT2 (1351 Washington Blvd),CT,41.058085,-73.542936,contains,0.0,55,6000246.0,89042.4,89004.06,,Education,12 STANLEY COURT,1541289600000.0,AE,True,True,,
dc_f0c152473863,Cloudpath CT19 (5 Landmark Sq),CT,41.054701,-73.537277,contains,0.0,16,6000238.0,501373.5,501158.9,,Commercial,151 BROAD STREET,1541289600000.0,X,True,False,AREA OF MINIMAL FLOOD HAZARD,
dc_0ab33847b79e,Cogent Boca Raton,FL,26.392805,-80.109732,contains,0.0,7,36590275.0,963287.6,962703.8,,Education,5000 T REX AVE,1673913600000.0,X,True,False,AREA OF MINIMAL FLOOD HAZARD,
dc_4873817267bd,Cogent Boston,MA,42.393191,-71.255728,contains,0.0,7,89959.0,24211.3,23673.37,,Commercial,100 FIFTH AVENUE,1572739200000.0,X,True,False,AREA OF MINIMAL FLOOD HAZARD,
dc_202e0cae629a,Cogent Chicago 1,IL,41.878465,-87.634525,contains,0.0,25,34141876.0,53579.0,53578.87,63.09,Industrial,226 WEST JACKSON BOULEVARD,1321315200000.0,X,True,False,AREA OF MINIMAL FLOOD HAZARD,True
dc_3bb6faa489b4,Cogent Chicago 2,IL,41.88634,-87.63239,nearest,12.519818017056147,20,34151595.0,43292.0,43292.01,80.88,Residential,105 WEST WACKER DRIVE,1321315200000.0,X,True,False,AREA OF MINIMAL FLOOD HAZARD,True
dc_960d4026cc0b,Cogent Cleveland,OH,41.501163,-81.680516,nearest,6.088997581617908,12,9232358.0,397126.6,397126.3,22.88,Education,1901 EAST 13 STREET,1282003200000.0,X,True,False,AREA OF MINIMAL FLOOD HAZARD,True
dc_a9771e1b4483,Cogent Columbus,OH,39.968136,-82.995596,contains,0.0,23,9771417.0,103357.3,103357.2,11.87,Commercial,240 5TH STREET,1301616000000.0,X,True,False,AREA OF MINIMAL FLOOD HAZARD,False
dc_de24883d5033,Fiber Alley 8915,CA,32.82958,-117.13643,contains,0.0,34,3300545.0,35102.1,35085.06,,Industrial,,1475020800000.0,X,True,False,AREA OF MINIMAL FLOOD HAZARD,
dc_178934ce0e29,Fiber Alley 8917,CA,32.829918,-117.136428,nearest,19.127644595286938,33,3300632.0,31423.8,31726.63,,Industrial,,1475020800000.0,X,True,False,AREA OF MINIMAL FLOOD HAZARD,
dc_5c2ab3d16b4e,Lincoln Data Centers,NE,40.812034,-96.702272,contains,0.0,21,3290239.0,14440.2,14442.0,47.4,Commercial,200 SOUTH 13TH STREET,1414627200000.0,X,True,False,AREA OF MINIMAL FLOOD HAZARD,True
dc_95c9a70f2492,Binary Net Vault,NE,40.813187,-96.702525,nearest,8.59235750552111,18,3291000.0,42913.2,42918.59,8.29,Commercial,1309 O STREET,1414627200000.0,X,True,False,AREA OF MINIMAL FLOOD HAZARD,False
dc_83a22ad07c8d,Digital Realty DFW18 (1210 Integrity Dr),TX,32.96515,-96.71239,nearest,66.7830029819359,24,30129705.0,7585.9,7585.91,3.96,Commercial,,1435708800000.0,X,True,False,AREA OF MINIMAL FLOOD HAZARD,False
dc_40952e73c63b,ColoHouse New York,NY,41.034512,-73.97584,contains,0.0,12,6011872.0,167282.7,167179.4,,Commercial,1 RAMLAND ROAD,1516492800000.0,X,True,False,AREA OF MINIMAL FLOOD HAZARD,
dc_bc98d15f165a,"DartPoints North Liberty, IA",IA,41.756979,-91.596653,contains,0.0,9,248563.0,32072.9,32057.97,,Commercial,980 NORTH FRONT STREET,1524700800000.0,X,True,False,AREA OF MINIMAL FLOOD HAZARD,
dc_e357f9d3e068,Navisite Andover,MA,42.696486,-71.211131,contains,0.0,3,6004132.0,87256.3,86633.33,,Industrial,400 MINUTEMAN ROAD,1527724800000.0,X,True,False,AREA OF MINIMAL FLOOD HAZARD,
dc_2fcba60acd27,Navisite Santa Clara,CA,37.37289,-121.948022,contains,0.0,14,15735840.0,80977.5,80977.41,9.02,Unclassified,,1349049600000.0,X,True,False,AREA WITH REDUCED FLOOD RISK DUE TO LEVEE,False
dc_7f43907e8979,Sungard AS Aurora,CO,39.762718,-104.762172,contains,0.0,5,15457837.0,153040.1,153040.0,10.81,Commercial,3491 NORTH WINDSOR DRIVE,1337212800000.0,X,True,False,AREA OF MINIMAL FLOOD HAZARD,False
dc_b46c8dba016d,Sungard AS Carlstadt 777,NJ,40.828282,-74.044333,contains,0.0,13,7819985.0,261216.7,261216.5,10.76,Industrial,,1376524800000.0,AE,True,True,,False
dc_363733e77dcd,Houston Bunker,TX,30.376819,-95.669352,contains,0.0,8,20081694.0,20470.5,20466.23,,Commercial,550 CLUB DR,1456272000000.0,X,True,False,AREA OF MINIMAL FLOOD HAZARD,
dc_343ad9c70a6c,DataBank San Diego (SAN1),CA,32.988781,-117.073181,contains,0.0,12,10010439.0,196196.5,196537.7,,Industrial,,1470700800000.0,X,True,False,AREA OF MINIMAL FLOOD HAZARD,
dc_0ef9a41e7d70,DataBank McLean (IAD2),VA,38.919726,-77.214074,nearest,8.726182514326844,13,7904695.0,37934.4,37934.38,15.19,Commercial,1764 OLD MEADOW LANE,1205280000000.0,X,True,False,AREA OF MINIMAL FLOOD HAZARD,True
dc_b86253ab50d7,DataBank Atlanta (ATL3),GA,33.7346,-84.42592,nearest,22.476921309521472,53,17173675.0,69729.3,69729.17,7.54,Industrial,,1351209600000.0,X,True,False,AREA OF MINIMAL FLOOD HAZARD,False
dc_060cddee4ce7,DataBank Chicago (ORD2),IL,41.870906,-87.640153,contains,0.0,25,34135754.0,56570.2,56570.2,32.79,Commercial,840 SOUTH CANAL STREET,1321315200000.0,X,True,False,AREA OF MINIMAL FLOOD HAZARD,True
dc_caccd08596b9,DataBank Chicago (ORD4),IL,41.854051,-87.920916,contains,0.0,18,35183751.0,152406.4,152406.2,8.52,Commercial,1808 SWIFT DRIVE,1321315200000.0,X,True,False,AREA OF MINIMAL FLOOD HAZARD,False
dc_bb40d67d2a9d,DataBank Denver (DEN3),CO,39.745594,-104.995046,nearest,10.425303967157516,22,15415339.0,49936.8,49936.71,16.32,Commercial,820 16TH STREET,1337212800000.0,X,True,False,AREA OF MINIMAL FLOOD HAZARD,True
dc_21da59088359,DataBank Denver (DEN4),CO,39.884552,-105.080128,contains,0.0,15,15627788.0,27750.5,27750.53,6.44,Industrial,7579 WEST 103RD AVENUE,1337212800000.0,X,True,False,AREA OF MINIMAL FLOOD HAZARD,False
dc_aeb91bfc3b8f,DataBank Dallas (DFW7),TX,32.922798,-96.791315,contains,0.0,33,29800034.0,50704.9,50704.86,11.45,Commercial,6606 L B J FREEWAY,1435708800000.0,X,True,False,AREA OF MINIMAL FLOOD HAZARD,False
dc_517844b7b7df,DataBank Austin (AUS1),TX,30.436238,-97.765814,contains,0.0,53,35805976.0,13114.3,13108.42,,Residential,7212 MC NEIL DR,1512086400000.0,X,True,False,AREA OF MINIMAL FLOOD HAZARD,
dc_6303da2ff06f,DataBank Waco (ACT1),TX,31.55495,-97.13324,contains,0.0,32,34882049.0,61045.0,61043.43,,Commercial,700 AUSTIN AVE,1659657600000.0,X,True,False,AREA OF MINIMAL FLOOD HAZARD,
dc_25e74ffcb872,DataBank Kansas City (MCI3),KS,38.924668,-94.77027,nearest,14.576065981187524,9,578440.0,44347.0,44337.27,,Commercial,,1587427200000.0,X,True,False,AREA OF MINIMAL FLOOD HAZARD,
dc_08280b0c240d,DataBank Minneapolis (MSP4),MN,44.971408,-93.25458,contains,0.0,17,11071597.0,88316.9,88247.18,12.7,Commercial,511 11TH AVENUE SOUTH,1335744000000.0,X,True,False,AREA OF MINIMAL FLOOD HAZARD,True
dc_aaaa51bde60b,DataBank Indianapolis (IND1),IN,39.759833,-86.171235,nearest,3.97644368301434,15,18072313.0,31824.2,31824.13,12.49,Industrial,600 KENTUCKY AVENUE,1314230400000.0,X,True,False,AREA OF MINIMAL FLOOD HAZARD,True
dc_1aa9d4da8c08,DataBank Indianapolis (IND2),IN,39.760096,-86.170486,contains,0.0,16,18072747.0,49336.1,49336.08,9.08,Industrial,550 KENTUCKY AVENUE,1314230400000.0,X,True,False,AREA OF MINIMAL FLOOD HAZARD,False
dc_84fb51e4e530,DataBank Irvine (SNA2),CA,33.687905,-117.842407,contains,0.0,17,13709040.0,86696.7,86696.69,6.84,Industrial,,1350432000000.0,X,True,False,AREA OF MINIMAL FLOOD HAZARD,False
dc_436d369c718f,DataBank Phoenix (PHX1),AZ,33.484087,-112.073845,nearest,31.588601588174786,20,11026050.0,19502.6,19502.59,52.5,Industrial,3101 NORTH CENTRAL AVENUE,1412467200000.0,X,True,False,0.2 PCT ANNUAL CHANCE FLOOD HAZARD,True
dc_6537da35d0c5,DataBank Phoenix (PHX2),AZ,33.454431,-111.975724,contains,0.0,20,11649208.0,504268.8,504268.4,12.13,Commercial,615 NORTH 48TH STREET,1412467200000.0,X,True,False,0.2 PCT ANNUAL CHANCE FLOOD HAZARD,True
dc_d120fdecb5fc,DataBank Phoenix (PHX3),AZ,33.273916,-111.885259,contains,0.0,52,11419485.0,615.1,615.082,2.77,Commercial,2121 SOUTH PRICE ROAD,1412467200000.0,X,True,False,0.2 PCT ANNUAL CHANCE FLOOD HAZARD,False
dc_1b3a98a4d46b,DataBank Salt Lake City (SLC4),UT,40.481315,-111.90496,contains,0.0,12,3384207.0,40523.4,40496.9,,Commercial,14864 SOUTH PONY EXPRESS ROAD,1566086400000.0,X,True,False,AREA OF MINIMAL FLOOD HAZARD,
dc_b8718fb1cf84,DataBank Salt Lake City (SLC5),UT,40.480867,-111.904275,contains,0.0,9,13000532.0,74895.0,74845.84,,Commercial,14850 SOUTH PONY EXPRESS ROAD,1566086400000.0,X,True,False,AREA OF MINIMAL FLOOD HAZARD,
dc_7fde5e00e88d,ACW Winter Haven,FL,28.024126,-81.728175,contains,0.0,36,35135970.0,42544.8,42516.08,,Residential,199 NW AVENUE B 3 3,1699142400000.0,X,True,False,AREA OF MINIMAL FLOOD HAZARD,
dc_cb548352378e,ScaleMatrix San Diego Data Center US-West 01,CA,32.837729,-117.132639,contains,0.0,25,3304203.0,69709.4,70166.91,,Commercial,,1475020800000.0,X,True,False,AREA OF MINIMAL FLOOD HAZARD,
dc_68e03ee6464c,ScaleMatrix Dallas Data Center US-South 01,TX,33.138618,-96.657387,nearest,45.06418395372989,5,31616095.0,33905.6,33918.39,,Commercial,820 ALLEN COMMERCE PARKWAY,1654992000000.0,X,True,False,AREA OF MINIMAL FLOOD HAZARD,
dc_256bfc3771cd,ScaleMatrix Seattle Data Center US-West 02,WA,47.15545,-122.280196,nearest,1.224117312824544,9,4879170.0,31058.6,31036.05,,Commercial,,1565740800000.0,X,True,False,AREA OF MINIMAL FLOOD HAZARD,
dc_83a5ba62b6b4,ScaleMatrix Jacksonville Data Center US-South 02,FL,30.216445,-81.582092,contains,0.0,13,22105354.0,130089.4,129035.4,,Utility and Misc,8324 BAYMEADOWS WAY,1490140800000.0,X,True,False,AREA OF MINIMAL FLOOD HAZARD,
dc_5221dcc60ba1,DataBridge Sites Aurora,IL,41.772203,-88.217055,contains,0.0,6,32005729.0,78053.2,78843.18,,Industrial,,1462406400000.0,X,True,False,AREA OF MINIMAL FLOOD HAZARD,
dc_1e07f06c96b1,BluBroadband Shell Ave,FL,30.411196,-86.612424,contains,0.0,49,33038180.0,2442.6,2458.208,,Industrial,14 SHELL AVE,1580688000000.0,X,True,False,AREA OF MINIMAL FLOOD HAZARD,
dc_1f1b1571370c,TierPoint Bethlehem,PA,40.670346,-75.37493,contains,0.0,4,8174767.0,99408.6,99408.48,6.75,Commercial,,1415059200000.0,X,True,False,AREA OF MINIMAL FLOOD HAZARD,False
dc_5eb44db8e6ca,TierPoint Boston - Marlborough,MA,42.312902,-71.579257,contains,0.0,4,6001963.0,192535.0,193921.9,,Industrial,34 SAINT MARTIN DRIVE,1570233600000.0,X,True,False,AREA OF MINIMAL FLOOD HAZARD,
dc_4b7a393d65ed,TierPoint St. Louis – Millpark,MO,38.698612,-90.411954,contains,0.0,6,11597067.0,57313.7,57313.63,4.83,Commercial,2318 MILLPARK,1352419200000.0,X,True,False,AREA OF MINIMAL FLOOD HAZARD,False
dc_b2841d717095,Golden West Rapid City Skyline Facility,SD,44.047645,-103.244187,nearest,1.6118113793003888,4,444262.0,3099.6,3098.667,,Commercial,,1528416000000.0,X,True,False,AREA OF MINIMAL FLOOD HAZARD,
dc_1e8ff92390a0,CENTRA RNO01 - Reno Nevada (200 S. Virginia),NV,39.522999,-119.811358,contains,0.0,40,2566057.0,17319.3,17319.23,37.89,Government,,1412121600000.0,X,True,False,AREA OF MINIMAL FLOOD HAZARD,True
dc_19d78aae92b7,LightEdge Kansas City Cavern (KCI2),KS,38.95187,-94.789552,none,,0,,,,,,,,X,True,False,AREA OF MINIMAL FLOOD HAZARD,
dc_692764cc56b5,Equinix CH7 - Westmont,IL,41.812598,-87.972834,contains,0.0,12,35156183.0,48024.2,48024.14,6.1,Industrial,111 PLAZA DRIVE,1321315200000.0,X,True,False,AREA OF MINIMAL FLOOD HAZARD,False
dc_0ae77cd8da7f,H5 Data Centers Cincinnati II,OH,39.105851,-84.53657,contains,0.0,19,10454887.0,91181.2,91181.14,7.79,Industrial,,1425168000000.0,X,True,False,AREA WITH REDUCED FLOOD RISK DUE TO LEVEE,False
dc_5b24108b6e9d,Cologix ASH1,VA,39.019135,-77.457738,contains,0.0,9,7873311.0,139034.4,139034.3,9.02,Education,21673 BEAUMEADE CIRCLE,1205280000000.0,X,True,False,AREA OF MINIMAL FLOOD HAZARD,False
dc_29f5ae089013,Peak Internet,OR,44.559445,-123.275141,nearest,0.15080391941461574,28,1387525.0,28734.7,28712.04,,Education,,1564272000000.0,X,True,False,AREA OF MINIMAL FLOOD HAZARD,
dc_8d2c754efaf1,Ridgeview Minnetonka,MN,44.97197,-93.436798,contains,0.0,9,11039630.0,19729.2,19714.01,9.14,Commercial,12400 WAYZATA BOULEVARD,1335744000000.0,X,True,False,AREA OF MINIMAL FLOOD HAZARD,False
dc_fbdab8d6b048,713 Nebraska,IA,42.498104,-96.403951,contains,0.0,39,3713034.0,41390.1,41403.35,,Commercial,518 8TH STREET,1531267200000.0,X,True,False,AREA OF MINIMAL FLOOD HAZARD,
dc_7c6fefec1f6e,Equinix DA11 - Dallas,TX,32.801347,-96.821074,contains,0.0,11,36655204.0,69340.8,69356.48,,Commercial,1990 NORTH STEMMONS FREEWAY,1673654400000.0,X,True,False,AREA WITH REDUCED FLOOD RISK DUE TO LEVEE,
dc_afab297ce101,EdgeConneX New Orleans (EDCSLI01),LA,30.287098,-89.737403,contains,0.0,19,3944093.0,33955.4,34811.19,,Unclassified,,1510876800000.0,,False,,,
dc_9449ac8454ad,"CENTRA PWM1 - Portland, Maine (340 Cumberland)",ME,43.657708,-70.261781,nearest,1.9759523590086077,80,272357.0,10620.4,10614.6,,Industrial,340 CUMBERLAND AVENUE,1490486400000.0,X,True,False,AREA OF MINIMAL FLOOD HAZARD,
dc_43484bcf3562,Sungard AS Thornton,CO,39.84749,-104.98069,contains,0.0,24,15584850.0,386491.1,386490.7,9.55,Commercial,500 EAST 84TH AVENUE,1337212800000.0,X,True,False,AREA OF MINIMAL FLOOD HAZARD,False
dc_f11fcbc90179,MDC Nogales,AZ,31.335472,-110.943007,nearest,11.540686502582,121,11965499.0,2685.1,2685.119,4.43,Residential,115 NORTH SONOITA AVENUE,1167609600000.0,X,True,False,AREA OF MINIMAL FLOOD HAZARD,False
dc_573a60c3563b,T5@SiliconValley,CA,37.50998,-122.00116,contains,0.0,16,15903744.0,131328.2,131328.1,6.51,Industrial,,1349049600000.0,X,True,False,0.2 PCT ANNUAL CHANCE FLOOD HAZARD,False
dc_3933c406bf5d,T5@Portland,OR,45.555268,-122.940007,none,,0,,,,,,,,X,True,False,AREA OF MINIMAL FLOOD HAZARD,
dc_4df3eadcb5ae,T5@Charlotte,NC,35.250449,-81.395098,contains,0.0,3,4484625.0,150928.3,150213.3,,Industrial,131 RIVERSIDE COURT,1511913600000.0,X,True,False,AREA OF MINIMAL FLOOD HAZARD,
dc_5ae368e148c6,T5@Atlanta,GA,33.76344,-84.60484,nearest,147.96648389288347,2,4556439.0,59179.9,58678.89,,Industrial,,1543363200000.0,X,True,False,AREA OF MINIMAL FLOOD HAZARD,
dc_0440ca675a9b,T5@Augusta,GA,33.438755,-82.157946,nearest,0.5570300370630226,1,51322128.0,578.8,581.2433,,Government,,1705708800000.0,X,True,False,AREA OF MINIMAL FLOOD HAZARD,
dc_2664bd7e8ca0,DC Host Sheridan,WY,44.784169,-106.940957,contains,0.0,38,3337676.0,7616.5,7614.796,,Commercial,,1530144000000.0,X,True,False,AREA OF MINIMAL FLOOD HAZARD,
dc_5148f9e54a98,EXA Datacenter New York,NY,40.717729,-74.008306,contains,0.0,25,7730764.0,63885.5,63845.47,69.18,Commercial,60 HUDSON STREET,1376524800000.0,X,True,False,AREA OF MINIMAL FLOOD HAZARD,True
dc_944ea7a6b67d,Lumen Tulsa 1,OK,36.15682,-95.993421,contains,0.0,22,7110047.0,55877.4,55877.34,10.2,Unclassified,,1222992000000.0,X,True,False,AREA OF MINIMAL FLOOD HAZARD,False
dc_853509ea17b3,Foremost Dallas,TX,32.933377,-96.808683,contains,0.0,101,29886456.0,16413.6,16413.64,36.8,Commercial,5757 ALPHA ROAD,1435708800000.0,X,True,False,AREA OF MINIMAL FLOOD HAZARD,True
dc_f6ebe4e52512,Foremost Corpus Christi,TX,27.795751,-97.397393,nearest,7.375633825246476,14,28710428.0,28173.0,28172.98,18.1,Commercial,,1312502400000.0,X,True,False,AREA OF MINIMAL FLOOD HAZARD,True
dc_8369073e1b95,Foremost San Antonio,TX,29.42938,-98.487309,nearest,9.021557662443739,31,28793409.0,39025.2,39025.14,10.63,Commercial,301 BROADWAY,1351728000000.0,X,True,False,AREA OF MINIMAL FLOOD HAZARD,False
dc_1621122fb560,Foremost Harlingen,TX,26.192979,-97.690638,nearest,3.941934292660962,76,7227218.0,12102.5,12008.17,,Commercial,513 E JACKSON AVE,1588377600000.0,X,True,False,AREA OF MINIMAL FLOOD HAZARD,
dc_53e829a00936,Spin Servers DAL1,TX,32.783697,-96.79467,contains,0.0,5,29799666.0,39811.4,39811.39,18.63,Commercial,2020 LIVE OAK ST,1435708800000.0,X,True,False,AREA OF MINIMAL FLOOD HAZARD,True
dc_f5141a487f0e,AUBix Auburn,AL,32.600874,-85.513055,contains,0.0,11,15073847.0,44807.0,44792.62,,Unclassified,,1698796800000.0,X,True,False,AREA OF MINIMAL FLOOD HAZARD,
dc_bf02966eb419,RagingWire CH1 - NTT,IL,41.988567,-88.01368,nearest,27.851128135906606,18,34580935.0,4184.1,4184.105,9.04,Residential,401 PIERCE ROAD,1321315200000.0,X,True,False,AREA OF MINIMAL FLOOD HAZARD,False
dc_ca7d33cf6c31,Segra Kannapolis,NC,35.50515,-80.62272,contains,0.0,24,52579282.0,51813.7,51773.71,,Industrial,465 CHARLES BABBAGE LANE,1642896000000.0,X,True,False,AREA OF MINIMAL FLOOD HAZARD,
dc_e8eb1c059cb6,CENTRA CMH01 - Columbus Ohio (180 E Broad),OH,39.962785,-82.996184,nearest,22.799293496466564,26,9765568.0,36355.1,36355.08,22.04,Assembly,100 BROAD STREET,1301616000000.0,X,True,False,AREA OF MINIMAL FLOOD HAZARD,True
dc_47dd6e6f269c,BluegrassNet Louisville,KY,38.241182,-85.74932,contains,0.0,51,14253192.0,11502.3,11496.54,3.57,Residential,321 E BRECKINRIDGE STREET,1309910400000.0,X,True,False,AREA OF MINIMAL FLOOD HAZARD,False
dc_a5c5c40f19a1,"ark data centers - Boise, ID",ID,43.579984,-116.290797,contains,0.0,12,377764.0,32658.3,32679.91,,Industrial,,1533340800000.0,X,True,False,0.2 PCT ANNUAL CHANCE FLOOD HAZARD,
dc_6fa5cb317f61,"ark data centers - Cleveland, OH",OH,41.361157,-81.632535,nearest,85.51556742338227,7,4004149.0,27578.4,28382.12,,Commercial,7100 EAST PLEASANT VALLEY ROAD,1464566400000.0,X,True,False,AREA OF MINIMAL FLOOD HAZARD,
dc_936035203d1f,421 N 6th Ave East,MN,46.795464,-92.095399,nearest,30.535185042635497,46,5852381.0,2309.1,2307.524,,Residential,601 EAST 4TH STREET,1553126400000.0,X,True,False,AREA OF MINIMAL FLOOD HAZARD,
dc_a4e4cd6244d3,"ark data centers - Canton,OH",OH,40.832529,-81.431933,contains,0.0,12,1632648.0,18276.4,18576.03,,Commercial,4726 HILLS DALES ROAD NORTHWEST,1525046400000.0,X,True,False,AREA OF MINIMAL FLOOD HAZARD,
dc_0140af52d0df,"ark data centers - Youngstown, OH",OH,41.11832,-80.657012,contains,0.0,82,9045897.0,20609.6,20609.59,4.24,Commercial,1343 BELMONT AVENUE,1221091200000.0,X,True,False,AREA OF MINIMAL FLOOD HAZARD,False
dc_3b664e26d6e9,"ark data centers - Pittsburgh, PA",PA,40.752216,-79.637268,nearest,114.45827173862418,3,6002710.0,27093.2,28068.88,,Industrial,,1424995200000.0,X,True,False,AREA OF MINIMAL FLOOD HAZARD,
dc_e744de60a17b,US Signal MN01 - Minneapolis,MN,44.877094,-93.407686,contains,0.0,8,11606613.0,40881.8,40850.1,7.51,Industrial,10246 WEST 70TH STREET,1335744000000.0,X,True,False,AREA OF MINIMAL FLOOD HAZARD,False
dc_75d783969484,US Signal WI02 - Madison,WI,42.994734,-89.423274,contains,0.0,5,4269460.0,50724.2,50732.33,,Commercial,,1465948800000.0,X,True,False,AREA OF MINIMAL FLOOD HAZARD,
dc_d647f52dca93,US Signal IA01 - Des Moines,IA,41.620242,-93.853996,nearest,4.668213662564066,18,1079409.0,14992.5,14982.36,,Industrial,390 NORTHEAST ALICES ROAD,1565654400000.0,X,True,False,AREA OF MINIMAL FLOOD HAZARD,
dc_8bf50b2ebca9,US Signal AZ01 - Phoenix,AZ,33.355173,-111.826816,contains,0.0,27,4260735.0,15833.3,15634.64,,Industrial,1655 WEST SUNRISE BOULEVARD,1507507200000.0,X,True,False,0.2 PCT ANNUAL CHANCE FLOOD HAZARD,
dc_4126490726b2,EdgeConneX Chicago (EDCCHI02),IL,42.001364,-87.952626,contains,0.0,14,34586326.0,65844.5,65844.44,8.17,Industrial,2021 LUNT AVENUE,1321315200000.0,X,True,False,AREA OF MINIMAL FLOOD HAZARD,False
dc_2ce078333a5c,Cogent New Orleans,LA,29.949305,-90.070038,nearest,5.789882771558155,28,10198849.0,50070.8,50070.64,60.6,Commercial,,1343865600000.0,X,True,False,AREA WITH REDUCED FLOOD RISK DUE TO LEVEE,True
dc_9edcf95c820e,Digital Realty CHI (9333 Grand Ave),IL,41.926884,-87.859119,contains,0.0,7,34545731.0,269672.3,269672.2,11.1,Industrial,9333 GRAND AVENUE,1321315200000.0,X,True,False,AREA OF MINIMAL FLOOD HAZARD,False
dc_4ad3f9c6b136,Digital Realty CHI (9355 Grand Ave),IL,41.927658,-87.859333,contains,0.0,5,34545731.0,269672.3,269672.2,11.1,Industrial,9333 GRAND AVENUE,1321315200000.0,X,True,False,AREA OF MINIMAL FLOOD HAZARD,False
dc_7d5258421dfa,Digital Realty CHI (9377 Grand Ave),IL,41.928621,-87.85877,contains,0.0,15,34546781.0,101785.6,101785.5,10.47,Industrial,9377 GRAND AVENUE,1321315200000.0,X,True,False,AREA OF MINIMAL FLOOD HAZARD,False
dc_c73e00e9ed81,Equinix AT4 - Atlanta,GA,33.895445,-84.453611,contains,0.0,17,17390944.0,47134.2,47134.1,15.53,Commercial,,1351209600000.0,X,True,False,AREA OF MINIMAL FLOOD HAZARD,True
dc_d9001f9c6c9e,EdgeCore Phoenix,AZ,33.34404,-111.61957,none,,0,,,,,,,,D,True,False,,
dc_3f9dc02dbec2,tzulo Chicago,IL,41.876203,-87.631496,contains,0.0,26,34139019.0,37120.7,37120.71,39.43,Commercial,119 WEST VAN BUREN STREET,1321315200000.0,X,True,False,AREA OF MINIMAL FLOOD HAZARD,True
dc_1a05036564f4,SD / Comsat Southbury Ground Station,CT,41.451602,-73.28939,contains,0.0,5,121191.0,12085.1,12081.49,,Commercial,2120 RIVER ROAD,1552435200000.0,X,True,False,AREA OF MINIMAL FLOOD HAZARD,
dc_54b3ef0880ca,SD / Comsat Santa Paula Ground Station,CA,34.41322,-119.07955,nearest,194.60853666788307,1,7682083.0,1252.5,1324.056,,Agriculture,,1533686400000.0,X,True,False,AREA OF MINIMAL FLOOD HAZARD,
dc_8dc8a503fc76,HostDime Orlando Tier IV Data Center,FL,28.614463,-81.385657,contains,0.0,8,35981325.0,34598.8,34572.29,,Unclassified,1 INNOVATIVE PL,1665187200000.0,X,True,False,AREA OF MINIMAL FLOOD HAZARD,
dc_fc76d047a367,Sunbreak Electronics,OR,45.261026,-122.676541,contains,0.0,32,3024979.0,9897.1,9889.329,,Residential,,1539820800000.0,X,True,False,AREA OF MINIMAL FLOOD HAZARD,
dc_b90db17c93d0,Scott Data Center Omaha,NE,41.242916,-96.016491,contains,0.0,9,3127065.0,82009.4,82070.03,4.93,Government,6801 PINE STREET,1366848000000.0,AE,True,True,,False
dc_e0c953c40206,Aligned Ashburn (IAD-02),VA,39.010562,-77.475185,nearest,78.77546414230954,4,7872165.0,97858.1,97857.98,9.15,Commercial,,1205280000000.0,X,True,False,AREA OF MINIMAL FLOOD HAZARD,False
dc_ab342699d6b9,Aligned Chicago (ORD-01),IL,41.913464,-87.91876,contains,0.0,4,34533644.0,467030.1,467029.8,9.36,Industrial,,1321315200000.0,X,True,False,AREA OF MINIMAL FLOOD HAZARD,False
dc_39ff79a5b283,Aligned Chicago (ORD-02),IL,41.913464,-87.91876,contains,0.0,4,34533644.0,467030.1,467029.8,9.36,Industrial,,1321315200000.0,X,True,False,AREA OF MINIMAL FLOOD HAZARD,False
dc_ca6a6b6b42c4,Connect Cedar Valley,IA,42.473322,-92.458275,nearest,56.9283689919873,7,1803741.0,13261.7,13251.69,,Commercial,1205 TECHNOLOGY PARKWAY,1426291200000.0,X,True,False,AREA OF MINIMAL FLOOD HAZARD,
dc_43204ca86890,Digital Fortress (PNJ),NJ,40.544144,-74.496592,contains,0.0,11,6009063.0,109854.7,109607.5,,Unclassified,201 CENTENNIAL AVENUE,1508371200000.0,X,True,False,AREA OF MINIMAL FLOOD HAZARD,
dc_a8a368db33bb,Quad State Internet PAH1 Colocation,KY,37.09402,-88.634104,nearest,3.2218076269298814,54,4579236.0,4649.3,4647.989,,Residential,,1436659200000.0,X,True,False,AREA OF MINIMAL FLOOD HAZARD,
dc_c04730ac0683,SFN MN-Rochester,MN,44.02129,-92.462938,nearest,8.296612813102524,17,6500408.0,147858.3,147746.8,,Industrial,,1551571200000.0,X,True,False,AREA OF MINIMAL FLOOD HAZARD,
dc_50c707acf444,SFN IL-Peoria,IL,40.738991,-89.584721,contains,0.0,93,11837913.0,4152.0,4096.054,,Commercial,4236 NORTH NEW YORK AVENUE,1390953600000.0,,False,,,
dc_9e16cf902bb8,Aureon Minneapolis,MN,44.971408,-93.25458,contains,0.0,17,11071597.0,88316.9,88247.18,12.7,Commercial,511 11TH AVENUE SOUTH,1335744000000.0,X,True,False,AREA OF MINIMAL FLOOD HAZARD,True
dc_61f104ef7e31,Aureon West Des Moines,IA,41.59778,-93.7352,contains,0.0,20,7055604.0,16747.1,16735.28,6.75,Commercial,1661 22ND STREET,1248652800000.0,X,True,False,AREA OF MINIMAL FLOOD HAZARD,False
dc_b3248b7dd787,LSVL-CTC1,CO,39.965362,-105.124453,contains,0.0,12,15704778.0,19604.2,19604.24,7.14,Commercial,382 SOUTH ARTHUR AVENUE,1337212800000.0,X,True,False,AREA OF MINIMAL FLOOD HAZARD,False
dc_69c4af3b8176,Midco Sioux Falls,SD,43.4976,-96.78582,nearest,7.061163434231821,8,1807715.0,19416.3,19416.07,,Commercial,5300 SOUTH BROADBAND LANE,1410825600000.0,X,True,False,AREA OF MINIMAL FLOOD HAZARD,
dc_c3798aab7f27,Midco Yankton,SD,42.892031,-97.416548,contains,0.0,4,45542.0,6232.7,6230.264,,Commercial,,1567468800000.0,X,True,False,0.2 PCT ANNUAL CHANCE FLOOD HAZARD,
dc_0e9430d2bb67,Midco Fargo,ND,46.836551,-96.865917,nearest,19.78919077812191,11,404566.0,906.7,906.5222,,Unclassified,4624 28TH AVENUE SOUTH,1504656000000.0,X,True,False,0.2 PCT ANNUAL CHANCE FLOOD HAZARD,
dc_6396a9188b64,Midco Grand Forks,ND,47.902115,-97.090307,nearest,121.06685043828325,3,168225.0,4962.7,4961.159,,Commercial,,1540857600000.0,X,True,False,AREA WITH REDUCED FLOOD RISK DUE TO LEVEE,
dc_3f21766275d1,Cogent La Mirada,CA,33.8799,-118.0281,contains,0.0,19,13510282.0,20723.7,20723.73,17.07,Commercial,,1350432000000.0,X,True,False,AREA OF MINIMAL FLOOD HAZARD,True
dc_fed86730d8eb,Ethoplex Data Center,WI,43.227892,-88.146745,contains,0.0,19,10394500.0,13801.7,13793.64,4.43,Commercial,,1351900800000.0,X,True,False,AREA OF MINIMAL FLOOD HAZARD,False
dc_a525f7501d71,DataBank Minneapolis (MSP3),MN,45.14381,-93.38704,nearest,116.02596324590465,2,9266568.0,185239.4,185095.6,,Industrial,10301 XYLON AVENUE NORTH,1534291200000.0,X,True,False,AREA OF MINIMAL FLOOD HAZARD,
dc_144eb7f40153,SFN IA-Urbana,IA,42.246422,-91.886635,nearest,6.284689700717477,8,85477.0,2721.2,2719.551,,Residential,,1542240000000.0,X,True,False,AREA OF MINIMAL FLOOD HAZARD,
dc_f8f4d74a1bbf,Hemlock Plaza,OR,42.051179,-124.28091,contains,0.0,107,1590159.0,5639.9,5636.911,,Commercial,,1556668800000.0,X,True,False,AREA OF MINIMAL FLOOD HAZARD,
dc_357eb5a927a6,STRATA Vernal Data Center,UT,40.456615,-109.528963,contains,0.0,48,10279873.0,13488.1,13482.5,,Unclassified,67 NORTH VERNAL AVENUE,1504396800000.0,X,True,False,AREA OF MINIMAL FLOOD HAZARD,
dc_12e6a6edf5fb,MDC San Diego,CA,32.594192,-117.085384,contains,0.0,28,17912595.0,15526.1,15526.13,4.76,Industrial,,1167609600000.0,AE,True,True,,False
dc_1c6b983e109a,Router12 - Brick and Tile,IA,43.151758,-93.199317,nearest,0.024882605419224397,27,3148735.0,19118.1,19102.88,,Commercial,7 SOUTH DELAWARE AVENUE,1490659200000.0,X,True,False,AREA OF MINIMAL FLOOD HAZARD,
dc_1950c37b6b09,Flexential - Atlanta/Douglasville (ATL5),GA,33.731164,-84.615714,none,,0,,,,,,,,X,True,False,AREA OF MINIMAL FLOOD HAZARD,
dc_5316b4c0a16e,Flexential - Portland/Hillsboro 3 (PDX03),OR,45.55945,-122.93761,nearest,112.35352311847366,2,3644123.0,2078.4,2076.764,,Residential,,1564790400000.0,X,True,False,AREA OF MINIMAL FLOOD HAZARD,
dc_25cab7b22101,Flexential - Portland/Hillsboro 4 (PDX04),OR,45.555183,-122.939056,nearest,142.83278368740287,3,3642606.0,3629.0,3626.111,,Residential,,1564790400000.0,X,True,False,AREA OF MINIMAL FLOOD HAZARD,
dc_ef12919892c5,Venyu BTR1,LA,30.45319,-91.11625,contains,0.0,10,10335260.0,792312.5,792309.4,7.6,Government,7127 FLORIDA BOULEVARD,1314489600000.0,X,True,False,AREA OF MINIMAL FLOOD HAZARD,False
dc_0d852c0bbe7c,Otava Metro Detroit,MI,42.331172,-83.419408,contains,0.0,31,2366820.0,24702.5,24706.87,,Industrial,,1538179200000.0,X,True,False,AREA OF MINIMAL FLOOD HAZARD,
dc_ece45f669ead,C Spire Mississippi,MS,33.470581,-88.791097,contains,0.0,9,12214730.0,25523.6,25520.53,,Education,,1636848000000.0,X,True,False,AREA OF MINIMAL FLOOD HAZARD,
dc_854b5acb373f,Crown Castle Philadelphia (1309 Noble),PA,39.96024,-75.15992,contains,0.0,44,7867592.0,51611.6,51611.58,28.55,Commercial,,1348012800000.0,X,True,False,AREA OF MINIMAL FLOOD HAZARD,True
dc_3129f2c900a6,Crown Castle White Plains (360 Hamilton),NY,41.034507,-73.76668,nearest,10.334665756699781,20,6011879.0,141707.8,141631.9,,Residential,440 HAMILTON AVENUE,1549411200000.0,X,True,False,AREA OF MINIMAL FLOOD HAZARD,
dc_1c50ce7c72a5,EdgeCore Silicon Valley,CA,37.38369,-121.965336,nearest,26.874564384722355,12,15756268.0,129395.5,129395.3,11.37,Industrial,,1349049600000.0,X,True,False,AREA WITH REDUCED FLOOD RISK DUE TO LEVEE,False
dc_be0ed008ea39,EdgeCore VA1,VA,39.021724,-77.414111,contains,0.0,26,7947665.0,5727.1,5727.086,4.2,Residential,45865 MARIES ROAD,1205280000000.0,X,True,False,AREA OF MINIMAL FLOOD HAZARD,False
dc_cea813043db3,EdgeCore VA2,VA,38.994747,-77.444362,contains,0.0,5,7870441.0,150177.6,150177.5,8.16,Commercial,22445 SOUS VIDE LANE,1205280000000.0,X,True,False,AREA OF MINIMAL FLOOD HAZARD,False
dc_2a818be79374,EdgeCore Reno 1,NV,39.524415,-119.481812,none,,0,,,,,,,,X,True,False,AREA OF MINIMAL FLOOD HAZARD,
dc_e529dbcff544,Ethoplex Edge DC - Green Bay,WI,44.428051,-88.050196,nearest,42.51771186518061,44,278974.0,2721.3,2719.564,,Residential,,1500076800000.0,X,True,False,AREA OF MINIMAL FLOOD HAZARD,
dc_9979cc01880f,Ethoplex Edge DC - Fond du Lac,WI,43.833878,-88.494331,nearest,51.41031702747513,4,4668025.0,8393.2,8389.446,,Commercial,,1521158400000.0,X,True,False,AREA OF MINIMAL FLOOD HAZARD,
dc_12ee8967fb3b,901 Commerce Dr,WI,44.632611,-90.168593,contains,0.0,2,1806296.0,18600.3,18608.45,,Commercial,,1533427200000.0,X,True,False,AREA OF MINIMAL FLOOD HAZARD,
dc_a544254c915e,Lumen Jacksonville,FL,30.271996,-81.623873,contains,0.0,22,31790935.0,24378.9,24378.79,6.1,Utility and Misc,4814 PHILIPS HWY,1267660800000.0,X,True,False,AREA OF MINIMAL FLOOD HAZARD,False
dc_598350b62d6f,Lumen Portland,OR,45.531671,-122.68496,contains,0.0,24,8150119.0,19952.6,19936.95,10.3,Industrial,,1285027200000.0,X,True,False,AREA OF MINIMAL FLOOD HAZARD,False
dc_f49fd2c20dca,Lumen Pittsburgh,PA,40.425388,-79.970352,contains,0.0,138,7475843.0,15396.5,15396.46,5.87,Industrial,,1312502400000.0,X,True,False,AREA OF MINIMAL FLOOD HAZARD,False
dc_a39b4630d4f6,Crown Castle Manchester (1 Sundial Ave),NH,42.972613,-71.469472,nearest,1.324775707957753,13,75082.0,106520.2,106541.3,,Education,,1569110400000.0,X,True,False,AREA OF MINIMAL FLOOD HAZARD,
dc_29cc8119d959,VELCO Rutland,VT,43.660147,-72.992651,contains,0.0,11,220970.0,9379.8,9378.385,,Commercial,366 PINNACLE RIDGE ROAD,1490832000000.0,X,True,False,AREA OF MINIMAL FLOOD HAZARD,
dc_6480c6df7d40,Energynet Datacenter,KY,36.847841,-87.465157,contains,0.0,18,8460368.0,37476.0,37447.66,,Unclassified,1820 EAST 9TH STREET,1502236800000.0,X,True,False,AREA OF MINIMAL FLOOD HAZARD,
dc_6704477657fe,Lost River Data Center,KY,36.962312,-86.470939,contains,0.0,10,6580283.0,307260.2,307031.3,,Commercial,,1431475200000.0,X,True,False,AREA OF MINIMAL FLOOD HAZARD,
dc_9b2065354392,Atomic Data MSP250,MN,44.980707,-93.267331,nearest,4.504675029519444,13,11086737.0,76510.1,76449.73,43.72,Government,250 MARQUETTE AVENUE,1335744000000.0,X,True,False,AREA OF MINIMAL FLOOD HAZARD,True
dc_a8482afc8543,Russellvile EPB Smartnet,KY,36.846023,-86.88624,contains,0.0,61,6494887.0,15307.7,15295.54,,Commercial,165 EAST 4TH STREET,1411603200000.0,X,True,False,AREA OF MINIMAL FLOOD HAZARD,
dc_ab2a3e5edefd,"DartPoints Baton Rouge, LA - BTR1",LA,30.453521,-91.115584,nearest,8.13953963378034,4,10335260.0,792312.5,792309.4,7.6,Government,7127 FLORIDA BOULEVARD,1314489600000.0,X,True,False,AREA OF MINIMAL FLOOD HAZARD,False
dc_f800adc8ba21,H5 Data Centers San Luis Obispo,CA,35.255773,-120.640747,contains,0.0,29,4022374.0,26115.6,26633.44,,Industrial,,1440201600000.0,X,True,False,AREA OF MINIMAL FLOOD HAZARD,
dc_0710358899ef,QTS Phoenix (PHX2),AZ,33.462368,-111.995794,nearest,83.00730461082685,47,11003397.0,7072.6,7072.573,6.35,Commercial,1225 NORTH 40TH STREET,1412467200000.0,X,True,False,0.2 PCT ANNUAL CHANCE FLOOD HAZARD,False
dc_028c228e5604,Lumen West Haven,CT,41.289812,-72.970174,contains,0.0,44,7286147.0,2105.9,2105.77,3.07,Commercial,2 HORTON PLACE,1346198400000.0,X,True,False,AREA OF MINIMAL FLOOD HAZARD,False
dc_0e25227f34f6,Lumen New Haven,CT,41.299793,-72.925887,nearest,10.679380195592254,27,7299633.0,14575.7,14574.89,39.38,Government,54 MEADOW STREET,1346198400000.0,X,True,False,0.2 PCT ANNUAL CHANCE FLOOD HAZARD,True
dc_feec39d1d16e,Lumen Hartford,CT,41.745091,-72.665146,contains,0.0,22,7195515.0,15688.9,15690.86,6.3,Commercial,155 LOCUST STREET,1345939200000.0,X,True,False,AREA WITH REDUCED FLOOD RISK DUE TO LEVEE,False
dc_74861ceae290,Lumen Stamford,CT,41.049146,-73.530484,contains,0.0,26,885987.0,59377.8,59352.58,,Industrial,,1541289600000.0,X,True,False,AREA WITH REDUCED FLOOD RISK DUE TO LEVEE,
dc_f7aa8ddc2fe1,Lumen New London,CT,41.347035,-72.102643,contains,0.0,75,6000882.0,41162.5,41189.1,,Commercial,3 SHAWS COVE,1518480000000.0,X,True,False,AREA OF MINIMAL FLOOD HAZARD,
dc_d17cb43dd5eb,Crown Castle Stamford,CT,41.058085,-73.542936,contains,0.0,55,6000246.0,89042.4,89004.06,,Education,12 STANLEY COURT,1541289600000.0,AE,True,True,,
dc_8cbc3d5fc5e2,Mountain West Technologies - Casper,WY,42.849554,-106.326238,contains,0.0,37,4103548.0,19376.5,19366.64,,Commercial,143 SOUTH DAVID STREET,1598572800000.0,X,True,False,0.2 PCT ANNUAL CHANCE FLOOD HAZARD,
dc_1a41b0f928bf,Mountain West Technologies - Cheyenne,WY,41.175834,-104.82786,contains,0.0,41,19029328.0,58684.2,58637.57,14.7,Government,6101 YELLOWSTONE ROAD,1234310400000.0,X,True,False,AREA OF MINIMAL FLOOD HAZARD,True
dc_88ac7ff70b25,Microtronix Datacenter Ottoville,OH,40.929554,-84.341921,contains,0.0,80,4611213.0,10544.1,11069.33,,Government,349 WAYNE STREET,1491523200000.0,X,True,False,AREA OF MINIMAL FLOOD HAZARD,
dc_f5cff530e954,SKYLINK DATA CENTERS,FL,26.167743,-81.799835,contains,0.0,42,32415329.0,9218.2,9212.208,,Commercial,801 ORCHID DR,1664582400000.0,X,True,False,0.2 PCT ANNUAL CHANCE FLOOD HAZARD IN COASTAL ZONE,
dc_e0cef7344f80,FIBERSTATE Salt Lake City (SLC1),UT,40.511814,-111.887967,nearest,20.055850134414154,44,3405483.0,10687.5,10680.49,,Industrial,106 EAST 13200 SOUTH,1566086400000.0,X,True,False,AREA OF MINIMAL FLOOD HAZARD,
dc_0924876c0c0b,ColoradoColo - Lakewood (LKWD),CO,39.728305,-105.122436,contains,0.0,9,15387133.0,102767.1,102767.0,6.33,Industrial,11100 WEST 8TH AVENUE,1337212800000.0,X,True,False,AREA OF MINIMAL FLOOD HAZARD,False
dc_238000347c5c,Peace Communications CHA1,TN,35.03746,-85.293181,nearest,2.203169456123979,35,3317922.0,10089.2,10087.16,,Commercial,1100 EAST 11TH STREET,1456617600000.0,X,True,False,AREA OF MINIMAL FLOOD HAZARD,
dc_aefac21a1874,Peace Communications  HSV1,AL,34.699841,-86.593493,contains,0.0,45,14033710.0,8080.0,8080.038,6.58,Commercial,,1234051200000.0,,False,,,False
dc_3531ad1a510c,Midwest Energy & Communications,MI,41.919049,-85.973476,contains,0.0,6,5235309.0,87509.1,87454.73,,Unclassified,,1522886400000.0,X,True,False,AREA OF MINIMAL FLOOD HAZARD,
dc_e8c73d76dcdd,Mainstream Little Rock,AR,34.744517,-92.274148,nearest,12.410384204588379,28,11037368.0,18417.3,18417.23,6.2,Unclassified,325 WEST CAPITOL AVENUE,1206489600000.0,X,True,False,AREA OF MINIMAL FLOOD HAZARD,False
dc_e213d4585248,CloudOgre,NC,35.299848,-82.160867,contains,0.0,24,3622296.0,18453.3,18303.87,,Education,156 SCHOOL ROAD,1518048000000.0,X,True,False,AREA OF MINIMAL FLOOD HAZARD,
dc_a24c2e20f526,DC BLOX GSP1 - DCBLOX Greenville,SC,34.806553,-82.345891,nearest,151.33085400122556,3,51199704.0,306365.7,306234.3,,Education,,1591056000000.0,X,True,False,AREA OF MINIMAL FLOOD HAZARD,
dc_2e2a707c7ddf,SMRWORXA - Somerset West Central Office,OR,45.546391,-122.866777,contains,0.0,62,3638055.0,11216.9,11207.91,,Unclassified,,1564790400000.0,X,True,False,AREA OF MINIMAL FLOOD HAZARD,
dc_6b5eadf13d33,HLBOORXH - Hawthorne Central Office,OR,45.551374,-122.937143,contains,0.0,4,3640897.0,1633.1,1631.751,,Unclassified,,1564790400000.0,X,True,False,AREA OF MINIMAL FLOOD HAZARD,
dc_0829ecd70434,BVTNORXB - Beaverton Central Office,OR,45.490268,-122.811289,contains,0.0,32,8078545.0,47384.6,47346.93,6.48,Unclassified,,1285027200000.0,X,True,False,AREA OF MINIMAL FLOOD HAZARD,False
dc_92b8c227e4e0,GRHMORXB - Gresham Central Office,OR,45.510976,-122.431743,nearest,7.8905107572315885,76,725336.0,22564.7,22547.75,,Unclassified,,1564099200000.0,X,True,False,AREA OF MINIMAL FLOOD HAZARD,
dc_3b69dbc4e5a5,TGRDORXA - Tigard Central Office,OR,45.42558,-122.768572,nearest,23.87007262049281,16,135146.0,21707.8,21690.64,,Unclassified,,1564790400000.0,X,True,False,AREA OF MINIMAL FLOOD HAZARD,
dc_4ff73b39cdde,KNWCWAXA - Kennewick Central Office,WA,46.212947,-119.187198,contains,0.0,42,3428373.0,34682.1,34678.63,,Commercial,,1530403200000.0,,False,,,
dc_7293ff46ee7f,EVRTWAXA - Everett Primary Central Office,WA,47.921151,-122.226913,contains,0.0,55,2696035.0,28831.6,28810.93,,Commercial,,1565740800000.0,X,True,False,AREA OF MINIMAL FLOOD HAZARD,
dc_6986fb479925,BOTHWAXB - Bothell Central Office,WA,47.79089,-122.20212,contains,0.0,17,4220491.0,20980.4,20965.43,,Commercial,,1565740800000.0,X,True,False,AREA OF MINIMAL FLOOD HAZARD,
dc_d0390cf0ea12,CRALIDXX - Coeur d'Alene Central Office,ID,47.696497,-116.787537,nearest,0.533967859708822,30,1910161.0,34871.1,35267.03,,Commercial,,1498176000000.0,X,True,False,AREA OF MINIMAL FLOOD HAZARD,
dc_ee9c5e566c3c,Data Holdings Milwaukee,WI,43.04373,-87.95378,contains,0.0,83,10210502.0,23944.2,23928.58,10.52,Commercial,,1351900800000.0,X,True,False,AREA OF MINIMAL FLOOD HAZARD,False
dc_8164f23d355e,CoreSite - Miami (MI2),FL,25.793318,-80.333581,contains,0.0,12,30420189.0,108401.3,108401.0,8.85,Government,2100 NW 84 AVE,1392508800000.0,X,True,False,AREA OF MINIMAL FLOOD HAZARD,False
dc_fb81ab777b05,DC BLOX MYR1 - DCBLOX Myrtle Beach,SC,33.674657,-78.943365,none,,0,,,,,,,,X,True,False,AREA OF MINIMAL FLOOD HAZARD,
dc_a9fcf2df567d,GigeNET CHI3,IL,42.040442,-87.976151,contains,0.0,13,34608607.0,113410.0,113409.9,6.83,Industrial,545 EAST ALGONQUIN ROAD,1321315200000.0,X,True,False,AREA OF MINIMAL FLOOD HAZARD,False
dc_ee959c9118c2,Bonnie Lane,NC,35.350076,-83.208476,contains,0.0,17,50961522.0,8435.6,8437.204,,Unclassified,35 BONNIE LANE,1573257600000.0,X,True,False,AREA OF MINIMAL FLOOD HAZARD,
dc_72f573fd7650,ProRacks Datacenter- Kansas City,MO,39.104854,-94.568004,contains,0.0,55,11234409.0,20574.8,20574.73,5.01,Industrial,709 FOREST AVENUE,1329609600000.0,X,True,False,AREA OF MINIMAL FLOOD HAZARD,False
dc_909716436a45,"aspStation, Inc.",PA,40.46531,-79.946682,contains,0.0,192,7522639.0,5726.2,5726.169,11.87,Commercial,,1312502400000.0,X,True,False,AREA OF MINIMAL FLOOD HAZARD,False
dc_afc2c4cb9950,TierPoint Dallas Forth Worth,TX,32.979657,-97.252306,contains,0.0,4,31062788.0,97096.5,97096.35,11.4,Commercial,13701 INDEPENDENCE PKWY,1241136000000.0,X,True,False,AREA OF MINIMAL FLOOD HAZARD,False
dc_22c92b609884,SecureNet DC1,WV,38.366184,-81.694798,nearest,16.420554291526095,149,7031550.0,25375.8,25357.81,5.68,Government,,1237334400000.0,X,True,False,0.2 PCT ANNUAL CHANCE FLOOD HAZARD,False
dc_613b9e440a52,Cologix COL4,OH,40.118438,-82.999997,nearest,82.3528127850177,36,284883.0,20373.8,20214.23,,Commercial,7545 ALTA VIEW BOULEVARD,1546646400000.0,X,True,False,AREA OF MINIMAL FLOOD HAZARD,
dc_882a55829541,Lightboard ★ Vermont,VT,44.45,-73.1446,contains,0.0,2,6000728.0,272358.4,272286.6,,Commercial,530 COMMUNITY DRIVE,1528416000000.0,X,True,False,AREA OF MINIMAL FLOOD HAZARD,
dc_770feb7b2cec,Carrier Core - Tampa,FL,27.949592,-82.458713,nearest,4.878281281184472,32,31393716.0,42298.5,42298.27,41.2,Industrial,655 N FRANKLIN ST,1340668800000.0,X,True,False,AREA OF MINIMAL FLOOD HAZARD,True
dc_c312286353c3,Midcon Recovery Solutions B3 Data Center,OK,35.61718,-97.572301,contains,0.0,9,7507535.0,58941.8,58941.76,4.92,Commercial,,1375142400000.0,X,True,False,AREA OF MINIMAL FLOOD HAZARD,False
dc_09baa6be34aa,US Signal - Grand Rapids South,MI,42.825329,-85.672664,nearest,46.16122988787094,11,217743.0,25346.2,25333.24,,Commercial,,1552003200000.0,X,True,False,AREA OF MINIMAL FLOOD HAZARD,
dc_668ad699c3a5,Raeden Michigan 1,MI,42.32854,-83.053799,contains,0.0,23,14577360.0,80131.0,80123.41,17.64,Industrial,,1430438400000.0,X,True,False,AREA OF MINIMAL FLOOD HAZARD,True
dc_ed562b27f502,RC Solutions,VA,39.0152,-77.458733,nearest,9.729462678654121,16,7872679.0,60507.4,60507.3,8.62,Commercial,21731 FILIGREE COURT,1205280000000.0,X,True,False,AREA OF MINIMAL FLOOD HAZARD,False
dc_347a9c97b46e,Encore Technologies NOR1,OH,39.160536,-84.44869,contains,0.0,28,10304360.0,49613.2,49613.07,14.72,Commercial,,1425168000000.0,X,True,False,AREA OF MINIMAL FLOOD HAZARD,True
dc_0be7ca6fbfc0,Encore Technologies BLU1,OH,39.277612,-84.36949,contains,0.0,16,10419101.0,47860.7,47860.7,9.37,Unclassified,,1425168000000.0,X,True,False,AREA OF MINIMAL FLOOD HAZARD,False
dc_97babf80923b,Encore Technologies MSB1,OH,39.6163,-84.2293,contains,0.0,10,6002920.0,101206.8,102116.5,,Commercial,9333 SPRINGBORO PIKE,1414281600000.0,X,True,False,AREA OF MINIMAL FLOOD HAZARD,
dc_8a72989b8621,ELN02,ND,46.012816,-98.569881,none,,0,,,,,,,,X,True,False,AREA OF MINIMAL FLOOD HAZARD,
dc_dfa68b7343d1,RC-Facility,VA,39.008455,-77.467576,nearest,20.774694702516122,3,50990386.0,587139.7,587329.5,,Commercial,44274 ROUND TABLE PLAZA,1710374400000.0,X,True,False,AREA OF MINIMAL FLOOD HAZARD,
dc_518cb525fd88,Cologix DSM2,IA,42.473929,-92.458325,nearest,25.307263225972115,8,1803741.0,13261.7,13251.69,,Commercial,1205 TECHNOLOGY PARKWAY,1426291200000.0,X,True,False,AREA OF MINIMAL FLOOD HAZARD,
dc_a79d487eebc7,Cologix DSM1,IA,41.58568,-93.6254,nearest,7.505073665506858,7,7048353.0,2712553.5,2710566.0,27.37,Residential,601 GRAND AVENUE,1248652800000.0,X,True,False,AREA OF MINIMAL FLOOD HAZARD,True
dc_1bb1bc07eea0,Cologix MIN5,MN,44.971408,-93.25458,contains,0.0,17,11071597.0,88316.9,88247.18,12.7,Commercial,511 11TH AVENUE SOUTH,1335744000000.0,X,True,False,AREA OF MINIMAL FLOOD HAZARD,True
dc_63db379fd314,Netrality Kansas City Metro – KC2 | 7801 Nieman,KS,38.986502,-94.712431,contains,0.0,8,628029.0,133458.3,133423.7,,Commercial,,1587427200000.0,X,True,False,AREA OF MINIMAL FLOOD HAZARD,
dc_cebfa79ec447,South Spencer Aureon hut,IA,43.112257,-95.120631,contains,0.0,15,2736611.0,989.0,988.9279,,Unclassified,,1508198400000.0,X,True,False,AREA OF MINIMAL FLOOD HAZARD,
dc_80a8e001435c,CoreSite - Santa Clara (SV9),CA,37.37564,-121.96975,contains,0.0,13,15739848.0,51658.0,51658.01,4.63,Industrial,,1349049600000.0,X,True,False,0.2 PCT ANNUAL CHANCE FLOOD HAZARD,False
dc_927b5df60a78,Lightboard ★ New England,MA,42.109522,-72.576306,nearest,0.6615076825866057,25,7398976.0,204171.1,204170.9,9.52,Education,65 LINCOLN STREET,1346112000000.0,X,True,False,AREA OF MINIMAL FLOOD HAZARD,False
dc_e9670855b833,EXA CLS Lynn,MA,42.45957,-70.960773,contains,0.0,138,726056.0,12808.7,13574.97,,Industrial,91 COMMERCIAL STREET,1544486400000.0,X,True,False,AREA OF MINIMAL FLOOD HAZARD,
dc_cdd309693dd3,Dataverge Jersey City,NJ,40.726366,-74.033696,contains,0.0,15,7634111.0,33789.8,33789.77,58.83,Commercial,111 TOWN SQUARE PLACE,1376524800000.0,AE,True,True,,True
dc_dae84e0a643c,Lake Region Technology & Communications,OK,35.931102,-95.134992,contains,0.0,10,4261802.0,15491.5,15772.88,,Unclassified,,1451779200000.0,X,True,False,AREA OF MINIMAL FLOOD HAZARD,
dc_edee31226499,Metanet New York Data Center CHELSEA,NY,40.743446,-74.00734,nearest,9.695768306067963,17,7732154.0,330995.7,330788.3,28.25,Commercial,448 WEST 16 STREET,1376524800000.0,X,True,False,0.2 PCT ANNUAL CHANCE FLOOD HAZARD,True
dc_19e8b4001ea2,Metanet New York Data Center Staten Island,NY,40.6072,-74.17271,contains,0.0,11,7699462.0,94211.7,94147.63,10.94,Commercial,10 TELEPORT DRIVE,1376524800000.0,X,True,False,AREA OF MINIMAL FLOOD HAZARD,False
dc_afb5c6969c03,Metanet New York Data Center GOOGLEPLEX,NY,40.741491,-74.003389,contains,0.0,25,7732059.0,166489.6,166385.5,62.74,Industrial,76 9 AVENUE,1376524800000.0,X,True,False,AREA OF MINIMAL FLOOD HAZARD,True
dc_f30128395268,Interphase Data Center New York I,NY,40.741469,-74.003387,contains,0.0,25,7732059.0,166489.6,166385.5,62.74,Industrial,76 9 AVENUE,1376524800000.0,X,True,False,AREA OF MINIMAL FLOOD HAZARD,True
dc_267ac84b2d36,"ark data centers - Green Bay, WI",WI,44.2045,-88.3444,nearest,2.0847680890734304,1,113383.0,37252.6,37233.38,,Industrial,,1536710400000.0,X,True,False,AREA OF MINIMAL FLOOD HAZARD,
dc_e8fdaabd81bd,Interphase Data Center New York II,NY,40.74331,-74.007932,contains,0.0,14,7732154.0,330995.7,330788.3,28.25,Commercial,448 WEST 16 STREET,1376524800000.0,X,True,False,0.2 PCT ANNUAL CHANCE FLOOD HAZARD,True
dc_ce0c5992cc9b,3HCloud - MIA-1,FL,25.776033,-80.193092,nearest,0.7010647328960676,19,30407427.0,162425.1,162424.5,21.25,Education,36 NE 2 ST,1392508800000.0,X,True,False,AREA OF MINIMAL FLOOD HAZARD,True
dc_2847d8aab868,3HCloud - MIA-2,FL,25.782755,-80.193061,contains,0.0,25,30413957.0,122568.7,122568.2,33.75,Commercial,50 NE 9 ST,1392508800000.0,X,True,False,AREA OF MINIMAL FLOOD HAZARD,True
dc_83b36b26af37,3HCloud - DFW-1,TX,32.827345,-96.873974,contains,0.0,16,30395322.0,136312.5,136312.3,8.44,Education,8435 N STEMMONS FWY,1435708800000.0,X,True,False,AREA WITH REDUCED FLOOD RISK DUE TO LEVEE,False
dc_b8be2b6536e3,3HCloud - SFO-1,CA,37.788616,-122.390816,nearest,11.309498870708008,29,16279841.0,75143.0,75142.94,22.9,Industrial,,1349049600000.0,X,True,False,AREA OF MINIMAL FLOOD HAZARD,True
dc_3dc2a5cbe072,LSTI 401 Market,OH,40.800863,-81.374423,contains,0.0,27,1612686.0,37922.0,38263.56,,Commercial,420 COURT AVENUE NORTHWEST,1525046400000.0,X,True,False,AREA OF MINIMAL FLOOD HAZARD,
dc_de01c95e56de,TierPoint St. Louis - Locust,MO,38.633537,-90.21267,contains,0.0,37,11513726.0,25357.6,25357.58,27.51,Commercial,,1352419200000.0,X,True,False,AREA OF MINIMAL FLOOD HAZARD,True
dc_097651479686,LightSpeed Hosting - Medina,OH,41.137371,-81.701097,contains,0.0,11,5304447.0,49713.1,50924.24,,Commercial,,1469491200000.0,X,True,False,AREA OF MINIMAL FLOOD HAZARD,
dc_02b8cb392dd2,Lumen Kansas City,MO,39.090638,-94.568428,contains,0.0,24,11220732.0,49810.4,49810.35,7.0,Industrial,1212 EAST 19TH STREET,1329609600000.0,X,True,False,AREA OF MINIMAL FLOOD HAZARD,False
dc_c07d6b78aa3d,Lumen San Antonio 1,TX,29.475675,-98.390801,contains,0.0,8,28887602.0,31643.5,31643.46,8.25,Commercial,5130 SERVICE CENTER DR,1351728000000.0,X,True,False,AREA OF MINIMAL FLOOD HAZARD,False
dc_8f0aa85ad64d,Cogent Detroit,MI,42.330743,-83.055773,contains,0.0,14,14580606.0,11401.8,11400.71,14.45,Commercial,,1430438400000.0,X,True,False,AREA OF MINIMAL FLOOD HAZARD,True
dc_2b8c784a19e7,Apotech,IL,42.078443,-87.915648,contains,0.0,11,34634247.0,30968.3,30968.22,5.57,Commercial,1331 BUSINESS CENTER DRIVE,1321315200000.0,X,True,False,AREA OF MINIMAL FLOOD HAZARD,False
dc_a189b6ecc607,"Atlantech Online - Rockville, MD",MD,39.064319,-77.160038,contains,0.0,29,7246404.0,48366.8,48366.74,11.32,Commercial,,1205280000000.0,X,True,False,AREA OF MINIMAL FLOOD HAZARD,False
dc_f462f5b23353,"Atlantech Online - Silver Spring, MD",MD,38.994508,-77.027147,nearest,13.739706831203328,27,7179486.0,16015.6,16015.57,36.45,Industrial,,1205280000000.0,X,True,False,AREA OF MINIMAL FLOOD HAZARD,True
dc_a288f31a82ee,East Kentucky Network Data Center,KY,37.59798,-82.68097,contains,0.0,7,1304104.0,16651.4,16647.08,,Commercial,101 TECHNOLOGY TRAILS,1523404800000.0,X,True,False,AREA OF MINIMAL FLOOD HAZARD,
dc_d988206c842d,365 Data Centers Carlstadt (NJ3),NJ,40.827949,-74.049418,contains,0.0,6,7822479.0,253110.6,253110.2,8.66,Industrial,,1376524800000.0,AE,True,True,,False
dc_2c733095b6bd,Element Critical Houston HOU1,TX,29.802918,-95.755821,contains,0.0,20,36592140.0,125980.9,126185.8,,Industrial,22002 FRANZ ROAD,1693526400000.0,X,True,False,AREA OF MINIMAL FLOOD HAZARD,
dc_a2e7abda96a4,Clackamas ESD Datacenter,OR,45.426665,-122.562821,nearest,23.863338317857277,38,137778.0,3266.0,3263.49,,Residential,,1566864000000.0,X,True,False,AREA OF MINIMAL FLOOD HAZARD,
dc_b15cee237812,"DartPoints Baton Rouge, LA - BTR2",LA,30.453521,-91.115584,nearest,8.13953963378034,4,10335260.0,792312.5,792309.4,7.6,Government,7127 FLORIDA BOULEVARD,1314489600000.0,X,True,False,AREA OF MINIMAL FLOOD HAZARD,False
dc_ada9efdb9033,Southern Telecom,GA,33.760547,-84.387636,nearest,5.797854448180621,7,17217821.0,1553498.9,1553498.0,30.27,Utility and Misc,,1351209600000.0,X,True,False,AREA OF MINIMAL FLOOD HAZARD,True
dc_8f5936e41883,70 Henry St,NY,42.100956,-75.909021,contains,0.0,32,6007577.0,95610.8,95547.61,,Commercial,42 CHENANGO STREET,1510099200000.0,,False,,,
dc_d66268183bda,"DartPoints Shreveport, LA - SHV1",LA,32.511243,-93.749806,nearest,6.133802822763344,30,10469932.0,33926.5,33926.4,15.4,Unclassified,,1222300800000.0,X,True,False,AREA OF MINIMAL FLOOD HAZARD,True
dc_cc2a38263c7a,American Tower RA1,NC,35.78812,-78.726568,contains,0.0,22,15314891.0,2809.2,2809.199,4.0,Unclassified,6011 CHAPEL HILL ROAD,1267488000000.0,X,True,False,AREA OF MINIMAL FLOOD HAZARD,False
dc_98b518cb96d4,USSHC,IA,42.284076,-91.092129,contains,0.0,2,775860.0,1582.6,1582.297,,Industrial,24254 HIGHWAY 151,1393718400000.0,X,True,False,AREA OF MINIMAL FLOOD HAZARD,
dc_6875118f0a7f,H5 Data Centers Quincy 2/3,WA,47.247916,-119.824924,contains,0.0,2,7000762.0,97757.4,97789.06,,Industrial,,1513987200000.0,X,True,False,AREA OF MINIMAL FLOOD HAZARD,
dc_be781da0ac27,H5 Data Centers Omaha,NE,41.1805,-96.0848,contains,0.0,23,3043945.0,236323.4,236482.1,12.6,Commercial,10917 HARRY WATANABE PARKWAY,1366848000000.0,X,True,False,AREA OF MINIMAL FLOOD HAZARD,True
dc_763d1075346e,H5 Data Centers Buffalo I,NY,43.169108,-78.751648,contains,0.0,1,6001431.0,246519.5,246524.9,,Industrial,5319 ENTERPRISE DRIVE,1469059200000.0,X,True,False,AREA OF MINIMAL FLOOD HAZARD,
dc_f52600c4827b,H5 Data Centers Buffalo II,NY,43.169846,-78.747693,contains,0.0,10,277470.0,124355.4,124358.5,,Industrial,5365 CROWN DRIVE,1469059200000.0,X,True,False,AREA OF MINIMAL FLOOD HAZARD,
dc_d86fdc4e8f2f,Lightboard ★ Western NY,NY,43.05044,-76.15069,nearest,4.488446355295925,22,7050123.0,29091.1,29074.09,28.06,Commercial,250 EAST WATER STREET,1218499200000.0,X,True,False,AREA OF MINIMAL FLOOD HAZARD,True
dc_9d03f9d03002,BLDR-1919,CO,40.0176,-105.2771,nearest,5.754405423442963,37,5731901.0,8462.0,8467.551,,Industrial,1401 WALNUT STREET,1594252800000.0,X,True,False,AREA OF MINIMAL FLOOD HAZARD,
dc_e61bb2d7e36b,365 Data Centers Buffalo (PA1),PA,39.962369,-75.163734,contains,0.0,31,7868955.0,137367.1,137367.0,35.99,Industrial,,1348012800000.0,X,True,False,AREA OF MINIMAL FLOOD HAZARD,True
dc_ac85fb243e38,365 Data Centers Alpharetta (GA1),GA,34.06343,-84.272727,contains,0.0,2,51467359.0,80526.5,80587.91,,Commercial,,1664236800000.0,X,True,False,AREA OF MINIMAL FLOOD HAZARD,
dc_af4daeefc3e5,365 Data Centers Aurora (CO1),CO,39.762839,-104.761931,contains,0.0,6,15457837.0,153040.1,153040.0,10.81,Commercial,3491 NORTH WINDSOR DRIVE,1337212800000.0,X,True,False,AREA OF MINIMAL FLOOD HAZARD,False
dc_3cd6e70ce3be,365 Data Centers Marlboro (MA1),MA,42.352468,-71.586082,contains,0.0,11,1674535.0,9490.7,9903.943,,Commercial,250 LOCKE DRIVE,1570233600000.0,X,True,False,AREA OF MINIMAL FLOOD HAZARD,
dc_526d50fec2b4,365 Data Centers Rancho Cordova (CA1),CA,38.596063,-121.272644,contains,0.0,12,2199526.0,70017.0,69493.41,,Industrial,,1474502400000.0,X,True,False,AREA OF MINIMAL FLOOD HAZARD,
dc_2146da00a164,365 Data Centers Richardson (TX1),TX,32.97617,-96.70732,contains,0.0,13,30184304.0,76240.4,76240.27,6.12,Commercial,5535 NORTHMOOR DR,1435708800000.0,X,True,False,AREA OF MINIMAL FLOOD HAZARD,False
dc_541552635281,365 Data Centers Smyrna (GA2),GA,33.841159,-84.522407,contains,0.0,7,17321074.0,66659.9,66659.76,10.71,Commercial,,1351209600000.0,X,True,False,AREA OF MINIMAL FLOOD HAZARD,False
dc_6868e3ad619f,Hurricane Electric San Jose 1,CA,37.33448,-121.89158,nearest,5.979474039055415,29,15648160.0,59302.9,59302.88,31.09,Utility and Misc,,1349049600000.0,D,True,False,,True
dc_d7f54557743c,Cogent Springfield MA,MA,42.112956,-72.583699,contains,0.0,52,7400719.0,14196.9,14196.84,5.43,Industrial,400 TAYLOR STREET,1346112000000.0,X,True,False,AREA OF MINIMAL FLOOD HAZARD,False
dc_e4340826cfb0,WANSEC DC16,KS,38.962363,-94.714725,contains,0.0,23,604467.0,4220.5,4219.458,,Commercial,,1587427200000.0,X,True,False,AREA OF MINIMAL FLOOD HAZARD,
dc_5af66ce7d4ef,YAKMWAFP - Wholesail Yakima,WA,46.604852,-120.493644,contains,0.0,69,5641786.0,8569.8,8570.747,,Residential,,1563926400000.0,X,True,False,AREA OF MINIMAL FLOOD HAZARD,
dc_5374f5d1551e,DCN Dakota Carrier Networks,ND,46.81286,-96.84383,contains,0.0,5,449226.0,109819.4,109804.6,,Commercial,4550 42ND STREET SOUTH,1504656000000.0,X,True,False,0.2 PCT ANNUAL CHANCE FLOOD HAZARD,
dc_9c6d4cad3022,DCN Dakota Carrier Networks Bismarck,ND,46.851773,-100.78185,contains,0.0,13,907629.0,38351.0,38337.66,,Commercial,,1568764800000.0,X,True,False,AREA OF MINIMAL FLOOD HAZARD,
dc_ecf9c3a425ee,Cogent St Louis,MO,38.621224,-90.212002,contains,0.0,55,11502311.0,7477.8,7477.813,4.18,Industrial,,1352419200000.0,X,True,False,AREA OF MINIMAL FLOOD HAZARD,False
dc_1e15142da89c,Cogent Houston,TX,29.944087,-95.416408,contains,0.0,10,37930681.0,77708.1,77875.45,,Industrial,12231 NORTH FREEWAY,1668297600000.0,X,True,False,AREA OF MINIMAL FLOOD HAZARD,
dc_ed440e2ff94b,Cogent Akron,OH,41.087427,-81.513895,contains,0.0,26,9411157.0,26930.2,26930.14,4.53,Commercial,120 NORTH BROADWAY STREET,1282003200000.0,X,True,False,AREA OF MINIMAL FLOOD HAZARD,False
dc_c4bceff97da5,Cogent Atlanta 2,GA,33.722413,-84.412569,contains,0.0,47,17154994.0,29908.8,29908.74,6.9,Commercial,,1351209600000.0,X,True,False,AREA OF MINIMAL FLOOD HAZARD,False
dc_d0177d80704c,Cogent Austin,TX,30.20925,-97.69795,contains,0.0,4,31046247.0,261075.0,261074.4,10.2,Commercial,7301 METRO CENTER DR,1311292800000.0,X,True,False,AREA OF MINIMAL FLOOD HAZARD,False
dc_ccac73fc88ed,Cogent Elkridge,MD,39.203469,-76.712389,contains,0.0,8,7653749.0,35112.0,35111.93,7.25,Industrial,6050 RACE ROAD,1347494400000.0,X,True,False,AREA OF MINIMAL FLOOD HAZARD,False
dc_42b486a76993,Cogent Billings,MT,45.740895,-108.591913,nearest,80.67250298410801,8,2336047.0,5356.4,5356.749,,Commercial,2940 HESPER ROAD,1531872000000.0,X,True,False,AREA OF MINIMAL FLOOD HAZARD,
dc_f60ee055de0c,Cogent Buffalo,NY,42.881232,-78.846588,contains,0.0,95,8159115.0,565.2,565.1562,8.88,Commercial,249 BRISTOL STREET,1427846400000.0,X,True,False,AREA OF MINIMAL FLOOD HAZARD,False
dc_d42b2dbe3bc5,Cogent Charlotte,NC,35.222095,-80.836971,nearest,10.75874754151539,24,5040379.0,791.8,689.5478,,Unclassified,,1539907200000.0,X,True,False,AREA OF MINIMAL FLOOD HAZARD,
dc_9c3dfd2fd93c,Cogent Charlotte 2,NC,35.221028,-80.858282,contains,0.0,30,15099702.0,14334.2,14334.17,5.3,Commercial,1320 SOUTH MINT STREET,1328745600000.0,X,True,False,AREA OF MINIMAL FLOOD HAZARD,False
dc_06e384882ecc,Cogent Cheyenne,WY,41.127922,-104.811619,contains,0.0,63,19008729.0,19874.4,19858.61,5.86,Unclassified,114 WEST 10TH STREET,1234310400000.0,X,True,False,AREA OF MINIMAL FLOOD HAZARD,False
dc_67de210cb17a,Cogent Chicago 3,IL,41.819974,-87.728896,contains,0.0,10,34957591.0,37897.5,37897.45,5.72,Industrial,4200 WEST 40TH STREET,1321315200000.0,X,True,False,AREA OF MINIMAL FLOOD HAZARD,False
dc_445b318d96ef,Cogent Cleveland 2,OH,41.484768,-81.674771,contains,0.0,4,9637027.0,5578.6,5578.566,5.03,Industrial,2650 ROCKEFELLER AVENUE,1282003200000.0,X,True,False,AREA OF MINIMAL FLOOD HAZARD,False
dc_6ae6c7cea56c,Cogent Columbus 2,OH,39.974016,-82.998627,contains,0.0,7,9776381.0,4776.5,4776.54,4.13,Commercial,161 GOODALE STREET,1301616000000.0,X,True,False,AREA OF MINIMAL FLOOD HAZARD,False
dc_3a88e754c921,QTS Charlotte (CTL1),SC,35.034691,-81.104514,nearest,146.79942966234847,1,50735047.0,5386.9,5382.617,,Government,2159 HANDS MILL HIGHWAY,1573430400000.0,X,True,False,AREA OF MINIMAL FLOOD HAZARD,
dc_80b3c168cede,QTS Richmond - (RIC5),VA,37.502016,-77.260573,nearest,119.68420837904215,3,51080098.0,484.3,484.3807,,Government,5201 TECHNOLOGY BOULEVARD,1644537600000.0,X,True,False,AREA OF MINIMAL FLOOD HAZARD,
dc_9a32e70d572f,Databank Orangeburg (LGA3),NY,41.040063,-73.989975,contains,0.0,12,2568088.0,3644.9,3642.585,,Commercial,2000 CORPORATE DRIVE,1516492800000.0,X,True,False,AREA OF MINIMAL FLOOD HAZARD,
dc_51c0ad902c40,Databank Houston West (HOU3),TX,29.84406,-95.560354,contains,0.0,3,37838774.0,303573.0,304157.6,,Industrial,5300 WEST SAM HOUSTON PARKWAY NORTH,1573344000000.0,X,True,False,AREA OF MINIMAL FLOOD HAZARD,
dc_c673c48513b5,Rochester Colo,NY,43.049271,-77.466584,contains,0.0,11,2762274.0,18769.7,18773.31,,Industrial,1100 PITTSFORD VICTOR ROAD,1564704000000.0,X,True,False,AREA OF MINIMAL FLOOD HAZARD,
dc_b71e10f0b551,AceHost Durham,NC,35.895741,-78.849173,nearest,6.087929555069031,15,9900787.0,14584.9,15171.44,,Commercial,4518 SOUTH MIAMI BOULEVARD,1510790400000.0,X,True,False,AREA OF MINIMAL FLOOD HAZARD,
dc_db4d5ab5de2e,QTD2 - 60 Hudson Street 1602,NY,40.717729,-74.008306,contains,0.0,25,7730764.0,63885.5,63845.47,69.18,Commercial,60 HUDSON STREET,1376524800000.0,X,True,False,AREA OF MINIMAL FLOOD HAZARD,True
dc_25599351716f,QTD1 - 60 Hudson Street 1510,NY,40.717729,-74.008306,contains,0.0,25,7730764.0,63885.5,63845.47,69.18,Commercial,60 HUDSON STREET,1376524800000.0,X,True,False,AREA OF MINIMAL FLOOD HAZARD,True
dc_3c4b4aee9b7e,QTD3 - 60 Hudson Street 1901,NY,40.717729,-74.008306,contains,0.0,25,7730764.0,63885.5,63845.47,69.18,Commercial,60 HUDSON STREET,1376524800000.0,X,True,False,AREA OF MINIMAL FLOOD HAZARD,True
dc_948284a799d6,Cogent Fairfax,SC,32.963731,-81.236142,contains,0.0,43,50897834.0,20341.7,20325.61,,Commercial,,1667347200000.0,X,True,False,AREA OF MINIMAL FLOOD HAZARD,
dc_079b9dd52c7e,CyberLynk MKE1,WI,42.862661,-87.982784,contains,0.0,7,4078934.0,84872.0,84817.56,,Industrial,,1559260800000.0,X,True,False,AREA OF MINIMAL FLOOD HAZARD,
dc_0bc4b8b71abf,Quad State Internet METRO1 Colocation,IL,37.152339,-88.732521,nearest,9.632895446868238,60,25187178.0,6528.4,6157.884,,Commercial,522 MARKET STREET,1436659200000.0,,False,,,
dc_df9ba61f4853,Hub Express System,MA,42.375817,-71.080788,nearest,31.344874879454796,11,7203346.0,76363.5,76363.37,6.72,Commercial,121 INNER BELT ROAD,1242864000000.0,X,True,False,AREA OF MINIMAL FLOOD HAZARD,False
dc_818cc8a2f8fc,"Equinix NY3 - New York, Secaucus",NJ,40.775204,-74.068019,nearest,1.1458806930008645,9,7721280.0,272943.0,272942.7,12.01,Utility and Misc,,1376524800000.0,AE,True,True,,True
dc_64ee76a3c9a6,1GServers Data Center,AZ,33.396473,-112.000223,contains,0.0,37,11547418.0,15817.9,15817.85,6.39,Commercial,3719 EAST LA SALLE STREET,1412467200000.0,X,True,False,0.2 PCT ANNUAL CHANCE FLOOD HAZARD,False
dc_32982197477b,Ligonier CO,IN,41.462171,-85.587923,contains,0.0,112,8687739.0,16621.7,16654.13,,Commercial,414 SOUTH CAVIN STREET,1447200000000.0,X,True,False,AREA OF MINIMAL FLOOD HAZARD,
dc_806246663f94,Lagrange CO,IN,41.640794,-85.426453,nearest,1.550579270574269,37,6695344.0,8508.1,8561.053,,Commercial,513 WEST CENTRAL AVENUE,1447200000000.0,X,True,False,AREA OF MINIMAL FLOOD HAZARD,
dc_dffc745c288e,MCTX1,TX,26.201918,-98.231633,contains,0.0,34,30760357.0,88508.1,88507.97,15.3,Commercial,200 S 10TH ST,1208390400000.0,,False,,,True
dc_b7238ef1801a,Omega CT1,CT,41.091604,-73.516758,contains,0.0,54,903544.0,33885.2,33871.01,,Industrial,26 FAHEY STREET,1541289600000.0,X,True,False,AREA OF MINIMAL FLOOD HAZARD,
dc_d263fd05759c,Omega PA1,PA,40.341233,-76.005374,contains,0.0,9,3509399.0,15503.0,15873.08,,Industrial,,1479427200000.0,X,True,False,AREA OF MINIMAL FLOOD HAZARD,
dc_a110d272ec8d,Rochelle Technology Center,IL,41.9406,-89.0337,contains,0.0,2,19740965.0,14555.3,14404.54,,Unclassified,,1546560000000.0,X,True,False,AREA OF MINIMAL FLOOD HAZARD,
dc_3fa98b8aaba6,Lifeline Ft Wayne,IN,41.014028,-85.109976,contains,0.0,21,18431173.0,118072.1,118072.0,6.06,Commercial,7601 SOUTH ANTHONY BOULEVARD,1430438400000.0,X,True,False,AREA OF MINIMAL FLOOD HAZARD,False
dc_0c28c42b4cce,LCUB Data Center,TN,35.84105,-84.26553,contains,0.0,6,7719216.0,160967.6,161081.0,,Government,7698 CREEKWOOD PARK BOULEVARD,1542412800000.0,X,True,False,AREA OF MINIMAL FLOOD HAZARD,
dc_058f35b988cf,375 Pearl Street,NY,40.7109,-74.0012,contains,0.0,16,7730444.0,80891.6,80841.05,73.53,Education,411 PEARL STREET,1376524800000.0,X,True,False,AREA OF MINIMAL FLOOD HAZARD,True
dc_b035b25ea4f6,Pittsburgh Supercomputing Center,PA,40.445566,-79.949326,contains,0.0,69,7496979.0,20647.5,20647.5,16.76,Education,,1312502400000.0,X,True,False,AREA OF MINIMAL FLOOD HAZARD,True
dc_ac781566b7d6,Utah Data Center,UT,40.43153,-111.933092,nearest,13.066123243544252,8,6159605.0,3562.5,3560.155,,Government,,1566086400000.0,X,True,False,AREA OF MINIMAL FLOOD HAZARD,
dc_485eed312522,Bryant Building,MO,39.100947,-94.580944,nearest,7.686478471041416,16,11230219.0,41925.7,41925.64,43.28,Commercial,1116 GRAND BOULEVARD,1329609600000.0,X,True,False,AREA OF MINIMAL FLOOD HAZARD,True
dc_6089ed0d5f26,San Diego Supercomputer Center,CA,32.884042,-117.239332,contains,0.0,36,5811018.0,23093.4,22631.42,,Education,,1475020800000.0,X,True,False,AREA OF MINIMAL FLOOD HAZARD,
dc_a33abfa67825,Computational Center for Nanotechnology Innovations,NY,42.6805,-73.6973,contains,0.0,9,7286443.0,41751.4,41729.62,6.87,Commercial,405 JORDAN ROAD,1347321600000.0,,False,,,False
dc_25ebcc8c51a4,Massachusetts Green High Performance Computing Center,MA,42.202625,-72.607606,contains,0.0,23,7453937.0,49152.3,49152.18,13.26,Education,100 BIGELOW STREET,1346112000000.0,X,True,False,AREA OF MINIMAL FLOOD HAZARD,True
dc_58f71a0cfadd,Hyperion,LA,32.477149,-91.632333,none,,0,,,,,,,,X,True,False,AREA WITH REDUCED FLOOD RISK DUE TO LEVEE,
