facility_id,name,state,latitude,longitude,building_match,building_dist_m,search_radius_m,n_buildings_in_radius,largest_nearby_sqft,largest_nearby_dist_m,largest_nearby_height_m,build_id,footprint_sqft,source_sqft,height_m,occupancy_class,building_address,imagery_date,flood_zone,flood_mapped,flood_sfha,flood_subtype,building_match_confidence,multi_storey,fp_cells,fp_whp_max,fp_whp_burnable_frac,fp_whp_modal,haz_wildfire_whp_code,haz_wildfire_max_severity_1000m,haz_seismic_pga_g_475yr,haz_lightning_flash_per_km2_yr
dc_9bb24f423687,CoreSite DC1,DC,38.9025805,-77.0292105,nearest,16.68608366895192,200.0,19,127642.6,160.67038444471976,39.19,16010881.0,43187.0,43185.43,28.09,Residential,1201 K STREET NORTHWEST,1348531200000.0,X,True,False,AREA OF MINIMAL FLOOD HAZARD,high,True,1.0,,0.0,6.0,6.0,1.0,0.055,13.629328727722168
dc_a6e2e1513613,Southwest Cyberport,NM,35.10196,-106.58933,nearest,33.343179307892875,200.0,72,49266.3,33.343179307892875,,12089738.0,49266.3,49252.33,,Education,5041 INDIAN SCHOOL ROAD NORTHEAST,1314835200000.0,X,True,False,AREA OF MINIMAL FLOOD HAZARD,high,,1.0,,0.0,6.0,6.0,,0.055,9.913078308105469
dc_a686ad9e9a88,NocRoom Miami IT Services,FL,25.7915453,-80.3177484,contains,0.0,200.0,12,96461.5,148.5640750396319,3.56,30419267.0,48324.8,48324.57,4.54,Commercial,7415 NW 19 ST,1392508800000.0,X,True,False,AREA OF MINIMAL FLOOD HAZARD,high,False,2.0,,0.0,6.0,6.0,2.0,0.005,22.965288162231445
dc_6d263b15b250,NocRoom Miami IT Services,FL,25.776033,-80.193092,nearest,0.7010647328960676,200.0,19,162425.1,0.7010647328960676,21.25,30407427.0,162425.1,162424.5,21.25,Education,36 NE 2 ST,1392508800000.0,X,True,False,AREA OF MINIMAL FLOOD HAZARD,high,True,4.0,,0.0,6.0,6.0,3.0,0.005,22.965288162231445
dc_880a171377bb,Center for Computation & Technology (CCT),LA,30.407446,-91.1725454,contains,0.0,200.0,13,165739.9,19.437579954287663,12.8,2648550.0,38685.3,38611.59,,Education,888 SOUTH STADIUM DRIVE,1507852800000.0,X,True,False,AREA WITH REDUCED FLOOD RISK DUE TO LEVEE,high,,2.0,,0.0,6.0,6.0,1.0,0.025,27.227249145507812
dc_537f282facb3,Google Fiber,GA,33.7715677,-84.3668585,contains,0.0,200.0,28,240164.9,84.44372130303874,33.8,17234322.0,66771.0,66770.95,7.42,Commercial,,1351209600000.0,X,True,False,AREA OF MINIMAL FLOOD HAZARD,high,False,2.0,,0.0,6.0,6.0,3.0,0.055,16.562829971313477
dc_15be445c537f,Open Computing Facility,CA,37.8698521,-122.2598231,nearest,0.5085872128480804,200.0,29,172360.2,179.21879230366125,20.95,16360303.0,24512.6,24512.52,9.37,Education,,1349049600000.0,X,True,False,AREA OF MINIMAL FLOOD HAZARD,high,False,1.0,,0.0,6.0,6.0,4.0,0.595,0.0928128734230995
dc_e54691f8993e,Lumos Networks,VA,37.4156786,-79.1429447,nearest,3.2942321325940496,200.0,24,190658.9,18.506521326989876,,6002690.0,23358.4,23032.32,,Government,800 MAIN STREET,1425254400000.0,X,True,False,AREA OF MINIMAL FLOOD HAZARD,high,,1.0,,0.0,6.0,6.0,1.0,0.065,10.857731819152832
dc_004d4bd391b5,Rack59 Data Center,OK,35.4672049,-97.6497453,contains,0.0,200.0,13,1426957.2,0.0,10.24,7367231.0,1426957.2,1426956.0,10.24,Industrial,,1375142400000.0,X,True,False,AREA OF MINIMAL FLOOD HAZARD,high,False,6.0,,0.0,6.0,6.0,1.0,0.045,18.828590393066406
dc_c15c28bd70c1,Oso Grande,NM,35.0925015,-106.6536712,contains,0.0,200.0,125,60330.0,0.0,,12076943.0,60330.0,60315.53,,Commercial,725 6TH STREET NORTHWEST,1314835200000.0,X,True,False,AREA OF MINIMAL FLOOD HAZARD,high,,1.0,,0.0,6.0,6.0,,0.055,9.913078308105469
dc_c2c582121fae,Morgan Wireless,WV,39.6309851,-78.2253196,nearest,1.640518663155707,200.0,72,13803.9,178.39073736330255,,881600.0,3755.7,3757.933,,Commercial,,1453593600000.0,X,True,False,AREA OF MINIMAL FLOOD HAZARD,high,,1.0,,0.0,6.0,6.0,3.0,0.045,11.673903465270996
dc_6324e54cb1f3,VIRTBIZ,TX,32.7825463,-96.7828145,contains,0.0,200.0,32,54467.7,183.97772091388495,7.27,29791370.0,35002.5,35002.43,5.32,Industrial,2825 CANTON STREET,1435708800000.0,X,True,False,AREA OF MINIMAL FLOOD HAZARD,high,False,2.0,,0.0,6.0,6.0,,0.025,18.841638565063477
dc_94697aa66760,FirstLight Data Center,ME,43.657708,-70.261781,nearest,1.9759523590086077,200.0,80,66921.3,207.76081750484303,,272357.0,10620.4,10614.6,,Industrial,340 CUMBERLAND AVENUE,1490486400000.0,X,True,False,AREA OF MINIMAL FLOOD HAZARD,high,,1.0,,0.0,6.0,6.0,,0.075,2.118645191192627
dc_72d8cb06afd7,Learning GIS!,IN,40.42179,-86.9141546,contains,0.0,200.0,22,147452.6,190.64457317100133,,16085715.0,22219.3,22509.81,,Education,625 AGRICULTURE MALL DRIVE,1521676800000.0,X,True,False,AREA OF MINIMAL FLOOD HAZARD,high,,2.0,,0.0,6.0,6.0,1.0,0.045,22.477502822875977
dc_ba3a04b0acb7,Agricultural and Biological Engineering,IN,40.4218543,-86.9165454,contains,0.0,200.0,22,116836.9,143.99522743587664,,16085759.0,37741.5,37052.57,,Education,225 SOUTH UNIVERSITY STREET,1521676800000.0,X,True,False,AREA OF MINIMAL FLOOD HAZARD,high,,1.0,,0.0,6.0,6.0,1.0,0.045,22.477502822875977
dc_eef3ba94431e,Windstream Communications,NC,35.881397,-78.851552,contains,0.0,200.0,12,68623.3,0.0,,9881581.0,68623.3,67545.55,,Commercial,5400 SOUTH MIAMI BOULEVARD,1510790400000.0,X,True,False,AREA OF MINIMAL FLOOD HAZARD,high,,2.0,3.0,1.0,2.0,3.0,3.0,0.035,15.275832176208496
dc_d1631b663c48,Level 3 Communications,NC,35.881364,-78.8515726,contains,0.0,200.0,13,68623.3,0.0,,9881581.0,68623.3,67545.55,,Commercial,5400 SOUTH MIAMI BOULEVARD,1510790400000.0,X,True,False,AREA OF MINIMAL FLOOD HAZARD,high,,2.0,3.0,1.0,2.0,3.0,3.0,0.035,15.275832176208496
dc_a28b6b533687,OptimumHQ,AZ,33.3804149,-111.7526684,contains,0.0,200.0,55,152300.5,194.2933393065286,,4315286.0,29209.9,29384.57,,Commercial,,1507507200000.0,X,True,False,0.2 PCT ANNUAL CHANCE FLOOD HAZARD,high,,3.0,,0.0,6.0,6.0,4.0,0.025,7.883434772491455
dc_2980260de3e5,The Chatfield Group,AZ,33.380601,-111.7528888,contains,0.0,200.0,54,50898.7,132.03418231963153,,4315286.0,29209.9,29384.57,,Commercial,,1507507200000.0,X,True,False,0.2 PCT ANNUAL CHANCE FLOOD HAZARD,high,,3.0,,0.0,6.0,6.0,4.0,0.025,7.883434772491455
dc_b9549d1a3e6c,All About Serving Process Server,AZ,33.3199157,-111.809686,contains,0.0,200.0,84,66549.9,55.17835379170299,,4186096.0,17515.8,17927.34,,Commercial,1909 EAST RAY ROAD,1507507200000.0,X,True,False,0.2 PCT ANNUAL CHANCE FLOOD HAZARD,high,,1.0,,0.0,6.0,6.0,4.0,0.025,7.883434772491455
dc_4dccde6d1dfb,Emailage,AZ,33.302965,-111.8405386,contains,0.0,200.0,22,43902.9,172.81065823085436,7.06,11987712.0,27358.5,27358.47,19.6,Commercial,25 SOUTH ARIZONA PLACE,1295654400000.0,X,True,False,0.2 PCT ANNUAL CHANCE FLOOD HAZARD,high,True,2.0,,0.0,6.0,6.0,4.0,0.025,7.883434772491455
dc_0ffde5e0d6a1,Alliance Technology,AZ,33.3799862,-111.728405,contains,0.0,200.0,59,20748.9,128.3709989650351,,4311695.0,17813.1,17469.15,,Commercial,4850 EAST BASELINE ROAD,1507507200000.0,X,True,False,0.2 PCT ANNUAL CHANCE FLOOD HAZARD,high,,1.0,,0.0,6.0,6.0,4.0,0.025,7.883434772491455
dc_74f18bfa8df0,8100 Boone Boulevard,VA,38.913156,-77.225732,nearest,31.13872411097217,200.0,13,112999.1,41.43029322926647,17.51,7901849.0,34656.7,34656.68,21.94,Industrial,8130 BOONE BOULEVARD,1205280000000.0,X,True,False,AREA OF MINIMAL FLOOD HAZARD,high,True,2.0,,0.0,6.0,6.0,1.0,0.055,13.629328727722168
dc_4465586fa278,Atlanta ATL13,GA,33.7555186,-84.3914814,contains,0.0,200.0,24,136014.5,46.59208908624443,28.02,17206825.0,15776.9,15776.92,37.45,Commercial,,1351209600000.0,X,True,False,AREA OF MINIMAL FLOOD HAZARD,high,True,1.0,,0.0,6.0,6.0,,0.055,16.562829971313477
dc_c91b689569e2,Data Holdings Data Center,WI,43.0439408,-87.9539794,contains,0.0,200.0,91,23944.2,0.0,10.52,10210502.0,23944.2,23928.58,10.52,Commercial,,1351900800000.0,X,True,False,AREA OF MINIMAL FLOOD HAZARD,high,False,2.0,,0.0,6.0,6.0,,0.015,8.040300369262695
dc_8f61bbab2b18,STACK Infrastructure,CA,37.403305,-121.891247,nearest,30.83328881277933,200.0,24,80178.2,170.0780869720711,8.03,15791960.0,6823.0,6822.966,4.79,Industrial,,1349049600000.0,AO,True,True,,high,False,1.0,,0.0,6.0,6.0,,0.645,0.1221932545304298
dc_16b0103c1ecb,Digital West Data Center,CA,35.2553162,-120.6415128,contains,0.0,200.0,38,128781.9,53.95350787604401,,4022276.0,12110.4,12441.83,,Industrial,,1440201600000.0,X,True,False,AREA OF MINIMAL FLOOD HAZARD,high,,1.0,,0.0,6.0,6.0,4.0,0.235,0.1285187602043151
dc_e0a8ffe0675b,Chick-fil-A Hiring Center,MI,42.6279424,-82.9883939,contains,0.0,200.0,9,216970.6,27.951801198143535,,6748538.0,12528.3,12526.46,,Commercial,,1475798400000.0,X,True,False,AREA OF MINIMAL FLOOD HAZARD,high,,1.0,,0.0,6.0,6.0,1.0,0.025,16.57863998413086
dc_9fe2fa1cb2a0,Ergonomic Group,CT,41.706538,-72.590904,nearest,8.311878672906406,200.0,31,16610.9,109.88259611103535,,569236.0,1582.0,1582.3,,Industrial,36 KREIGER LANE,1564099200000.0,X,True,False,AREA OF MINIMAL FLOOD HAZARD,high,,1.0,,0.0,6.0,6.0,3.0,0.075,4.7566447257995605
dc_e6031badf345,San Jose Colocation Center,CA,37.334508,-121.89143,nearest,9.983881229183318,200.0,29,115479.9,136.39405465959078,13.07,15648160.0,59302.9,59302.88,31.09,Utility and Misc,,1349049600000.0,D,True,False,,high,True,4.0,,0.0,6.0,6.0,4.0,0.655,0.1221932545304298
dc_a6907eaa6ace,Amazon Web Services IAD69,VA,39.0254851,-77.4146998,contains,0.0,200.0,9,312769.1,0.0,,50997659.0,312769.1,312855.1,,Commercial,21111 RIDGETOP CIRCLE,1710374400000.0,X,True,False,AREA OF MINIMAL FLOOD HAZARD,high,,2.0,,0.0,6.0,6.0,1.0,0.055,13.613815307617188
dc_165fe373f4a4,Stream Data Centers Houston,TX,30.1777082,-95.486593,contains,0.0,200.0,25,114958.9,0.0,,26337448.0,114958.9,114928.7,,Commercial,4001 TECHNOLOGY FOREST BLVD,1524700800000.0,X,True,False,AREA OF MINIMAL FLOOD HAZARD,high,,1.0,,0.0,6.0,6.0,3.0,0.015,22.235015869140625
dc_70473eb49a8f,Crown Castle Baltimore,MD,39.287752,-76.60685,nearest,16.483992905816294,200.0,24,133440.1,43.47404743412703,29.61,7701329.0,97274.4,97274.32,29.67,Commercial,124 MARKET PLACE,1347494400000.0,AE,True,True,,high,True,2.0,,0.0,6.0,6.0,,0.055,14.052087783813477
dc_a5cc2c2adb3a,AiNET One Market Center,MD,39.29165,-76.61974,contains,0.0,200.0,34,121793.6,128.82633319604133,14.13,7704904.0,93212.2,93212.16,25.96,Government,222 NORTH HOWARD STREET NORTH,1347494400000.0,X,True,False,AREA OF MINIMAL FLOOD HAZARD,high,True,4.0,,0.0,6.0,6.0,,0.055,14.052087783813477
dc_8adc27a50dae,Lumen McLean,VA,38.9208538,-77.2115713,contains,0.0,200.0,11,75263.9,92.03911913126568,11.81,7905366.0,66511.3,66511.2,5.1,Commercial,1753 OLD MEADOW ROAD,1205280000000.0,X,True,False,AREA OF MINIMAL FLOOD HAZARD,high,False,2.0,1.0,0.5,1.0,6.0,1.0,0.055,13.629328727722168
dc_14899623a0b1,TierPoint Milwaukee,WI,43.0093779,-87.9610618,contains,0.0,200.0,99,53614.5,174.67063111687722,8.64,10158622.0,50359.8,50327.19,8.68,Commercial,,1351900800000.0,X,True,False,AREA OF MINIMAL FLOOD HAZARD,high,False,1.0,,0.0,6.0,6.0,1.0,0.025,8.040300369262695
dc_7cf3203418c1,Frontier Science,NY,42.9902011,-78.8123836,contains,0.0,200.0,52,24170.1,0.0,8.1,8014524.0,24170.1,24169.71,8.1,Commercial,4047 MAPLE ROAD,1427846400000.0,X,True,False,AREA OF MINIMAL FLOOD HAZARD,high,False,1.0,,0.0,6.0,6.0,3.0,0.025,8.291032791137695
dc_8d9f4b8cf0b8,505 Marquette,NM,35.088399,-106.65223,nearest,8.551680696080004,200.0,30,80247.6,42.45279364035796,,12070108.0,31685.0,31677.39,,Industrial,505 MARQUETTE AVENUE NORTHWEST,1314835200000.0,X,True,False,AREA OF MINIMAL FLOOD HAZARD,high,,2.0,,0.0,6.0,6.0,,0.055,9.913078308105469
dc_b82bb79938c5,123 Central,NM,35.0844494,-106.6489853,contains,0.0,200.0,18,97564.0,167.4973635733588,,12064596.0,16039.2,16035.29,,Commercial,123 CENTRAL AVENUE NORTHWEST,1314835200000.0,X,True,False,AREA OF MINIMAL FLOOD HAZARD,high,,1.0,,0.0,6.0,6.0,,0.055,9.913078308105469
dc_02eebfd81a53,Oak Tower,MO,39.1010328,-94.5793375,nearest,6.932968447669011,200.0,19,101565.8,6.932968447669011,23.94,11231296.0,101565.8,101565.7,23.94,Commercial,324 EAST 11TH STREET,1329609600000.0,X,True,False,AREA OF MINIMAL FLOOD HAZARD,high,True,2.0,,0.0,6.0,6.0,,0.025,20.675199508666992
dc_27fa53a57833,Netrality Data Centers,MO,39.1009469,-94.5809437,nearest,7.712847152895898,200.0,16,594084.9,127.7519886588938,32.65,11230219.0,41925.7,41925.64,43.28,Commercial,1116 GRAND BOULEVARD,1329609600000.0,X,True,False,AREA OF MINIMAL FLOOD HAZARD,high,True,1.0,,0.0,6.0,6.0,,0.025,20.675199508666992
dc_52be2b848b4f,Netrality,IL,41.8728811,-87.63344,contains,0.0,200.0,17,362171.4,76.2909796246796,46.17,34136302.0,67510.9,67510.82,53.52,Residential,673 SOUTH WELLS STREET,1321315200000.0,X,True,False,AREA OF MINIMAL FLOOD HAZARD,high,True,3.0,,0.0,6.0,6.0,,0.035,16.118194580078125
dc_d5e6794a2612,Brandaleone Lab for Data and Visualization,NC,36.0030993,-78.9385323,contains,0.0,200.0,18,365004.7,98.65308973502188,12.8,15260871.0,21374.6,21374.59,17.3,Education,415 CHAPEL DRIVE,1267488000000.0,X,True,False,AREA OF MINIMAL FLOOD HAZARD,high,True,1.0,,0.0,6.0,6.0,3.0,0.035,14.05187702178955
dc_d1cc4e423ca1,Frontier (supercomputer),TN,35.929597,-84.310567,contains,0.0,200.0,13,423038.8,74.70627951202779,,11005735.0,223650.1,223795.8,,Commercial,,1542412800000.0,X,True,False,AREA OF MINIMAL FLOOD HAZARD,high,,2.0,,0.0,6.0,6.0,3.0,0.165,12.677520751953123
dc_1771855b67b2,TelePacific,CA,37.779653,-122.393857,nearest,5.842005642182611,200.0,33,101171.2,134.83733102175097,16.42,16266719.0,20256.4,20256.41,9.68,Commercial,,1349049600000.0,X,True,False,AREA OF MINIMAL FLOOD HAZARD,high,False,1.0,,0.0,6.0,6.0,,0.485,0.0928128734230995
dc_23be1dc53fc6,VaultLogix,AZ,33.627367,-111.9017033,contains,0.0,200.0,29,63767.2,162.37656577038695,7.95,11371983.0,20796.1,20796.04,4.72,Industrial,15679 NORTH 83RD WAY,1412467200000.0,X,True,False,0.2 PCT ANNUAL CHANCE FLOOD HAZARD,high,False,1.0,,0.0,6.0,6.0,4.0,0.025,7.846182823181152
dc_60ad9b8f15c0,Profit Finder Pro Software,AZ,33.6272477,-111.9020476,contains,0.0,200.0,29,63767.2,168.37895724028098,7.95,11371612.0,17383.0,17382.94,4.75,Industrial,15525 NORTH 83RD WAY,1412467200000.0,X,True,False,0.2 PCT ANNUAL CHANCE FLOOD HAZARD,high,False,2.0,,0.0,6.0,6.0,4.0,0.025,7.846182823181152
dc_37739045bbd2,DataPro USA Web Development,AZ,33.6116624,-111.9139825,contains,0.0,200.0,42,29109.7,198.71906230197376,4.02,11361131.0,26407.6,26407.55,4.3,Commercial,7741 EAST GRAY ROAD,1412467200000.0,X,True,False,0.2 PCT ANNUAL CHANCE FLOOD HAZARD,high,False,1.0,,0.0,6.0,6.0,4.0,0.025,7.846182823181152
dc_4b4306dd4707,e360,CA,37.9710809,-122.0437382,contains,0.0,200.0,42,71544.8,156.29091353798742,,10002888.0,42946.6,42649.61,,Commercial,,1537574400000.0,X,True,False,AREA OF MINIMAL FLOOD HAZARD,high,,4.0,,0.0,6.0,6.0,3.0,0.485,0.0928128734230995
dc_dd96fac8908c,Digital Realty ORD10,IL,41.8533507,-87.6183067,contains,0.0,200.0,8,4249157.4,74.09763169390756,26.04,35011105.0,247826.3,247826.1,27.25,Commercial,2105 SOUTH PRAIRIE AVENUE,1321315200000.0,X,True,False,AREA OF MINIMAL FLOOD HAZARD,high,True,4.0,,0.0,6.0,6.0,,0.035,16.118194580078125
dc_54fd156f6e89,Centersquare Chicago Data Center - ORD1,IL,41.8533827,-87.6186071,contains,0.0,200.0,13,4249157.4,103.14256364154063,26.04,35011105.0,247826.3,247826.1,27.25,Commercial,2105 SOUTH PRAIRIE AVENUE,1321315200000.0,X,True,False,AREA OF MINIMAL FLOOD HAZARD,high,True,4.0,,0.0,6.0,6.0,,0.035,16.118194580078125
dc_06c982ebea67,K-Motion Interactive,AZ,33.6344843,-111.8843457,contains,0.0,200.0,32,118378.0,177.06098150442642,18.56,11376350.0,18485.0,18485.05,6.19,Industrial,16419 NORTH 91ST STREET,1412467200000.0,X,True,False,0.2 PCT ANNUAL CHANCE FLOOD HAZARD,high,False,3.0,4.0,0.3333333333333333,6.0,6.0,4.0,0.025,7.846182823181152
dc_e2f0d5b0e152,West Monroe,IL,41.8805271,-87.6359383,contains,0.0,200.0,22,105634.5,68.77151939840732,135.97,34144829.0,55418.0,55417.98,120.41,Industrial,311 WEST MONROE STREET,1321315200000.0,X,True,False,AREA OF MINIMAL FLOOD HAZARD,high,True,2.0,,0.0,6.0,6.0,,0.035,16.118194580078125
dc_b5221ae8a695,Iron Mountain Data Centers AZS-1,AZ,33.6446663,-111.8960985,contains,0.0,200.0,36,67483.7,0.0,10.08,11382151.0,67483.7,67483.63,10.08,Commercial,8521 EAST PRINCESS DRIVE,1412467200000.0,AO,True,True,,high,False,2.0,,0.0,6.0,6.0,4.0,0.025,7.846182823181152
dc_1ecd2bc35dc3,CoreSite Chicago Data Center (CH1),IL,41.8759405,-87.6314655,contains,0.0,200.0,27,362171.4,27.313133344435258,46.17,34139019.0,37120.7,37120.71,39.43,Commercial,119 WEST VAN BUREN STREET,1321315200000.0,X,True,False,AREA OF MINIMAL FLOOD HAZARD,high,True,2.0,,0.0,6.0,6.0,,0.035,16.118194580078125
dc_dc42b75a08e1,Accelera Data Systems,AZ,33.6647455,-112.1117142,contains,0.0,200.0,37,141686.4,120.78436846375784,9.21,11328142.0,21952.6,21952.63,5.41,Industrial,2501 WEST BEHREND DRIVE,1412467200000.0,X,True,False,0.2 PCT ANNUAL CHANCE FLOOD HAZARD,high,False,1.0,,0.0,6.0,6.0,,0.025,7.146243572235107
dc_41dcb90246ba,Expedient Owings Mills,MD,39.427109,-76.81164,contains,0.0,200.0,1,45170.5,0.0,,6002184.0,45170.5,45503.17,,Commercial,,1570665600000.0,X,True,False,AREA OF MINIMAL FLOOD HAZARD,high,,1.0,,0.0,6.0,6.0,1.0,0.065,14.052087783813477
dc_06efc6377b82,Lumen Baltimore,MD,39.291653,-76.619739,contains,0.0,200.0,34,121793.6,128.91386842935856,14.13,7704904.0,93212.2,93212.16,25.96,Government,222 NORTH HOWARD STREET NORTH,1347494400000.0,X,True,False,AREA OF MINIMAL FLOOD HAZARD,high,True,4.0,,0.0,6.0,6.0,,0.055,14.052087783813477
dc_aeb9d6e08cbd,Expedient Tidepoint,MD,39.274763,-76.590562,nearest,3.294508917892501,200.0,27,331068.3,3.294508917892501,9.01,7691960.0,331068.3,331068.0,9.01,Industrial,1030 HULL STREET,1347494400000.0,X,True,False,AREA OF MINIMAL FLOOD HAZARD,high,False,5.0,,0.0,6.0,6.0,,0.055,14.052087783813477
dc_366bd093071c,Flexential - Denver - Centennial Data Center,CO,39.5938733,-104.8431597,contains,0.0,200.0,7,106541.7,119.53594058689592,6.42,15091990.0,42429.5,42429.49,6.26,Industrial,12500 EAST ARAPAHOE ROAD,1337212800000.0,X,True,False,AREA OF MINIMAL FLOOD HAZARD,high,False,1.0,,0.0,6.0,6.0,3.0,0.045,10.969576835632324
dc_dbefe86a9d2c,EdgeConneX Data Center,AZ,33.3955855,-111.9700762,contains,0.0,200.0,32,89529.4,72.68973793361666,5.95,11617787.0,81821.6,81821.53,6.63,Commercial,3011 SOUTH 52ND STREET,1412467200000.0,X,True,False,0.2 PCT ANNUAL CHANCE FLOOD HAZARD,high,False,1.0,,0.0,6.0,6.0,4.0,0.025,7.883434772491455
dc_c7c5fc8a1267,,MI,41.8072817,-83.6276287,nearest,71.56508565314466,200.0,16,6228.0,161.27751179371455,,7393664.0,2422.0,2422.875,,Residential,,1564704000000.0,X,True,False,AREA OF MINIMAL FLOOD HAZARD,high,,1.0,1.0,1.0,1.0,1.0,1.0,0.035,19.51206970214844
dc_60a8427538d7,IT,CA,33.9102899,-117.5030207,contains,0.0,200.0,20,20892.8,46.39591277304254,8.48,17267105.0,13758.1,13758.12,4.76,Education,,1317168000000.0,X,True,False,AREA OF MINIMAL FLOOD HAZARD,high,False,2.0,4.0,0.5,4.0,4.0,4.0,0.455,0.6565972566604614
dc_f96046272fcb,"Alembic Computer Services, Inc.",AZ,33.4051307,-111.9773353,contains,0.0,200.0,22,40010.0,112.61403289050392,6.02,11626045.0,14800.4,14800.38,4.49,Industrial,2125 SOUTH 48TH STREET,1412467200000.0,X,True,False,0.2 PCT ANNUAL CHANCE FLOOD HAZARD,high,False,1.0,,0.0,6.0,6.0,4.0,0.025,7.883434772491455
dc_d80fbebeedc2,J-Curve Technologies,AZ,33.4131856,-111.9711539,contains,0.0,200.0,31,292959.8,178.1646968437752,9.35,11630795.0,76338.3,76338.3,4.71,Commercial,2005 WEST 14TH STREET,1412467200000.0,X,True,False,0.2 PCT ANNUAL CHANCE FLOOD HAZARD,high,False,1.0,,0.0,6.0,6.0,4.0,0.025,7.883434772491455
dc_623234ef1b41,Flexential Cincinnati,OH,39.3159313,-84.4494638,contains,0.0,200.0,23,416639.3,147.54391991648754,,544391.0,83878.3,83629.87,,Commercial,5319 MUHLHAUSER ROAD,1521936000000.0,X,True,False,AREA OF MINIMAL FLOOD HAZARD,high,,1.0,,0.0,6.0,6.0,1.0,0.045,17.444948196411133
dc_023d2663ae5d,Flexential Denver - Downtown,CO,39.7455941,-104.9950455,nearest,10.383253794616715,200.0,22,1447026.2,171.62790320357223,21.11,15415339.0,49936.8,49936.71,16.32,Commercial,820 16TH STREET,1337212800000.0,X,True,False,AREA OF MINIMAL FLOOD HAZARD,high,True,1.0,,0.0,6.0,6.0,3.0,0.045,10.969576835632324
dc_65dbd76e7604,Flexential Dallas - Downtown Dallas,TX,32.8004101,-96.8193707,contains,0.0,200.0,8,243138.7,0.0,32.91,29902135.0,243138.7,243138.4,32.91,Education,1950 N STEMMONS FWY,1435708800000.0,X,True,False,AREA WITH REDUCED FLOOD RISK DUE TO LEVEE,high,True,4.0,,0.0,6.0,6.0,3.0,0.025,18.841638565063477
dc_4861bf2a2b63,Flexential Jacksonville,FL,30.2457482,-81.5817226,contains,0.0,200.0,9,76912.3,121.56911822840472,,24005038.0,60220.2,59988.55,,Utility and Misc,4905 BELFORT RD,1490140800000.0,X,True,False,AREA OF MINIMAL FLOOD HAZARD,high,,1.0,,0.0,6.0,6.0,3.0,0.025,23.808124542236328
dc_a8ddb88fae41,Flexential - Denver - Aurora,CO,39.6610488,-104.8488321,contains,0.0,200.0,90,179759.6,0.0,7.34,15211108.0,179759.6,179759.3,7.34,Commercial,11900 EAST CORNELL AVENUE,1337212800000.0,X,True,False,AREA OF MINIMAL FLOOD HAZARD,high,False,2.0,,0.0,6.0,6.0,4.0,0.045,10.969576835632324
dc_4bfdea1a9bd2,Flexential Nashville - Brentwood,TN,35.9727294,-86.8084949,contains,0.0,200.0,5,164046.1,0.0,,11003848.0,164046.1,163916.1,,Commercial,7100 COMMERCE WAY,1521072000000.0,X,True,False,AREA OF MINIMAL FLOOD HAZARD,high,,2.0,,0.0,6.0,6.0,1.0,0.0849999999999999,16.486181259155273
dc_3d82ec0fd7d6,Flexential Raleigh,NC,35.8505281,-78.8291431,contains,0.0,200.0,5,143356.7,0.0,5.8,15359568.0,143356.7,143356.5,5.8,Commercial,5150 MCCRIMMON PKWY,1267488000000.0,X,True,False,AREA OF MINIMAL FLOOD HAZARD,high,False,2.0,,0.0,6.0,6.0,3.0,0.035,15.275832176208496
dc_672db836d74d,Flexential Tampa - West,FL,28.0373,-82.53998,contains,0.0,200.0,11,70234.1,0.0,9.2,31489812.0,70234.1,70233.84,9.2,Industrial,9423 ANDERSON RD,1340668800000.0,X,True,False,AREA OF MINIMAL FLOOD HAZARD,high,False,3.0,3.0,0.6666666666666666,3.0,3.0,3.0,0.005,24.239770889282227
dc_193e064bdc4b,Flexential Salt Lake City - Lindon,UT,40.332648,-111.7278754,contains,0.0,200.0,29,30876.6,0.0,,6341022.0,30876.6,30854.76,,Commercial,333 SOUTH 520 WEST,1588550400000.0,X,True,False,AREA OF MINIMAL FLOOD HAZARD,high,,1.0,2.0,1.0,2.0,2.0,2.0,0.165,4.538047790527344
dc_d5a6dcb8e4b7,Digital Realty New York JFK13,NY,40.719928,-74.0044583,contains,0.0,200.0,22,91414.9,66.70548969464187,26.94,7730897.0,48868.6,48838.0,106.8,Industrial,32 AVENUE OF THE AMERICAS,1376524800000.0,X,True,False,AREA OF MINIMAL FLOOD HAZARD,high,True,1.0,,0.0,6.0,6.0,,0.095,7.277477264404297
dc_2e2dbc3e3848,Digital Realty New York JFK12,NY,40.7176766,-74.0084414,contains,0.0,200.0,26,66438.0,111.98179967704216,21.21,7730764.0,63885.5,63845.47,69.18,Commercial,60 HUDSON STREET,1376524800000.0,X,True,False,AREA OF MINIMAL FLOOD HAZARD,high,True,2.0,,0.0,6.0,6.0,4.0,0.095,7.277477264404297
dc_e17d7e79bbea,CoreSite AT1,GA,33.7559857,-84.3911712,contains,0.0,200.0,25,136014.5,57.396256795203136,28.02,17207661.0,22640.4,22640.42,75.93,Commercial,,1351209600000.0,X,True,False,AREA OF MINIMAL FLOOD HAZARD,high,True,1.0,,0.0,6.0,6.0,,0.055,16.562829971313477
dc_a76f8d21216f,UNM Data Center,NM,35.0867385,-106.6153476,contains,0.0,200.0,43,203519.7,168.2759116410209,,12066948.0,34898.7,34889.43,,Education,2701 CAMPUS BOULEVARD NORTHEAST,1314835200000.0,X,True,False,AREA OF MINIMAL FLOOD HAZARD,high,,3.0,,0.0,6.0,6.0,2.0,0.055,9.913078308105469
dc_73ec60377ab8,Prime Santa Clara,CA,37.367929,-121.963344,nearest,39.68995265848337,200.0,21,65057.2,175.91051111664018,5.75,15725642.0,37574.0,37574.04,4.52,Industrial,,1349049600000.0,X,True,False,0.2 PCT ANNUAL CHANCE FLOOD HAZARD,high,False,3.0,,0.0,6.0,6.0,,0.535,0.1221932545304298
dc_36114ae3ca3e,Open Data Centers Piscataway,NJ,40.5503501,-74.4568563,contains,0.0,200.0,8,74753.4,112.187916608889,,6003251.0,50160.0,50237.75,,Industrial,15 CORPORATE PLACE SOUTH,1464480000000.0,X,True,False,AREA OF MINIMAL FLOOD HAZARD,high,,1.0,,0.0,6.0,6.0,4.0,0.095,7.277477264404297
dc_5b163fef210d,H5 Secaucus,NJ,40.7853948,-74.0750122,contains,0.0,200.0,8,772371.8,178.6745328033283,9.62,7738034.0,50467.4,50467.3,8.92,Commercial,,1376524800000.0,AE,True,True,,high,False,2.0,,0.0,6.0,6.0,4.0,0.105,7.277477264404297
dc_e0ba05af04ef,"Forescout Technologies, Inc.",CA,37.3228675,-121.9474176,contains,0.0,200.0,52,1486764.6,138.63698381935905,10.73,15625355.0,33642.8,33642.73,15.37,Commercial,,1349049600000.0,D,True,False,,high,True,1.0,,0.0,6.0,6.0,3.0,0.605,0.1221932545304298
dc_10b31ee93f9a,Lumen Albany 4,NY,42.7356308,-73.818665,contains,0.0,200.0,4,32259.2,132.6820557115923,8.19,7319879.0,29493.3,29476.45,8.17,Commercial,10 AIRLINE DRIVE,1347321600000.0,X,True,False,AREA OF MINIMAL FLOOD HAZARD,high,False,1.0,,0.0,6.0,6.0,4.0,0.055,8.666078567504883
dc_9c4395da1472,Equinix Chicago Data Center - CH1,IL,41.8535578,-87.6180475,contains,0.0,200.0,10,4249157.4,46.45446581250302,26.04,35011105.0,247826.3,247826.1,27.25,Commercial,2105 SOUTH PRAIRIE AVENUE,1321315200000.0,X,True,False,AREA OF MINIMAL FLOOD HAZARD,high,True,4.0,,0.0,6.0,6.0,,0.035,16.118194580078125
dc_ad06f9a5ee9b,501 West,NJ,40.315558,-74.6688514,contains,0.0,200.0,9,44487.3,0.0,,34494.0,44487.3,45216.59,,Education,,1444089600000.0,X,True,False,AREA OF MINIMAL FLOOD HAZARD,high,,3.0,4.0,0.6666666666666666,3.0,4.0,4.0,0.0849999999999999,8.180803298950195
dc_e40648befe43,Dataverge,NY,40.6576264,-74.004628,nearest,3.883534956053075,200.0,21,136997.5,132.65260893343105,31.56,7873665.0,61959.7,61920.95,34.16,Industrial,21 33 STREET,1376524800000.0,X,True,False,0.2 PCT ANNUAL CHANCE FLOOD HAZARD,high,True,2.0,,0.0,6.0,6.0,3.0,0.095,7.277477264404297
dc_497196a639d6,TulsaConnect DC3,OK,36.0994735,-95.8382826,contains,0.0,200.0,2,367324.0,0.0,7.5,7143964.0,367324.0,367323.7,7.5,Commercial,,1222992000000.0,X,True,False,AREA OF MINIMAL FLOOD HAZARD,high,False,4.0,,0.0,6.0,6.0,1.0,0.035,21.064456939697266
dc_8d43e8f81b7b,Comarch,AZ,33.3566787,-111.6352356,nearest,208.01304593112025,800.0,687,66058.7,765.0261877888918,,4479144.0,15256.9,16112.56,,Assembly,3065 SOUTH ELLSWORTH ROAD,1507507200000.0,X,True,False,0.2 PCT ANNUAL CHANCE FLOOD HAZARD,low,,1.0,,0.0,6.0,4.0,4.0,0.025,7.883434772491455
dc_d850cf921795,CoreSite - LA2,CA,34.0584789,-118.2359144,contains,0.0,200.0,17,96193.6,0.0,22.86,14645058.0,96193.6,96193.51,22.86,Assembly,,1350432000000.0,X,True,False,AREA OF MINIMAL FLOOD HAZARD,high,True,2.0,,0.0,6.0,6.0,,0.445,0.5556319355964661
dc_feb9c3b5df7f,NTT Ashburn VA7 Data Center,VA,39.0160142,-77.471954,nearest,84.12321708247661,200.0,7,252896.4,84.12321708247661,,50987301.0,252896.4,252978.8,,Commercial,44245 GIGABIT PLAZA,1710374400000.0,X,True,False,AREA OF MINIMAL FLOOD HAZARD,high,,2.0,,0.0,6.0,6.0,1.0,0.055,13.613815307617188
dc_4d54edf1f2b3,NTT VA11 Data Center,VA,38.7999731,-77.6099636,nearest,248.52769936127436,800.0,237,317093.8,650.0610099818815,6.5,2101592.0,1285.0,1250.701,,Residential,13716 DAVES STORE LANE,1521849600000.0,X,True,False,AREA OF MINIMAL FLOOD HAZARD,low,,2.0,2.0,1.0,1.0,2.0,2.0,0.065,12.71955680847168
dc_506cd0de8c4c,Lumen Madison 1 Data Center,WI,43.0677161,-89.3922794,contains,0.0,200.0,60,26526.7,109.73396866771054,9.68,10440264.0,15352.3,15354.33,10.33,Commercial,,1270771200000.0,X,True,False,AREA OF MINIMAL FLOOD HAZARD,high,False,1.0,,0.0,6.0,6.0,,0.015,9.417593955993652
dc_5b7a9e3b7823,Fiberhub LAS1,NV,36.065929,-115.13856,contains,0.0,200.0,25,102276.7,90.09823188123406,9.12,2119029.0,34397.3,34397.32,5.87,Commercial,,1393977600000.0,X,True,False,AREA OF MINIMAL FLOOD HAZARD,high,False,2.0,,0.0,6.0,6.0,1.0,0.065,3.602787733078003
dc_c1dfe74f8be0,DāStor: 3400 Horizon Drive,PA,40.0879189,-75.3397205,contains,0.0,200.0,11,94916.4,145.27993097927896,9.58,7796928.0,72434.2,72434.12,10.41,Commercial,3400 HORIZON DRIVE,1348012800000.0,X,True,False,AREA OF MINIMAL FLOOD HAZARD,high,False,4.0,,0.0,6.0,6.0,1.0,0.075,10.887083053588867
dc_6f6d4e070042,Rad Web Hosting,TX,32.7784469,-96.798496,nearest,21.852213283329256,200.0,14,81861.4,185.72624607634103,29.56,29766705.0,40184.2,40184.14,56.49,Commercial,308 S AKARD ST,1435708800000.0,X,True,False,AREA OF MINIMAL FLOOD HAZARD,high,True,2.0,,0.0,6.0,6.0,2.0,0.025,18.841638565063477
dc_57b30b036cf1,Alpha Federal,WV,38.3531768,-81.6961822,contains,0.0,200.0,7,53967.9,120.92729121741856,13.07,7020151.0,44075.7,44044.47,11.04,Education,,1237334400000.0,X,True,False,AREA OF MINIMAL FLOOD HAZARD,high,False,1.0,1.0,1.0,1.0,1.0,3.0,0.045,10.213679313659668
dc_7c8e1e4ba3bf,Parsec Data Management,MT,45.7430786,-108.6030144,contains,0.0,200.0,6,80247.8,134.5401380355376,,2337511.0,12937.9,12938.54,,Commercial,3470 GABEL ROAD,1531872000000.0,X,True,False,AREA OF MINIMAL FLOOD HAZARD,high,,1.0,1.0,1.0,1.0,1.0,1.0,0.055,6.671207427978516
dc_b4dfc8453b28,Applied Digital,ND,46.9741721,-96.8739403,nearest,289.6635783113495,800.0,55,18413.6,368.4559078815696,,36414.0,1384.7,1384.523,,Commercial,120 HIGHWAY 81 NORTH,1504656000000.0,AE,True,True,,low,,1.0,,0.0,6.0,1.0,1.0,0.005,7.952457904815674
dc_380aecb0436f,RIC1 DC1,VA,37.4892338,-77.2474761,contains,0.0,200.0,6,657028.1,0.0,,51286135.0,657028.1,657140.1,,Unclassified,6000 TECHNOLOGY BOULEVARD,1644537600000.0,X,True,False,AREA OF MINIMAL FLOOD HAZARD,high,,5.0,2.0,0.4,6.0,6.0,2.0,0.075,13.860154151916504
dc_d5435f3cc757,RIC1 DC2,VA,37.4886164,-77.2462097,contains,0.0,200.0,6,657028.1,0.0,,51286135.0,657028.1,657140.1,,Unclassified,6000 TECHNOLOGY BOULEVARD,1644537600000.0,X,True,False,AREA OF MINIMAL FLOOD HAZARD,high,,5.0,2.0,0.4,6.0,6.0,2.0,0.075,13.860154151916504
dc_1aee472b3c86,RIC1 DC3,VA,37.48786,-77.24483,contains,0.0,200.0,6,657028.1,0.0,,51286135.0,657028.1,657140.1,,Unclassified,6000 TECHNOLOGY BOULEVARD,1644537600000.0,X,True,False,AREA OF MINIMAL FLOOD HAZARD,high,,5.0,2.0,0.4,6.0,6.0,2.0,0.075,13.860154151916504
dc_40afc33af359,TulsaConnect,OK,36.153294,-95.989193,contains,0.0,200.0,27,66311.1,167.81928516178135,18.5,7106433.0,17424.7,17424.69,37.1,Residential,,1222992000000.0,X,True,False,AREA OF MINIMAL FLOOD HAZARD,high,True,2.0,,0.0,6.0,6.0,,0.035,21.064456939697266
dc_4dbe408255c8,Windstream,OK,36.1485011,-95.990514,contains,0.0,200.0,23,69743.7,69.8394699285576,7.3,7101912.0,15949.8,15949.78,118.5,Commercial,,1222992000000.0,X,True,False,AREA OF MINIMAL FLOOD HAZARD,high,True,1.0,,0.0,6.0,6.0,1.0,0.035,21.064456939697266
dc_ddc20b8cfb33,TulsaConnect,OK,36.149022,-95.990391,nearest,23.31976136599489,200.0,20,69743.7,23.31976136599489,7.3,7103056.0,69743.7,69743.67,7.3,Residential,,1222992000000.0,X,True,False,AREA OF MINIMAL FLOOD HAZARD,high,False,2.0,,0.0,6.0,6.0,,0.035,21.064456939697266
dc_515444aaf104,Digital Fortress - Portland 1,OR,45.5212569,-122.6817537,contains,0.0,200.0,30,41740.7,45.39946060693628,28.61,8133759.0,12344.8,12335.09,44.71,Commercial,,1285027200000.0,X,True,False,AREA OF MINIMAL FLOOD HAZARD,high,True,1.0,,0.0,6.0,6.0,,0.165,0.4918390810489654
dc_9b38f4695f6f,Digital Fortress - Portland 2,OR,45.4762137,-122.7760868,contains,0.0,200.0,64,67614.4,142.0124595067932,9.39,8052901.0,17049.4,17035.86,5.22,Industrial,,1285027200000.0,X,True,False,AREA OF MINIMAL FLOOD HAZARD,high,False,4.0,,0.0,6.0,6.0,1.0,0.175,0.6346678733825684
dc_0a5b4dcabb86,Digital Fortress - Portland 3,OR,45.475634,-122.7764098,contains,0.0,200.0,51,56299.2,110.11277674129708,6.19,8051650.0,23100.0,23081.74,5.28,Industrial,,1285027200000.0,X,True,False,AREA OF MINIMAL FLOOD HAZARD,high,False,1.0,,0.0,6.0,6.0,,0.175,0.6346678733825684
dc_37b6e4984473,H5 DC - Portland,OR,45.5316902,-122.6837652,contains,0.0,200.0,26,40719.1,180.61827447708896,15.3,8150442.0,39696.1,39665.0,9.02,Commercial,,1285027200000.0,X,True,False,0.2 PCT ANNUAL CHANCE FLOOD HAZARD,high,False,2.0,,0.0,6.0,6.0,,0.165,0.4918390810489654
dc_23feba8dfbd6,Date Center West - Eugene,OR,44.0506071,-123.0929782,contains,0.0,200.0,23,93248.5,189.50732263595737,,1080176.0,23126.6,23108.11,,Commercial,,1565568000000.0,X,True,False,AREA OF MINIMAL FLOOD HAZARD,high,,1.0,,0.0,6.0,6.0,,0.105,0.3772861361503601
dc_1d6382ebcca5,QTS Ashburn 2,VA,38.9982397,-77.4491455,nearest,3.116946196433089,200.0,11,173244.0,97.739503529035,,2957571.0,9227.2,8860.758,,Commercial,,1536192000000.0,X,True,False,AREA OF MINIMAL FLOOD HAZARD,high,,1.0,,0.0,6.0,6.0,1.0,0.055,13.629328727722168
dc_70ea5deecfdb,OCOSA,OK,36.153287,-95.989191,contains,0.0,200.0,28,66311.1,167.5626080889142,18.5,7106433.0,17424.7,17424.69,37.1,Residential,,1222992000000.0,X,True,False,AREA OF MINIMAL FLOOD HAZARD,high,True,2.0,,0.0,6.0,6.0,,0.035,21.064456939697266
dc_01c60ff235ed,Vantage VA16,VA,38.9985084,-77.4406368,nearest,112.7393275350396,200.0,3,315948.7,188.80427621993195,,7939958.0,9120.3,9120.266,7.21,Industrial,22355 TAG WAY,1205280000000.0,X,True,False,AREA OF MINIMAL FLOOD HAZARD,high,False,1.0,1.0,1.0,1.0,1.0,1.0,0.055,13.629328727722168
dc_a3b2dac5f2d0,Vantage VA15,VA,38.9994047,-77.4417901,nearest,149.74975763315663,200.0,2,315948.7,149.74975763315663,,51492069.0,315948.7,316042.9,,Commercial,22262 CLOUD PLAZA,1710374400000.0,X,True,False,AREA OF MINIMAL FLOOD HAZARD,high,,4.0,1.0,0.25,6.0,6.0,1.0,0.055,13.629328727722168
dc_57ca1ebae8e5,Iron City No. 1 Power Generator and Compute Center,PA,41.1410436,-78.0974055,nearest,547.618954801499,800.0,4,1581.2,554.2172873058162,,1322541.0,889.5,1024.75,,Residential,,1492905600000.0,X,True,False,AREA OF MINIMAL FLOOD HAZARD,low,,2.0,1.0,1.0,1.0,2.0,2.0,0.035,10.55510711669922
dc_a8ea97c0d02a,Cyxtera Dallas-Fort Worth Data Center,TX,32.8327103,-97.0410284,nearest,26.684717238058315,200.0,5,245162.7,26.684717238058315,10.9,30638892.0,245162.7,245162.4,10.9,Commercial,14901 FAA BLVD,1435708800000.0,X,True,False,AREA OF MINIMAL FLOOD HAZARD,high,False,3.0,,0.0,6.0,6.0,2.0,0.025,17.917001724243164
dc_e569435cdfa4,Equinix Infomart,TX,32.8009535,-96.8195234,contains,0.0,200.0,11,243138.7,0.0,32.91,29902135.0,243138.7,243138.4,32.91,Education,1950 N STEMMONS FWY,1435708800000.0,X,True,False,AREA WITH REDUCED FLOOD RISK DUE TO LEVEE,high,True,4.0,,0.0,6.0,6.0,3.0,0.025,18.841638565063477
dc_686c58c1074a,CoreSite BO1,MA,42.3767059,-71.0797577,contains,0.0,200.0,11,133359.2,0.0,12.43,7202925.0,133359.2,133359.0,12.43,Industrial,70 INNER BELT ROAD,1242864000000.0,X,True,False,AREA OF MINIMAL FLOOD HAZARD,high,True,2.0,,0.0,6.0,6.0,,0.0849999999999999,3.3172669410705566
dc_cb30a328369f,USPO Terminal Annex,CA,34.0578,-118.236,nearest,19.776603140474016,200.0,17,96193.6,21.48233065476668,22.86,14869758.0,77190.1,77190.07,14.89,Residential,,1350432000000.0,X,True,False,AREA OF MINIMAL FLOOD HAZARD,high,True,4.0,,0.0,6.0,6.0,,0.445,0.5556319355964661
dc_ac08463eb4ec,DataBank,TX,32.7783107,-96.7984357,nearest,37.90488242613394,200.0,13,67755.8,77.9157446539265,34.51,29766705.0,40184.2,40184.14,56.49,Commercial,308 S AKARD ST,1435708800000.0,X,True,False,AREA OF MINIMAL FLOOD HAZARD,high,True,2.0,,0.0,6.0,6.0,2.0,0.025,18.841638565063477
dc_2d3e640cf930,CyrusOne Cincinnati-Mason CIN3,OH,39.3038941,-84.3116127,contains,0.0,200.0,18,214519.6,123.4481361971299,,581752.0,84246.1,82484.15,,Commercial,,1496707200000.0,X,True,False,AREA OF MINIMAL FLOOD HAZARD,high,,2.0,,0.0,6.0,6.0,1.0,0.045,17.444948196411133
dc_24567abd6c58,LightEdge SAN1,CA,32.8278941,-117.1299275,contains,0.0,200.0,7,90510.1,0.0,,3300047.0,90510.1,91635.11,,Industrial,,1475020800000.0,X,True,False,AREA OF MINIMAL FLOOD HAZARD,high,,4.0,,0.0,6.0,6.0,3.0,0.285,0.6888867616653442
dc_8d1887ea9099,EdgeConneX San Diego,CA,32.8423554,-117.1694226,contains,0.0,200.0,6,130412.1,169.03605568882682,,3276710.0,41766.2,43479.4,,Industrial,,1475020800000.0,X,True,False,AREA OF MINIMAL FLOOD HAZARD,high,,2.0,3.0,0.5,3.0,6.0,4.0,0.305,0.6888867616653442
dc_613e1ba146fa,RagingWire CA2,CA,38.6504002,-121.4919461,contains,0.0,200.0,11,302342.5,126.39161388473376,11.4,17100256.0,201126.0,201125.9,10.63,Industrial,,1316736000000.0,A99,True,True,,high,False,2.0,,0.0,6.0,6.0,3.0,0.135,0.568257212638855
dc_8313dc48caac,RagingWire CA1,CA,38.6504319,-121.4891868,contains,0.0,200.0,8,201126.0,132.19956323015575,10.63,17100269.0,192974.3,192974.1,10.88,Industrial,,1316736000000.0,A99,True,True,,high,False,4.0,,0.0,6.0,6.0,3.0,0.135,0.568257212638855
dc_aaeb2a6d5fa0,Hewlett-Packard,GA,34.0820578,-84.2672921,contains,0.0,200.0,5,250738.6,0.0,,51469664.0,250738.6,250930.7,,Commercial,,1664236800000.0,X,True,False,AREA OF MINIMAL FLOOD HAZARD,high,,2.0,3.0,0.5,3.0,6.0,3.0,0.065,16.0975399017334
dc_4e99cc75cd39,Equinix SV1,CA,37.241767,-121.782967,contains,0.0,200.0,9,127506.0,0.0,,10004099.0,127506.0,128232.9,,Unclassified,,1473897600000.0,D,True,False,,high,,1.0,,0.0,6.0,6.0,3.0,0.605,0.1221932545304298
dc_d4812e5e6145,,OH,39.2940482,-84.4121132,contains,0.0,200.0,4,498893.5,86.37616327110113,13.26,10426228.0,12342.8,12342.81,5.24,Education,,1425168000000.0,X,True,False,AREA OF MINIMAL FLOOD HAZARD,high,False,2.0,1.0,1.0,1.0,1.0,1.0,0.045,17.444948196411133
dc_9558c9615f47,Lumen Sunnyvale 1,CA,37.3734695,-121.9878002,contains,0.0,200.0,17,96124.6,72.29715290663286,8.31,15735890.0,75856.7,75856.66,6.44,Industrial,,1349049600000.0,X,True,False,AREA WITH REDUCED FLOOD RISK DUE TO LEVEE,high,False,2.0,,0.0,6.0,6.0,3.0,0.515,0.1221932545304298
dc_4c8ff415be80,OpenColo,CA,37.3788292,-121.9559257,contains,0.0,200.0,21,79254.4,54.79743879106737,11.41,15746297.0,68510.5,68510.44,8.01,Unclassified,,1349049600000.0,AH,True,True,,high,False,1.0,,0.0,6.0,6.0,,0.545,0.1221932545304298
dc_764778a857ca,Equinix Santa Clara SV2,CA,37.3784704,-121.9549839,contains,0.0,200.0,24,137342.5,187.5372416227406,8.36,15745680.0,79254.4,79254.34,11.41,Industrial,,1349049600000.0,AH,True,True,,high,False,2.0,,0.0,6.0,6.0,,0.555,0.1221932545304298
dc_5de7805a4d95,Layer42 Santa Clara,CA,37.3780374,-121.9541277,contains,0.0,200.0,26,137342.5,185.59580922775547,8.36,15744382.0,25800.7,25800.66,6.61,Industrial,,1349049600000.0,AH,True,True,,high,False,1.0,,0.0,6.0,6.0,,0.555,0.1221932545304298
dc_b00a5fe6d20d,Digital Realty Silicon Valley SJC34,CA,37.3724077,-121.973647,contains,0.0,200.0,14,111468.5,138.74388849282911,7.04,15734455.0,95003.8,95003.7,11.23,Unclassified,,1349049600000.0,X,True,False,0.2 PCT ANNUAL CHANCE FLOOD HAZARD,high,False,1.0,,0.0,6.0,6.0,,0.525,0.1221932545304298
dc_8e694360ade4,Csquare SFO1,CA,37.3714713,-121.9696826,contains,0.0,200.0,11,176528.9,0.0,8.97,15732738.0,176528.9,176528.7,8.97,Unclassified,,1349049600000.0,X,True,False,0.2 PCT ANNUAL CHANCE FLOOD HAZARD,high,False,2.0,,0.0,6.0,6.0,,0.525,0.1221932545304298
dc_c55962889669,,CA,37.3733075,-121.9727778,contains,0.0,200.0,15,107044.8,173.55496903297515,9.43,15736175.0,60370.7,60370.64,5.35,Unclassified,,1349049600000.0,X,True,False,0.2 PCT ANNUAL CHANCE FLOOD HAZARD,high,False,4.0,,0.0,6.0,6.0,,0.525,0.1221932545304298
dc_da9fd4387a5d,Strategic Datasphere,GA,34.0948126,-84.2357244,contains,0.0,200.0,10,160819.9,0.0,,16016100.0,160819.9,160790.6,,Industrial,,1543363200000.0,X,True,False,AREA OF MINIMAL FLOOD HAZARD,high,,1.0,,0.0,6.0,6.0,3.0,0.065,16.0975399017334
dc_c9d4281c0249,Flexential Atlanta - Alpharetta Data Center,GA,34.0869864,-84.2518184,contains,0.0,200.0,4,85409.8,0.0,,16016048.0,85409.8,86141.91,,Commercial,,1543363200000.0,X,True,False,AREA OF MINIMAL FLOOD HAZARD,high,,1.0,,0.0,6.0,6.0,3.0,0.065,16.0975399017334
dc_dca5ba467cc7,Secure Data Center,GA,34.0937063,-84.250878,contains,0.0,200.0,2,209440.1,0.0,,16016091.0,209440.1,210893.3,,Industrial,,1543363200000.0,X,True,False,AREA OF MINIMAL FLOOD HAZARD,high,,3.0,3.0,0.6666666666666666,1.0,6.0,3.0,0.065,16.0975399017334
dc_9590e95f1c65,Cologix Santa Clara SV1 Data Center,CA,37.3654018,-121.9616726,contains,0.0,200.0,45,82786.4,0.0,6.98,15722434.0,82786.4,82786.38,6.98,Industrial,,1349049600000.0,X,True,False,0.2 PCT ANNUAL CHANCE FLOOD HAZARD,high,False,2.0,,0.0,6.0,6.0,3.0,0.545,0.1221932545304298
dc_95ac86b8be5c,Netrality Data Centers,MO,38.629039,-90.197493,nearest,5.4873029185388145,200.0,22,208803.3,47.83462853781592,53.93,11511285.0,26243.0,26242.92,59.34,Unclassified,,1352419200000.0,X,True,False,AREA OF MINIMAL FLOOD HAZARD,high,True,2.0,,0.0,6.0,6.0,,0.165,15.06376838684082
dc_88909d588f3f,Minneapolis Data Center #2,MN,44.9914423,-93.2803397,contains,0.0,200.0,18,100081.6,92.8916044657536,20.55,11107776.0,50803.2,50763.14,8.12,Industrial,1200 WASHINGTON AVENUE NORTH,1335744000000.0,X,True,False,AREA OF MINIMAL FLOOD HAZARD,high,False,1.0,,0.0,6.0,6.0,1.0,0.005,10.622698783874512
dc_e567c4149e4f,Equinix DC14,VA,38.8034341,-77.5105821,contains,0.0,200.0,8,229697.4,118.728191696369,6.78,7698897.0,55785.8,55785.8,13.89,Commercial,7400 INFANTRY RIDGE ROAD,1205280000000.0,X,True,False,AREA OF MINIMAL FLOOD HAZARD,high,True,4.0,,0.0,6.0,6.0,1.0,0.065,12.71955680847168
dc_8e9fdcb36e6f,Amazon IAD11,VA,38.7904948,-77.5411095,contains,0.0,200.0,13,119665.5,0.0,8.25,7696713.0,119665.5,119665.4,8.25,Commercial,7510 MASON KING COURT,1205280000000.0,X,True,False,AREA OF MINIMAL FLOOD HAZARD,high,False,2.0,,0.0,6.0,6.0,1.0,0.065,12.71955680847168
dc_efd5fc83731e,Amazon IAD24,VA,38.7903463,-77.5400098,contains,0.0,200.0,11,119665.5,66.43222214834812,8.25,7696432.0,30221.6,30221.53,6.82,Commercial,7610 MASON KING COURT,1205280000000.0,X,True,False,AREA OF MINIMAL FLOOD HAZARD,high,False,1.0,,0.0,6.0,6.0,1.0,0.065,12.71955680847168
dc_0af20c3aa097,Amazon IAD7,VA,38.7911993,-77.5382664,contains,0.0,200.0,11,106070.8,0.0,11.13,7696751.0,106070.8,106070.8,11.13,Commercial,7505 MASON KING COURT,1205280000000.0,X,True,False,AREA OF MINIMAL FLOOD HAZARD,high,False,2.0,,0.0,6.0,6.0,1.0,0.065,12.71955680847168
dc_e4369ccb8810,CyrusOne CIN2,OH,39.1030798,-84.5173158,nearest,4.099439761678785,200.0,30,1292940.8,77.59342836572883,27.78,10452226.0,58514.1,58514.02,59.33,Government,,1425168000000.0,X,True,False,AREA OF MINIMAL FLOOD HAZARD,high,True,1.0,,0.0,6.0,6.0,,0.045,18.68988990783691
dc_b067df925538,VA 4,VA,38.778,-77.595,contains,0.0,200.0,5,229236.6,0.0,6.75,7690911.0,229236.6,229236.5,6.75,Commercial,8217 LINTON HALL ROAD,1205280000000.0,X,True,False,AREA OF MINIMAL FLOOD HAZARD,high,False,1.0,,0.0,6.0,6.0,2.0,0.065,12.71955680847168
dc_1cb42af58320,Amazon IAD10,VA,39.0216753,-77.4329728,contains,0.0,200.0,7,162823.6,132.73073700733903,,7947795.0,112578.7,112578.6,6.64,Commercial,45360 WEST SEVERN WAY,1205280000000.0,X,True,False,AREA OF MINIMAL FLOOD HAZARD,high,False,1.0,,0.0,6.0,6.0,1.0,0.055,13.613815307617188
dc_9fb1f8d58659,Amazon IAD32,VA,39.0215693,-77.4347944,contains,0.0,200.0,10,162823.6,107.32310257663124,,7947740.0,36101.5,36101.55,7.82,Commercial,1304 SQUIRE COURT,1205280000000.0,X,True,False,AREA OF MINIMAL FLOOD HAZARD,high,False,2.0,,0.0,6.0,6.0,1.0,0.055,13.613815307617188
dc_15ae64532452,NTT RagingWire DC - Hillsboro,OR,45.5496803,-122.9373872,contains,0.0,200.0,8,304620.9,0.0,,3640452.0,304620.9,304377.5,,Industrial,,1564790400000.0,X,True,False,AREA OF MINIMAL FLOOD HAZARD,high,,3.0,1.0,0.3333333333333333,6.0,6.0,2.0,0.175,0.4918390810489654
dc_7d1f285cb791,Centersquare IAD1-B,VA,39.0238679,-77.4152091,contains,0.0,200.0,22,312769.1,128.3467926928955,,7948199.0,78683.7,78683.7,9.05,Commercial,45845 NOKES BOULEVARD,1205280000000.0,X,True,False,AREA OF MINIMAL FLOOD HAZARD,high,False,2.0,,0.0,6.0,6.0,1.0,0.055,13.613815307617188
dc_7c8c55acfb6b,Centersquare IAD1-A,VA,39.0232978,-77.4132123,contains,0.0,200.0,24,312769.1,184.1551500095484,,7948062.0,90584.4,90584.26,9.29,Commercial,45901 NOKES BOULEVARD,1205280000000.0,X,True,False,AREA OF MINIMAL FLOOD HAZARD,high,False,1.0,,0.0,6.0,6.0,1.0,0.055,13.613815307617188
dc_d41fb281d30a,Centersquare IAD1-C,VA,39.024754,-77.4122043,contains,0.0,200.0,8,312769.1,161.5194302261816,,7948392.0,135274.8,135274.6,6.58,Commercial,21110 RIDGETOP CIRCLE,1205280000000.0,X,True,False,AREA OF MINIMAL FLOOD HAZARD,high,False,4.0,,0.0,6.0,6.0,1.0,0.055,13.613815307617188
dc_667e78753bcc,Flexential Minneapolis - Chaska,MN,44.8516116,-93.5988964,contains,0.0,200.0,4,245233.1,182.5804580029948,10.08,11578329.0,137652.1,137549.6,7.4,Commercial,3500 LYMAN BOULEVARD,1335744000000.0,X,True,False,AREA OF MINIMAL FLOOD HAZARD,high,False,1.0,,0.0,6.0,6.0,1.0,0.005,10.41598129272461
dc_f5142250b983,Pearl Plaza Office Building,CO,39.7452303,-104.9793322,contains,0.0,200.0,83,87343.3,117.13470000672656,14.4,15414618.0,78649.0,78648.93,10.6,Commercial,601 EAST 18TH AVENUE,1337212800000.0,X,True,False,AREA OF MINIMAL FLOOD HAZARD,high,False,2.0,,0.0,6.0,6.0,,0.045,10.969576835632324
dc_12f42ac7aa67,Csquare SFO2,CA,37.397572,-121.980963,contains,0.0,200.0,17,129539.7,0.0,5.83,15779597.0,129539.7,129539.6,5.83,Unclassified,,1349049600000.0,X,True,False,AREA WITH REDUCED FLOOD RISK DUE TO LEVEE,high,False,2.0,,0.0,6.0,6.0,3.0,0.505,0.1221932545304298
dc_7535ad317c26,Csquare SFO2,CA,37.3986381,-121.9811563,contains,0.0,200.0,15,129539.7,79.37440531808397,5.83,15781396.0,96587.6,96587.51,4.5,Unclassified,,1349049600000.0,X,True,False,AREA WITH REDUCED FLOOD RISK DUE TO LEVEE,high,False,2.0,,0.0,6.0,6.0,3.0,0.505,0.1221932545304298
dc_1162b8639226,QTS Santa Clara 1,CA,37.3939862,-121.9783207,contains,0.0,200.0,9,87115.7,151.7554305903588,8.34,15773408.0,34791.1,34791.03,9.63,Unclassified,,1349049600000.0,X,True,False,AREA WITH REDUCED FLOOD RISK DUE TO LEVEE,high,False,1.0,,0.0,6.0,6.0,3.0,0.515,0.1221932545304298
dc_e1d7138b0007,CoreSite SV3,CA,37.3751575,-121.9717141,contains,0.0,200.0,11,60370.7,154.04684701257204,5.35,15739277.0,51095.7,51095.68,6.16,Utility and Misc,,1349049600000.0,X,True,False,0.2 PCT ANNUAL CHANCE FLOOD HAZARD,high,False,1.0,,0.0,6.0,6.0,,0.525,0.1221932545304298
dc_c8e79bad6c96,CoreSite SV6,CA,37.3763019,-121.9720837,contains,0.0,200.0,14,52343.5,0.0,5.41,15741427.0,52343.5,52343.48,5.41,Unclassified,,1349049600000.0,X,True,False,0.2 PCT ANNUAL CHANCE FLOOD HAZARD,high,False,2.0,,0.0,6.0,6.0,,0.525,0.1221932545304298
dc_03fb7c7b8edd,CoreSite SV8,CA,37.3773827,-121.97184,contains,0.0,200.0,17,75139.6,113.30031264761716,9.74,15742835.0,27068.5,27068.49,4.97,Unclassified,,1349049600000.0,X,True,False,0.2 PCT ANNUAL CHANCE FLOOD HAZARD,high,False,1.0,,0.0,6.0,6.0,,0.525,0.1221932545304298
dc_77cbe277429a,CoreSite SV5,CA,37.3751959,-121.9706889,contains,0.0,200.0,9,52343.5,115.40953086112016,5.41,15739453.0,24162.9,24162.94,4.5,Unclassified,,1349049600000.0,X,True,False,0.2 PCT ANNUAL CHANCE FLOOD HAZARD,high,False,1.0,,0.0,6.0,6.0,,0.525,0.1221932545304298
dc_c6ae9e1f88c6,CoreSite SV9,CA,37.3755551,-121.9696049,contains,0.0,200.0,13,52343.5,190.3331918118212,5.41,15739848.0,51658.0,51658.01,4.63,Industrial,,1349049600000.0,X,True,False,0.2 PCT ANNUAL CHANCE FLOOD HAZARD,high,False,2.0,,0.0,6.0,6.0,,0.525,0.1221932545304298
dc_2358caf9e233,QTS Santa Clara 2,CA,37.3927307,-121.9784277,contains,0.0,200.0,11,59952.5,172.91106618233687,22.75,15771027.0,35874.8,35874.71,9.77,Unclassified,,1349049600000.0,X,True,False,AREA WITH REDUCED FLOOD RISK DUE TO LEVEE,high,False,1.0,,0.0,6.0,6.0,3.0,0.515,0.1221932545304298
dc_1628a2b176c6,STACK NVA01A - Northern Virginia,VA,39.0046933,-77.4417399,contains,0.0,200.0,8,323484.5,162.6513612513976,,7871229.0,182165.2,182165.0,6.85,Commercial,22080 PACIFIC BOULEVARD,1205280000000.0,X,True,False,AREA OF MINIMAL FLOOD HAZARD,high,False,3.0,1.0,0.6666666666666666,1.0,6.0,1.0,0.055,13.613815307617188
dc_0f239b20a7ba,Minnesota Gateway Data Center,MN,44.9712882,-93.2546974,contains,0.0,200.0,17,88316.9,0.0,12.7,11071597.0,88316.9,88247.18,12.7,Commercial,511 11TH AVENUE SOUTH,1335744000000.0,X,True,False,AREA OF MINIMAL FLOOD HAZARD,high,True,1.0,,0.0,6.0,6.0,1.0,0.005,10.622698783874512
dc_806d588bcd8f,IBM Building,NY,42.64957,-73.75262,nearest,5.756004440436387,200.0,31,220571.1,127.81381687581624,23.43,7263766.0,60325.5,60292.73,30.64,Commercial,74 STATE STREET,1347321600000.0,X,True,False,AREA OF MINIMAL FLOOD HAZARD,high,True,4.0,,0.0,6.0,6.0,3.0,0.055,8.666078567504883
dc_6146656d1013,,MI,42.3262876,-83.0769768,contains,0.0,200.0,52,60579.1,50.025231400800976,10.42,14574716.0,25892.8,25890.79,9.79,Industrial,,1430438400000.0,X,True,False,AREA OF MINIMAL FLOOD HAZARD,high,False,2.0,,0.0,6.0,6.0,1.0,0.035,17.9299373626709
dc_601b882f713f,VA3,VA,38.9484941,-77.3273071,contains,0.0,200.0,13,73412.6,0.0,17.63,7920956.0,73412.6,73412.5,17.63,Commercial,1780 BUSINESS CENTER DRIVE,1205280000000.0,X,True,False,AREA OF MINIMAL FLOOD HAZARD,high,True,1.0,,0.0,6.0,6.0,1.0,0.055,13.629328727722168
dc_9f34fd0de9e0,IAD1,VA,38.9488119,-77.3294144,contains,0.0,200.0,17,73412.6,142.5805030598134,17.63,7920957.0,19093.7,19093.69,7.11,Commercial,1807 MICHAEL FARADAY COURT,1205280000000.0,X,True,False,AREA OF MINIMAL FLOOD HAZARD,high,False,1.0,,0.0,6.0,6.0,1.0,0.055,13.629328727722168
dc_1893390c83ef,CoreSite Reston Campus VA1,VA,38.9506059,-77.3645496,contains,0.0,200.0,9,136878.0,0.0,8.76,7921874.0,136878.0,136877.9,8.76,Commercial,12100 SUNRISE VALLEY DRIVE,1205280000000.0,X,True,False,AREA OF MINIMAL FLOOD HAZARD,high,False,2.0,,0.0,6.0,6.0,1.0,0.055,13.629328727722168
dc_0528a0ff632a,CoreSite Reston VA3,VA,38.9483343,-77.3724298,nearest,0.7292574912602736,200.0,50,137229.8,0.7292574912602736,5.51,7921284.0,137229.8,137229.8,5.51,Commercial,12369 SUNRISE VALLEY DRIVE,1205280000000.0,X,True,False,AREA OF MINIMAL FLOOD HAZARD,high,False,1.0,,0.0,6.0,6.0,1.0,0.055,13.629328727722168
dc_22ddddb49a8e,,NH,43.0761287,-70.8080395,contains,0.0,200.0,5,74536.1,154.52165366813205,,212989.0,9166.6,9164.124,,Commercial,,1540166400000.0,X,True,False,AREA OF MINIMAL FLOOD HAZARD,high,,2.0,,0.0,6.0,6.0,1.0,0.095,2.524503231048584
dc_4acc5a2218d7,Insurance Exchange Building,CO,39.745572,-104.9956909,contains,0.0,200.0,21,1447026.2,123.89495322823758,21.11,15733952.0,106026.7,106026.6,48.25,Unclassified,910 15TH STREET,1337212800000.0,X,True,False,AREA OF MINIMAL FLOOD HAZARD,high,True,2.0,,0.0,6.0,6.0,,0.045,10.969576835632324
dc_5a1da1c84a02,Lincoln Rackhouse Maryland,MD,39.0586081,-76.964467,contains,0.0,200.0,11,146868.0,0.0,6.75,7332777.0,146868.0,146867.9,6.75,Commercial,,1205280000000.0,X,True,False,AREA OF MINIMAL FLOOD HAZARD,high,False,2.0,,0.0,6.0,6.0,1.0,0.055,14.052087783813477
dc_4c8f72b408e3,CyrusOne Cincinnati-Lebanon,OH,39.3889702,-84.2218527,contains,0.0,200.0,4,206001.4,0.0,,6006393.0,206001.4,202933.8,,Industrial,,1414281600000.0,X,True,False,AREA OF MINIMAL FLOOD HAZARD,high,,4.0,1.0,0.75,1.0,1.0,1.0,0.045,17.444948196411133
dc_19939411d9e4,Equinix NY7 Data Center,NJ,40.7968626,-74.0311403,contains,0.0,200.0,9,171634.8,157.51469843779626,17.64,7764209.0,72350.6,72350.56,11.39,Industrial,,1376524800000.0,X,True,False,AREA OF MINIMAL FLOOD HAZARD,high,False,2.0,4.0,0.5,4.0,4.0,4.0,0.105,7.277477264404297
dc_938af684faa3,Equinix SV4,CA,37.4145109,-122.0145563,contains,0.0,200.0,15,95875.5,0.0,7.29,15804968.0,95875.5,95875.44,7.29,Unclassified,,1349049600000.0,AE,True,True,,high,False,2.0,,0.0,6.0,6.0,4.0,0.485,0.0865766629576683
dc_69730b99b070,Verizon - Bloomington Network,MN,44.8072109,-93.375385,contains,0.0,200.0,23,130892.1,190.20109366668655,8.1,11511995.0,53050.9,53009.61,5.68,Industrial,10801 BUSH LAKE ROAD,1335744000000.0,X,True,False,AREA OF MINIMAL FLOOD HAZARD,high,False,2.0,,0.0,6.0,6.0,1.0,0.005,10.622698783874512
dc_08bc73ca6961,H5 Data Centers San Antonio,TX,29.4293706,-98.4869057,contains,0.0,200.0,30,93252.7,164.39657801406048,13.69,28793409.0,39025.2,39025.14,10.63,Commercial,301 BROADWAY,1351728000000.0,X,True,False,AREA OF MINIMAL FLOOD HAZARD,high,False,1.0,,0.0,6.0,6.0,2.0,0.015,13.13881492614746
dc_8570f2737bd4,Aureon,IA,41.5879926,-93.6310139,contains,0.0,200.0,12,2712553.5,104.0527434306595,27.37,7044525.0,9887.0,9879.808,8.81,Commercial,616 10TH STREET,1248652800000.0,X,True,False,AREA OF MINIMAL FLOOD HAZARD,high,False,2.0,,0.0,6.0,6.0,,0.015,14.173967361450195
dc_329f757102fc,,NC,35.5881,-81.2626,contains,0.0,200.0,4,612087.7,0.0,,14010028.0,612087.7,614934.3,,Utility and Misc,5977 STARTOWN ROAD,1448064000000.0,X,True,False,AREA OF MINIMAL FLOOD HAZARD,high,,4.0,2.0,0.25,6.0,6.0,4.0,0.065,12.06896686553955
dc_7dc677ea1823,Patmos KC2,MO,39.0945,-94.5796,contains,0.0,200.0,33,186441.9,0.0,18.55,11275874.0,186441.9,186441.7,18.55,Industrial,1525 MCGEE STREET,1329609600000.0,X,True,False,AREA OF MINIMAL FLOOD HAZARD,high,True,2.0,,0.0,6.0,6.0,,0.025,20.675199508666992
dc_f3e921cb9abe,Digital Realty New York HVN10,CT,41.2407307,-73.1472668,contains,0.0,200.0,9,176240.9,78.93368043166748,7.7,7086679.0,133791.9,133764.2,9.53,Utility and Misc,80 MERRITT BOULEVARD,1345766400000.0,X,True,False,AREA OF MINIMAL FLOOD HAZARD,high,False,2.0,,0.0,6.0,6.0,3.0,0.075,5.519350051879883
dc_73dc9624ff3e,Lincoln Rackhouse,IL,41.7721034,-88.2170821,contains,0.0,200.0,6,81466.9,150.46738365228083,,32005729.0,78053.2,78843.18,,Industrial,,1462406400000.0,X,True,False,AREA OF MINIMAL FLOOD HAZARD,high,,2.0,,0.0,6.0,6.0,1.0,0.035,17.22007942199707
dc_4f3fb90492d6,Digital Realty CH1,IL,41.9942413,-87.961935,contains,0.0,200.0,10,449220.2,0.0,8.81,34582515.0,449220.2,449219.8,8.81,Industrial,2200 BUSSE ROAD,1321315200000.0,X,True,False,AREA OF MINIMAL FLOOD HAZARD,high,False,4.0,,0.0,6.0,6.0,1.0,0.035,16.118194580078125
dc_56b1c9faf7e3,H5 Minneapolis,MN,44.972195,-93.1474731,contains,0.0,200.0,55,107733.0,0.0,6.72,11095202.0,107733.0,107647.3,6.72,Commercial,1125 ENERGY PARK DRIVE,1335744000000.0,X,True,False,AREA OF MINIMAL FLOOD HAZARD,high,False,2.0,,0.0,6.0,6.0,1.0,0.005,10.622698783874512
dc_e797a6f7ed88,Iron Mountain Records Storage,AZ,33.42038,-112.0413257,contains,0.0,200.0,7,135215.7,138.33920754011,11.05,11560244.0,79061.3,79061.23,16.01,Industrial,2955 SOUTH 18TH PLACE,1412467200000.0,X,True,False,0.2 PCT ANNUAL CHANCE FLOOD HAZARD,high,True,1.0,,0.0,6.0,6.0,4.0,0.025,7.057002544403076
dc_01f94da97123,Equinix SV8,CA,37.4458951,-122.160786,contains,0.0,200.0,44,71456.4,0.0,9.55,15840056.0,71456.4,71456.27,9.55,Commercial,,1349049600000.0,X,True,False,0.2 PCT ANNUAL CHANCE FLOOD HAZARD,high,False,1.0,,0.0,6.0,6.0,3.0,0.595,0.0865766629576683
dc_8220a2e039af,NCSA Petascale Computing Facility,IL,40.0952591,-88.2420314,contains,0.0,200.0,14,48318.3,0.0,,10573714.0,48318.3,48458.02,,Education,,1531353600000.0,X,True,False,AREA OF MINIMAL FLOOD HAZARD,high,,4.0,,0.0,6.0,6.0,1.0,0.065,16.583560943603516
dc_cb35267e5332,LexisNexus Springfield,OH,39.9128,-83.72379,contains,0.0,200.0,1,86287.8,0.0,,6000552.0,86287.8,86557.5,,Industrial,,1446940800000.0,X,True,False,AREA OF MINIMAL FLOOD HAZARD,high,,2.0,1.0,0.5,1.0,6.0,1.0,0.045,17.035776138305664
dc_5d6a143d4026,Digital Realty ORD11,IL,41.8743036,-87.6299404,contains,0.0,200.0,27,362171.4,151.10139926606763,46.17,34136315.0,70443.5,70443.47,30.01,Commercial,680 SOUTH FEDERAL STREET,1321315200000.0,X,True,False,AREA OF MINIMAL FLOOD HAZARD,high,True,2.0,,0.0,6.0,6.0,,0.035,16.118194580078125
dc_65815b1ef945,Lumen,AZ,33.494309,-112.0707916,contains,0.0,200.0,52,51286.1,95.1262517631082,26.18,11037197.0,26697.0,26696.98,9.44,Commercial,215 EAST INDIAN SCHOOL ROAD,1412467200000.0,X,True,False,0.2 PCT ANNUAL CHANCE FLOOD HAZARD,high,False,1.0,,0.0,6.0,6.0,4.0,0.025,7.057002544403076
dc_71ee549f276d,L3Harris Technologies Inc,AZ,33.3053366,-111.6716904,contains,0.0,200.0,25,32327.9,84.74180388895061,,4433197.0,15586.7,15333.39,,Commercial,6030 SOUTH KENT,1507507200000.0,D,True,False,,high,,1.0,,0.0,6.0,6.0,4.0,0.025,7.883434772491455
dc_c9d94248f419,AZ Labs,AZ,33.3062801,-111.6717217,contains,0.0,200.0,20,32327.9,157.24526001345373,,4433510.0,32327.9,31567.28,,Commercial,6030 SOUTH KENT,1507507200000.0,D,True,False,,high,,1.0,,0.0,6.0,6.0,4.0,0.025,7.883434772491455
dc_af553fcece3c,Serverfarm CH1,IL,41.8709439,-87.6401413,contains,0.0,200.0,23,522200.1,155.91955008478158,24.34,34135754.0,56570.2,56570.2,32.79,Commercial,840 SOUTH CANAL STREET,1321315200000.0,X,True,False,AREA OF MINIMAL FLOOD HAZARD,high,True,2.0,,0.0,6.0,6.0,,0.035,16.118194580078125
dc_ed04a1ecbe51,Aligned Energy Data Center,AZ,33.6590546,-112.1111595,contains,0.0,200.0,7,516298.6,0.0,7.63,11322460.0,516298.6,516298.2,7.63,Commercial,19200 NORTH 23RD AVENUE,1412467200000.0,X,True,False,0.2 PCT ANNUAL CHANCE FLOOD HAZARD,high,False,4.0,,0.0,6.0,6.0,,0.025,7.146243572235107
dc_94b7312e4711,Lakeside Technology Center,IL,41.8536916,-87.6182716,contains,0.0,200.0,13,4249157.4,60.42519898676281,26.04,35011105.0,247826.3,247826.1,27.25,Commercial,2105 SOUTH PRAIRIE AVENUE,1321315200000.0,X,True,False,AREA OF MINIMAL FLOOD HAZARD,high,True,4.0,,0.0,6.0,6.0,,0.035,16.118194580078125
dc_fb37a9ca7ac1,Flexential Phoenix - Deer Valley,AZ,33.6846775,-112.0983398,nearest,19.309760037634472,200.0,16,88063.2,19.309760037634472,,2706498.0,88063.2,87647.59,,Commercial,1802 WEST DEER VALLEY ROAD,1503792000000.0,X,True,False,0.2 PCT ANNUAL CHANCE FLOOD HAZARD,high,,1.0,,0.0,6.0,6.0,4.0,0.025,7.146243572235107
dc_8a38216b0122,TierPoint,OK,36.1585898,-95.9886293,contains,0.0,200.0,21,51122.6,172.75084921418198,16.8,7110998.0,37277.7,37277.65,7.0,Commercial,,1222992000000.0,X,True,False,AREA OF MINIMAL FLOOD HAZARD,high,False,2.0,,0.0,6.0,6.0,1.0,0.035,21.064456939697266
dc_a4d71aa335ce,Equinix SV5,CA,37.2420719,-121.7817852,nearest,27.54836506169767,200.0,33,127506.0,76.40896797677799,,10004100.0,62367.7,62759.43,,Unclassified,,1473897600000.0,D,True,False,,high,,3.0,,0.0,6.0,6.0,3.0,0.605,0.1221932545304298
dc_1a16f88c10dd,"Union Pacific Jack Koraleski Technology, Research & Development Center",NE,41.31803,-96.05072,contains,0.0,200.0,14,54939.9,0.0,5.73,3221586.0,54939.9,54978.34,5.73,Industrial,8949 SORENSEN PARKWAY,1366848000000.0,X,True,False,AREA OF MINIMAL FLOOD HAZARD,high,False,4.0,1.0,0.5,1.0,1.0,2.0,0.015,15.336313247680664
dc_270c6c0a4182,DataBank Pittsburgh PIT2,PA,40.4513704,-80.1901663,contains,0.0,200.0,6,52108.8,136.346363729184,5.58,7369217.0,37762.2,37762.13,13.02,Commercial,,1312502400000.0,X,True,False,AREA OF MINIMAL FLOOD HAZARD,high,True,1.0,1.0,1.0,1.0,1.0,1.0,0.025,11.686223030090332
dc_42b099cfcbc7,Molina Healthcare,NM,34.995577,-106.617908,contains,0.0,200.0,4,34513.9,90.23942783692112,,12010542.0,26045.4,26038.56,,Industrial,5610 TURING DRIVE SOUTHEAST,1314835200000.0,X,True,False,AREA OF MINIMAL FLOOD HAZARD,high,,2.0,2.0,1.0,2.0,2.0,3.0,0.055,10.36793041229248
dc_3cef3c541b5d,Switch12,NV,36.0617389,-115.2132922,contains,0.0,200.0,6,444665.4,125.33777888149902,11.48,2115010.0,373700.3,373699.9,11.41,Industrial,,1393977600000.0,X,True,False,0.2 PCT ANNUAL CHANCE FLOOD HAZARD,high,False,2.0,,0.0,6.0,6.0,2.0,0.065,3.602787733078003
dc_da72086b812a,Switch Las Vegas 7,NV,36.0599191,-115.210197,contains,0.0,200.0,3,325116.7,0.0,10.39,2112046.0,325116.7,325116.4,10.39,Commercial,,1393977600000.0,X,True,False,0.2 PCT ANNUAL CHANCE FLOOD HAZARD,high,False,4.0,,0.0,6.0,6.0,2.0,0.065,3.602787733078003
dc_06cf1c89d97f,EdgeConneX CHI01,IL,42.0007751,-87.9507686,contains,0.0,200.0,11,267725.7,69.55930919823736,7.03,34585780.0,122953.0,122952.9,10.48,Commercial,1800 NICHOLAS BOULEVARD,1321315200000.0,X,True,False,AREA OF MINIMAL FLOOD HAZARD,high,False,2.0,,0.0,6.0,6.0,,0.035,14.088419914245604
dc_f54271a3c826,,MD,39.3777781,-77.4115448,contains,0.0,200.0,7,66274.1,0.0,,74394.0,66274.1,66579.31,,Unclassified,7300 CRESTWOOD BOULEVARD,1564358400000.0,X,True,False,AREA OF MINIMAL FLOOD HAZARD,high,,2.0,,0.0,6.0,6.0,2.0,0.055,13.613815307617188
dc_2a69da90abd8,Verizon Wireline Network Building,NJ,40.4949031,-74.4430949,nearest,1.8205424864155717,200.0,40,133391.2,204.049437947297,,6002821.0,64477.1,64196.74,,Education,365 GEORGE STREET,1464480000000.0,X,True,False,AREA OF MINIMAL FLOOD HAZARD,high,,1.0,,0.0,6.0,6.0,4.0,0.095,6.169474124908447
dc_535d66b5f9b6,RagingWire CA3,CA,38.6442393,-121.4987627,contains,0.0,200.0,9,211280.5,118.75317471513014,10.91,17096688.0,153600.1,153600.0,9.36,Industrial,,1316736000000.0,A99,True,True,,high,False,2.0,,0.0,6.0,6.0,,0.135,0.568257212638855
dc_f5d875508817,,IA,41.2214856,-95.863822,contains,0.0,200.0,56,231457.8,0.0,10.94,7152410.0,231457.8,231601.1,10.94,Unclassified,1430 VETERANS MEMORIAL HIGHWAY,1366848000000.0,X,True,False,AREA WITH REDUCED FLOOD RISK DUE TO LEVEE,high,False,4.0,1.0,0.25,6.0,6.0,1.0,0.015,17.158601760864258
dc_8d7d400daa85,360 Spear Street Data Center,CA,37.789282,-122.39009,nearest,3.64581717426328,200.0,26,75143.0,3.64581717426328,22.9,16279841.0,75143.0,75142.94,22.9,Industrial,,1349049600000.0,X,True,False,AREA OF MINIMAL FLOOD HAZARD,high,True,1.0,,0.0,6.0,6.0,3.0,0.475,0.0928128734230995
dc_df94ebb7df29,Equinix New York Secaucus NY5,NJ,40.7785845,-74.0723242,contains,0.0,200.0,9,209095.1,0.0,13.28,7727396.0,209095.1,209094.9,13.28,Commercial,,1376524800000.0,AE,True,True,,high,True,3.0,,0.0,6.0,6.0,,0.105,7.277477264404297
dc_e2b5deb384b2,Equinix New York Secaucus NY4,NJ,40.7764281,-74.0697759,contains,0.0,200.0,9,312598.6,0.0,13.75,7724573.0,312598.6,312598.4,13.75,Industrial,,1376524800000.0,AE,True,True,,high,True,3.0,,0.0,6.0,6.0,,0.105,7.277477264404297
dc_73f7a3eb7f29,Equinix NY3,NJ,40.7749028,-74.0689687,contains,0.0,200.0,7,312598.6,81.47110554432436,13.75,7721280.0,272943.0,272942.7,12.01,Utility and Misc,,1376524800000.0,X,True,False,AREA OF MINIMAL FLOOD HAZARD,high,True,2.0,,0.0,6.0,6.0,3.0,0.105,7.277477264404297
dc_1cb4fe2a0b9e,Equinix New York Secaucus NY2,NJ,40.7772907,-74.0759403,contains,0.0,200.0,7,432722.0,0.0,9.38,7726415.0,432722.0,432721.7,9.38,Industrial,,1376524800000.0,AE,True,True,,high,False,4.0,,0.0,6.0,6.0,3.0,0.105,7.277477264404297
dc_22a977948445,Centersquare NYC3 Data Center,NJ,40.786164,-74.0691645,contains,0.0,200.0,26,772371.8,110.85360300588432,9.62,7740403.0,142610.8,142610.5,7.81,Industrial,,1376524800000.0,X,True,False,AREA OF MINIMAL FLOOD HAZARD,high,False,1.0,,0.0,6.0,6.0,,0.105,7.277477264404297
dc_d983542baf94,QTS Sacramento,CA,38.6463763,-121.4862686,contains,0.0,200.0,14,107572.1,136.60658081734144,6.87,17097975.0,89988.2,89988.13,8.86,Industrial,,1316736000000.0,A99,True,True,,high,False,2.0,,0.0,6.0,6.0,3.0,0.135,0.568257212638855
dc_5c2f48f1f831,,MO,39.2906383,-94.6759163,contains,0.0,200.0,9,343842.3,117.57413425978535,9.58,11036301.0,58591.8,58591.74,6.83,Industrial,10828 NORTH AIRWORLD DRIVE,1270080000000.0,X,True,False,AREA OF MINIMAL FLOOD HAZARD,high,False,1.0,,0.0,6.0,6.0,1.0,0.025,20.675199508666992
dc_0ea9fc7adeb0,Lincoln Rackhouse Kansas City,MO,39.2955554,-94.6734862,nearest,2.1067392582427904,200.0,10,183098.9,2.1067392582427904,8.39,11036363.0,183098.9,183098.8,8.39,Commercial,11155 NORTH AIRWORLD DRIVE,1270080000000.0,X,True,False,AREA OF MINIMAL FLOOD HAZARD,high,False,4.0,1.0,0.25,6.0,6.0,3.0,0.025,20.675199508666992
dc_603a01fbe6f3,Black Rock Financial Management,MO,39.2954814,-94.6780114,contains,0.0,200.0,3,58398.6,0.0,11.28,11036361.0,58398.6,58398.59,11.28,Commercial,7901 NORTHWEST 112TH STREET,1270080000000.0,X,True,False,AREA OF MINIMAL FLOOD HAZARD,high,False,2.0,1.0,0.5,1.0,1.0,3.0,0.025,20.675199508666992
dc_7517a65ae363,,MO,39.3024057,-94.6847918,contains,0.0,200.0,11,106734.3,46.94189372290517,17.8,11036433.0,51624.3,51624.21,7.68,Commercial,11530 NORTH AMBASSADOR DRIVE,1270080000000.0,X,True,False,AREA OF MINIMAL FLOOD HAZARD,high,False,1.0,,0.0,6.0,6.0,3.0,0.025,20.675199508666992
dc_f9a1698669ea,Cherokee Data Center,OK,36.2625496,-95.9100413,nearest,14.848038232727244,200.0,2,351189.5,14.848038232727244,,4200602.0,351189.5,348111.5,,Commercial,,1468972800000.0,X,True,False,AREA OF MINIMAL FLOOD HAZARD,high,,4.0,1.0,0.5,1.0,6.0,2.0,0.035,21.064456939697266
dc_f9657e3a222d,CyrusOne Chicago Aurora CME,IL,41.7966077,-88.2438232,nearest,12.53485925487542,200.0,4,273933.8,12.53485925487542,,32005777.0,273933.8,273512.6,,Industrial,,1462406400000.0,X,True,False,AREA OF MINIMAL FLOOD HAZARD,high,,3.0,,0.0,6.0,6.0,1.0,0.035,17.22007942199707
dc_56db95055eaf,Xfinity/Comcast Data Center,CO,39.5883237,-104.8324181,contains,0.0,200.0,15,94896.2,192.85176572497397,9.27,15382299.0,51291.2,51291.18,6.8,Commercial,7059 SOUTH POTOMAC STREET,1337212800000.0,X,True,False,AREA OF MINIMAL FLOOD HAZARD,high,False,1.0,3.0,1.0,3.0,3.0,4.0,0.045,10.969576835632324
dc_84c0a8b27128,IO Datacenter,NJ,40.5208169,-74.3472226,contains,0.0,200.0,3,772602.8,0.0,12.69,7393299.0,772602.8,772602.1,12.69,Commercial,3003 WOODBRIDGE AVENUE,1376524800000.0,X,True,False,AREA OF MINIMAL FLOOD HAZARD,high,True,3.0,3.0,0.3333333333333333,6.0,6.0,4.0,0.095,7.277477264404297
dc_72f68f42d432,DataBank Piscataway EWR2,NJ,40.5492135,-74.4582096,contains,0.0,200.0,8,372150.7,175.1128136849447,,6003243.0,74753.4,73180.33,,Industrial,25 CORPORATE PLACE SOUTH,1464480000000.0,X,True,False,AREA OF MINIMAL FLOOD HAZARD,high,,2.0,2.0,0.5,2.0,6.0,4.0,0.095,7.277477264404297
dc_ba26367c42aa,Optimum,NJ,40.5468425,-74.4920459,contains,0.0,200.0,7,72510.7,0.0,,6003210.0,72510.7,72124.3,,Industrial,275 CENTENNIAL AVENUE,1508371200000.0,X,True,False,AREA OF MINIMAL FLOOD HAZARD,high,,3.0,,0.0,6.0,6.0,4.0,0.095,7.277477264404297
dc_41293169fcf5,Equinix,NJ,40.5449197,-74.4953594,contains,0.0,200.0,13,109854.7,74.16602678168886,,6003190.0,68551.9,69659.21,,Unclassified,,1508371200000.0,X,True,False,AREA OF MINIMAL FLOOD HAZARD,high,,2.0,,0.0,6.0,6.0,4.0,0.095,7.277477264404297
dc_8e83f64e34c5,Barclays Datacenter,NJ,40.5472443,-74.4597373,contains,0.0,200.0,15,372150.7,0.0,,6003226.0,372150.7,375431.8,,Industrial,40 CORPORATE PLACE SOUTH,1464480000000.0,X,True,False,AREA OF MINIMAL FLOOD HAZARD,high,,3.0,,0.0,6.0,6.0,4.0,0.095,7.277477264404297
dc_22a625aec698,Digital Realty New York EWR12,NJ,40.5529283,-74.4592038,contains,0.0,200.0,14,338403.0,0.0,,6009074.0,338403.0,338038.5,,Industrial,1115 CENTENNIAL AVENUE,1464480000000.0,X,True,False,AREA OF MINIMAL FLOOD HAZARD,high,,2.0,,0.0,6.0,6.0,3.0,0.095,7.277477264404297
dc_c2f3fa259c37,Digital Realty New York EWR11,NJ,40.5537931,-74.4571024,nearest,14.71878889797706,200.0,12,338403.0,137.60489682858568,,1228531.0,461.9,473.6764,,Industrial,,1464480000000.0,X,True,False,AREA OF MINIMAL FLOOD HAZARD,high,,1.0,,0.0,6.0,6.0,4.0,0.095,7.277477264404297
dc_8eb668a8b3c3,Intergate Seattle East Building 2,WA,47.4950309,-122.2905696,contains,0.0,200.0,11,400567.6,78.4848788954794,14.64,10091102.0,108720.8,108641.5,8.67,Industrial,,1273190400000.0,X,True,False,AREA OF MINIMAL FLOOD HAZARD,high,False,1.0,,0.0,6.0,6.0,1.0,0.345,0.4631632566452026
dc_9f04712f31d7,Intergate Seattle East Building 1,WA,47.4948597,-122.2881943,contains,0.0,200.0,17,400567.6,124.10840347022342,14.64,10090970.0,98424.8,98353.01,8.69,Industrial,,1273190400000.0,X,True,False,AREA OF MINIMAL FLOOD HAZARD,high,False,3.0,,0.0,6.0,6.0,1.0,0.345,0.4631632566452026
dc_9244f32ac697,Equinix SV15,CA,37.3754952,-121.9884063,contains,0.0,200.0,21,75856.7,189.17197708492827,6.44,15739569.0,36901.2,36901.17,11.62,Unclassified,,1349049600000.0,X,True,False,AREA WITH REDUCED FLOOD RISK DUE TO LEVEE,high,False,1.0,,0.0,6.0,6.0,3.0,0.515,0.1221932545304298
dc_518875f9d853,Equinix SV16,CA,37.3761243,-121.9886718,contains,0.0,200.0,18,68813.0,184.0160815008816,6.44,15741183.0,63666.9,63666.85,7.5,Unclassified,,1349049600000.0,AH,True,True,,high,False,1.0,,0.0,6.0,6.0,3.0,0.515,0.1221932545304298
dc_9c927d5b249c,Equinix SV17,CA,37.3765309,-121.9885825,contains,0.0,200.0,16,68813.0,176.38372339687106,6.44,15741183.0,63666.9,63666.85,7.5,Unclassified,,1349049600000.0,AH,True,True,,high,False,1.0,,0.0,6.0,6.0,3.0,0.515,0.1221932545304298
dc_a9ccce6607ff,Equinix SV14,CA,37.3749843,-121.9884742,contains,0.0,200.0,20,75856.7,134.04933793210097,6.44,15738289.0,19912.0,19912.0,4.74,Industrial,,1349049600000.0,X,True,False,AREA WITH REDUCED FLOOD RISK DUE TO LEVEE,high,False,4.0,,0.0,6.0,6.0,3.0,0.515,0.1221932545304298
dc_27bede9eb66c,CoreSite SV4,CA,37.3762614,-121.9706851,contains,0.0,200.0,13,52343.5,96.39912519997569,5.41,15741365.0,50301.4,50301.3,12.13,Utility and Misc,,1349049600000.0,X,True,False,0.2 PCT ANNUAL CHANCE FLOOD HAZARD,high,True,2.0,,0.0,6.0,6.0,,0.525,0.1221932545304298
dc_49bdf2fd4426,Lumen Santa Clara,CA,37.3770332,-121.952059,contains,0.0,200.0,40,55596.6,124.64672369744748,14.62,15742623.0,25060.5,25060.48,11.53,Industrial,,1349049600000.0,X,True,False,AREA WITH REDUCED FLOOD RISK DUE TO LEVEE,high,False,1.0,,0.0,6.0,6.0,,0.555,0.1221932545304298
dc_3e5f70660fb6,Prime Santa Clara,CA,37.3750172,-121.9532497,contains,0.0,200.0,15,710884.7,143.23936823686478,9.26,15739092.0,35866.3,35866.29,5.06,Industrial,,1349049600000.0,X,True,False,0.2 PCT ANNUAL CHANCE FLOOD HAZARD,high,False,1.0,,0.0,6.0,6.0,,0.555,0.1221932545304298
dc_dc75a6364fe9,Digital Realty Silicon Valley SJC10,CA,37.375822,-121.9533359,contains,0.0,200.0,17,55596.6,0.0,14.62,15740644.0,55596.6,55596.56,14.62,Unclassified,,1349049600000.0,X,True,False,AREA WITH REDUCED FLOOD RISK DUE TO LEVEE,high,True,1.0,,0.0,6.0,6.0,,0.555,0.1221932545304298
dc_7e1ec0fe32da,Colovore,CA,37.3767228,-121.9531439,contains,0.0,200.0,31,79254.4,183.5376564960747,11.41,15741975.0,24981.6,24981.6,4.8,Industrial,,1349049600000.0,X,True,False,AREA WITH REDUCED FLOOD RISK DUE TO LEVEE,high,False,1.0,,0.0,6.0,6.0,,0.555,0.1221932545304298
dc_67a4e14e8e91,Digital Realty Silicon Valley SJC30,CA,37.3782874,-121.9581107,contains,0.0,200.0,18,95002.4,100.49598061536088,5.29,15744977.0,52129.7,52129.61,8.41,Unclassified,,1349049600000.0,X,True,False,AREA WITH REDUCED FLOOD RISK DUE TO LEVEE,high,False,2.0,,0.0,6.0,6.0,,0.545,0.1221932545304298
dc_bbef47685601,Digital Realty Silicon Valley SJC15,CA,37.3749966,-121.9540769,contains,0.0,200.0,14,710884.7,147.6747648027153,9.26,15739006.0,24212.9,24212.93,7.42,Unclassified,,1349049600000.0,X,True,False,0.2 PCT ANNUAL CHANCE FLOOD HAZARD,high,False,2.0,,0.0,6.0,6.0,,0.555,0.1221932545304298
dc_3fa01f9ed0e0,Digital Realty Silicon Valley SJC16,CA,37.3749324,-121.9559987,contains,0.0,200.0,17,710884.7,189.47517089929565,9.26,15738809.0,42828.6,42828.62,7.26,Unclassified,,1349049600000.0,X,True,False,0.2 PCT ANNUAL CHANCE FLOOD HAZARD,high,False,2.0,,0.0,6.0,6.0,,0.555,0.1221932545304298
dc_05ba33d454f3,Digital Realty Silicon Valley SJC29,CA,37.3750232,-121.9580962,contains,0.0,200.0,16,51501.9,160.84771851663018,4.42,15739012.0,39991.6,39991.59,7.01,Industrial,,1349049600000.0,X,True,False,0.2 PCT ANNUAL CHANCE FLOOD HAZARD,high,False,1.0,,0.0,6.0,6.0,,0.545,0.1221932545304298
dc_13ba42acb0f3,Csquare SFO4,CA,37.3757986,-121.9551844,contains,0.0,200.0,19,55596.6,120.39206321169786,14.62,15740490.0,28105.6,28105.52,10.57,Unclassified,,1349049600000.0,X,True,False,AREA WITH REDUCED FLOOD RISK DUE TO LEVEE,high,False,1.0,,0.0,6.0,6.0,,0.555,0.1221932545304298
dc_7cdd84794129,Prime SANTA CLARA DATA CENTER,CA,37.3750292,-121.9548775,contains,0.0,200.0,18,710884.7,155.78068594447856,9.26,15739096.0,26249.3,26249.26,5.72,Commercial,,1349049600000.0,X,True,False,0.2 PCT ANNUAL CHANCE FLOOD HAZARD,high,False,2.0,,0.0,6.0,6.0,,0.555,0.1221932545304298
dc_b7521d3b140b,Digital Realty Silicon Valley SJC11,CA,37.3763668,-121.9485649,contains,0.0,200.0,38,47541.6,0.0,11.64,15741522.0,47541.6,47541.51,11.64,Unclassified,,1349049600000.0,X,True,False,AREA WITH REDUCED FLOOD RISK DUE TO LEVEE,high,False,2.0,,0.0,6.0,6.0,,0.565,0.1221932545304298
dc_a33e0eaf3913,Lumen,CA,37.3775848,-121.9506821,contains,0.0,200.0,38,47541.6,191.7286269368932,11.64,15743432.0,15312.9,15312.89,10.71,Unclassified,,1349049600000.0,X,True,False,AREA WITH REDUCED FLOOD RISK DUE TO LEVEE,high,False,1.0,,0.0,6.0,6.0,,0.555,0.1221932545304298
dc_6e6524e46803,Silicon Valley SJC31,CA,37.3722213,-121.9482625,contains,0.0,200.0,8,181056.5,114.70504531353588,6.92,15734484.0,155167.8,155167.7,5.99,Unclassified,,1349049600000.0,X,True,False,AREA WITH REDUCED FLOOD RISK DUE TO LEVEE,high,False,1.0,,0.0,6.0,6.0,,0.565,0.1221932545304298
dc_3b4009cb1bbc,,CA,37.3797897,-121.9499034,contains,0.0,200.0,22,50293.4,161.82825470434037,7.44,15747428.0,16458.3,16458.28,12.76,Unclassified,,1349049600000.0,X,True,False,0.2 PCT ANNUAL CHANCE FLOOD HAZARD,high,True,1.0,,0.0,6.0,6.0,,0.555,0.1221932545304298
dc_a0f51e098a77,Evocative Santa Clara SJC11,CA,37.3895364,-121.9619398,contains,0.0,200.0,11,915130.9,199.95271716619823,14.43,15765079.0,52129.4,52129.36,6.97,Unclassified,,1349049600000.0,X,True,False,AREA WITH REDUCED FLOOD RISK DUE TO LEVEE,high,False,2.0,,0.0,6.0,6.0,,0.535,0.1221932545304298
dc_c161f3e80fbd,QTS Chicago,IL,41.84219,-87.6689434,contains,0.0,200.0,5,549235.6,142.66265134037434,11.32,34991138.0,237388.5,237388.3,12.92,Commercial,2800 SOUTH ASHLAND AVENUE,1321315200000.0,X,True,False,AREA OF MINIMAL FLOOD HAZARD,high,True,2.0,,0.0,6.0,6.0,,0.035,16.118194580078125
dc_20809b86822e,Iron Mountain Data & Record Storage,IL,41.8487049,-87.6454577,contains,0.0,200.0,16,104538.8,0.0,11.62,35002381.0,104538.8,104538.6,11.62,Industrial,2425 SOUTH HALSTED STREET,1321315200000.0,X,True,False,AREA OF MINIMAL FLOOD HAZARD,high,False,3.0,,0.0,6.0,6.0,,0.035,16.118194580078125
dc_10efe220e9f8,Data Storage Centers,AZ,33.4216928,-112.0343031,contains,0.0,200.0,18,170783.4,105.99017126784484,11.33,11560384.0,38618.4,38618.37,8.99,Industrial,2223 EAST MAGNOLIA STREET,1412467200000.0,X,True,False,0.2 PCT ANNUAL CHANCE FLOOD HAZARD,high,False,1.0,4.0,1.0,4.0,4.0,4.0,0.025,7.057002544403076
dc_c737f1f6d886,TierPoint Boston - Andover,MA,42.6857078,-71.2086024,contains,0.0,200.0,16,65121.1,200.43178665242652,,6004099.0,50781.5,50374.07,,Industrial,15 SHATTUCK ROAD,1527724800000.0,X,True,False,AREA OF MINIMAL FLOOD HAZARD,high,,1.0,,0.0,6.0,6.0,3.0,0.095,3.484011173248291
dc_277c0f0581fc,Markley Data Center,MA,42.6302832,-71.3045615,contains,0.0,200.0,79,185179.8,0.0,,6003965.0,185179.8,186535.9,,Industrial,2 PRINCE AVENUE,1527724800000.0,X,True,False,AREA OF MINIMAL FLOOD HAZARD,high,,2.0,,0.0,6.0,6.0,3.0,0.095,3.484011173248291
dc_2705b2329455,Flexential Charlotte - South,NC,35.1354147,-80.9368313,contains,0.0,200.0,31,36645.1,110.38537331994368,7.7,15023076.0,35262.6,35262.55,8.4,Commercial,8910 LENOX POINTE DRIVE,1328745600000.0,X,True,False,AREA OF MINIMAL FLOOD HAZARD,high,False,1.0,,0.0,6.0,6.0,4.0,0.065,14.088505744934082
dc_83ab1d091133,Digital Realty Data Center,AZ,33.3446197,-111.8992189,contains,0.0,200.0,19,118548.7,144.14408643006698,,11578006.0,55912.4,55912.33,8.3,Education,2055 EAST TECHNOLOGY CIRCLE,1412467200000.0,X,True,False,0.2 PCT ANNUAL CHANCE FLOOD HAZARD,high,False,2.0,,0.0,6.0,7.0,4.0,0.025,7.883434772491455
dc_d05d1d438fa4,,WA,47.6933236,-122.3173172,contains,0.0,200.0,155,10358.4,140.92563631194062,,4710545.0,8906.9,8900.401,,Industrial,,1565740800000.0,X,True,False,AREA OF MINIMAL FLOOD HAZARD,high,,1.0,,0.0,6.0,6.0,1.0,0.325,0.6047859191894531
dc_7595c5d5e7dc,Equinix DC97,VA,38.9615728,-77.3774178,contains,0.0,200.0,18,54751.5,119.54106466799082,4.22,7924636.0,45835.7,45835.68,7.23,Unclassified,460 SPRINGPARK PLACE,1205280000000.0,X,True,False,AREA OF MINIMAL FLOOD HAZARD,high,False,1.0,,0.0,6.0,6.0,1.0,0.055,13.629328727722168
dc_957ede7b418e,Amazon IAD-55,VA,38.815021,-77.64868,contains,0.0,200.0,2,241763.7,0.0,,51639215.0,241763.7,241885.0,,Commercial,15395 JOHN MARSHALL HIGHWAY,1654387200000.0,X,True,False,AREA OF MINIMAL FLOOD HAZARD,high,,3.0,2.0,0.3333333333333333,2.0,6.0,2.0,0.065,12.71955680847168
dc_2a2a32281bd3,CTI Biopharma,WA,47.6177873,-122.356694,contains,0.0,200.0,23,54654.1,49.35797643941291,18.66,10159834.0,20743.2,20727.85,29.63,Industrial,,1273190400000.0,X,True,False,AREA OF MINIMAL FLOOD HAZARD,high,True,1.0,,0.0,6.0,6.0,,0.345,0.6047859191894531
dc_470dccd260a2,Westin Building,WA,47.6143555,-122.3388637,contains,0.0,200.0,27,139990.0,0.0,47.9,10158492.0,139990.0,139886.5,47.9,Industrial,,1273190400000.0,X,True,False,AREA OF MINIMAL FLOOD HAZARD,high,True,2.0,,0.0,6.0,6.0,,0.345,0.6047859191894531
dc_07c6d715a86b,COPT Data Center,VA,38.7439,-77.5334,nearest,4.517126422673544,200.0,8,126305.8,4.517126422673544,,50263161.0,126305.8,126355.5,,Unclassified,9740 HORNBAKER ROAD,1654387200000.0,X,True,False,AREA OF MINIMAL FLOOD HAZARD,high,,1.0,1.0,1.0,1.0,1.0,2.0,0.065,12.71955680847168
dc_716763afa8e2,Dell 350 Holger Way,CA,37.419148,-121.942563,nearest,59.64980875769608,200.0,49,36502.9,59.64980875769608,10.24,15810109.0,36502.9,36502.85,10.24,Unclassified,,1349049600000.0,X,True,False,0.2 PCT ANNUAL CHANCE FLOOD HAZARD,high,False,1.0,,0.0,6.0,6.0,2.0,0.565,0.1221932545304298
dc_4608aa9b25e5,SV Colo,CA,37.3642804,-121.9587878,contains,0.0,200.0,34,142221.4,80.07713950016905,7.62,15719782.0,58856.9,58856.8,7.05,Industrial,,1349049600000.0,X,True,False,0.2 PCT ANNUAL CHANCE FLOOD HAZARD,high,False,2.0,,0.0,6.0,6.0,3.0,0.545,0.1221932545304298
dc_c006ad7d9563,Microsoft,CA,37.3621026,-121.9464586,nearest,19.137463499582548,200.0,32,297381.2,147.28366078690394,8.49,15716152.0,162574.3,162574.0,12.37,Industrial,,1349049600000.0,X,True,False,AREA WITH REDUCED FLOOD RISK DUE TO LEVEE,high,True,4.0,,0.0,6.0,6.0,3.0,0.565,0.1221932545304298
dc_4b5149e761b0,OVH US East Vint Hill,VA,38.7474201,-77.6744649,contains,0.0,200.0,13,94953.2,0.0,,6007185.0,94953.2,95697.92,,Education,6872 WATSON COURT,1540857600000.0,X,True,False,AREA OF MINIMAL FLOOD HAZARD,high,,4.0,2.0,0.75,1.0,1.0,2.0,0.065,12.71955680847168
dc_158b610b5b1a,NCAR-Wyoming Supercomputing Center,WY,41.1287467,-104.8974315,contains,0.0,200.0,2,117645.1,0.0,,16000033.0,117645.1,117551.2,,Unclassified,8120 VETA DRIVE,1597017600000.0,X,True,False,AREA OF MINIMAL FLOOD HAZARD,high,,4.0,2.0,0.75,2.0,6.0,2.0,0.055,9.38316249847412
dc_2e8820a1a344,The Seattle Times,WA,47.6189539,-122.3365314,contains,0.0,200.0,30,88697.5,113.30966557803534,11.67,10160589.0,57562.8,57520.25,9.51,Industrial,,1273190400000.0,X,True,False,AREA OF MINIMAL FLOOD HAZARD,high,False,2.0,,0.0,6.0,6.0,,0.345,0.6047859191894531
dc_5b707782623f,Google Data Center The Dalles Oregon,OR,45.63195,-121.2015,contains,0.0,200.0,12,188402.2,0.0,,5000936.0,188402.2,188342.5,,Industrial,,1536451200000.0,,False,,,high,,4.0,3.0,0.25,6.0,6.0,4.0,0.0849999999999999,0.5895698070526123
dc_3f99881e922b,Segra Data Center,NC,35.7249921,-78.6623632,contains,0.0,200.0,4,58249.9,66.08773497010017,,52105614.0,56718.4,56735.5,,Industrial,2100 GARNER STATION BOULEVARD,1583625600000.0,X,True,False,AREA OF MINIMAL FLOOD HAZARD,high,,4.0,3.0,0.75,1.0,6.0,3.0,0.035,15.275832176208496
dc_585eb4a76a27,Equinix Ashburn DC2,VA,39.0163894,-77.4590691,contains,0.0,200.0,12,194683.4,126.48781638163732,9.79,7872812.0,151465.6,151465.7,9.2,Commercial,21715 FILIGREE COURT,1205280000000.0,X,True,False,AREA OF MINIMAL FLOOD HAZARD,high,False,3.0,1.0,0.3333333333333333,6.0,6.0,1.0,0.055,13.613815307617188
dc_1cbea47b2e15,H5 Data Centers Ashburn,VA,39.0136782,-77.4517194,contains,0.0,200.0,5,145850.3,190.87665491520255,,7872495.0,69988.8,69988.75,6.98,Commercial,21800 BEAUMEADE CIRCLE,1205280000000.0,X,True,False,AREA OF MINIMAL FLOOD HAZARD,high,False,1.0,,0.0,6.0,6.0,1.0,0.055,13.613815307617188
dc_e797c79230f0,TierPoint Sioux Falls West Data Center,SD,43.60708,-96.80975,nearest,48.98554156063827,200.0,3,15625.7,48.98554156063827,,904949.0,15625.7,15625.18,,Utility and Misc,,1563408000000.0,X,True,False,AREA OF MINIMAL FLOOD HAZARD,high,,1.0,1.0,1.0,1.0,1.0,2.0,0.015,15.18335247039795
dc_7f9ae02ccc0f,Lumen McLean,VA,38.91947,-77.21238,nearest,14.595204970746575,200.0,15,75263.9,158.0906771848738,11.81,7904253.0,26712.5,26712.5,7.91,Unclassified,1761 OLD MEADOW ROAD,1205280000000.0,X,True,False,AREA OF MINIMAL FLOOD HAZARD,high,False,1.0,,0.0,6.0,6.0,1.0,0.055,13.629328727722168
dc_2844929e4bbb,DataBank McLean IAD2,VA,38.9199052,-77.213585,contains,0.0,200.0,12,75263.9,112.3836361176408,11.81,7904695.0,37934.4,37934.38,15.19,Commercial,1764 OLD MEADOW LANE,1205280000000.0,X,True,False,AREA OF MINIMAL FLOOD HAZARD,high,True,2.0,,0.0,6.0,6.0,1.0,0.055,13.629328727722168
dc_103846411abf,eBay,UT,40.5636,-112.0478,contains,0.0,200.0,6,214943.3,0.0,,13000655.0,214943.3,214813.0,,Commercial,6614 WEST CRIMSON VIEW DRIVE,1566086400000.0,X,True,False,AREA OF MINIMAL FLOOD HAZARD,high,,2.0,2.0,1.0,2.0,2.0,2.0,0.165,5.1958088874816895
dc_7dc82ae0dd2a,Equinix Chicago Data CH7,IL,41.8125627,-87.9728504,contains,0.0,200.0,11,188073.2,62.02992075617553,6.6,35156183.0,48024.2,48024.14,6.1,Industrial,111 PLAZA DRIVE,1321315200000.0,X,True,False,AREA OF MINIMAL FLOOD HAZARD,high,False,2.0,,0.0,6.0,6.0,1.0,0.035,16.118194580078125
dc_201440cfd9cd,PhoenixNAP,AZ,33.416077,-112.0094718,contains,0.0,200.0,31,122254.4,151.34333708851167,6.94,11559737.0,79846.3,79846.24,10.41,Commercial,3402 EAST UNIVERSITY DRIVE,1412467200000.0,X,True,False,0.2 PCT ANNUAL CHANCE FLOOD HAZARD,high,False,2.0,,0.0,6.0,6.0,4.0,0.025,7.057002544403076
dc_bdfc6ad54e05,Merrill Lynch Data Center,NY,40.60411,-74.1793,nearest,32.16176334631002,200.0,14,96047.8,32.16176334631002,15.35,7697825.0,96047.8,95982.28,15.35,Education,5 TELEPORT DRIVE,1376524800000.0,X,True,False,AREA OF MINIMAL FLOOD HAZARD,high,True,1.0,,0.0,6.0,6.0,4.0,0.105,7.277477264404297
dc_1bc2b9120fd7,Telehouse Teleport,NY,40.60712,-74.17499,contains,0.0,200.0,6,94211.7,119.93540769374523,10.94,7699297.0,66714.6,66669.24,13.09,Commercial,7 TELEPORT DRIVE,1376524800000.0,X,True,False,AREA OF MINIMAL FLOOD HAZARD,high,True,1.0,,0.0,6.0,6.0,4.0,0.105,7.277477264404297
dc_dbe2757c8762,32 Avenue of the Americas,NY,40.719994,-74.0045683,contains,0.0,200.0,24,91414.9,76.29806924278463,26.94,7730897.0,48868.6,48838.0,106.8,Industrial,32 AVENUE OF THE AMERICAS,1376524800000.0,X,True,False,AREA OF MINIMAL FLOOD HAZARD,high,True,1.0,,0.0,6.0,6.0,,0.095,7.277477264404297
dc_0dc2e0d5e422,4120 Lafayette Center Drive,VA,38.9059013,-77.4689724,contains,0.0,200.0,8,80945.0,166.99296332812511,6.57,7861198.0,51040.4,51040.33,7.66,Industrial,4120 LAFAYETTE CENTER DRIVE,1205280000000.0,X,True,False,AREA OF MINIMAL FLOOD HAZARD,high,False,1.0,,0.0,6.0,6.0,1.0,0.065,13.629328727722168
dc_574dbb1df5a6,Digital Realty,VA,38.9101164,-77.4725921,contains,0.0,200.0,7,76254.3,161.5350674445459,4.88,7861947.0,72631.5,72631.48,6.7,Industrial,4030 LAFAYETTE CENTER DRIVE,1205280000000.0,X,True,False,AREA OF MINIMAL FLOOD HAZARD,high,False,2.0,,0.0,6.0,6.0,1.0,0.065,13.629328727722168
dc_3ea7dd208f28,Greenidge Power Plant and Data Center,NY,42.67965,-76.948414,contains,0.0,200.0,9,158306.3,0.0,,6008154.0,158306.3,158278.9,,Utility and Misc,,1531008000000.0,X,True,False,AREA OF MINIMAL FLOOD HAZARD,high,,2.0,,0.0,6.0,6.0,3.0,0.035,5.58836555480957
dc_dd62b4cfd23c,TierPoint,MO,38.629438,-90.195807,nearest,6.423726409061543,200.0,30,208803.3,104.13733085490016,53.93,11511846.0,71874.8,71874.71,23.49,Commercial,,1352419200000.0,X,True,False,AREA OF MINIMAL FLOOD HAZARD,high,True,2.0,,0.0,6.0,6.0,,0.165,15.06376838684082
dc_885116d1864f,Verizon,NV,36.1447332,-115.0779284,contains,0.0,200.0,75,57746.2,90.67208019808088,4.1,2250320.0,26598.2,26598.13,5.44,Commercial,,1393977600000.0,X,True,False,AREA OF MINIMAL FLOOD HAZARD,high,False,1.0,,0.0,6.0,6.0,,0.075,3.602787733078003
dc_8e1d55e66e4c,,TX,29.4466626,-98.6405797,contains,0.0,200.0,41,307598.6,0.0,10.3,28826756.0,307598.6,307598.3,10.3,Commercial,1 SONY PLACE,1351728000000.0,X,True,False,AREA OF MINIMAL FLOOD HAZARD,high,False,2.0,,0.0,6.0,6.0,2.0,0.015,12.881298065185549
dc_e007921e0e2a,,TX,29.4478888,-98.6411006,contains,0.0,200.0,39,307598.6,0.0,10.3,28826756.0,307598.6,307598.3,10.3,Commercial,1 SONY PLACE,1351728000000.0,X,True,False,AREA OF MINIMAL FLOOD HAZARD,high,False,2.0,,0.0,6.0,6.0,2.0,0.015,12.881298065185549
dc_be6fbb486171,Texas Cryptologic Center,TX,29.4472024,-98.6409962,contains,0.0,200.0,38,307598.6,0.0,10.3,28826756.0,307598.6,307598.3,10.3,Commercial,1 SONY PLACE,1351728000000.0,X,True,False,AREA OF MINIMAL FLOOD HAZARD,high,False,2.0,,0.0,6.0,6.0,2.0,0.015,12.881298065185549
dc_07598d7e4ad6,CenturyLink,NV,36.1437196,-115.0833851,nearest,2.4325513322351804,200.0,58,167928.2,197.4425284348655,6.01,2247771.0,9919.1,9919.063,6.04,Commercial,,1393977600000.0,X,True,False,AREA OF MINIMAL FLOOD HAZARD,high,False,1.0,,0.0,6.0,6.0,1.0,0.075,3.602787733078003
dc_7da4291ec019,,TX,33.096018,-96.6815422,contains,0.0,200.0,4,129026.6,0.0,,25020751.0,129026.6,129742.1,,Commercial,800 VENTURE DR,1563494400000.0,X,True,False,AREA OF MINIMAL FLOOD HAZARD,high,,1.0,,0.0,6.0,6.0,2.0,0.025,19.147722244262695
dc_82571b787ee6,Evoque Allen DA1,TX,33.09512,-96.6838,contains,0.0,200.0,9,129026.6,144.94993276812758,,11297776.0,116916.7,118467.6,,Commercial,900 VENTURE DR,1563494400000.0,X,True,False,AREA OF MINIMAL FLOOD HAZARD,high,,2.0,,0.0,6.0,6.0,2.0,0.025,19.147722244262695
dc_a40a7a61f53f,First National Technical Center,NE,41.2614219,-95.9364982,contains,0.0,200.0,8,203939.7,179.76147484432985,17.1,3150986.0,83801.2,83859.02,12.53,Commercial,201 NORTH 16TH STREET,1366848000000.0,X,True,False,AREA OF MINIMAL FLOOD HAZARD,high,True,2.0,,0.0,6.0,6.0,2.0,0.015,17.158601760864258
dc_5a66fc0b92a1,Flexential - Richmond,VA,37.6468902,-77.4386952,contains,0.0,200.0,7,95764.6,187.1446407047874,,50983154.0,43470.0,43484.79,,Commercial,8851 PARK CENTRAL DRIVE,1630800000000.0,X,True,False,AREA OF MINIMAL FLOOD HAZARD,high,,1.0,,0.0,6.0,6.0,2.0,0.105,13.578962326049805
dc_7b085144d463,Amazon IAD-9,VA,38.899441,-77.455298,nearest,37.20056514024082,200.0,9,130680.0,194.29436233049415,6.74,7859552.0,16577.6,16577.63,6.3,Commercial,4007 WESTFAX DRIVE,1205280000000.0,AE,True,True,,high,False,1.0,,0.0,6.0,6.0,1.0,0.065,13.629328727722168
dc_e973f22c27bf,Amazon IAD22,VA,38.8979047,-77.4551032,contains,0.0,200.0,102,130584.9,176.3850470053738,6.61,7859165.0,29077.7,29077.69,6.22,Commercial,4155 WESTFAX DRIVE,1205280000000.0,X,True,False,AREA OF MINIMAL FLOOD HAZARD,high,False,2.0,,0.0,6.0,6.0,1.0,0.065,13.629328727722168
dc_5ac7881d70a2,Amazon IAD-1,VA,38.8978637,-77.4540825,contains,0.0,200.0,122,89578.7,0.0,6.78,7859213.0,89578.7,89578.59,6.78,Industrial,4107 WESTFAX DRIVE,1205280000000.0,X,True,False,AREA OF MINIMAL FLOOD HAZARD,high,False,4.0,,0.0,6.0,6.0,1.0,0.065,13.629328727722168
dc_827fe89cbc5e,H5 Data Centers Virginia (4050),VA,38.9092366,-77.4722656,contains,0.0,200.0,8,80945.0,190.22455624455424,6.57,7861750.0,42632.6,42632.49,6.87,Industrial,4050 LAFAYETTE CENTER DRIVE,1205280000000.0,X,True,False,AREA OF MINIMAL FLOOD HAZARD,high,False,1.0,,0.0,6.0,6.0,1.0,0.065,13.629328727722168
dc_edae91eea7f3,H5 Data Centers Virginia (4040),VA,38.9097961,-77.4734544,contains,0.0,200.0,9,76254.3,87.77254768197157,4.88,7861852.0,30089.9,30089.84,6.44,Industrial,4040 LAFAYETTE CENTER DRIVE,1205280000000.0,X,True,False,AREA OF MINIMAL FLOOD HAZARD,high,False,2.0,,0.0,6.0,6.0,1.0,0.065,13.629328727722168
dc_6a1b8137ce48,ATI Solutions,VA,38.908136,-77.4752182,contains,0.0,200.0,25,76254.3,63.297880194122605,4.88,7861554.0,17485.3,17485.25,4.1,Commercial,4227 LAFAYETTE CENTER DRIVE,1205280000000.0,X,True,False,AREA OF MINIMAL FLOOD HAZARD,high,False,1.0,,0.0,6.0,6.0,1.0,0.065,13.629328727722168
dc_a693333e3230,,VA,38.750815,-77.1962716,contains,0.0,200.0,15,340847.8,88.56228194460978,37.03,7534159.0,83789.8,83789.81,9.87,Commercial,,1346976000000.0,X,True,False,AREA OF MINIMAL FLOOD HAZARD,high,False,2.0,1.0,0.5,1.0,6.0,2.0,0.055,13.629328727722168
dc_d7d660e610a2,Menlo Digital MD-DC1,VA,38.9271191,-77.4240727,contains,0.0,200.0,6,113007.9,179.11093455911782,7.54,7910831.0,68247.3,68247.23,10.25,Commercial,13775 MCLEAREN ROAD,1205280000000.0,X,True,False,AREA OF MINIMAL FLOOD HAZARD,high,False,2.0,,0.0,6.0,6.0,1.0,0.055,13.629328727722168
dc_e7b041f66911,Cox Data Center,GA,34.0362568,-84.3195121,contains,0.0,200.0,12,165838.2,111.41501168337872,,51509925.0,126341.5,126431.1,,Commercial,,1664236800000.0,X,True,False,AREA OF MINIMAL FLOOD HAZARD,high,,1.0,,0.0,6.0,6.0,3.0,0.065,16.0975399017334
dc_8139e532c3de,QTS Atlanta Data Center 1,GA,33.7776897,-84.4211544,contains,0.0,200.0,7,713190.3,0.0,7.99,17462468.0,713190.3,713189.6,7.99,Commercial,,1351209600000.0,X,True,False,AREA OF MINIMAL FLOOD HAZARD,high,False,6.0,,0.0,6.0,6.0,3.0,0.055,16.562829971313477
dc_8582438c63c9,Csquare SFO3,CA,37.3720542,-121.9860407,contains,0.0,200.0,14,127873.5,112.33702316598816,9.73,15733763.0,69569.6,69569.51,11.88,Unclassified,,1349049600000.0,X,True,False,0.2 PCT ANNUAL CHANCE FLOOD HAZARD,high,False,1.0,,0.0,6.0,6.0,3.0,0.525,0.1221932545304298
dc_bf1df6b842e9,Centersquare IAD3,VA,38.9809293,-77.4443786,nearest,8.999550258069807,200.0,13,131498.8,8.999550258069807,6.77,7868505.0,131498.8,131498.6,6.77,Commercial,22995 WILDER COURT,1205280000000.0,X,True,False,AREA OF MINIMAL FLOOD HAZARD,high,False,2.0,,0.0,6.0,6.0,1.0,0.055,13.629328727722168
dc_84a15c5e48cb,Centersquare IAD2-A,VA,38.9844198,-77.4238096,contains,0.0,200.0,9,155035.0,153.9667183193877,,7934000.0,48812.7,48812.68,7.36,Commercial,22810 INTERNATIONAL DRIVE,1205280000000.0,X,True,False,AREA OF MINIMAL FLOOD HAZARD,high,False,2.0,,0.0,6.0,6.0,1.0,0.055,13.629328727722168
dc_23cf9d5d92b8,,VA,38.9848664,-77.4256702,contains,0.0,200.0,8,139411.8,187.8156816888132,,7934350.0,130405.6,130405.5,6.03,Commercial,22811 INTERNATIONAL DRIVE,1205280000000.0,X,True,False,AREA OF MINIMAL FLOOD HAZARD,high,False,4.0,,0.0,6.0,6.0,1.0,0.055,13.629328727722168
dc_3a460ff301b5,Centersquare IAD2-B,VA,38.9836138,-77.4240848,contains,0.0,200.0,7,139411.8,81.63393506977421,,7933711.0,70410.3,70410.26,7.74,Commercial,22860 INTERNATIONAL DRIVE,1205280000000.0,X,True,False,AREA OF MINIMAL FLOOD HAZARD,high,False,1.0,,0.0,6.0,6.0,1.0,0.055,13.629328727722168
dc_825c795eeabf,Digital Realty Data Center,GA,33.6570094,-84.4152195,contains,0.0,200.0,8,382813.0,157.9029781829845,8.5,17084176.0,125116.7,125116.6,15.83,Utility and Misc,,1351209600000.0,X,True,False,AREA OF MINIMAL FLOOD HAZARD,high,True,3.0,,0.0,6.0,6.0,3.0,0.055,16.562829971313477
dc_c5f760fd708b,Cyxtera (Digital Realty Trust) Citibank Data Center,NJ,40.7607798,-74.0257417,contains,0.0,200.0,14,274117.9,132.7553811123871,24.52,7694173.0,48075.6,48075.56,23.1,Commercial,1919 PARK AVENUE,1376524800000.0,AE,True,True,,high,True,2.0,4.0,0.5,4.0,6.0,4.0,0.105,7.277477264404297
dc_79ba191d0ddc,Digital Realty New Jersey EWR10,NJ,40.7618178,-74.0250281,contains,0.0,200.0,12,274117.9,139.70161429828872,24.52,7696463.0,125262.9,125262.8,15.26,Unclassified,,1376524800000.0,X,True,False,AREA OF MINIMAL FLOOD HAZARD,high,True,2.0,4.0,0.5,4.0,6.0,4.0,0.105,7.277477264404297
dc_5ce1bef66bfd,,WA,47.2462099,-119.8132256,nearest,223.2359476161549,800.0,29,198564.2,784.1131040793367,,6165081.0,692.0,692.2649,,Unclassified,,1513987200000.0,X,True,False,AREA OF MINIMAL FLOOD HAZARD,low,,1.0,,0.0,6.0,6.0,1.0,0.075,1.113155484199524
dc_e1ec41460f16,,WA,47.2476512,-119.8131864,nearest,117.7570301187865,200.0,4,1845.4,120.18079726630472,,6165154.0,922.7,923.0111,,Unclassified,,1513987200000.0,X,True,False,AREA OF MINIMAL FLOOD HAZARD,high,,1.0,,0.0,6.0,6.0,1.0,0.075,1.113155484199524
dc_3c54f97d781a,Intergate.Quincy,WA,47.2462,-119.8158,nearest,143.25086611644684,200.0,1,1384.1,143.25086611644684,,6164908.0,1384.1,1384.528,,Unclassified,,1513987200000.0,X,True,False,AREA OF MINIMAL FLOOD HAZARD,high,,1.0,,0.0,6.0,6.0,1.0,0.075,1.113155484199524
dc_7c4e0d045a9c,Intergate Quincy Data Center,WA,47.2453673,-119.8160897,nearest,233.86888937403245,800.0,38,198564.2,763.5164967340406,,6164908.0,1384.1,1384.528,,Unclassified,,1513987200000.0,X,True,False,AREA OF MINIMAL FLOOD HAZARD,low,,1.0,,0.0,6.0,6.0,1.0,0.075,1.113155484199524
dc_5cc1bdab179a,H5 Data Center,WA,47.25275,-119.81947,contains,0.0,200.0,3,198564.2,0.0,,7000773.0,198564.2,198627.5,,Industrial,,1513987200000.0,X,True,False,AREA OF MINIMAL FLOOD HAZARD,high,,2.0,1.0,0.5,1.0,6.0,1.0,0.075,1.113155484199524
dc_ae9448694997,H5 Data Centers Quincy,WA,47.24861,-119.817382,nearest,127.1100346275605,200.0,3,3147.1,127.1100346275605,,6165235.0,3147.1,3148.127,,Residential,,1513987200000.0,X,True,False,AREA OF MINIMAL FLOOD HAZARD,high,,1.0,,0.0,6.0,6.0,1.0,0.075,1.113155484199524
dc_824340142f56,Yahoo Data Center,WA,47.24676,-119.8275,nearest,12.553862033087476,200.0,4,344415.9,12.553862033087476,,7000761.0,344415.9,344528.3,,Industrial,,1513987200000.0,X,True,False,AREA OF MINIMAL FLOOD HAZARD,high,,2.0,,0.0,6.0,6.0,1.0,0.075,1.113155484199524
dc_37ffc1fb3121,,WA,47.2467356,-119.8288659,contains,0.0,200.0,6,344415.9,0.0,,7000761.0,344415.9,344528.3,,Industrial,,1513987200000.0,X,True,False,AREA OF MINIMAL FLOOD HAZARD,high,,2.0,,0.0,6.0,6.0,1.0,0.075,1.113155484199524
dc_3e47ba6ea7d4,,WA,47.2461,-119.8293,contains,0.0,200.0,4,344415.9,0.0,,7000761.0,344415.9,344528.3,,Industrial,,1513987200000.0,X,True,False,AREA OF MINIMAL FLOOD HAZARD,high,,2.0,,0.0,6.0,6.0,1.0,0.075,1.113155484199524
dc_dc8fb9b88484,CoreSite AT2 - Marietta Data Center,GA,33.9255145,-84.4816338,contains,0.0,200.0,16,77650.3,0.0,5.89,17420501.0,77650.3,77650.2,5.89,Commercial,,1351209600000.0,X,True,False,AREA OF MINIMAL FLOOD HAZARD,high,False,1.0,,0.0,6.0,6.0,3.0,0.065,16.562829971313477
dc_64536bf4ec69,,MO,39.29175,-94.68647,nearest,77.79489387708834,200.0,4,30125.0,179.09712843663513,5.65,3332297.0,7155.3,7155.313,,Utility and Misc,,1497484800000.0,X,True,False,AREA OF MINIMAL FLOOD HAZARD,high,,1.0,1.0,1.0,1.0,1.0,1.0,0.025,20.675199508666992
dc_a48459500fa0,Digital Realty San Francisco SFO10,CA,37.7239,-122.3979,contains,0.0,200.0,34,111015.1,71.36015762408006,8.89,16176879.0,106161.3,106161.2,16.53,Industrial,,1349049600000.0,X,True,False,AREA OF MINIMAL FLOOD HAZARD,high,True,2.0,,0.0,6.0,6.0,2.0,0.535,0.0928128734230995
dc_e16c0048b956,33 Thomas Street,NY,40.71617,-74.00574,nearest,8.630301322189986,200.0,22,88850.0,74.10575635821253,32.73,7730694.0,30524.7,30505.56,120.47,Commercial,33 THOMAS STREET,1376524800000.0,X,True,False,AREA OF MINIMAL FLOOD HAZARD,high,True,1.0,,0.0,6.0,6.0,,0.095,7.277477264404297
dc_2d220fd00df6,VentureData,ID,43.8252286,-111.7820703,contains,0.0,200.0,38,49333.0,39.363687521782474,,1278432.0,19132.8,19454.66,,Commercial,,1503273600000.0,,False,,,high,,1.0,,0.0,6.0,6.0,1.0,0.0849999999999999,5.340409755706787
dc_78a95ede9fd2,Cogent Data Center,AZ,33.4002195,-112.0478786,contains,0.0,200.0,88,52994.5,0.0,5.36,11551280.0,52994.5,52994.44,5.36,Commercial,1530 EAST ROESER ROAD,1412467200000.0,X,True,False,0.2 PCT ANNUAL CHANCE FLOOD HAZARD,high,False,2.0,,0.0,6.0,6.0,5.0,0.025,7.057002544403076
dc_ddc8ce7e149c,CoreSpace Dallas,TX,32.8175508,-96.873071,contains,0.0,200.0,20,139745.7,182.32239755595697,2.58,30207646.0,30413.3,30413.25,6.4,Commercial,7505 JOHN W CARPENTER FWY,1435708800000.0,X,True,False,AREA WITH REDUCED FLOOD RISK DUE TO LEVEE,high,False,1.0,,0.0,6.0,6.0,,0.025,18.841638565063477
dc_7c8f0dd59535,Databank Denver (DEN5),CO,39.5901315,-104.8469632,contains,0.0,200.0,9,108525.2,0.0,9.44,15085612.0,108525.2,108525.1,9.44,Industrial,6961 SOUTH QUENTIN STREET,1337212800000.0,X,True,False,AREA OF MINIMAL FLOOD HAZARD,high,False,4.0,,0.0,6.0,6.0,4.0,0.045,10.969576835632324
dc_70319b137cc4,zColo by Zayo,CO,39.5913398,-104.8470655,contains,0.0,200.0,9,108525.2,98.7097731312732,9.44,15087510.0,61980.9,61980.84,7.63,Industrial,6900 SOUTH PEORIA STREET,1337212800000.0,X,True,False,AREA OF MINIMAL FLOOD HAZARD,high,False,2.0,,0.0,6.0,6.0,4.0,0.045,10.969576835632324
dc_d4a1a829c73b,Intergate Seattle East Building 5,WA,47.494963,-122.290624,contains,0.0,200.0,11,400567.6,70.89853852526423,14.64,10091102.0,108720.8,108641.5,8.67,Industrial,,1273190400000.0,X,True,False,AREA OF MINIMAL FLOOD HAZARD,high,False,1.0,,0.0,6.0,6.0,1.0,0.345,0.4631632566452026
dc_a155358ecc51,Intergate Seattle East Building 3,WA,47.4934798,-122.2904647,contains,0.0,200.0,7,400567.6,0.0,14.64,10090594.0,400567.6,400275.4,14.64,Industrial,,1273190400000.0,X,True,False,AREA OF MINIMAL FLOOD HAZARD,high,True,3.0,,0.0,6.0,6.0,1.0,0.345,0.4631632566452026
dc_e1661b2a1f9b,Intergate Seattle East Building 4,WA,47.4934032,-122.2888803,contains,0.0,200.0,11,400567.6,48.22090880645722,14.64,10090538.0,116758.2,116673.0,8.66,Industrial,,1273190400000.0,X,True,False,AREA OF MINIMAL FLOOD HAZARD,high,False,1.0,,0.0,6.0,6.0,1.0,0.345,0.4631632566452026
dc_948f3bdc4314,Flexential Allentown data center,PA,40.6356953,-75.4575733,contains,0.0,200.0,9,410757.2,163.82188959947686,10.41,8144836.0,48109.6,48109.52,7.04,Industrial,,1415059200000.0,X,True,False,AREA OF MINIMAL FLOOD HAZARD,high,False,2.0,,0.0,6.0,6.0,3.0,0.065,10.55088996887207
dc_d2de7906afe4,Digital Realty ACC4,VA,39.0178592,-77.4624708,contains,0.0,200.0,6,435356.1,197.65185180864583,,7873153.0,297023.6,297023.3,8.28,Commercial,44480 HASTINGS DRIVE,1205280000000.0,X,True,False,AREA OF MINIMAL FLOOD HAZARD,high,False,3.0,1.0,0.3333333333333333,6.0,6.0,1.0,0.055,13.613815307617188
dc_fc796ff9d529,Equinix Ashburn DC1,VA,39.0155577,-77.4603281,contains,0.0,200.0,13,194683.4,52.41223258259611,9.79,7872735.0,59911.4,59911.4,8.76,Commercial,21711 FILIGREE COURT,1205280000000.0,X,True,False,AREA OF MINIMAL FLOOD HAZARD,high,False,1.0,,0.0,6.0,6.0,1.0,0.055,13.613815307617188
dc_eb543ca87716,Equinix Ashburn DC5,VA,39.014551,-77.457838,nearest,51.05854201844174,200.0,12,151465.6,121.3128566864624,9.2,7872679.0,60507.4,60507.3,8.62,Commercial,21731 FILIGREE COURT,1205280000000.0,X,True,False,AREA OF MINIMAL FLOOD HAZARD,high,False,2.0,,0.0,6.0,6.0,1.0,0.055,13.613815307617188
dc_61423542fa9a,Equinix Ashburn DC11,VA,39.0148911,-77.4587995,nearest,2.219137959322507,200.0,15,151465.6,116.5348704587532,9.2,7872679.0,60507.4,60507.3,8.62,Commercial,21731 FILIGREE COURT,1205280000000.0,X,True,False,AREA OF MINIMAL FLOOD HAZARD,high,False,2.0,,0.0,6.0,6.0,1.0,0.055,13.613815307617188
dc_131aa5f35967,Equinix Ashburn DC3,VA,39.0220154,-77.460235,nearest,7.30000045484173,200.0,11,300087.4,153.8188747585175,8.59,7873972.0,187271.2,187271.1,7.46,Unclassified,44470 CHILUM PLACE,1205280000000.0,X,True,False,AREA OF MINIMAL FLOOD HAZARD,high,False,4.0,,0.0,6.0,6.0,1.0,0.055,13.613815307617188
dc_b50a00a06b55,Digital Realty ACC3,VA,39.01988,-77.4598033,contains,0.0,200.0,11,300087.4,126.93870568026452,8.59,7873423.0,150946.5,150946.4,7.06,Unclassified,44520 HASTINGS DRIVE,1205280000000.0,X,True,False,AREA OF MINIMAL FLOOD HAZARD,high,False,2.0,1.0,0.5,1.0,6.0,1.0,0.055,13.613815307617188
dc_0d9b2c88b783,CoreSite SV2,CA,37.4056857,-121.9162604,contains,0.0,200.0,15,88857.1,0.0,5.84,15795042.0,88857.1,88856.98,5.84,Utility and Misc,,1349049600000.0,X,True,False,0.2 PCT ANNUAL CHANCE FLOOD HAZARD,high,False,4.0,,0.0,6.0,6.0,3.0,0.605,0.1221932545304298
dc_49375bfb4e76,Amazon IAD76,VA,38.9937936,-77.450509,contains,0.0,200.0,7,141981.0,0.0,8.78,7870398.0,141981.0,141980.9,8.78,Commercial,22520 RANDOLPH DRIVE,1205280000000.0,X,True,False,AREA OF MINIMAL FLOOD HAZARD,high,False,2.0,,0.0,6.0,6.0,1.0,0.055,13.629328727722168
dc_2e4b032d0260,Amazon IAD12,VA,38.988724,-77.447671,contains,0.0,200.0,14,147690.9,0.0,9.07,7869729.0,147690.9,147690.8,9.07,Commercial,22630 DULLES SUMMIT COURT,1205280000000.0,X,True,False,AREA OF MINIMAL FLOOD HAZARD,high,False,2.0,,0.0,6.0,6.0,1.0,0.055,13.629328727722168
dc_6bcbbbcd10b1,Digital Realty ACC5,VA,39.0201584,-77.4631033,contains,0.0,200.0,6,300087.4,0.0,8.59,7873501.0,300087.4,300087.1,8.59,Commercial,44521 HASTINGS DRIVE,1205280000000.0,X,True,False,AREA OF MINIMAL FLOOD HAZARD,high,False,4.0,,0.0,6.0,6.0,1.0,0.055,13.613815307617188
dc_96abd1a194f0,Digital Realty ACC6,VA,39.0210261,-77.4635509,contains,0.0,200.0,8,300087.4,71.73223650038534,8.59,50994839.0,239814.9,239891.4,,Commercial,44461 CHILUM PLACE,1710374400000.0,X,True,False,AREA OF MINIMAL FLOOD HAZARD,high,,2.0,,0.0,6.0,6.0,1.0,0.055,13.613815307617188
dc_2a70a9e5cc7b,Level 3 Ashburn,VA,39.022182,-77.4576094,contains,0.0,200.0,14,187271.2,97.99739127125214,7.46,7873825.0,48076.7,48076.7,6.88,Commercial,44633 GUILFORD DRIVE,1205280000000.0,X,True,False,AREA OF MINIMAL FLOOD HAZARD,high,False,2.0,,0.0,6.0,6.0,1.0,0.055,13.613815307617188
dc_883a5d1e99b8,Centersquare IAD4-B,VA,39.0221679,-77.4535946,contains,0.0,200.0,11,154159.4,173.15682750008003,,7873910.0,95177.4,95177.26,8.74,Commercial,21571 BEAUMEADE CIRCLE,1205280000000.0,X,True,False,AREA OF MINIMAL FLOOD HAZARD,high,False,2.0,,0.0,6.0,6.0,1.0,0.055,13.613815307617188
dc_69fd86e9906c,NTT Ashburn VA1 Data Center,VA,39.0227436,-77.4548911,contains,0.0,200.0,12,111316.7,0.0,7.39,7874092.0,111316.7,111316.5,7.39,Commercial,44664 GUILFORD DRIVE,1205280000000.0,X,True,False,AREA OF MINIMAL FLOOD HAZARD,high,False,2.0,,0.0,6.0,6.0,1.0,0.055,13.613815307617188
dc_ae3e7c1ac44d,Digital Realty Phoenix PHX15,AZ,33.2749228,-111.8866379,contains,0.0,200.0,32,294317.0,0.0,10.16,11419965.0,294317.0,294316.7,10.16,Commercial,2121 SOUTH PRICE ROAD,1412467200000.0,X,True,False,0.2 PCT ANNUAL CHANCE FLOOD HAZARD,high,False,1.0,,0.0,6.0,6.0,4.0,0.025,7.883434772491455
dc_c9783b27622b,H5 Phoenix,AZ,33.2769993,-111.8858906,nearest,7.126334168936449,200.0,15,294317.0,151.5285221842389,10.16,11420116.0,25117.3,25117.26,4.52,Commercial,2600 WEST GERMANN ROAD,1412467200000.0,X,True,False,0.2 PCT ANNUAL CHANCE FLOOD HAZARD,high,False,1.0,,0.0,6.0,6.0,4.0,0.025,7.883434772491455
dc_4f768adc7131,CyrusOne PHX1,AZ,33.2708783,-111.8819954,contains,0.0,200.0,9,143550.6,0.0,10.65,11418889.0,143550.6,143550.5,10.65,Commercial,2335 SOUTH ELLIS STREET,1412467200000.0,X,True,False,0.2 PCT ANNUAL CHANCE FLOOD HAZARD,high,False,2.0,,0.0,6.0,6.0,4.0,0.025,7.883434772491455
dc_81a17a603597,Equinix DC13,VA,39.0125623,-77.4754047,contains,0.0,200.0,8,111793.8,0.0,6.22,7872339.0,111793.8,111793.7,6.22,Commercial,21830 UUNET DRIVE,1205280000000.0,X,True,False,AREA OF MINIMAL FLOOD HAZARD,high,False,2.0,,0.0,6.0,6.0,1.0,0.055,13.613815307617188
dc_631371da65c8,Digital Realty Northern Virginia IAD14,VA,39.0033364,-77.4870935,contains,0.0,200.0,7,170965.9,132.74776591958596,,7871173.0,135932.3,135932.1,8.84,Commercial,43791 DEVIN SHAFRON DRIVE,1205280000000.0,X,True,False,AREA OF MINIMAL FLOOD HAZARD,high,False,4.0,1.0,0.25,6.0,6.0,1.0,0.055,13.613815307617188
dc_3d20ef20699e,Amazon Web Services Building C,VA,39.0027516,-77.4854486,contains,0.0,200.0,9,179301.5,111.2673292706505,8.91,7871120.0,118958.9,118958.8,8.78,Commercial,43831 DEVIN SHAFRON DRIVE,1205280000000.0,X,True,False,AREA OF MINIMAL FLOOD HAZARD,high,False,2.0,,0.0,6.0,6.0,1.0,0.055,13.613815307617188
dc_2e787555193c,Digital Realty Northern Virginia IAD12,VA,39.0020229,-77.4833469,contains,0.0,200.0,7,255516.3,179.9508399867283,,7871060.0,179301.5,179301.3,8.91,Commercial,43881 DEVIN SHAFRON DRIVE,1205280000000.0,X,True,False,AREA OF MINIMAL FLOOD HAZARD,high,False,1.0,,0.0,6.0,6.0,1.0,0.055,13.613815307617188
dc_832cb24853a8,Digital Realty Building A,VA,39.0027414,-77.4819572,contains,0.0,200.0,5,255516.3,147.91526023928418,,51079901.0,151885.4,151936.5,,Commercial,43915 DEVIN SHAFRON DRIVE,1710374400000.0,X,True,False,AREA OF MINIMAL FLOOD HAZARD,high,,4.0,,0.0,6.0,6.0,1.0,0.055,13.613815307617188
dc_524910b48583,Digital Realty Northern Virginia IAD24,VA,39.0043186,-77.484415,contains,0.0,200.0,7,179301.5,178.15172755037258,8.91,51082965.0,118843.7,118883.9,,Unclassified,43830 DEVIN SHAFRON DRIVE,1710374400000.0,X,True,False,AREA OF MINIMAL FLOOD HAZARD,high,,2.0,,0.0,6.0,6.0,1.0,0.055,13.613815307617188
dc_087c9c57a7c0,Databank Ashburn IAD1,VA,39.0155,-77.4821,nearest,16.11263122880244,200.0,8,218526.7,183.7812077862677,,7872779.0,71742.8,71742.77,6.04,Commercial,21635 RED RUM DRIVE,1205280000000.0,X,True,False,AREA OF MINIMAL FLOOD HAZARD,high,False,2.0,,0.0,6.0,6.0,1.0,0.055,13.613815307617188
dc_ec2547a1d26b,DataBank Ashburn IAD4,VA,39.0154867,-77.4833483,contains,0.0,200.0,10,218526.7,198.89058149176,,7872786.0,52957.7,52957.66,5.48,Commercial,21625 RED RUM DRIVE,1205280000000.0,X,True,False,AREA OF MINIMAL FLOOD HAZARD,high,False,2.0,,0.0,6.0,6.0,1.0,0.055,13.613815307617188
dc_3f486e9e678a,Apple Data Center,AZ,33.3470334,-111.6041418,nearest,107.9924503701688,200.0,3,302750.5,107.9924503701688,,4472367.0,302750.5,301658.9,,Commercial,3740 SOUTH SIGNAL BUTTE ROAD,1507507200000.0,D,True,False,,high,,4.0,,0.0,6.0,6.0,4.0,0.025,7.883434772491455
dc_381df857e073,VISA,IL,42.2167763,-87.9529303,contains,0.0,200.0,8,201658.8,116.16126594997556,,32004976.0,76378.7,75926.31,,Commercial,475 CORPORATE WOODS PARKWAY,1524960000000.0,X,True,False,AREA OF MINIMAL FLOOD HAZARD,high,,4.0,,0.0,6.0,6.0,1.0,0.025,14.088419914245604
dc_dd43c1afe709,John F. Simms Building,NM,35.6724585,-105.9565798,contains,0.0,200.0,20,64533.3,53.45973919940681,57.92,12198579.0,34818.3,34796.86,9.45,Government,715 ALTA VISTA STREET,1246752000000.0,X,True,False,AREA OF MINIMAL FLOOD HAZARD,high,False,1.0,,0.0,6.0,6.0,3.0,0.055,11.355775833129885
dc_d49059d0004a,Lumen San Antonio 2,TX,29.4382791,-98.5065217,contains,0.0,200.0,40,58277.8,184.35575729300209,9.39,28808919.0,12976.9,12976.93,7.07,Commercial,1203 N FRIO ST,1351728000000.0,X,True,False,AREA OF MINIMAL FLOOD HAZARD,high,False,1.0,,0.0,6.0,6.0,,0.015,12.881298065185549
dc_a3ed205f0651,Meta,OR,44.2959422,-120.8872741,contains,0.0,200.0,4,245312.9,183.07682715329557,,2313725.0,233428.5,233405.0,,Industrial,,1560643200000.0,X,True,False,AREA OF MINIMAL FLOOD HAZARD,high,,2.0,2.0,0.5,2.0,6.0,3.0,0.045,2.428783893585205
dc_0b58b9cd7bf3,Adobe Data Center,OR,45.5501967,-122.9316727,contains,0.0,200.0,4,108243.0,155.69543660845696,,3640613.0,93017.6,92943.32,,Industrial,,1564790400000.0,X,True,False,AREA OF MINIMAL FLOOD HAZARD,high,,2.0,1.0,0.5,1.0,1.0,2.0,0.175,0.4918390810489654
dc_1935437c7e01,TGN Hillsboro,OR,45.54659,-122.89393,contains,0.0,200.0,12,211668.9,165.29977326848078,,3638174.0,29939.2,29915.25,,Unclassified,,1564790400000.0,X,True,False,AREA OF MINIMAL FLOOD HAZARD,high,,1.0,,0.0,6.0,6.0,1.0,0.175,0.4918390810489654
dc_3fef4ef0197e,Stack Infrastructure - POR02,OR,45.547493,-122.897249,contains,0.0,200.0,5,211668.9,0.0,,5000814.0,211668.9,211499.9,,Commercial,,1564790400000.0,X,True,False,AREA OF MINIMAL FLOOD HAZARD,high,,4.0,,0.0,6.0,6.0,1.0,0.175,0.4918390810489654
dc_526c2a45ec28,Oracle,OR,45.5439148,-122.896479,contains,0.0,200.0,9,102980.8,138.0773512045613,,3636533.0,96349.7,96272.79,,Industrial,,1564790400000.0,X,True,False,AREA OF MINIMAL FLOOD HAZARD,high,,1.0,,0.0,6.0,6.0,1.0,0.175,0.4918390810489654
dc_88ceb844bdf4,Digital Realty PDX10 Data Center,OR,45.5476065,-122.8919518,contains,0.0,200.0,7,116259.5,153.60940922132264,,3639014.0,55721.5,55677.0,,Industrial,,1564790400000.0,X,True,False,AREA OF MINIMAL FLOOD HAZARD,high,,2.0,,0.0,6.0,6.0,1.0,0.175,0.4918390810489654
dc_e1986068387b,Flexential Portland - Hillsboro 1,OR,45.5476,-122.8916,contains,0.0,200.0,7,116259.5,135.92425563543395,,3639014.0,55721.5,55677.0,,Industrial,,1564790400000.0,X,True,False,AREA OF MINIMAL FLOOD HAZARD,high,,2.0,,0.0,6.0,6.0,1.0,0.175,0.4918390810489654
dc_084826c020f7,Flexential Portland - Hillsboro 1,OR,45.54775,-122.89155,contains,0.0,200.0,7,116259.5,148.04602444002623,,3639014.0,55721.5,55677.0,,Industrial,,1564790400000.0,X,True,False,AREA OF MINIMAL FLOOD HAZARD,high,,2.0,,0.0,6.0,6.0,1.0,0.175,0.4918390810489654
dc_a58e2ed3ead5,Flexential Louisville - East,KY,38.2771906,-85.5072402,contains,0.0,200.0,8,68493.3,191.93832184932677,,12337505.0,31014.8,31003.05,,Industrial,2101 NELSON MILLER PARKWAY,1403827200000.0,X,True,False,AREA OF MINIMAL FLOOD HAZARD,high,,2.0,,0.0,6.0,6.0,1.0,0.065,13.915719032287598
dc_9996d2a0e21d,Flexential Louisville - Downtown,KY,38.242501,-85.733336,contains,0.0,200.0,59,179522.9,78.58653084863757,12.53,14255239.0,36288.0,36269.94,8.17,Commercial,752 BARRET AVENUE,1309910400000.0,X,True,False,AREA OF MINIMAL FLOOD HAZARD,high,False,1.0,,0.0,6.0,6.0,1.0,0.065,13.915719032287598
dc_570dcd095704,Verizon Hillsboro (Tanasbourne) Data Center,OR,45.5446185,-122.882338,contains,0.0,200.0,25,80860.4,101.80395181742252,,3636837.0,43250.9,43216.44,,Unclassified,,1564790400000.0,X,True,False,AREA OF MINIMAL FLOOD HAZARD,high,,1.0,,0.0,6.0,6.0,1.0,0.175,0.4918390810489654
dc_805132b8f582,Terminal Commerce Building,PA,39.95962,-75.16187,nearest,3.8575674602475982,200.0,28,231382.1,32.41752787790312,23.89,7867176.0,123764.1,123764.0,49.45,Industrial,,1348012800000.0,X,True,False,AREA OF MINIMAL FLOOD HAZARD,high,True,2.0,,0.0,6.0,6.0,,0.075,9.466512680053713
dc_cc28d7536dbd,TierPoint,WA,47.6719149,-117.0959323,contains,0.0,200.0,35,46699.8,116.81284985049096,6.71,10415991.0,15478.7,15466.33,7.1,Industrial,,1225324800000.0,X,True,False,AREA OF MINIMAL FLOOD HAZARD,high,False,4.0,,0.0,6.0,6.0,3.0,0.035,2.4368741512298584
dc_50050da00f9b,Baltimore Technology Park,MD,39.275367,-76.62551,contains,0.0,200.0,15,118775.4,198.89589048921636,,7692111.0,28344.2,28344.18,7.64,Unclassified,1401 RUSSELL STREET,1347494400000.0,X,True,False,0.2 PCT ANNUAL CHANCE FLOOD HAZARD,high,False,1.0,,0.0,6.0,6.0,1.0,0.055,14.052087783813477
dc_479fe0de6655,Intergate Seattle West Building C,WA,47.494123,-122.2943972,contains,0.0,200.0,12,38579.1,172.1335349124088,9.87,10090645.0,19597.9,19583.53,19.37,Commercial,,1273190400000.0,X,True,False,AREA OF MINIMAL FLOOD HAZARD,high,True,1.0,,0.0,6.0,6.0,1.0,0.345,0.4631632566452026
dc_556a64184f4a,Intergate Seattle West Building B,WA,47.4930744,-122.2936837,contains,0.0,200.0,14,400567.6,199.98478574717208,14.64,10090064.0,19540.8,19526.52,18.86,Commercial,,1273190400000.0,X,True,False,AREA OF MINIMAL FLOOD HAZARD,high,True,2.0,,0.0,6.0,6.0,1.0,0.345,0.4631632566452026
dc_e00eb2aece58,Intergate Seattle West Building A,WA,47.4921833,-122.2933176,contains,0.0,200.0,18,38579.1,0.0,9.87,10089652.0,38579.1,38550.94,9.87,Industrial,,1273190400000.0,X,True,False,AREA OF MINIMAL FLOOD HAZARD,high,False,1.0,,0.0,6.0,6.0,1.0,0.345,0.4631632566452026
dc_5f6777919547,Vantage WA11,WA,47.25033,-119.81449,contains,0.0,200.0,3,127746.6,0.0,,7000768.0,127746.6,127786.8,,Industrial,,1513987200000.0,X,True,False,AREA OF MINIMAL FLOOD HAZARD,high,,4.0,1.0,0.5,1.0,1.0,1.0,0.075,1.113155484199524
dc_69b15e769d4a,NTT Data Quincy,WA,47.24366,-119.86583,contains,0.0,200.0,3,55410.0,0.0,,7000756.0,55410.0,55429.76,,Industrial,,1513987200000.0,X,True,False,AREA OF MINIMAL FLOOD HAZARD,high,,2.0,1.0,0.5,1.0,6.0,1.0,0.075,1.113155484199524
dc_4ad26dcfcc07,,WA,47.2388186,-119.8593592,nearest,38.65018450995533,200.0,9,512663.3,172.03051015985986,,6160297.0,31783.1,31794.22,,Industrial,,1513987200000.0,X,True,False,AREA OF MINIMAL FLOOD HAZARD,high,,1.0,,0.0,6.0,6.0,1.0,0.075,1.113155484199524
dc_31e1262f634a,,WA,47.2382623,-119.8593664,contains,0.0,200.0,9,31783.1,0.0,,6160297.0,31783.1,31794.22,,Industrial,,1513987200000.0,X,True,False,AREA OF MINIMAL FLOOD HAZARD,high,,1.0,,0.0,6.0,6.0,1.0,0.075,1.113155484199524
dc_a6f917b12861,Geneseo Communications Inc,IA,41.5502695,-90.4824093,contains,0.0,200.0,32,62845.3,0.0,,487710.0,62845.3,62863.25,,Industrial,2701 DEVILS GLEN ROAD,1556928000000.0,X,True,False,AREA OF MINIMAL FLOOD HAZARD,high,,1.0,,0.0,6.0,6.0,1.0,0.025,11.581196784973145
dc_905ee378fa5e,,IL,41.9053402,-88.2195062,contains,0.0,200.0,12,153566.7,131.59528340551242,,24138576.0,16821.1,16655.46,,Industrial,1215 CAROLINA DRIVE,1462406400000.0,X,True,False,AREA OF MINIMAL FLOOD HAZARD,high,,1.0,,0.0,6.0,6.0,1.0,0.035,17.22007942199707
dc_c4556817118d,,NJ,40.5528396,-74.4566865,contains,0.0,200.0,12,338403.0,123.6219859781706,,1228580.0,84897.6,84225.2,,Industrial,,1464480000000.0,X,True,False,AREA OF MINIMAL FLOOD HAZARD,high,,2.0,,0.0,6.0,6.0,3.0,0.095,7.277477264404297
dc_ffd9669a659e,,IN,39.7171971,-85.941411,contains,0.0,200.0,5,23781.6,0.0,,2003575.0,23781.6,24092.24,,Commercial,7510 STINEMYER ROAD,1447545600000.0,X,True,False,AREA OF MINIMAL FLOOD HAZARD,high,,1.0,1.0,1.0,1.0,1.0,1.0,0.055,25.82450485229492
dc_79462a7aea36,,NJ,40.7847354,-74.0643545,contains,0.0,200.0,12,323331.6,197.6695858960588,8.51,7737519.0,35562.1,35562.01,15.0,Industrial,,1376524800000.0,AE,True,True,,high,True,1.0,,0.0,6.0,6.0,,0.105,7.277477264404297
dc_6a57259367cd,Flexential Salt Lake City - South Valley,UT,40.6189971,-111.985014,nearest,50.77595406679548,200.0,5,83273.6,189.83006681276237,8.15,16031433.0,31245.7,31226.05,9.59,Residential,3923 WEST CENTER PARK DRIVE,1284768000000.0,X,True,False,AREA OF MINIMAL FLOOD HAZARD,high,False,2.0,,0.0,6.0,6.0,1.0,0.185,5.014902114868164
dc_d4b9ccf16584,Digital Realty Silicon Valley SC1,CA,37.3616469,-121.9439784,contains,0.0,200.0,21,297381.2,0.0,8.49,15717085.0,297381.2,297380.9,8.49,Utility and Misc,,1349049600000.0,X,True,False,AREA WITH REDUCED FLOOD RISK DUE TO LEVEE,high,False,2.0,,0.0,6.0,6.0,2.0,0.575,0.1221932545304298
dc_f4bc65542ad7,QES Computers,CA,37.6994753,-121.9037995,contains,0.0,200.0,24,50118.1,195.63380345683143,,2994251.0,11131.8,11073.17,,Commercial,,1505088000000.0,X,True,False,0.2 PCT ANNUAL CHANCE FLOOD HAZARD,high,,1.0,,0.0,6.0,6.0,4.0,0.575,0.1357890665531158
dc_038b8645007d,Equinix SE3 Data Center,WA,47.6144229,-122.3397427,contains,0.0,200.0,29,139990.0,0.0,47.9,10158492.0,139990.0,139886.5,47.9,Industrial,,1273190400000.0,X,True,False,AREA OF MINIMAL FLOOD HAZARD,high,True,2.0,,0.0,6.0,6.0,,0.345,0.6047859191894531
dc_b56773cdbfc2,QTS Piscataway Data Center,NJ,40.5581,-74.4893,nearest,129.27068626429372,200.0,2,134860.5,129.27068626429372,,6009080.0,134860.5,135603.4,,Industrial,120 CIRCLE DRIVE NORTH,1508371200000.0,X,True,False,AREA OF MINIMAL FLOOD HAZARD,high,,1.0,,0.0,6.0,2.0,4.0,0.095,7.277477264404297
dc_5fa783970111,AiNET,MD,39.0528404,-76.9259248,contains,0.0,200.0,7,41879.4,0.0,5.23,7330791.0,41879.4,41879.33,5.23,Industrial,11700 MONTGOMERY ROAD,1205280000000.0,X,True,False,AREA OF MINIMAL FLOOD HAZARD,high,False,4.0,1.0,0.5,1.0,1.0,1.0,0.055,14.052087783813477
dc_f08ca5bf1c62,Microsoft,TX,29.47827,-98.6906853,nearest,0.1106138117137145,200.0,77,484561.5,186.64564738771944,8.35,35362859.0,1551.2,1550.02,,Unclassified,3823 WISEMAN BLVD,1672185600000.0,X,True,False,AREA OF MINIMAL FLOOD HAZARD,high,,1.0,,0.0,6.0,6.0,3.0,0.015,12.881298065185549
dc_89729ff0b85d,Microsoft San Antonio,TX,29.479881,-98.6925337,contains,0.0,200.0,13,484561.5,0.0,8.35,28897034.0,484561.5,484560.8,8.35,Commercial,5150 ROGERS RD,1351728000000.0,X,True,False,AREA OF MINIMAL FLOOD HAZARD,high,False,4.0,,0.0,6.0,6.0,3.0,0.015,12.881298065185549
dc_dfd792c8e17d,Microsoft,TX,29.4810535,-98.6965704,contains,0.0,200.0,7,151986.7,0.0,7.44,28897788.0,151986.7,151986.6,7.44,Commercial,5200 ROGERS RD,1351728000000.0,X,True,False,AREA OF MINIMAL FLOOD HAZARD,high,False,2.0,,0.0,6.0,6.0,3.0,0.015,12.881298065185549
dc_2d99d5205c9e,Lumen Norristown,PA,40.127067,-75.4086586,contains,0.0,200.0,12,71027.0,155.90213110817152,7.67,7811489.0,33721.1,33721.12,8.39,Commercial,1000 FORGE AVENUE,1348012800000.0,X,True,False,AREA OF MINIMAL FLOOD HAZARD,high,False,1.0,,0.0,6.0,6.0,1.0,0.075,10.887083053588867
dc_d85b37adc53e,Equinix DC7,VA,38.9091392,-77.2205568,contains,0.0,200.0,21,105569.8,0.0,9.74,7899170.0,105569.8,105569.7,9.74,Commercial,7990 QUANTUM DRIVE,1205280000000.0,X,True,False,AREA OF MINIMAL FLOOD HAZARD,high,False,4.0,1.0,0.25,6.0,6.0,1.0,0.055,13.629328727722168
dc_11f7728742a2,Element Critical VA1,VA,38.9083675,-77.2197442,contains,0.0,200.0,24,105569.8,48.47412904991312,9.74,7898507.0,20261.2,20261.15,19.29,Commercial,7980 QUANTUM DRIVE,1205280000000.0,X,True,False,AREA OF MINIMAL FLOOD HAZARD,high,True,1.0,,0.0,6.0,6.0,1.0,0.055,13.629328727722168
dc_40672a8077dd,Pittock Block,OR,45.5215436,-122.6807041,contains,0.0,200.0,30,41740.7,0.0,28.61,8134650.0,41740.7,41708.01,28.61,Industrial,,1285027200000.0,X,True,False,AREA OF MINIMAL FLOOD HAZARD,high,True,1.0,,0.0,6.0,6.0,,0.165,0.4918390810489654
dc_db8f9132c159,Cisco Allen,TX,33.1359616,-96.6609921,contains,0.0,200.0,5,346020.4,197.23655889266504,,31616094.0,172500.4,172564.8,,Commercial,2260 CHELSEA BLVD,1654992000000.0,X,True,False,AREA OF MINIMAL FLOOD HAZARD,high,,1.0,,0.0,6.0,6.0,2.0,0.025,19.147722244262695
dc_f88ba23a982f,Meta,OR,44.29497,-120.88397,contains,0.0,200.0,5,348155.2,99.80321102791616,,5001365.0,245312.9,245288.5,,Industrial,,1560643200000.0,X,True,False,AREA OF MINIMAL FLOOD HAZARD,high,,2.0,,0.0,6.0,6.0,3.0,0.045,2.428783893585205
dc_d7bbe1a551ea,CSSNW Bellingham,WA,48.75726,-122.4805485,contains,0.0,200.0,58,50787.6,143.10019820730034,,1821767.0,4156.7,4153.536,,Commercial,,1553731200000.0,X,True,False,AREA OF MINIMAL FLOOD HAZARD,high,,1.0,,0.0,6.0,6.0,1.0,0.215,0.674815833568573
dc_0bca91742046,EdgeConneX CHI02,IL,42.0014952,-87.9525624,contains,0.0,200.0,15,267725.7,154.72112477481767,7.03,34586326.0,65844.5,65844.44,8.17,Industrial,2021 LUNT AVENUE,1321315200000.0,X,True,False,AREA OF MINIMAL FLOOD HAZARD,high,False,2.0,,0.0,6.0,6.0,,0.035,14.088419914245604
dc_b42253a6f4e0,Equinix Chicago CH3,IL,42.001221,-87.9551997,contains,0.0,200.0,12,244577.2,149.2871123216467,11.39,34586287.0,113210.2,113210.0,16.53,Industrial,1905 LUNT AVENUE,1321315200000.0,X,True,False,AREA OF MINIMAL FLOOD HAZARD,high,True,2.0,,0.0,6.0,6.0,,0.035,14.088419914245604
dc_c5239980dbb9,Element Critical CH2,IL,41.9742269,-87.9671756,contains,0.0,200.0,23,137209.5,150.14373620932145,6.44,34578649.0,42876.8,42876.73,6.9,Industrial,359 HAYNES DRIVE,1321315200000.0,X,True,False,AREA OF MINIMAL FLOOD HAZARD,high,False,2.0,,0.0,6.0,6.0,1.0,0.035,16.118194580078125
dc_3ae192f6e1fc,Centersquare Elk Grove Village Data Center Campus ORD2,IL,41.9920884,-87.9580136,contains,0.0,200.0,8,299720.4,159.96324956840365,7.67,34581636.0,163901.7,163901.5,10.22,Industrial,2425 BUSSE ROAD,1321315200000.0,X,True,False,AREA OF MINIMAL FLOOD HAZARD,high,False,4.0,1.0,0.25,6.0,6.0,1.0,0.035,16.118194580078125
dc_5476035b6014,Flexential Denver - Englewood,CO,39.558994,-104.8375559,contains,0.0,200.0,10,209276.4,0.0,,1694594.0,209276.4,209597.0,,Unclassified,8636 SOUTH PEORIA STREET,1599868800000.0,X,True,False,AREA OF MINIMAL FLOOD HAZARD,high,,2.0,3.0,0.5,3.0,6.0,3.0,0.045,10.969576835632324
dc_101d7e8f8cd1,EdgeConneX Detroit DET01,MI,42.4476693,-83.2626336,contains,0.0,200.0,14,66205.5,50.093393015748475,7.09,14870848.0,40278.7,40280.81,7.2,Commercial,,1430438400000.0,X,True,False,AREA OF MINIMAL FLOOD HAZARD,high,False,4.0,2.0,0.5,2.0,6.0,2.0,0.025,17.9299373626709
dc_f905447e5849,Lumen Austin 3,TX,30.261396,-97.7235975,contains,0.0,200.0,54,77279.2,59.002615112179846,7.2,31037950.0,5114.9,5114.906,6.7,Industrial,,1311292800000.0,X,True,False,AREA OF MINIMAL FLOOD HAZARD,high,False,1.0,,0.0,6.0,6.0,2.0,0.015,13.630367279052734
dc_3fabf9be3929,Alpheus DataCenter,TX,30.261601,-97.722423,nearest,18.898509539320845,200.0,59,77279.2,142.2350443224624,7.2,31038016.0,1645.3,1645.272,3.6,Commercial,1900 E 6TH ST,1311292800000.0,X,True,False,AREA OF MINIMAL FLOOD HAZARD,high,False,1.0,,0.0,6.0,6.0,2.0,0.015,13.630367279052734
dc_c7e6eda1a3c3,Digital Realty Austin AUS11,TX,30.21226,-97.69578,contains,0.0,200.0,2,180106.3,183.68635747573157,11.4,31046393.0,74757.8,74757.76,12.5,Commercial,7500 METRO CENTER DR,1311292800000.0,X,True,False,AREA OF MINIMAL FLOOD HAZARD,high,True,2.0,,0.0,6.0,6.0,3.0,0.015,13.630367279052734
dc_fe38ae01b067,LightEdge Austin II,TX,30.199440814924,-97.707103330097,nearest,69.95580002101997,200.0,8,87824.1,177.5879553220104,9.8,31045989.0,86665.2,86665.08,9.6,Industrial,6900 BURLESON RD,1311292800000.0,X,True,False,AREA OF MINIMAL FLOOD HAZARD,high,False,2.0,,0.0,6.0,6.0,3.0,0.015,13.630367279052734
dc_b89ba8f2218f,CyrusOne Austin Data Center II,TX,30.2059205,-97.6979506,contains,0.0,200.0,3,152323.6,179.84277612449202,10.2,31046123.0,72040.3,72040.25,10.5,Commercial,7301 METROPOLIS DR,1311292800000.0,X,True,False,AREA OF MINIMAL FLOOD HAZARD,high,False,4.0,2.0,0.25,6.0,6.0,3.0,0.015,13.630367279052734
dc_37e6baf63753,Data Foundry Austin 1 Data Center,TX,30.216362,-97.695677,nearest,56.81217246712375,200.0,20,104046.9,129.73407665539602,6.3,31027806.0,50476.8,50476.73,7.7,Industrial,7401 E BEN WHITE BLVD EB,1311292800000.0,X,True,False,AREA OF MINIMAL FLOOD HAZARD,high,False,2.0,2.0,0.5,2.0,6.0,3.0,0.015,13.630367279052734
dc_cc285f70fcb8,VISA Data Center,VA,39.04877,-77.4454,contains,0.0,200.0,16,345359.9,0.0,8.27,7880301.0,345359.9,345359.5,8.27,Commercial,45005 RUSSELL BRANCH PARKWAY,1205280000000.0,X,True,False,AREA OF MINIMAL FLOOD HAZARD,high,False,4.0,1.0,0.25,6.0,6.0,1.0,0.055,13.613815307617188
dc_25afe0ab10d4,LightEdge Austin I,TX,30.214761,-97.710875,nearest,38.493695231948536,200.0,13,73778.9,89.47370680552673,7.7,31027786.0,45410.9,45410.89,10.2,Industrial,6201 E OLTORF ST,1311292800000.0,X,True,False,AREA OF MINIMAL FLOOD HAZARD,high,False,4.0,,0.0,6.0,6.0,3.0,0.015,13.630367279052734
dc_cdbcaaff9db4,Skybox Chicago I,IL,41.9936612,-87.973521,contains,0.0,200.0,11,269980.4,121.89957698747835,8.7,34582019.0,176158.1,176157.8,10.21,Industrial,800 EAST DEVON AVENUE,1321315200000.0,X,True,False,AREA OF MINIMAL FLOOD HAZARD,high,False,2.0,,0.0,6.0,6.0,,0.035,16.118194580078125
dc_1e7f741f9284,Hurricane Electric Fremont 1,CA,37.4898848,-121.9310239,contains,0.0,200.0,14,80597.4,55.13933393568266,8.6,15892352.0,33957.4,33957.31,7.7,Industrial,,1349049600000.0,X,True,False,AREA OF MINIMAL FLOOD HAZARD,high,False,2.0,,0.0,6.0,6.0,3.0,0.595,0.1221932545304298
dc_27080243001e,,OH,41.4321977,-82.7189574,nearest,103.9465912300562,200.0,10,1180061.1,103.9465912300562,,6001915.0,1180061.1,1182458.0,,Commercial,,1479772800000.0,X,True,False,AREA OF MINIMAL FLOOD HAZARD,high,,6.0,1.0,0.16666666666666666,6.0,6.0,1.0,0.035,18.949975967407227
dc_938aec8e77ee,Lumen Austin 1,TX,30.197065,-97.713598,nearest,39.7997246153092,200.0,8,132840.5,121.36179155558682,7.4,31044845.0,75377.0,75376.93,7.7,Industrial,4207 SMITH SCHOOL RD,1311292800000.0,X,True,False,AREA OF MINIMAL FLOOD HAZARD,high,False,1.0,,0.0,6.0,6.0,3.0,0.015,13.630367279052734
dc_6b99d502d133,Data Foundry - Texas 1,TX,30.19923,-97.71342,nearest,15.480399613130166,200.0,3,132840.5,15.480399613130166,7.4,31045620.0,132840.5,132840.4,7.4,Commercial,4104 SMITH SCHOOL RD,1311292800000.0,X,True,False,AREA OF MINIMAL FLOOD HAZARD,high,False,3.0,2.0,0.3333333333333333,6.0,6.0,3.0,0.015,13.630367279052734
dc_8411b70ee9f3,XO Fremont,CA,37.4753251,-121.9221068,contains,0.0,200.0,32,108733.7,94.72526815297284,6.02,15879050.0,66567.9,66567.91,5.69,Industrial,,1349049600000.0,X,True,False,AREA OF MINIMAL FLOOD HAZARD,high,False,2.0,,0.0,6.0,6.0,2.0,0.585,0.1221932545304298
dc_9a40b00a652d,Hurricane Electric Fremont 2,CA,37.471834,-121.9202907,contains,0.0,200.0,39,180915.2,0.0,7.71,15875056.0,180915.2,180915.0,7.71,Industrial,,1349049600000.0,X,True,False,AREA OF MINIMAL FLOOD HAZARD,high,False,2.0,,0.0,6.0,6.0,2.0,0.595,0.1221932545304298
dc_e5c5994d451d,Element Critical,TX,30.34285,-97.69625,contains,0.0,200.0,25,63538.7,0.0,6.61,28073211.0,63538.7,63538.67,6.61,Commercial,8025 N IH 35 SVRD NB,1167609600000.0,X,True,False,AREA OF MINIMAL FLOOD HAZARD,high,False,1.0,,0.0,6.0,6.0,3.0,0.015,13.630367279052734
dc_a89104d1dea0,Element Critical CH1,IL,41.9757324,-87.9646913,contains,0.0,200.0,46,90698.0,0.0,7.87,34579082.0,90698.0,90697.93,7.87,Industrial,711 NORTH EDGEWOOD AVENUE,1321315200000.0,X,True,False,AREA OF MINIMAL FLOOD HAZARD,high,False,2.0,,0.0,6.0,6.0,1.0,0.035,16.118194580078125
dc_b98bb7d5812f,165 Halsey / Equinix NY1 / Databank EWR1,NJ,40.7367304,-74.1738875,contains,0.0,200.0,26,89826.2,0.0,54.25,7652032.0,89826.2,89826.13,54.25,Education,111 MARKET STREET,1376524800000.0,X,True,False,AREA OF MINIMAL FLOOD HAZARD,high,True,2.0,,0.0,6.0,6.0,,0.105,7.277477264404297
dc_e3d250e7b140,QTS Suwanee Data Center 1,GA,34.0353956,-84.0611057,contains,0.0,200.0,4,323613.3,0.0,,9092711.0,323613.3,322189.1,,Commercial,,1543363200000.0,X,True,False,AREA OF MINIMAL FLOOD HAZARD,high,,4.0,3.0,0.25,6.0,6.0,3.0,0.065,16.0975399017334
dc_baa85d8160d3,QTS Suwanee Data Center 2,GA,34.0370622,-84.0576958,contains,0.0,200.0,5,378145.5,0.0,,16015659.0,378145.5,379785.4,,Unclassified,,1543363200000.0,X,True,False,AREA OF MINIMAL FLOOD HAZARD,high,,3.0,,0.0,6.0,6.0,3.0,0.065,16.0975399017334
dc_a94598173ea8,TierPoint Little Rock,AR,34.75654,-92.44352,nearest,18.729516953207092,200.0,11,56839.6,48.59289115784688,,872092.0,3068.0,2884.114,,Unclassified,,1474416000000.0,X,True,False,AREA OF MINIMAL FLOOD HAZARD,high,,1.0,,0.0,6.0,6.0,3.0,0.1149999999999999,22.769466400146484
dc_6553f43d85f7,Equinix SV6,CA,37.3996265,-122.0145584,contains,0.0,200.0,81,106081.3,147.33207206198472,5.49,15782736.0,21980.0,21980.02,10.01,Unclassified,,1349049600000.0,X,True,False,AREA WITH REDUCED FLOOD RISK DUE TO LEVEE,high,False,2.0,,0.0,6.0,6.0,,0.485,0.0865766629576683
dc_d493afe55f15,Flexential Atlanta - Norcross,GA,33.9547396,-84.1985246,contains,0.0,200.0,16,76779.7,132.1525349327377,7.98,52122911.0,34220.7,34249.88,,Industrial,,1674518400000.0,X,True,False,AREA OF MINIMAL FLOOD HAZARD,high,,1.0,,0.0,6.0,6.0,3.0,0.065,16.562829971313477
dc_bd791a1d5428,Centersquare Lynnwood SE1,WA,47.841809,-122.3016653,nearest,12.596752308533198,200.0,45,91048.6,116.83837748514894,,4854020.0,32246.4,32222.79,,Industrial,,1565740800000.0,X,True,False,AREA OF MINIMAL FLOOD HAZARD,high,,1.0,,0.0,6.0,6.0,1.0,0.295,0.6047859191894531
dc_29fd6bdf13b7,Apple,OR,44.2891,-120.8725,nearest,0.0092728089646225,200.0,5,396285.1,0.0092728089646225,,5000344.0,396285.1,396249.6,,Unclassified,,1560643200000.0,X,True,False,AREA OF MINIMAL FLOOD HAZARD,high,,4.0,3.0,0.25,6.0,6.0,3.0,0.045,2.428783893585205
dc_4f0e6f5bde7c,Walmart Colorado Data Center,CO,38.9857326,-104.787263,contains,0.0,200.0,6,203692.8,0.0,8.95,15903337.0,203692.8,203692.7,8.95,Commercial,,1337558400000.0,X,True,False,AREA OF MINIMAL FLOOD HAZARD,high,False,2.0,,0.0,6.0,6.0,4.0,0.045,11.859444618225098
dc_d9ae28f8917b,Verizon,NE,41.338443,-96.028402,contains,0.0,200.0,6,101261.2,0.0,8.97,3234156.0,101261.2,101334.4,8.97,Commercial,7400 WORLD COMMUNICATIONS DRIVE,1366848000000.0,X,True,False,AREA OF MINIMAL FLOOD HAZARD,high,False,2.0,,0.0,6.0,6.0,4.0,0.015,15.336313247680664
dc_9c33e7edb393,Verizon,NE,41.3384444,-96.0286183,contains,0.0,200.0,6,101261.2,0.0,8.97,3234156.0,101261.2,101334.4,8.97,Commercial,7400 WORLD COMMUNICATIONS DRIVE,1366848000000.0,X,True,False,AREA OF MINIMAL FLOOD HAZARD,high,False,2.0,,0.0,6.0,6.0,4.0,0.015,15.336313247680664
dc_3c8e7ae84da8,George C. Wallace Alabama Supercomputer Center,AL,34.7355,-86.6736,nearest,99.57762461310794,200.0,6,33561.7,166.19714653722482,10.94,14058407.0,14675.8,14675.79,6.76,Commercial,,1234051200000.0,,False,,,high,False,2.0,1.0,0.5,1.0,6.0,2.0,0.0849999999999999,18.687423706054688
dc_a83a8d15a315,Equinix,CA,33.85003,-118.30331,nearest,34.661012142166996,200.0,9,400748.2,63.29460046810826,11.64,13128212.0,107410.8,107410.7,6.45,Utility and Misc,,1350432000000.0,X,True,False,AREA OF MINIMAL FLOOD HAZARD,high,False,3.0,,0.0,6.0,6.0,,0.385,0.3717229962348938
dc_543c04d60b95,Digital Realty Chicago ORD12,IL,41.9283557,-87.8592545,contains,0.0,200.0,11,581123.7,89.91808963841068,10.09,34546781.0,101785.6,101785.5,10.47,Industrial,9377 GRAND AVENUE,1321315200000.0,X,True,False,AREA OF MINIMAL FLOOD HAZARD,high,False,1.0,,0.0,6.0,6.0,,0.035,16.118194580078125
dc_b5ee50bca064,,WA,47.2376691,-119.8646264,contains,0.0,200.0,7,62363.0,199.0485216359617,,6159916.0,36577.6,36590.65,,Unclassified,,1513987200000.0,X,True,False,AREA OF MINIMAL FLOOD HAZARD,high,,2.0,,0.0,6.0,6.0,1.0,0.075,1.113155484199524
dc_36b4acad16e5,Microsoft,WA,47.2394776,-119.8830092,contains,0.0,200.0,8,160098.6,66.94626689514294,,7000747.0,152354.8,152411.1,,Commercial,,1513987200000.0,X,True,False,AREA OF MINIMAL FLOOD HAZARD,high,,2.0,,0.0,6.0,6.0,1.0,0.075,1.113155484199524
dc_a3e6b266b930,Microsoft,WA,47.2385754,-119.8830801,contains,0.0,200.0,14,160098.6,0.0,,6160593.0,160098.6,160157.9,,Commercial,,1513987200000.0,X,True,False,AREA OF MINIMAL FLOOD HAZARD,high,,2.0,,0.0,6.0,6.0,1.0,0.075,1.113155484199524
dc_c738a087d2cb,,WA,47.23932,-119.85941,nearest,2.6555685470955,200.0,10,512663.3,150.17338818289832,,6161257.0,12505.6,12510.0,,Industrial,,1513987200000.0,X,True,False,AREA OF MINIMAL FLOOD HAZARD,high,,2.0,,0.0,6.0,6.0,1.0,0.075,1.113155484199524
dc_7b42f550217b,Microsoft CYS Datacenter,WY,41.12416,-104.90343,nearest,0.1141923911181324,200.0,13,133761.3,196.87857755154343,,4162323.0,42756.2,42721.95,,Commercial,644 LOGISTICS DRIVE,1597017600000.0,X,True,False,AREA OF MINIMAL FLOOD HAZARD,high,,2.0,,0.0,6.0,6.0,3.0,0.055,9.38316249847412
dc_6be68fa9c112,,WY,41.1262938,-104.9018528,nearest,1.6465860618151589,200.0,10,156492.0,198.7232192348739,,16000029.0,133761.3,133654.5,,Commercial,644 LOGISTICS DRIVE,1597017600000.0,X,True,False,AREA OF MINIMAL FLOOD HAZARD,high,,4.0,1.0,0.25,6.0,1.0,2.0,0.055,9.38316249847412
dc_506d216f297e,KOMO Plaza East,WA,47.6192326,-122.3482873,contains,0.0,200.0,34,133280.4,160.6764753703687,11.51,10160622.0,44088.8,44056.16,23.01,Commercial,,1273190400000.0,X,True,False,AREA OF MINIMAL FLOOD HAZARD,high,True,1.0,,0.0,6.0,6.0,,0.345,0.6047859191894531
dc_0dcf4693d966,Fidelity,NE,41.1655243,-96.0833669,nearest,9.115906599948133,200.0,6,25876.2,27.889916794302156,,362397.0,9289.7,9295.98,,Industrial,11050 CORNHUSKER ROAD,1589068800000.0,X,True,False,AREA OF MINIMAL FLOOD HAZARD,high,,1.0,1.0,1.0,1.0,1.0,2.0,0.015,15.336313247680664
dc_efb9968b09e4,,CA,33.918074,-118.38735,nearest,27.633439635980498,200.0,20,85667.5,27.633439635980498,8.43,13236905.0,85667.5,85667.34,8.43,Industrial,,1350432000000.0,X,True,False,AREA OF MINIMAL FLOOD HAZARD,high,False,4.0,,0.0,6.0,6.0,2.0,0.395,0.3717229962348938
dc_4c87d97ffa9a,Serverfarm - LAX1,CA,33.9217415,-118.3864588,contains,0.0,200.0,20,201023.2,187.95504303144347,9.92,13241546.0,117395.6,117395.5,8.3,Industrial,,1350432000000.0,X,True,False,AREA OF MINIMAL FLOOD HAZARD,high,False,1.0,,0.0,6.0,6.0,2.0,0.395,0.3717229962348938
dc_abc1bc37e941,DRT LAX12,CA,33.916298,-118.384828,nearest,21.631092808160812,200.0,13,112830.1,21.631092808160812,9.25,13233735.0,112830.1,112830.0,9.25,Commercial,,1350432000000.0,X,True,False,AREA OF MINIMAL FLOOD HAZARD,high,False,1.0,,0.0,6.0,6.0,2.0,0.395,0.3717229962348938
dc_961fc1bc0c89,Google - Thornton,CO,39.922465,-104.9834252,contains,0.0,200.0,7,134436.2,172.43073120350175,7.15,15669186.0,86611.2,86611.13,6.23,Commercial,12396 GRANT STREET,1337212800000.0,X,True,False,AREA OF MINIMAL FLOOD HAZARD,high,False,2.0,3.0,0.5,3.0,6.0,3.0,0.055,10.969576835632324
dc_5b5256c05523,DRT LAX10,CA,34.04728,-118.25669,nearest,10.460430099791235,200.0,19,184955.8,136.34398422886437,42.16,14634908.0,68664.1,68664.0,35.53,Commercial,,1350432000000.0,X,True,False,1 PCT DEPTH LESS THAN 1 FOOT,high,True,2.0,,0.0,6.0,6.0,,0.445,0.5556319355964661
dc_f40c26b1ceb4,One Wilshire,CA,34.048149,-118.255721,nearest,5.255228988984692,200.0,22,117377.0,5.255228988984692,49.83,14871969.0,117377.0,117376.9,49.83,Commercial,,1350432000000.0,X,True,False,1 PCT DEPTH LESS THAN 1 FOOT,high,True,2.0,,0.0,6.0,6.0,,0.445,0.5556319355964661
dc_ddf294b48205,,VA,37.4944,-77.23745,contains,0.0,200.0,31,210705.2,0.0,,51100682.0,210705.2,210739.6,,Unclassified,6050 TECHNOLOGY CREEK DRIVE,1644537600000.0,X,True,False,AREA OF MINIMAL FLOOD HAZARD,high,,4.0,1.0,0.5,1.0,6.0,2.0,0.075,13.860154151916504
dc_66e879b37950,"CyrusOne NVA1, NVA2 & NVA3",VA,39.0259023,-77.4144697,contains,0.0,200.0,9,312769.1,0.0,,50997659.0,312769.1,312855.1,,Commercial,21111 RIDGETOP CIRCLE,1710374400000.0,X,True,False,AREA OF MINIMAL FLOOD HAZARD,high,,2.0,,0.0,6.0,6.0,1.0,0.055,13.613815307617188
dc_6a2a35ba07d2,NAP of the Americas,FL,25.7824,-80.19312,contains,0.0,200.0,25,122568.7,0.0,33.75,30413957.0,122568.7,122568.2,33.75,Commercial,50 NE 9 ST,1392508800000.0,X,True,False,AREA OF MINIMAL FLOOD HAZARD,high,True,2.0,,0.0,6.0,6.0,,0.005,22.965288162231445
dc_cc1e6f846f5c,CoreSite - Miami (MI1),FL,25.79739,-80.22987,nearest,4.618474588342833,200.0,51,154506.0,12.857939020376444,9.96,30422372.0,15955.7,15955.66,14.58,Government,2115 NW 22 ST,1392508800000.0,AE,True,True,,high,True,2.0,,0.0,6.0,6.0,2.0,0.005,22.965288162231445
dc_5127aa265ade,CyrusOne NVA5,VA,39.024356,-77.4341,nearest,78.77582812547762,200.0,7,95371.4,145.96069427640364,,7948150.0,1229.8,1229.828,3.59,Commercial,21350 PACIFIC BOULEVARD,1205280000000.0,X,True,False,AREA OF MINIMAL FLOOD HAZARD,high,False,1.0,,0.0,6.0,6.0,1.0,0.055,13.613815307617188
dc_7829f587ad00,Microsoft,IA,41.54045,-93.82609,contains,0.0,200.0,12,546149.3,0.0,,5000817.0,546149.3,545776.4,,Unclassified,8855 GRAND AVENUE,1565654400000.0,X,True,False,AREA OF MINIMAL FLOOD HAZARD,high,,4.0,,0.0,6.0,6.0,1.0,0.015,14.173967361450195
dc_a16fdadb09e8,Facebook Altoona Data Center 1,IA,41.6642482,-93.5147581,nearest,0.1305937550397128,200.0,1,328805.1,0.1305937550397128,,5001293.0,328805.1,328556.9,,Industrial,100 SHARE WAY NORTHWEST,1554508800000.0,X,True,False,AREA OF MINIMAL FLOOD HAZARD,high,,2.0,,0.0,6.0,6.0,1.0,0.015,14.173967361450195
dc_ce7c1d42d89e,Facebook Altoona Data Center 2,IA,41.6655118,-93.5082089,contains,0.0,200.0,4,409679.0,164.83304252484555,,5001300.0,303436.5,303207.2,,Industrial,200 SHARE WAY NORTHWEST,1554508800000.0,X,True,False,AREA OF MINIMAL FLOOD HAZARD,high,,3.0,,0.0,6.0,6.0,1.0,0.015,14.173967361450195
dc_fdae777cf363,Virginia Information Technologies Agency,VA,37.3607028,-77.3318065,contains,0.0,200.0,4,165143.0,0.0,,51647929.0,165143.0,165184.1,,Government,11751 MEADOWVILLE LANE,1644537600000.0,X,True,False,AREA OF MINIMAL FLOOD HAZARD,high,,1.0,,0.0,6.0,6.0,2.0,0.0849999999999999,13.860154151916504
dc_3804fbe962f8,Lumen Technologies,CA,33.716985,-117.807298,nearest,16.30340494429525,200.0,22,83798.5,76.37595414649522,7.74,13748173.0,21579.2,21579.2,5.6,Industrial,,1350432000000.0,X,True,False,0.2 PCT ANNUAL CHANCE FLOOD HAZARD,high,False,1.0,,0.0,6.0,6.0,3.0,0.325,0.6565972566604614
dc_87fe0ed9bf1c,Lumen,WA,47.6542257,-117.4200007,contains,0.0,200.0,35,42731.4,106.35292025681088,11.31,10410541.0,22514.8,22497.37,41.16,Residential,,1225324800000.0,X,True,False,AREA OF MINIMAL FLOOD HAZARD,high,True,2.0,,0.0,6.0,6.0,4.0,0.035,2.4368741512298584
dc_fe7cb3e8830f,,WI,43.0672971,-89.436704,contains,0.0,200.0,87,8408.6,0.0,6.59,10440595.0,8408.6,8410.004,6.59,Residential,,1270771200000.0,X,True,False,AREA OF MINIMAL FLOOD HAZARD,high,False,1.0,,0.0,6.0,6.0,2.0,0.015,9.417593955993652
dc_1674d44d30cc,Equinix CU2,VA,38.4548439,-77.9781318,nearest,3.6911269034504586,200.0,6,197854.1,3.6911269034504586,,50479112.0,197854.1,198024.8,,Commercial,18155 TECHNOLOGY DRIVE,1535932800000.0,X,True,False,AREA OF MINIMAL FLOOD HAZARD,high,,4.0,1.0,0.5,1.0,6.0,2.0,0.075,13.383992195129396
dc_f8d214368884,DataPipe Silicon Valley One,CA,37.3336326,-121.8879639,contains,0.0,200.0,16,137276.4,67.69914694049235,29.83,15647866.0,100735.7,100735.6,9.67,Commercial,,1349049600000.0,D,True,False,,high,False,2.0,,0.0,6.0,6.0,4.0,0.665,0.1221932545304298
dc_042da0f1f99d,CoreSite Secaucus Campus,NJ,40.7841733,-74.0655505,contains,0.0,200.0,11,323331.6,90.12554999084549,8.51,7736927.0,151982.5,151982.3,13.8,Industrial,,1376524800000.0,AE,True,True,,high,True,4.0,,0.0,6.0,6.0,,0.105,7.277477264404297
dc_01f485c24f90,Evocative Secaucus,NJ,40.787552,-74.0680502,contains,0.0,200.0,15,772371.8,186.20944944969472,9.62,7743298.0,101151.1,101151.0,13.29,Industrial,,1376524800000.0,X,True,False,AREA OF MINIMAL FLOOD HAZARD,high,True,2.0,,0.0,6.0,6.0,,0.105,7.277477264404297
dc_f2511fb5508c,BT Radianz: 492 River Road,NJ,40.8214542,-74.1341867,contains,0.0,200.0,17,110994.4,0.0,6.32,7807762.0,110994.4,110994.3,6.32,Commercial,492 RIVER ROAD,1376524800000.0,X,True,False,AREA OF MINIMAL FLOOD HAZARD,high,False,2.0,,0.0,6.0,6.0,4.0,0.105,7.277477264404297
dc_f9e6c86b33a9,Time Warner Datacenter,CO,39.5989606,-104.8603785,contains,0.0,200.0,16,86785.2,52.41490434759404,7.1,15099186.0,38284.6,38284.54,7.73,Industrial,11011 EAST PEAKVIEW AVENUE,1337212800000.0,X,True,False,AREA OF MINIMAL FLOOD HAZARD,high,False,4.0,2.0,0.25,6.0,6.0,3.0,0.045,10.969576835632324
dc_3afce9f03886,Time Warner Datacenter,CO,39.5999328,-104.86017,nearest,50.05356908207102,200.0,10,86785.2,75.72652745546424,7.1,238078.0,791.8,580.0642,,Industrial,11011 EAST PEAKVIEW AVENUE,1599868800000.0,X,True,False,AREA OF MINIMAL FLOOD HAZARD,high,,1.0,,0.0,6.0,6.0,3.0,0.045,10.969576835632324
dc_97311ae7d1ad,CyrusOne Austin Data Center III,TX,30.2070062,-97.7011317,contains,0.0,200.0,4,181682.8,0.0,,37706843.0,181682.8,181607.5,,Commercial,7100 METROPOLIS DR,1512086400000.0,X,True,False,AREA OF MINIMAL FLOOD HAZARD,high,,2.0,,0.0,6.0,6.0,3.0,0.015,13.630367279052734
dc_7db3bba7c9ec,Apollo Cable Landing Station,NJ,40.1570435,-74.101582,contains,0.0,200.0,4,140850.7,72.08058109739567,,5065872.0,26158.0,26829.42,,Commercial,1941 STATE HIGHWAY 34,1375142400000.0,X,True,False,AREA OF MINIMAL FLOOD HAZARD,high,,2.0,2.0,0.5,2.0,2.0,4.0,0.075,6.169474124908447
dc_96450fb1f38e,Cable & Wireless Cable Landing Station,NY,40.8436519,-72.8833757,contains,0.0,200.0,8,51623.1,172.45470299078036,,1623689.0,29454.2,29453.73,,Industrial,,1552780800000.0,X,True,False,AREA OF MINIMAL FLOOD HAZARD,high,,2.0,4.0,0.5,4.0,6.0,4.0,0.055,3.62664246559143
dc_e4baea386a94,Equinix Ashburn DC10,VA,39.0210047,-77.4514888,contains,0.0,200.0,11,250520.8,180.04155012779853,,50980227.0,154159.4,154206.9,,Commercial,21551 BEAUMEADE CIRCLE,1710374400000.0,X,True,False,AREA OF MINIMAL FLOOD HAZARD,high,,3.0,,0.0,6.0,6.0,1.0,0.055,13.613815307617188
dc_d92a5dd0e5f6,Amazon Web Services Datacenter Complex,VA,39.0270811,-77.4526315,contains,0.0,200.0,5,166495.1,0.0,,50995758.0,166495.1,166546.5,,Commercial,44854 INTERCONNECTION PLACE,1710374400000.0,X,True,False,AREA OF MINIMAL FLOOD HAZARD,high,,2.0,,0.0,6.0,6.0,1.0,0.055,13.613815307617188
dc_1ef09805fae1,Amazon Web Services,VA,39.0288072,-77.4588379,contains,0.0,200.0,7,127916.8,116.29931423131649,,50996465.0,116180.3,116216.8,,Commercial,21267 SMITH SWITCH ROAD,1710374400000.0,X,True,False,AREA OF MINIMAL FLOOD HAZARD,high,,3.0,1.0,0.3333333333333333,6.0,1.0,1.0,0.055,13.613815307617188
dc_9351a2fe0177,Amazon IAD-61,VA,38.9158051,-77.4919869,nearest,41.881462227131905,200.0,23,170071.4,68.3030508329961,,51517086.0,1488.9,1489.443,,Commercial,43736 CLUBBER LANE,1655424000000.0,X,True,False,AREA OF MINIMAL FLOOD HAZARD,high,,1.0,,0.0,6.0,6.0,1.0,0.065,13.629328727722168
dc_a1ec41fa9483,Amazon IAD58,VA,38.9865152,-77.4422565,nearest,20.389032444756,200.0,9,143362.5,20.389032444756,,51491518.0,143362.5,143405.5,,Commercial,22745 RELOCATION DRIVE,1710374400000.0,X,True,False,AREA OF MINIMAL FLOOD HAZARD,high,,2.0,,0.0,6.0,6.0,1.0,0.055,13.629328727722168
dc_df61119311e7,Amazon IAD51,VA,38.9914123,-77.4365107,contains,0.0,200.0,12,177858.8,179.74693148558026,,51492469.0,74123.9,74145.72,,Commercial,45220 PROLOGIS PLAZA,1710374400000.0,X,True,False,AREA OF MINIMAL FLOOD HAZARD,high,,4.0,1.0,0.75,1.0,6.0,1.0,0.055,13.629328727722168
dc_dd2e714c19e0,Amazon IAD56,VA,38.988341,-77.438008,nearest,28.616725685968923,200.0,8,177858.8,199.62841287400977,,51491072.0,94897.4,94925.5,,Commercial,45190 PROLOGIS PLAZA,1710374400000.0,X,True,False,AREA OF MINIMAL FLOOD HAZARD,high,,2.0,1.0,0.5,1.0,6.0,1.0,0.055,13.629328727722168
dc_c20b2302aff2,Amazon IAD16,VA,38.9906864,-77.4488397,contains,0.0,200.0,12,147690.9,175.02731672860168,9.07,51493322.0,84506.7,84532.63,,Commercial,22651 DULLES SUMMIT COURT,1710374400000.0,X,True,False,AREA OF MINIMAL FLOOD HAZARD,high,,4.0,,0.0,6.0,6.0,1.0,0.055,13.629328727722168
dc_dee61d200c43,Amazon IAD15,VA,38.991708,-77.4485641,contains,0.0,200.0,11,112234.7,0.0,,51493324.0,112234.7,112269.1,,Commercial,22631 DULLES SUMMIT COURT,1710374400000.0,X,True,False,AREA OF MINIMAL FLOOD HAZARD,high,,2.0,,0.0,6.0,6.0,1.0,0.055,13.629328727722168
dc_ab293c583bc3,Amazon IAD14,VA,38.7898846,-77.5482287,contains,0.0,200.0,14,129058.0,100.30470273018328,,50264650.0,120990.4,121039.5,,Commercial,11801 BREWERS SPRING ROAD,1654387200000.0,X,True,False,AREA OF MINIMAL FLOOD HAZARD,high,,4.0,1.0,0.5,1.0,6.0,1.0,0.065,12.71955680847168
dc_71354fe4b02d,Amazon IAD59,VA,38.7921874,-77.5484673,contains,0.0,200.0,4,134607.9,0.0,,50263950.0,134607.9,134662.5,,Commercial,7600 DOANE DRIVE,1654387200000.0,X,True,False,AREA OF MINIMAL FLOOD HAZARD,high,,4.0,1.0,0.25,6.0,6.0,1.0,0.065,12.71955680847168
dc_c4a43ff19d8c,Amazon IAD52,VA,38.7911185,-77.5483863,contains,0.0,200.0,4,134607.9,95.26615580182992,,50264651.0,129058.0,129110.3,,Commercial,11800 BREWERS SPRING ROAD,1654387200000.0,X,True,False,AREA OF MINIMAL FLOOD HAZARD,high,,2.0,1.0,0.5,1.0,6.0,1.0,0.065,12.71955680847168
dc_af33dfbf5532,Amazon Web Services Datacenter Complex,OH,40.0937454,-82.7518317,nearest,14.520050497047237,200.0,7,154345.4,69.82976658922267,,6001221.0,34571.9,35319.52,,Industrial,,1546646400000.0,,False,,,high,,1.0,,0.0,6.0,6.0,1.0,0.035,14.810942649841309
dc_2f2def1e8828,Amazon AWS: Hilliard Data Center,OH,40.0598657,-83.1342839,nearest,296.64261107006405,800.0,319,94594.7,482.1810838463395,18.75,8047332.0,791.1,762.0914,,Residential,4492 CARRINGTON WAY,1377475200000.0,X,True,False,AREA OF MINIMAL FLOOD HAZARD,low,,1.0,,0.0,6.0,6.0,1.0,0.035,15.455096244812012
dc_bd0c4df6edc8,Amazon Web Services,OR,45.9158356,-119.2663235,nearest,33.34834059981282,200.0,3,233793.4,163.18089051416416,,5000987.0,96886.4,96882.63,,Unclassified,,1537660800000.0,D,True,False,,high,,2.0,3.0,0.5,3.0,3.0,4.0,0.055,2.1825551986694336
dc_8b5c9190f762,Amazon Web Services,OR,45.8410032,-119.6527688,contains,0.0,200.0,10,149852.7,63.10488375241228,,5000970.0,122169.7,122199.4,,Unclassified,,1557100800000.0,X,True,False,AREA OF MINIMAL FLOOD HAZARD,high,,2.0,,0.0,6.0,6.0,2.0,0.055,1.9345662593841553
dc_c3cd81b92a8d,Amazon Web Services,OR,45.8522387,-119.6299007,nearest,126.7035384442031,200.0,2,1318.3,189.39263997319432,,3316148.0,1318.3,1318.578,,Unclassified,,1557100800000.0,X,True,False,AREA OF MINIMAL FLOOD HAZARD,high,,1.0,,0.0,6.0,6.0,2.0,0.055,1.9345662593841553
dc_ee2be26aa83a,Amazon Web Services,OR,45.8532,-119.64677,nearest,11.014002757680004,200.0,2,119698.4,11.014002757680004,,3317515.0,119698.4,119726.9,,Government,,1557100800000.0,X,True,False,AREA OF MINIMAL FLOOD HAZARD,high,,2.0,1.0,0.5,1.0,6.0,1.0,0.055,1.9345662593841553
dc_b8308dcc18bb,Equinix San Jose SV3,CA,37.388274,-121.8884463,contains,0.0,200.0,41,526221.1,155.74265889156842,7.04,15764270.0,107521.1,107521.0,7.02,Unclassified,,1349049600000.0,D,True,False,,high,False,2.0,,0.0,6.0,6.0,2.0,0.655,0.1221932545304298
dc_6bb9d780dce7,365 Main Street Data Center,CA,37.788616,-122.390816,nearest,11.309498870708008,200.0,29,75143.0,11.309498870708008,22.9,16279841.0,75143.0,75142.94,22.9,Industrial,,1349049600000.0,X,True,False,AREA OF MINIMAL FLOOD HAZARD,high,True,1.0,,0.0,6.0,6.0,3.0,0.475,0.0928128734230995
dc_fa3d9251f7ad,Meta,NC,35.3142602,-81.8220553,contains,0.0,200.0,2,320693.1,0.0,,14009142.0,320693.1,321093.1,,Commercial,284 SOCIAL CIRCLE,1389830400000.0,X,True,False,AREA OF MINIMAL FLOOD HAZARD,high,,3.0,4.0,0.6666666666666666,2.0,6.0,4.0,0.065,13.04412841796875
dc_1aaac235c2f7,Meta,NC,35.31738,-81.82625,contains,0.0,200.0,2,281059.6,0.0,,14009167.0,281059.6,281832.5,,Commercial,408 SOCIAL CIRCLE,1389830400000.0,X,True,False,AREA OF MINIMAL FLOOD HAZARD,high,,4.0,,0.0,6.0,6.0,4.0,0.065,13.04412841796875
dc_b957334fcb5a,,CA,37.4039641,-121.8892308,contains,0.0,200.0,18,122536.8,194.15289415321655,7.9,15792781.0,73473.4,73473.37,9.71,Industrial,,1349049600000.0,AO,True,True,,high,False,2.0,,0.0,6.0,6.0,,0.655,0.1221932545304298
dc_68281ce20aef,Csquare SFO1,CA,37.37045,-121.9698252,contains,0.0,200.0,13,176528.9,0.0,8.97,15732738.0,176528.9,176528.7,8.97,Unclassified,,1349049600000.0,X,True,False,0.2 PCT ANNUAL CHANCE FLOOD HAZARD,high,False,2.0,,0.0,6.0,6.0,,0.525,0.1221932545304298
dc_973ebac1cb09,,CA,37.3717787,-121.9725052,contains,0.0,200.0,15,176528.9,195.8235331281055,8.97,15733745.0,75145.6,75145.47,9.28,Unclassified,,1349049600000.0,X,True,False,0.2 PCT ANNUAL CHANCE FLOOD HAZARD,high,False,2.0,,0.0,6.0,6.0,,0.525,0.1221932545304298
dc_13bf0cfc3848,Intergate Columbia B,WA,47.407164,-120.1875239,contains,0.0,200.0,6,268380.8,118.53118753990098,,7002951.0,208288.0,208351.8,,Commercial,4405 GRANT ROAD,1566259200000.0,,False,,,high,,2.0,,0.0,6.0,6.0,4.0,0.0849999999999999,0.9799042344093324
dc_5c8f14e5f3fc,Intergate Columbia A,WA,47.4086205,-120.1893981,contains,0.0,200.0,7,268380.8,0.0,,7000928.0,268380.8,268462.7,,Commercial,4405 GRANT ROAD,1566259200000.0,,False,,,high,,4.0,,0.0,6.0,6.0,4.0,0.0849999999999999,0.9799042344093324
dc_2418d90f9371,Intergate Columbia,WA,47.40758,-120.19158,nearest,5.151375918191649,200.0,4,268380.8,100.3738412001304,,6204646.0,119608.4,119644.6,,Commercial,4405 GRANT ROAD,1566259200000.0,,False,,,high,,2.0,,0.0,6.0,6.0,4.0,0.0849999999999999,0.9799042344093324
dc_82d5bf536c6b,QTS Ashburn-Moran,VA,38.9942215,-77.4482013,contains,0.0,200.0,7,141981.0,159.458821241391,8.78,7870374.0,10155.7,10155.69,5.46,Commercial,44874 MORAN ROAD,1205280000000.0,X,True,False,AREA OF MINIMAL FLOOD HAZARD,high,False,1.0,1.0,1.0,1.0,1.0,1.0,0.055,13.629328727722168
dc_2a3cef084baa,Centersquare IAD4-A,VA,39.0217816,-77.4527978,contains,0.0,200.0,9,250520.8,181.77477556621008,,7873786.0,75010.8,75010.77,7.73,Commercial,21561 BEAUMEADE CIRCLE,1205280000000.0,X,True,False,AREA OF MINIMAL FLOOD HAZARD,high,False,1.0,,0.0,6.0,6.0,1.0,0.055,13.613815307617188
dc_76d8a96e6398,AWS Building E,VA,39.0050516,-77.4856124,contains,0.0,200.0,9,218757.3,80.91323247691294,,51082916.0,170965.9,171023.9,,Unclassified,43790 DEVIN SHAFRON DRIVE,1710374400000.0,X,True,False,AREA OF MINIMAL FLOOD HAZARD,high,,1.0,,0.0,6.0,6.0,1.0,0.055,13.613815307617188
dc_783ed530397e,Digital Realty New Jersey EWR20,NJ,40.8299279,-74.1267496,contains,0.0,200.0,60,341839.1,95.4616461252516,12.74,7821270.0,28470.8,28470.75,29.83,Industrial,100 DELAWANNA AVENUE,1376524800000.0,X,True,False,AREA OF MINIMAL FLOOD HAZARD,high,True,4.0,,0.0,6.0,6.0,3.0,0.105,7.277477264404297
dc_4fe04b8d0451,CyrusOne Somerset,NJ,40.5379623,-74.5457225,contains,0.0,200.0,15,226787.5,160.50792393783846,,6009046.0,211546.2,212459.0,,Commercial,,1508371200000.0,X,True,False,AREA OF MINIMAL FLOOD HAZARD,high,,1.0,,0.0,6.0,6.0,3.0,0.095,8.329419136047363
dc_f56907de3951,BNY Mellon Somerset,NJ,40.535869,-74.5534315,nearest,13.052007431596154,200.0,5,323530.0,78.74840280471436,,6003120.0,82936.2,85171.43,,Industrial,,1508371200000.0,X,True,False,AREA OF MINIMAL FLOOD HAZARD,high,,2.0,,0.0,6.0,6.0,3.0,0.095,8.329419136047363
dc_afac4d785392,,NJ,40.5375265,-74.5555236,contains,0.0,200.0,5,133129.9,177.82670910031166,,6003127.0,130078.5,130057.3,,Industrial,,1508371200000.0,X,True,False,AREA OF MINIMAL FLOOD HAZARD,high,,2.0,3.0,1.0,2.0,3.0,3.0,0.095,8.329419136047363
dc_b095480b552f,Digital Realty New Jersey EWR21,NJ,40.832497,-74.123887,nearest,19.49454800530863,200.0,12,269990.2,44.74602718578356,5.78,7824879.0,68345.8,68345.72,5.52,Industrial,,1376524800000.0,X,True,False,AREA OF MINIMAL FLOOD HAZARD,high,False,2.0,,0.0,6.0,6.0,,0.105,7.277477264404297
dc_fd571f509631,,CA,34.199321,-118.343534,nearest,24.471623270217194,200.0,44,100911.9,152.0586374342767,8.03,14823791.0,6707.1,6707.057,3.55,Industrial,,1350432000000.0,X,True,False,AREA OF MINIMAL FLOOD HAZARD,high,False,1.0,,0.0,6.0,6.0,,0.485,0.5556319355964661
dc_085fa1c6cd48,Amazon IAD78,VA,39.0263681,-77.4495202,contains,0.0,200.0,8,166495.1,170.70981510805936,,50979994.0,159017.2,159065.9,,Commercial,44862 INTERCONNECTION PLACE,1710374400000.0,X,True,False,AREA OF MINIMAL FLOOD HAZARD,high,,2.0,,0.0,6.0,6.0,1.0,0.055,13.613815307617188
dc_f76653816c0f,Amazon IAD79,VA,39.0263574,-77.4508704,contains,0.0,200.0,9,166495.1,72.38983999288233,,50982144.0,157654.9,157703.6,,Commercial,44858 INTERCONNECTION PLACE,1710374400000.0,X,True,False,AREA OF MINIMAL FLOOD HAZARD,high,,2.0,1.0,0.5,1.0,6.0,1.0,0.055,13.613815307617188
dc_f5f99e41c7eb,,NV,39.56711,-119.5485335,contains,0.0,200.0,4,480884.4,0.0,,900789.0,480884.4,480884.0,,Commercial,,1537574400000.0,X,True,False,AREA OF MINIMAL FLOOD HAZARD,high,,4.0,2.0,0.5,2.0,6.0,3.0,0.225,1.7456742525100708
dc_e47b672ce4ff,Kaiser Data Center,CA,38.254065,-122.2730918,contains,0.0,200.0,9,157218.8,0.0,,8156647.0,157218.8,157094.8,,Industrial,,1472860800000.0,X,True,False,AREA OF MINIMAL FLOOD HAZARD,high,,3.0,,0.0,6.0,6.0,3.0,0.435,0.0979062244296073
dc_89f803745a9e,Lumen Dallas - 3180 Irving Blvd.,TX,32.8069549,-96.8685888,contains,0.0,200.0,12,248222.1,76.42320961831041,7.93,29938495.0,81281.3,81281.19,8.21,Commercial,3180 IRVING BLVD,1435708800000.0,X,True,False,AREA WITH REDUCED FLOOD RISK DUE TO LEVEE,high,False,2.0,,0.0,6.0,6.0,2.0,0.025,18.841638565063477
dc_663e3aabdd3a,Prime DFW01-01,TX,32.8379581,-96.8784007,contains,0.0,200.0,8,108395.4,92.64166867667572,4.91,29789224.0,89703.5,89703.47,8.04,Commercial,1515 ROUND TABLE DR,1435708800000.0,X,True,False,AREA WITH REDUCED FLOOD RISK DUE TO LEVEE,high,False,2.0,2.0,0.5,2.0,6.0,2.0,0.025,18.841638565063477
dc_2f2fa36dd479,Lumen Dallas 6,TX,32.827998,-96.8843787,contains,0.0,200.0,13,367210.2,132.56949862033878,8.61,30390633.0,12905.2,12905.15,6.14,Commercial,1150 REGAL ROW,1435708800000.0,X,True,False,AREA WITH REDUCED FLOOD RISK DUE TO LEVEE,high,False,1.0,,0.0,6.0,6.0,2.0,0.025,18.841638565063477
dc_c7388ffdcf0a,Digital Realty DFW36,TX,32.8275499,-96.8737498,contains,0.0,200.0,14,224901.9,160.35179491871207,10.09,30395322.0,136312.5,136312.3,8.44,Education,8435 N STEMMONS FWY,1435708800000.0,X,True,False,AREA WITH REDUCED FLOOD RISK DUE TO LEVEE,high,False,4.0,,0.0,6.0,6.0,2.0,0.025,18.841638565063477
dc_2488b59ec2e1,DataBank Dallas Empire Central Data Center,TX,32.8217503,-96.873553,contains,0.0,200.0,17,66018.6,0.0,6.49,30229923.0,66018.6,66018.49,6.49,Commercial,1100 EMPIRE CENTRAL PL,1435708800000.0,X,True,False,AREA WITH REDUCED FLOOD RISK DUE TO LEVEE,high,False,1.0,,0.0,6.0,6.0,2.0,0.025,18.841638565063477
dc_a3670fa43098,TierPoint Dallas Data Center,TX,32.8079818,-96.8573889,contains,0.0,200.0,12,72632.8,166.66029498209892,6.41,29947292.0,71792.2,71792.1,5.58,Commercial,3000 IRVING BLVD,1435708800000.0,X,True,False,AREA WITH REDUCED FLOOD RISK DUE TO LEVEE,high,False,2.0,,0.0,6.0,6.0,2.0,0.025,18.841638565063477
dc_daf9220540a9,Amazon IAD87,VA,38.9918083,-77.441172,contains,0.0,200.0,7,163694.1,0.0,,51491509.0,163694.1,163743.2,,Commercial,45110 LOUDOUN DOWNS LANE,1710374400000.0,X,True,False,AREA OF MINIMAL FLOOD HAZARD,high,,2.0,,0.0,6.0,6.0,1.0,0.055,13.629328727722168
dc_cfa3a5031c6d,Amazon IAD88,VA,38.9909679,-77.4418679,contains,0.0,200.0,6,163694.1,82.71892753647862,,51492436.0,162217.0,162265.8,,Commercial,45111 LOUDOUN DOWNS LANE,1710374400000.0,X,True,False,AREA OF MINIMAL FLOOD HAZARD,high,,2.0,,0.0,6.0,6.0,1.0,0.055,13.629328727722168
dc_021211d2ad4e,Verizon,CO,39.589248,-104.877933,contains,0.0,200.0,45,41596.6,143.12625136776597,12.43,15083835.0,11961.2,11961.21,5.99,Commercial,7028 SOUTH CLINTON STREET,1337212800000.0,X,True,False,AREA OF MINIMAL FLOOD HAZARD,high,False,1.0,3.0,1.0,3.0,3.0,3.0,0.045,10.969576835632324
dc_3a8551ffe989,Stream Data Centers PHX-1,AZ,33.4195,-112.36,contains,0.0,200.0,1,416113.6,0.0,11.88,11459443.0,416113.6,416113.2,11.88,Commercial,2950 SOUTH LITCHFIELD ROAD,1412467200000.0,X,True,False,0.2 PCT ANNUAL CHANCE FLOOD HAZARD,high,False,4.0,,0.0,6.0,6.0,4.0,0.025,7.057002544403076
dc_a610d284990f,Live Oak Data Center,TX,32.7837489,-96.7946364,contains,0.0,200.0,5,293844.5,73.47051340161276,39.74,29799666.0,39811.4,39811.39,18.63,Commercial,2020 LIVE OAK ST,1435708800000.0,X,True,False,AREA OF MINIMAL FLOOD HAZARD,high,True,1.0,,0.0,6.0,6.0,2.0,0.025,18.841638565063477
dc_2309affb2b7b,Stack Infrastructure - POR01,OR,45.5493273,-122.9278183,contains,0.0,200.0,2,88415.5,0.0,,3640313.0,88415.5,88344.84,,Unclassified,,1564790400000.0,X,True,False,AREA OF MINIMAL FLOOD HAZARD,high,,3.0,1.0,0.3333333333333333,6.0,6.0,2.0,0.175,0.4918390810489654
dc_c72d4cbdd423,Flexential Portland - Hillsboro 2,OR,45.558302,-122.9171647,contains,0.0,200.0,3,298467.9,130.6893673815688,,3643696.0,233773.0,233586.2,,Unclassified,,1564790400000.0,X,True,False,AREA OF MINIMAL FLOOD HAZARD,high,,4.0,1.0,0.25,6.0,1.0,1.0,0.175,0.4918390810489654
dc_34120cb9bfb9,NYSE Data Center,NJ,41.0783165,-74.152912,contains,0.0,200.0,13,204352.8,0.0,,6008792.0,204352.8,201935.1,,Commercial,1700 MACARTHUR BOULEVARD,1427068800000.0,X,True,False,AREA OF MINIMAL FLOOD HAZARD,high,,2.0,2.0,0.5,2.0,6.0,4.0,0.095,7.410204887390137
dc_765868de3ac6,AT&T,CA,34.5799784,-118.1140073,contains,0.0,200.0,49,24571.8,185.34113271270397,,9080189.0,17827.0,17976.4,,Government,,1504742400000.0,X,True,False,0.2 PCT ANNUAL CHANCE FLOOD HAZARD,high,,2.0,,0.0,6.0,6.0,3.0,0.635,0.7323799133300781
dc_374ef12de243,,CO,38.8026713,-104.5219809,contains,0.0,200.0,8,51117.2,87.06157456659851,,1461980.0,43843.0,43604.39,,Government,,1565481600000.0,X,True,False,AREA OF MINIMAL FLOOD HAZARD,high,,2.0,,0.0,6.0,6.0,3.0,0.035,11.859444618225098
dc_f17c4c877a75,Siemens EDA - HDC / Data Center,OR,45.3187166,-122.7658797,contains,0.0,200.0,17,103178.0,88.1241633421954,,3055400.0,25320.3,25300.23,,Industrial,,1564790400000.0,X,True,False,AREA OF MINIMAL FLOOD HAZARD,high,,2.0,,0.0,6.0,6.0,1.0,0.175,0.6346678733825684
dc_4dcce2e3f5c2,Aligned  DFW-01,TX,33.0093142,-96.6765617,contains,0.0,200.0,11,121086.7,188.6563197126663,7.42,30281855.0,108447.7,108447.5,8.63,Commercial,2800 SUMMIT AVENUE,1435708800000.0,X,True,False,AREA OF MINIMAL FLOOD HAZARD,high,False,2.0,2.0,0.5,2.0,6.0,2.0,0.025,19.147722244262695
dc_dd893891f25e,Tierpoint Dallas-Allen,TX,33.13874,-96.66024,contains,0.0,200.0,2,346020.4,0.0,,31616097.0,346020.4,346150.0,,Commercial,2300 CHELSEA BOULEVARD,1654992000000.0,X,True,False,AREA OF MINIMAL FLOOD HAZARD,high,,4.0,2.0,0.25,6.0,6.0,2.0,0.025,19.147722244262695
dc_d6dfe2b4b690,,TX,30.0187,-95.8637474,contains,0.0,200.0,4,357263.2,0.0,,36507426.0,357263.2,357784.1,,Industrial,28401 BETKA RD,1693526400000.0,X,True,False,AREA OF MINIMAL FLOOD HAZARD,high,,4.0,2.0,0.75,1.0,6.0,2.0,0.015,20.58355712890625
dc_65de9231db68,Amazon IAD73,VA,38.7779795,-77.5590992,contains,0.0,200.0,14,202148.8,0.0,,50243188.0,202148.8,202232.9,,Commercial,7060 WELLINGTON ROAD,1654387200000.0,X,True,False,AREA OF MINIMAL FLOOD HAZARD,high,,3.0,1.0,0.6666666666666666,1.0,1.0,2.0,0.065,12.71955680847168
dc_3d7a9b4bc895,Amazon IAD74,VA,38.7774374,-77.5578909,contains,0.0,200.0,12,202148.8,70.11768105416124,,50243435.0,157919.3,157985.0,,Commercial,7070 WELLINGTON ROAD,1654387200000.0,X,True,False,AREA OF MINIMAL FLOOD HAZARD,high,,3.0,1.0,1.0,1.0,1.0,2.0,0.065,12.71955680847168
dc_98252a80dd0a,H5 Data Center,OH,41.5063555,-81.683589,contains,0.0,200.0,31,75759.6,182.5662441735028,16.85,9236193.0,73655.0,73654.91,20.22,Unclassified,1625 ROCKWELL AVENUE,1282003200000.0,X,True,False,AREA OF MINIMAL FLOOD HAZARD,high,True,2.0,,0.0,6.0,6.0,,0.035,14.61642074584961
dc_daf3c5ec6554,TPx Colocation Datacenter,CA,33.7075065,-117.8441042,contains,0.0,200.0,9,346883.0,0.0,7.35,13737713.0,346883.0,346882.7,7.35,Residential,,1350432000000.0,X,True,False,AREA OF MINIMAL FLOOD HAZARD,high,False,3.0,,0.0,6.0,6.0,2.0,0.325,0.6565972566604614
dc_a8e6550e1c77,Cologix Jacksonville JAX1,FL,30.3314298,-81.6624257,contains,0.0,200.0,25,122151.3,125.06274716754824,20.0,31843070.0,25961.4,25961.37,30.5,Residential,421 W CHURCH ST,1267660800000.0,X,True,False,AREA OF MINIMAL FLOOD HAZARD,high,True,1.0,,0.0,6.0,6.0,,0.025,23.808124542236328
dc_8eb7845dad34,Microsoft,WA,47.2394872,-119.88741,nearest,69.7804985634268,200.0,7,160098.6,196.40816517211033,,7000744.0,149141.5,149197.2,,Commercial,,1513987200000.0,X,True,False,AREA OF MINIMAL FLOOD HAZARD,high,,2.0,,0.0,6.0,6.0,1.0,0.075,1.113155484199524
dc_913e6e43e473,,WA,47.2385929,-119.864537,contains,0.0,200.0,6,512663.3,106.91763628851622,,7000743.0,54240.1,54259.45,,Unclassified,,1513987200000.0,X,True,False,AREA OF MINIMAL FLOOD HAZARD,high,,3.0,,0.0,6.0,6.0,1.0,0.075,1.113155484199524
dc_9f5bae7df94d,,WA,47.2475452,-119.8255073,contains,0.0,200.0,3,344415.9,187.39660951257608,,7000762.0,97757.4,97789.06,,Industrial,,1513987200000.0,X,True,False,AREA OF MINIMAL FLOOD HAZARD,high,,2.0,,0.0,6.0,6.0,1.0,0.075,1.113155484199524
dc_971c8fad8ba8,Facebook Fort Worth Datacenter,TX,32.9837829,-97.259335,contains,0.0,200.0,8,666672.4,0.0,,35599703.0,666672.4,666573.3,,Commercial,4500 LIKE WAY,1616457600000.0,X,True,False,AREA OF MINIMAL FLOOD HAZARD,high,,6.0,2.0,0.16666666666666666,6.0,6.0,3.0,0.025,17.917001724243164
dc_b1a8f1928f7c,Data Center Lenexa,KS,38.9247,-94.7704,nearest,11.116126975847315,200.0,9,48715.8,138.9302394006103,,578440.0,44347.0,44337.27,,Commercial,,1587427200000.0,X,True,False,AREA OF MINIMAL FLOOD HAZARD,high,,1.0,,0.0,6.0,6.0,3.0,0.025,20.538841247558594
dc_86ba61e0a58f,CITIGROUP TECHNOLOGY INC,TX,33.0064,-97.2452,contains,0.0,200.0,9,771278.1,171.05323827596743,11.0,31064200.0,250564.4,250564.2,6.9,Unclassified,931 LITSEY ROAD,1241136000000.0,X,True,False,AREA OF MINIMAL FLOOD HAZARD,high,False,4.0,2.0,0.25,6.0,6.0,2.0,0.025,17.93877601623535
dc_9499ddcbe5f4,QTS Data Center,TX,32.9889133,-97.2592738,contains,0.0,200.0,5,142886.6,0.0,8.4,31063569.0,142886.6,142886.5,8.4,Commercial,14100 PARK VISTA BLVD,1241136000000.0,X,True,False,AREA OF MINIMAL FLOOD HAZARD,high,False,2.0,,0.0,6.0,6.0,3.0,0.025,17.917001724243164
dc_d4b6d917cc3b,Lowe's Data Center,TX,29.4730082,-98.6895043,contains,0.0,200.0,5,134571.9,189.94601164937117,,28880589.0,82854.9,82854.84,6.47,Commercial,10045 ROGERS RUN,1351728000000.0,X,True,False,AREA OF MINIMAL FLOOD HAZARD,high,False,2.0,,0.0,6.0,6.0,3.0,0.015,12.881298065185549
dc_ce1390890e70,,TX,29.4703276,-98.6861914,contains,0.0,200.0,11,89023.0,126.05126614889308,11.67,28874154.0,48696.0,48696.0,6.45,Commercial,10002 ROGERS RUN,1351728000000.0,X,True,False,AREA OF MINIMAL FLOOD HAZARD,high,False,2.0,3.0,0.5,3.0,6.0,3.0,0.015,12.881298065185549
dc_d20b0b46a331,,TX,29.4702125,-98.6876674,contains,0.0,200.0,22,134571.9,122.82773502933922,,28874260.0,69265.8,69265.69,6.31,Commercial,10010 ROGERS RUN,1351728000000.0,X,True,False,AREA OF MINIMAL FLOOD HAZARD,high,False,4.0,3.0,0.25,6.0,6.0,3.0,0.015,12.881298065185549
dc_e5a14b588180,CyrusOne San Antonio I,TX,29.4666098,-98.6880869,contains,0.0,200.0,9,103488.0,0.0,8.87,28865557.0,103488.0,103487.9,8.87,Commercial,9999 WESTOVER HILLS BLVD,1351728000000.0,X,True,False,AREA OF MINIMAL FLOOD HAZARD,high,False,2.0,,0.0,6.0,6.0,3.0,0.015,12.881298065185549
dc_1290cd43e2a4,Valero Wiserman,TX,29.4742368,-98.6800789,contains,0.0,200.0,35,60654.6,167.27964172017735,,28882449.0,60540.0,60539.96,7.05,Commercial,3535 WISEMAN BLVD,1351728000000.0,X,True,False,AREA OF MINIMAL FLOOD HAZARD,high,False,2.0,,0.0,6.0,6.0,3.0,0.015,12.881298065185549
dc_96e798de1923,Stream San Antonio II,TX,29.472003,-98.6717199,contains,0.0,200.0,6,126562.6,103.5456295369457,,32269246.0,90429.0,90358.8,,Commercial,9550 WESTOVER HILLS BLVD,1672185600000.0,X,True,False,AREA OF MINIMAL FLOOD HAZARD,high,,2.0,1.0,0.5,1.0,6.0,3.0,0.015,12.881298065185549
dc_73c1808d41a7,CyrusOne San Antonio II,TX,29.4708878,-98.6730474,contains,0.0,200.0,6,126562.6,0.0,,32269244.0,126562.6,126464.4,,Commercial,,1672185600000.0,X,True,False,AREA OF MINIMAL FLOOD HAZARD,high,,2.0,,0.0,6.0,6.0,3.0,0.015,12.881298065185549
dc_a3ef9d3df723,CyrusOne San Antonio III,TX,29.4700573,-98.6721062,contains,0.0,200.0,39,126562.6,68.42551127424038,,32264114.0,123893.5,123797.3,,Commercial,9554 WESTOVER HILLS BLVD,1672185600000.0,X,True,False,AREA OF MINIMAL FLOOD HAZARD,high,,2.0,,0.0,6.0,6.0,3.0,0.015,12.881298065185549
dc_545444cd2c47,Spectrum Charlotte National Data Center,NC,35.1428083,-80.9162228,contains,0.0,200.0,13,89910.3,0.0,14.1,15029666.0,89910.3,89910.25,14.1,Commercial,8730 GREEN RIDGE DRIVE,1328745600000.0,X,True,False,AREA OF MINIMAL FLOOD HAZARD,high,True,1.0,,0.0,6.0,6.0,4.0,0.065,14.088505744934082
dc_5a2443390108,Apple,OR,44.2894,-120.8709,nearest,18.366831782924947,200.0,7,396285.1,18.366831782924947,,5000344.0,396285.1,396249.6,,Unclassified,,1560643200000.0,X,True,False,AREA OF MINIMAL FLOOD HAZARD,high,,4.0,3.0,0.25,6.0,6.0,3.0,0.045,2.428783893585205
dc_fca78ca8bfb8,Google Data Center,AZ,33.3541387,-111.6764271,nearest,426.2998147895671,800.0,302,29490.9,499.521481139007,,4473096.0,1187.6,1258.131,,Industrial,18917 EAST ELLIOT ROAD,1507507200000.0,X,True,False,0.2 PCT ANNUAL CHANCE FLOOD HAZARD,low,,1.0,,0.0,6.0,6.0,3.0,0.025,7.883434772491455
dc_85d3abd0eef7,Cyxtera Tampa TP1,FL,27.9455,-82.3507,nearest,8.57529105823661,200.0,9,101794.3,29.204853183366485,9.2,31390264.0,98195.6,98195.14,9.4,Industrial,9302 FLORIDA PALM RD,1340668800000.0,X,True,False,AREA OF MINIMAL FLOOD HAZARD,high,False,2.0,,0.0,6.0,6.0,3.0,0.005,28.616392135620117
dc_bfc0dc91e53d,DC Blox Chattanooga,TN,35.0315499,-85.2972523,contains,0.0,200.0,33,103233.0,170.32604808325303,,3307341.0,8968.2,8966.333,,Industrial,807 EAST 16TH STREET,1456617600000.0,X,True,False,AREA OF MINIMAL FLOOD HAZARD,high,,1.0,,0.0,6.0,6.0,3.0,0.125,15.14601230621338
dc_71df8167e3fe,QTS Irving - Dallas Data Center Campus,TX,32.8972479,-96.9826475,contains,0.0,200.0,8,303058.1,0.0,14.36,30582012.0,303058.1,303057.8,14.36,Industrial,6431 LONGHORN DR,1435708800000.0,X,True,False,AREA OF MINIMAL FLOOD HAZARD,high,True,4.0,2.0,0.25,6.0,6.0,2.0,0.025,18.841638565063477
dc_562f41628d8f,Centersquare Lisle ORD4 Data Center,IL,41.8023406,-88.0948856,contains,0.0,200.0,22,388075.0,0.0,,32003102.0,388075.0,386983.3,,Industrial,4513 WESTERN AVENUE,1442793600000.0,X,True,False,AREA OF MINIMAL FLOOD HAZARD,high,,4.0,,0.0,6.0,6.0,1.0,0.035,17.22007942199707
dc_aabc1a713f0b,GoDaddy - Gilbert,AZ,33.3619309,-111.8392899,contains,0.0,200.0,31,92099.4,0.0,8.85,11994112.0,92099.4,92099.32,8.85,Commercial,2299 WEST OBISPO AVENUE,1295654400000.0,X,True,False,0.2 PCT ANNUAL CHANCE FLOOD HAZARD,high,False,1.0,,0.0,6.0,6.0,4.0,0.025,7.883434772491455
dc_d097e7925fc8,AT&T Center,CA,32.7476543,-117.1589538,contains,0.0,200.0,78,100892.6,0.0,14.03,16538494.0,100892.6,100892.4,14.03,Government,,1349049600000.0,X,True,False,AREA OF MINIMAL FLOOD HAZARD,high,True,2.0,,0.0,6.0,6.0,4.0,0.305,0.6888867616653442
dc_0882af2abe6a,,TN,36.1405001,-86.7641364,contains,0.0,200.0,72,111729.0,144.50399632199708,6.37,12151247.0,10166.0,10157.95,3.93,Commercial,1301 4TH AVENUE SOUTH,1136073600000.0,X,True,False,AREA OF MINIMAL FLOOD HAZARD,high,False,1.0,,0.0,6.0,6.0,1.0,0.0849999999999999,16.571094512939453
dc_56d92a649558,CenturyLink,GA,33.7651394,-84.3837393,contains,0.0,200.0,32,170924.2,186.53676000586444,14.73,17223075.0,74636.4,74636.3,20.65,Unclassified,,1351209600000.0,X,True,False,AREA OF MINIMAL FLOOD HAZARD,high,True,1.0,,0.0,6.0,6.0,1.0,0.055,16.562829971313477
dc_02fde467d5ca,,WY,41.124033,-104.8985886,nearest,6.725648760129577,200.0,10,156492.0,12.44828052872115,,4162283.0,923.7,923.0091,,Industrial,,1597017600000.0,X,True,False,AREA OF MINIMAL FLOOD HAZARD,high,,1.0,,0.0,6.0,6.0,2.0,0.055,9.38316249847412
dc_d637d15aba22,,WY,41.1240368,-104.8991021,contains,0.0,200.0,12,156492.0,0.0,,16000026.0,156492.0,156367.1,,Industrial,,1597017600000.0,X,True,False,AREA OF MINIMAL FLOOD HAZARD,high,,4.0,1.0,0.5,1.0,6.0,2.0,0.055,9.38316249847412
dc_42f487aa6732,,WY,41.125284,-104.899022,contains,0.0,200.0,15,156492.0,0.0,,16000026.0,156492.0,156367.1,,Industrial,,1597017600000.0,X,True,False,AREA OF MINIMAL FLOOD HAZARD,high,,4.0,1.0,0.5,1.0,6.0,2.0,0.055,9.38316249847412
dc_7668d76b7f88,,WY,41.12515,-104.89835,contains,0.0,200.0,14,156492.0,40.71888171431462,,16000027.0,153654.6,153532.1,,Industrial,,1597017600000.0,X,True,False,AREA OF MINIMAL FLOOD HAZARD,high,,2.0,1.0,0.5,1.0,6.0,2.0,0.055,9.38316249847412
dc_a4961042eb4e,Expedient Pittsburgh South,PA,40.427371,-80.0425212,contains,0.0,200.0,7,67002.2,140.35457847122646,10.76,7353759.0,26007.3,26007.22,5.49,Commercial,,1312502400000.0,X,True,False,AREA OF MINIMAL FLOOD HAZARD,high,False,2.0,1.0,0.5,1.0,6.0,1.0,0.025,11.686223030090332
dc_7f37dc601968,Centersquare: Phoenix - (PHX1 - Mesa),AZ,33.4212542,-111.8590191,contains,0.0,200.0,55,112672.7,0.0,9.89,11637218.0,112672.7,112672.6,9.89,Commercial,1301 WEST UNIVERSITY DRIVE,1412467200000.0,X,True,False,0.2 PCT ANNUAL CHANCE FLOOD HAZARD,high,False,2.0,,0.0,6.0,6.0,,0.025,7.883434772491455
dc_c5410ccfaab6,,TX,29.9951976,-95.5633335,contains,0.0,200.0,4,269992.0,0.0,,37928153.0,269992.0,270508.7,,Industrial,,1573344000000.0,X,True,False,AREA OF MINIMAL FLOOD HAZARD,high,,2.0,3.0,0.5,3.0,6.0,3.0,0.015,19.91736221313477
dc_a732fbbc8530,,TX,29.9973349,-95.5640398,contains,0.0,200.0,10,269992.0,185.5548278451361,,37928121.0,119213.0,119440.9,,Industrial,15555 SCHROEDER ROAD,1573344000000.0,X,True,False,AREA OF MINIMAL FLOOD HAZARD,high,,2.0,,0.0,6.0,6.0,3.0,0.015,19.91736221313477
dc_c192d1a8a58f,Liquid Web,MI,42.6879527,-84.6430423,contains,0.0,200.0,16,42503.6,150.60211633014907,5.12,14322604.0,21679.9,21682.45,9.61,Industrial,,1366070400000.0,X,True,False,AREA OF MINIMAL FLOOD HAZARD,high,False,2.0,,0.0,6.0,6.0,1.0,0.025,12.502507209777832
dc_9886b7475b36,Amazon IAD63,VA,38.9168847,-77.4932514,contains,0.0,200.0,20,170071.4,0.0,,51516283.0,170071.4,170130.8,,Commercial,43701 CLUBBER LANE,1655424000000.0,X,True,False,AREA OF MINIMAL FLOOD HAZARD,high,,2.0,,0.0,6.0,6.0,1.0,0.065,13.629328727722168
dc_cee882b53bd3,"Liquid Web, Inc",MI,42.705492,-84.666604,nearest,3.132579488472108,200.0,5,149940.2,110.46373057691216,8.26,14334947.0,72029.2,72036.32,8.66,Industrial,,1366070400000.0,X,True,False,AREA OF MINIMAL FLOOD HAZARD,high,False,2.0,,0.0,6.0,6.0,1.0,0.025,12.502507209777832
dc_83eddcd908a9,Amazon IAD62,VA,38.9493217,-77.5198747,contains,0.0,200.0,7,196137.8,166.30805751126968,,51547393.0,155590.1,155648.0,,Commercial,42949 FADELEY LANE,1654387200000.0,X,True,False,AREA OF MINIMAL FLOOD HAZARD,high,,3.0,1.0,0.3333333333333333,1.0,6.0,1.0,0.065,12.71955680847168
dc_e694b11642aa,,GA,34.0707004,-84.6759032,contains,0.0,200.0,29,20678.3,66.06156278973835,,7537956.0,20661.9,20921.89,,Unclassified,,1543363200000.0,X,True,False,AREA OF MINIMAL FLOOD HAZARD,high,,1.0,,0.0,6.0,6.0,4.0,0.075,16.645179748535156
dc_c27350073d52,ADP South Dakota,SD,43.5999139,-96.7947573,contains,0.0,200.0,2,225811.3,0.0,,374383.0,225811.3,225806.8,,Industrial,4915 NORTH MARION ROAD,1563408000000.0,X,True,False,AREA OF MINIMAL FLOOD HAZARD,high,,3.0,1.0,1.0,1.0,1.0,2.0,0.015,15.18335247039795
dc_d0069abf7d58,TJX Corporate Techno,OH,40.1038888,-82.8106146,contains,0.0,200.0,2,96969.3,0.0,,2139811.0,96969.3,97369.39,,Industrial,6595 NEW ALBANY ROAD EAST,1546646400000.0,X,True,False,AREA OF MINIMAL FLOOD HAZARD,high,,2.0,,0.0,6.0,6.0,1.0,0.035,14.810942649841309
dc_47cb11fb436c,Compugen New Albany,OH,40.1045986,-82.8049123,contains,0.0,200.0,7,37999.8,0.0,,2140087.0,37999.8,38567.36,,Industrial,7000 SOUDER ROAD,1546646400000.0,X,True,False,AREA OF MINIMAL FLOOD HAZARD,high,,2.0,,0.0,6.0,6.0,1.0,0.035,14.810942649841309
dc_f011d85ef1f9,Compugen New Albany,OH,40.1037135,-82.8089026,contains,0.0,200.0,6,96969.3,83.46757003670822,,2139708.0,41313.4,41045.49,,Industrial,6625 NEW ALBANY ROAD EAST,1546646400000.0,X,True,False,AREA OF MINIMAL FLOOD HAZARD,high,,1.0,,0.0,6.0,6.0,1.0,0.035,14.810942649841309
dc_14a17660785d,Flexential Dallas - Richardson,TX,32.9948122,-96.7524974,contains,0.0,200.0,8,199463.1,0.0,8.86,30256431.0,199463.1,199462.9,8.86,Education,,1435708800000.0,X,True,False,AREA OF MINIMAL FLOOD HAZARD,high,False,2.0,,0.0,6.0,6.0,2.0,0.025,18.841638565063477
dc_86ea4c3bc7df,Experian McKinney Data Center,TX,33.1717958,-96.725505,nearest,138.40461544305893,200.0,8,122523.8,138.40461544305893,,25020761.0,122523.8,122295.5,,Residential,3300 S STONEBRIDGE DR,1524960000000.0,X,True,False,AREA OF MINIMAL FLOOD HAZARD,high,,2.0,,0.0,6.0,6.0,2.0,0.025,19.147722244262695
dc_9004be7e046a,Digital Fortress: Richmond,VA,37.3600608,-77.327038,contains,0.0,200.0,4,256586.2,0.0,,51645405.0,256586.2,256649.3,,Commercial,1401 MEADOWVILLE TECH PARKWAY,1644537600000.0,X,True,False,AREA OF MINIMAL FLOOD HAZARD,high,,4.0,2.0,0.5,6.0,6.0,2.0,0.0849999999999999,13.860154151916504
dc_e0c9ea4740c6,DataCenter.BZ - Worthington-Columbus,OH,40.1157427,-83.0025794,contains,0.0,200.0,12,70090.5,95.71570075501,6.84,9931589.0,54659.7,54659.62,6.16,Industrial,561 SCHERERS COURT,1301616000000.0,X,True,False,AREA OF MINIMAL FLOOD HAZARD,high,False,2.0,,0.0,6.0,6.0,1.0,0.035,15.455096244812012
dc_9fc2a0ec8776,Stack Infrastructure,CA,37.4025598,-121.893391,contains,0.0,200.0,21,80178.2,0.0,8.03,15790890.0,80178.2,80178.11,8.03,Unclassified,,1349049600000.0,AO,True,True,,high,False,2.0,,0.0,6.0,6.0,,0.645,0.1221932545304298
dc_99361789c568,Stack Infrastructure,CA,37.4022,-121.8924,contains,0.0,200.0,19,80178.2,60.16080738019962,8.03,15790850.0,65926.8,65926.74,5.25,Unclassified,,1349049600000.0,AO,True,True,,high,False,1.0,,0.0,6.0,6.0,,0.645,0.1221932545304298
dc_cf02216bd8e1,Carfax,MO,38.9235166,-92.2886061,contains,0.0,200.0,7,149302.8,99.12811147236935,,4509931.0,41762.5,41762.51,,Commercial,2301 MAGUIRE BOULEVARD,1488585600000.0,X,True,False,AREA OF MINIMAL FLOOD HAZARD,high,,2.0,,0.0,6.0,6.0,1.0,0.055,15.236273765563965
dc_2a18edd9d2aa,Facebook Altoona Data Center 3,IA,41.6670521,-93.5065646,contains,0.0,200.0,3,409679.0,0.0,,5001304.0,409679.0,409369.3,,Industrial,300 SHARE WAY NORTHWEST,1554508800000.0,X,True,False,AREA OF MINIMAL FLOOD HAZARD,high,,5.0,1.0,0.2,6.0,6.0,1.0,0.015,14.173967361450195
dc_39191f37a067,Amazon IAD71,VA,39.0279064,-77.4574998,contains,0.0,200.0,10,162556.9,197.53741853953775,13.87,50996469.0,127916.8,127956.9,,Commercial,21263 SMITH SWITCH ROAD,1710374400000.0,X,True,False,AREA OF MINIMAL FLOOD HAZARD,high,,1.0,,0.0,6.0,6.0,1.0,0.055,13.613815307617188
dc_1bea2a6b9476,Amazon IAD50,VA,39.0295615,-77.4596546,nearest,60.03260956540285,200.0,4,116180.3,109.85444534028969,,2960044.0,1450.0,1390.329,,Commercial,21271 SMITH SWITCH ROAD,1467417600000.0,X,True,False,AREA OF MINIMAL FLOOD HAZARD,high,,1.0,1.0,1.0,1.0,1.0,1.0,0.055,13.613815307617188
dc_0f68bcad00f6,Amazon IAD60,VA,39.0287737,-77.4582461,contains,0.0,200.0,8,162556.9,184.52062932817563,13.87,50996465.0,116180.3,116216.8,,Commercial,21267 SMITH SWITCH ROAD,1710374400000.0,X,True,False,AREA OF MINIMAL FLOOD HAZARD,high,,3.0,1.0,0.3333333333333333,6.0,6.0,1.0,0.055,13.613815307617188
dc_4c5da4f27c7f,Amazon Web Services,TX,32.8504831,-97.0702974,contains,0.0,200.0,55,39467.3,90.41588464068496,4.31,30316713.0,31970.7,31970.66,6.54,Commercial,1001 BEAR CREEK PKWY,1435708800000.0,X,True,False,AREA OF MINIMAL FLOOD HAZARD,high,False,2.0,1.0,0.5,1.0,6.0,3.0,0.025,17.917001724243164
dc_0d1d0eeeddb7,Amazon Web Services  CMH50,OH,40.0946297,-82.7513394,contains,0.0,200.0,7,154345.4,0.0,,6001226.0,154345.4,153675.0,,Industrial,2570 BEECH ROAD,1546646400000.0,,False,,,high,,2.0,1.0,0.5,1.0,6.0,1.0,0.035,14.810942649841309
dc_b3c53f7424cf,,IN,39.185856,-85.8870717,contains,0.0,200.0,16,133698.1,97.77233838541868,,9484245.0,2869.6,2876.384,,Industrial,3110 PERMAWICK DRIVE,1447545600000.0,X,True,False,AREA OF MINIMAL FLOOD HAZARD,high,,1.0,,0.0,6.0,6.0,1.0,0.065,20.845558166503903
dc_b016da3f5d99,Thin-nology,TX,30.4211412,-97.591603,contains,0.0,200.0,11,138383.5,123.59634683561636,,8900817.0,8441.8,8695.03,,Commercial,3804 HELIOS WAY,1521676800000.0,X,True,False,AREA OF MINIMAL FLOOD HAZARD,high,,1.0,,0.0,6.0,6.0,3.0,0.015,13.630367279052734
dc_b28695cd9ccc,CyrusOne Norwalk,CT,41.1132,-73.3886,contains,0.0,200.0,10,356932.8,172.56284918221198,,944750.0,78515.9,78488.46,,Unclassified,,1552435200000.0,X,True,False,AREA OF MINIMAL FLOOD HAZARD,high,,2.0,,0.0,6.0,6.0,4.0,0.0849999999999999,5.519350051879883
dc_07793c6ceca0,Data Foundry - Texas 2,TX,30.197766,-97.713012,nearest,61.11722536539301,200.0,6,132840.5,61.11722536539301,7.4,31045620.0,132840.5,132840.4,7.4,Commercial,4104 SMITH SCHOOL RD,1311292800000.0,X,True,False,AREA OF MINIMAL FLOOD HAZARD,high,False,3.0,2.0,0.3333333333333333,6.0,6.0,3.0,0.015,13.630367279052734
dc_f962646a287f,Meta Los Lunas Data Center,NM,34.829831,-106.77852,nearest,55.628527426303286,200.0,3,2538.7,124.60837970952424,,2446417.0,1318.8,1318.576,,Unclassified,,1514419200000.0,X,True,False,AREA OF MINIMAL FLOOD HAZARD,high,,1.0,,0.0,6.0,6.0,3.0,0.065,10.36793041229248
dc_e521fcdace02,Google Datacenter - Douglas County,GA,33.7504467,-84.5856816,contains,0.0,200.0,24,547455.5,0.0,11.43,17192959.0,547455.5,547455.0,11.43,Commercial,,1351209600000.0,X,True,False,AREA OF MINIMAL FLOOD HAZARD,high,False,3.0,,0.0,6.0,6.0,3.0,0.055,17.153179168701172
dc_52dd223d9f13,Google,IA,41.2219559,-95.8642852,nearest,3.381855966125037,200.0,53,231457.8,19.059651424270736,10.94,7152479.0,3580.8,3583.031,10.28,Unclassified,1430 VETERANS MEMORIAL HIGHWAY,1366848000000.0,X,True,False,AREA WITH REDUCED FLOOD RISK DUE TO LEVEE,high,False,1.0,,0.0,6.0,6.0,1.0,0.015,17.158601760864258
dc_855db3db7730,Microsoft - Azure Datacenter,IL,41.9229565,-87.9182633,contains,0.0,200.0,7,305937.8,0.0,15.74,34542727.0,305937.8,305937.5,15.74,Industrial,,1321315200000.0,X,True,False,AREA OF MINIMAL FLOOD HAZARD,high,True,2.0,,0.0,6.0,6.0,1.0,0.035,16.118194580078125
dc_c48845706377,Cloud Storage Corp,KS,38.8721322,-99.3001874,contains,0.0,200.0,59,20783.8,184.34385903091405,,2528375.0,13064.1,13053.88,,Commercial,1311 CANTERBURY DRIVE,1439596800000.0,X,True,False,AREA OF MINIMAL FLOOD HAZARD,high,,1.0,,0.0,6.0,6.0,1.0,0.015,15.470982551574709
dc_99f8820a08a4,Switch Las Vegas 8,NV,36.057834,-115.214258,contains,0.0,200.0,7,266713.9,0.0,13.01,2110287.0,266713.9,266713.6,13.01,Unclassified,,1393977600000.0,X,True,False,0.2 PCT ANNUAL CHANCE FLOOD HAZARD,high,True,3.0,,0.0,6.0,6.0,2.0,0.065,3.602787733078003
dc_d8d14da2c80f,Switch Las Vegas 9,NV,36.0557074,-115.2196277,contains,0.0,200.0,64,298576.0,0.0,,332017.0,298576.0,297778.5,,Commercial,,1557619200000.0,X,True,False,0.2 PCT ANNUAL CHANCE FLOOD HAZARD,high,,2.0,,0.0,6.0,6.0,2.0,0.065,3.602787733078003
dc_5acd35df9012,,TX,29.8215755,-95.5708004,contains,0.0,200.0,10,127295.4,149.2581100956799,,37146249.0,100053.3,100244.5,,Government,3401 BRITTMOORE ROAD,1573344000000.0,X,True,False,0.2 PCT ANNUAL CHANCE FLOOD HAZARD,high,,4.0,,0.0,6.0,6.0,2.0,0.015,19.91736221313477
dc_1691e39922f2,Information Technology Data Center,NH,42.9820886,-70.9505947,contains,0.0,200.0,52,86382.3,134.35566382447064,,194721.0,8407.4,8405.936,,Education,,1544486400000.0,X,True,False,AREA OF MINIMAL FLOOD HAZARD,high,,1.0,,0.0,6.0,6.0,2.0,0.105,2.9265196323394775
dc_37283499bff1,Digital Fortress Lynnwood,WA,47.8224039,-122.2896138,contains,0.0,200.0,47,66504.9,190.41446516683993,,3966694.0,27149.6,27129.74,,Commercial,,1565740800000.0,X,True,False,AREA OF MINIMAL FLOOD HAZARD,high,,2.0,,0.0,6.0,6.0,1.0,0.295,0.6047859191894531
dc_31ed378ec23d,,TX,33.1378233,-96.6559411,contains,0.0,200.0,4,61099.0,0.0,,31618463.0,61099.0,61122.16,,Commercial,816 ALLEN COMMERCE PARKWAY,1654992000000.0,X,True,False,AREA OF MINIMAL FLOOD HAZARD,high,,1.0,2.0,1.0,2.0,2.0,2.0,0.025,19.147722244262695
dc_337852dc4642,CyrusOne Allen,TX,33.1385206,-96.6599516,contains,0.0,200.0,3,346020.4,0.0,,31616097.0,346020.4,346150.0,,Commercial,2300 CHELSEA BOULEVARD,1654992000000.0,X,True,False,AREA OF MINIMAL FLOOD HAZARD,high,,4.0,2.0,0.25,6.0,6.0,2.0,0.025,19.147722244262695
dc_0e8ad449fd73,Amazon Web Services,OR,45.8404436,-119.6549794,contains,0.0,200.0,11,271642.3,177.4291193737986,,5001431.0,149852.7,149889.5,,Unclassified,,1557100800000.0,X,True,False,AREA OF MINIMAL FLOOD HAZARD,high,,2.0,,0.0,6.0,6.0,2.0,0.055,1.9345662593841553
dc_7d9a53314d14,Amazon Web Services,OR,45.9174478,-119.2677339,nearest,4.039237677584109,200.0,3,185531.3,4.039237677584109,,5000988.0,185531.3,185523.9,,Unclassified,,1537660800000.0,D,True,False,,high,,3.0,3.0,0.3333333333333333,6.0,6.0,4.0,0.055,2.1825551986694336
dc_2735a8cdb5c5,DataBank SLC3,UT,40.4797937,-111.9059228,contains,0.0,200.0,19,84675.2,0.0,,3383133.0,84675.2,84619.75,,Commercial,14926 SOUTH PONY EXPRESS ROAD,1566086400000.0,X,True,False,AREA OF MINIMAL FLOOD HAZARD,high,,2.0,2.0,0.5,2.0,6.0,2.0,0.165,4.538047790527344
dc_d75a55f76a00,Amazon IAD80,VA,39.0271087,-77.4528289,contains,0.0,200.0,4,166495.1,0.0,,50995758.0,166495.1,166546.5,,Commercial,44854 INTERCONNECTION PLACE,1710374400000.0,X,True,False,AREA OF MINIMAL FLOOD HAZARD,high,,2.0,,0.0,6.0,6.0,1.0,0.055,13.613815307617188
dc_b0894a6e8d78,Equinix Ashburn DC12,VA,39.0230155,-77.4497875,contains,0.0,200.0,5,250520.8,0.0,,50979991.0,250520.8,250597.7,,Commercial,44790 PERFORMANCE CIRCLE,1710374400000.0,X,True,False,AREA OF MINIMAL FLOOD HAZARD,high,,4.0,1.0,0.5,1.0,1.0,1.0,0.055,13.613815307617188
dc_ccd80465a580,Stream DFW IV,TX,33.0001441,-96.6616465,contains,0.0,200.0,40,70027.3,179.50641686016752,5.11,30268113.0,20004.8,20004.79,6.11,Commercial,,1435708800000.0,X,True,False,AREA OF MINIMAL FLOOD HAZARD,high,False,2.0,,0.0,6.0,6.0,3.0,0.025,19.147722244262695
dc_b5e19f1a3ea5,Rackspace Richardson DFW3,TX,32.9647813,-96.7158554,nearest,90.33399171452956,200.0,9,126152.8,158.36015532696825,8.1,30135309.0,106520.3,106520.3,7.17,Commercial,5535 NORTHMOOR DR,1435708800000.0,X,True,False,AREA OF MINIMAL FLOOD HAZARD,high,False,1.0,,0.0,6.0,6.0,,0.025,18.841638565063477
dc_7bec7a33a3ec,Digital Realty Dallas DFW17,TX,32.966739,-96.714402,nearest,26.321206621331683,200.0,24,122259.0,26.321206621331683,8.09,30141311.0,122259.0,122258.9,8.09,Industrial,5535 NORTHMOOR DR,1435708800000.0,X,True,False,AREA OF MINIMAL FLOOD HAZARD,high,False,2.0,,0.0,6.0,6.0,,0.025,18.841638565063477
dc_6a37107362a1,Digital Realty Dallas DFW29,TX,32.96725,-96.71155,nearest,9.695911605318626,200.0,25,122259.0,79.54749293292866,8.09,30141494.0,121550.2,121550.0,8.53,Commercial,5535 NORTHMOOR DR,1435708800000.0,X,True,False,AREA OF MINIMAL FLOOD HAZARD,high,False,2.0,,0.0,6.0,6.0,,0.025,18.841638565063477
dc_ab141916e295,DataBank Dallas (DFW2),TX,32.96739,-96.71364,contains,0.0,200.0,24,122259.0,0.0,8.09,30141311.0,122259.0,122258.9,8.09,Industrial,5535 NORTHMOOR DR,1435708800000.0,X,True,False,AREA OF MINIMAL FLOOD HAZARD,high,False,2.0,,0.0,6.0,6.0,,0.025,18.841638565063477
dc_833370eeca59,Digital Realty Dallas DFW28,TX,32.9673,-96.7141,contains,0.0,200.0,22,122259.0,0.0,8.09,30141311.0,122259.0,122258.9,8.09,Industrial,5535 NORTHMOOR DR,1435708800000.0,X,True,False,AREA OF MINIMAL FLOOD HAZARD,high,False,2.0,,0.0,6.0,6.0,,0.025,18.841638565063477
dc_1f6063348ac4,Digital Realty Dallas DFW35,TX,32.964263,-96.710598,nearest,30.362749535188723,200.0,20,64590.6,199.52707945537895,7.39,4108540.0,2240.8,2057.44,,Commercial,,1616457600000.0,X,True,False,AREA OF MINIMAL FLOOD HAZARD,high,,2.0,,0.0,6.0,6.0,,0.025,18.841638565063477
dc_cd26fe372499,Digital Realty Dallas DFW18,TX,32.96526,-96.71261,nearest,79.53990520366875,200.0,22,122259.0,183.0503015691509,8.09,30135544.0,83141.6,83141.5,9.4,Commercial,5535 NORTHMOOR DR,1435708800000.0,X,True,False,AREA OF MINIMAL FLOOD HAZARD,high,False,2.0,,0.0,6.0,6.0,,0.025,18.841638565063477
dc_4e931334ea09,Digital Realty Dallas DFW16,TX,32.9660428,-96.715592,contains,0.0,200.0,15,126448.5,176.80161908737998,10.55,30135309.0,106520.3,106520.3,7.17,Commercial,5535 NORTHMOOR DR,1435708800000.0,X,True,False,AREA OF MINIMAL FLOOD HAZARD,high,False,1.0,,0.0,6.0,6.0,,0.025,18.841638565063477
dc_086d8706935f,Digital Realty Northern Virginia IAD36,VA,39.0015493,-77.4793749,contains,0.0,200.0,7,255516.3,80.37623731926,,51676699.0,132202.4,132246.6,,Commercial,43780 DIGITAL LOUDOUN PLAZA,1710374400000.0,X,True,False,AREA OF MINIMAL FLOOD HAZARD,high,,2.0,,0.0,6.0,6.0,1.0,0.055,13.613815307617188
dc_ea0f41d7fc65,Digital Realty Northern Virginia IAD35,VA,39.0005331,-77.4805775,contains,0.0,200.0,8,255516.3,0.0,,51079853.0,255516.3,255602.0,,Commercial,43940 DIGITAL LOUDOUN PLAZA,1710374400000.0,X,True,False,AREA OF MINIMAL FLOOD HAZARD,high,,2.0,,0.0,6.0,6.0,1.0,0.055,13.613815307617188
dc_1ee8b3394320,Digital Realty Northern Virginia IAD37,VA,39.000032,-77.4780146,contains,0.0,200.0,11,255516.3,103.21409094390624,,51671432.0,169012.0,169068.3,,Commercial,44060 DIGITAL LOUDOUN PLAZA,1710374400000.0,X,True,False,AREA OF MINIMAL FLOOD HAZARD,high,,2.0,,0.0,6.0,6.0,1.0,0.055,13.613815307617188
dc_340e8292278e,Digital Realty Northern Virginia IAD38,VA,39.0010841,-77.4772014,contains,0.0,200.0,5,255516.3,167.6733809167561,,51497553.0,137426.2,137471.9,,Commercial,44100 DIGITAL LOUDOUN PLAZA,1710374400000.0,X,True,False,AREA OF MINIMAL FLOOD HAZARD,high,,1.0,,0.0,6.0,6.0,1.0,0.055,13.613815307617188
dc_4e2bc52efbde,State Farm Data Center,KS,38.9401343,-94.8676823,contains,0.0,200.0,3,205252.0,0.0,,586607.0,205252.0,205220.3,,Commercial,,1587427200000.0,X,True,False,AREA OF MINIMAL FLOOD HAZARD,high,,2.0,2.0,0.5,2.0,6.0,3.0,0.025,20.538841247558594
dc_74567a4bd1f1,U.S. Bank National Data Process Center,KS,38.935867,-94.864333,contains,0.0,200.0,1,164716.3,0.0,,583700.0,164716.3,164690.4,,Commercial,,1587427200000.0,X,True,False,AREA OF MINIMAL FLOOD HAZARD,high,,2.0,2.0,0.5,2.0,6.0,2.0,0.025,20.538841247558594
dc_0912ba349988,Equinix SV10,CA,37.2412288,-121.7847536,contains,0.0,200.0,7,127506.0,49.80906740555407,,10004098.0,59020.4,58632.78,,Unclassified,,1473897600000.0,D,True,False,,high,,2.0,3.0,0.5,3.0,3.0,3.0,0.605,0.1221932545304298
dc_cf6c58c618b0,,NJ,39.8309301,-75.1953233,contains,0.0,200.0,10,114722.0,163.6269623392097,5.82,7057304.0,43319.1,43319.07,6.19,Commercial,1301 METROPOLITAN AVENUE,1348012800000.0,X,True,False,AREA OF MINIMAL FLOOD HAZARD,high,False,1.0,,0.0,6.0,6.0,4.0,0.075,9.466512680053713
dc_893226092cbf,,NE,41.2204018,-96.1476408,contains,0.0,200.0,92,45413.5,137.42754891999155,5.59,3093727.0,25470.1,25485.59,5.63,Commercial,4002 SOUTH 149TH CIRCLE,1366848000000.0,X,True,False,AREA OF MINIMAL FLOOD HAZARD,high,False,2.0,,0.0,6.0,6.0,2.0,0.015,15.336313247680664
dc_5ee3b5325f08,HostDime Orlando Data Center,FL,28.6174494,-81.3934606,contains,0.0,200.0,47,117241.3,0.0,8.23,30160431.0,117241.3,117240.8,8.23,Unclassified,440 W KENNEDY BLVD,1390608000000.0,X,True,False,AREA OF MINIMAL FLOOD HAZARD,high,False,2.0,2.0,0.5,2.0,2.0,3.0,0.015,28.079456329345703
dc_0ef64a43e0fb,Google,SC,33.0642722,-80.0414534,contains,0.0,200.0,31,742569.8,190.9950596289899,,50628227.0,162394.0,162296.0,,Unclassified,,1617667200000.0,X,True,False,AREA OF MINIMAL FLOOD HAZARD,high,,1.0,,0.0,6.0,6.0,4.0,0.395,19.19745826721191
dc_81f85512b730,TierPoint Baltimore BWI,MD,39.213455,-76.682834,contains,0.0,200.0,6,49064.8,63.84180603971252,,460888.0,33369.4,32975.57,,Industrial,813 PINNACLE DRIVE,1570665600000.0,X,True,False,AREA OF MINIMAL FLOOD HAZARD,high,,2.0,1.0,0.5,1.0,6.0,1.0,0.055,14.052087783813477
dc_9ff573d8cbd4,NTT Ashburn VA2 Data Center,VA,39.0250127,-77.4576402,contains,0.0,200.0,12,94777.7,0.0,,50983676.0,94777.7,94807.41,,Commercial,44610 GUILFORD DRIVE,1710374400000.0,X,True,False,AREA OF MINIMAL FLOOD HAZARD,high,,1.0,,0.0,6.0,6.0,1.0,0.055,13.613815307617188
dc_1397a4d8be12,Strata Networks,UT,40.4565951,-109.5290169,contains,0.0,200.0,49,106338.4,159.86842148419166,,10279873.0,13488.1,13482.5,,Unclassified,67 NORTH VERNAL AVENUE,1504396800000.0,X,True,False,AREA OF MINIMAL FLOOD HAZARD,high,,1.0,,0.0,6.0,6.0,2.0,0.0849999999999999,5.19505500793457
dc_edfca97bd4a7,Goldman Sachs,NJ,40.57157,-74.66273,contains,0.0,200.0,2,325580.4,0.0,,6003454.0,325580.4,324650.0,,Industrial,755 UNITED STATES HIGHWAY 202,1508371200000.0,X,True,False,AREA OF MINIMAL FLOOD HAZARD,high,,4.0,2.0,0.25,6.0,6.0,4.0,0.095,8.329419136047363
dc_94c07a192a70,Mapletree Industrial,GA,34.096708,-84.2374791,contains,0.0,200.0,5,160819.9,178.2133052458654,,16016120.0,114657.5,115585.8,,Industrial,,1543363200000.0,X,True,False,AREA OF MINIMAL FLOOD HAZARD,high,,4.0,3.0,0.25,6.0,6.0,3.0,0.065,16.0975399017334
dc_ee18f261d905,Switch Las Vegas 11,NV,36.0558853,-115.2141369,contains,0.0,200.0,77,266713.9,177.6438735268107,13.01,332098.0,241932.7,240826.0,,Commercial,,1557619200000.0,X,True,False,0.2 PCT ANNUAL CHANCE FLOOD HAZARD,high,,2.0,,0.0,6.0,6.0,2.0,0.065,3.602787733078003
dc_12ade908d006,365 Bridgewater NJ,NJ,40.581484,-74.5738875,contains,0.0,200.0,2,92272.4,48.78091118062937,,1245441.0,30284.7,29397.45,,Residential,,1508371200000.0,X,True,False,AREA OF MINIMAL FLOOD HAZARD,high,,1.0,4.0,1.0,4.0,4.0,4.0,0.095,8.329419136047363
dc_7dfcb0eb02f9,Google Berkeley County Data Center,SC,33.0640078,-80.0423742,contains,0.0,200.0,31,742569.8,131.23545889439387,,50628227.0,162394.0,162296.0,,Unclassified,,1617667200000.0,X,True,False,AREA OF MINIMAL FLOOD HAZARD,high,,1.0,,0.0,6.0,6.0,4.0,0.395,19.19745826721191
dc_c4e49d4ab25f,AngelTrax Data Center,AL,31.2318987,-85.455834,contains,0.0,200.0,19,41035.2,71.46509634967533,,1091897.0,11276.8,11272.47,,Commercial,,1430524800000.0,X,True,False,AREA OF MINIMAL FLOOD HAZARD,high,,1.0,,0.0,6.0,6.0,2.0,0.025,23.49799156188965
dc_a0f70db62abb,Meta,NM,34.8302421,-106.7838124,nearest,277.14364340908907,800.0,8,2538.7,396.17475501945376,,2446511.0,1780.3,1780.079,,Unclassified,4410 MESSENGER LOOP NORTHWEST,1514419200000.0,X,True,False,AREA OF MINIMAL FLOOD HAZARD,low,,2.0,,0.0,6.0,6.0,3.0,0.065,10.36793041229248
dc_95f1c2f09a55,Amazon Web Services,OR,45.841373,-119.6579323,contains,0.0,200.0,9,271642.3,0.0,,5001435.0,271642.3,271709.6,,Unclassified,,1557100800000.0,X,True,False,AREA OF MINIMAL FLOOD HAZARD,high,,3.0,,0.0,6.0,6.0,2.0,0.055,1.9345662593841553
dc_4099bfe11e86,Amazon Web Services,OR,45.840659,-119.654311,contains,0.0,200.0,9,149852.7,0.0,,5001431.0,149852.7,149889.5,,Unclassified,,1557100800000.0,X,True,False,AREA OF MINIMAL FLOOD HAZARD,high,,2.0,,0.0,6.0,6.0,2.0,0.055,1.9345662593841553
dc_605d28c1cd25,Centeris SH2 Build-to-Suit,WA,47.1589163,-122.2798634,contains,0.0,200.0,2,214424.9,0.0,,7000672.0,214424.9,214269.1,,Commercial,,1565740800000.0,X,True,False,AREA OF MINIMAL FLOOD HAZARD,high,,2.0,2.0,0.5,2.0,6.0,2.0,0.305,0.4631632566452026
dc_d39ed5f3b9d9,Centeris SH1 Colocation,WA,47.1608506,-122.2792463,contains,0.0,200.0,3,214424.9,90.69544276247356,,7000674.0,111616.5,111535.4,,Industrial,,1565740800000.0,X,True,False,AREA OF MINIMAL FLOOD HAZARD,high,,4.0,,0.0,6.0,6.0,2.0,0.305,0.4631632566452026
dc_230712d60e56,Ascent - Atlanta Data Center,GA,34.0570922,-84.273003,contains,0.0,200.0,3,189391.8,0.0,,51467918.0,189391.8,189536.1,,Industrial,,1664236800000.0,X,True,False,AREA OF MINIMAL FLOOD HAZARD,high,,2.0,3.0,0.5,3.0,6.0,3.0,0.065,16.0975399017334
dc_09787eeb77bc,Microsoft TRP2,TX,29.411987,-98.8039948,nearest,2.7707489402150807,200.0,43,76934.0,98.59761617708024,,23948406.0,1319.6,1325.962,,Commercial,15420 LAMBDA DRIVE,1547251200000.0,X,True,False,AREA OF MINIMAL FLOOD HAZARD,high,,1.0,,0.0,6.0,6.0,3.0,0.005,12.881298065185549
dc_0f59160e4785,Microsoft TRP1,TX,29.4120123,-98.8027302,contains,0.0,200.0,36,76934.0,17.346631841552348,,23948414.0,2193.9,2256.979,,Commercial,15420 LAMBDA DRIVE,1547251200000.0,X,True,False,AREA OF MINIMAL FLOOD HAZARD,high,,1.0,2.0,1.0,2.0,2.0,3.0,0.005,12.881298065185549
dc_1dd477f34bc5,CyrusOne Quincy,WA,47.24373,-119.86897,nearest,130.64257838855866,200.0,3,55410.0,186.25840883454532,,6163325.0,27433.1,27442.96,,Industrial,,1513987200000.0,X,True,False,AREA OF MINIMAL FLOOD HAZARD,high,,2.0,1.0,1.0,1.0,1.0,1.0,0.075,1.113155484199524
dc_f6fb22a146c3,,MO,40.1944836,-92.5812336,contains,0.0,200.0,67,73287.0,178.27305086318998,,4295490.0,10292.8,10292.79,,Residential,,1482969600000.0,X,True,False,AREA OF MINIMAL FLOOD HAZARD,high,,1.0,,0.0,6.0,6.0,1.0,0.025,17.235868453979492
dc_6665f22986f2,Digital Realty ACC7,VA,39.017472,-77.4656752,contains,0.0,200.0,4,435356.1,0.0,,50998257.0,435356.1,435496.0,,Commercial,21625 GRESHAM DRIVE,1710374400000.0,X,True,False,AREA OF MINIMAL FLOOD HAZARD,high,,4.0,,0.0,6.0,6.0,1.0,0.055,13.613815307617188
dc_fdba30db93f1,NTT Ashburn VA3 Data Center,VA,39.017225,-77.4703718,contains,0.0,200.0,5,347124.5,180.6083785189236,,50987301.0,252896.4,252978.8,,Commercial,44245 GIGABIT PLAZA,1710374400000.0,X,True,False,AREA OF MINIMAL FLOOD HAZARD,high,,2.0,,0.0,6.0,6.0,1.0,0.055,13.613815307617188
dc_b74d4fad6802,Digital Realty ACC9,VA,39.0154331,-77.4673732,contains,0.0,200.0,4,435356.1,164.28311085309917,,50996419.0,347124.5,347236.8,,Commercial,21745 SIR TIMOTHY DRIVE,1710374400000.0,X,True,False,AREA OF MINIMAL FLOOD HAZARD,high,,4.0,,0.0,6.0,6.0,1.0,0.055,13.613815307617188
dc_e4b9d11fc296,Flexential Dallas - Plano,TX,33.006168,-96.670186,nearest,10.728260662421077,200.0,5,179587.8,101.49303564656638,10.58,30277945.0,101438.5,101438.3,8.96,Industrial,3000 EAST PLANO PARKWAY,1435708800000.0,X,True,False,AREA OF MINIMAL FLOOD HAZARD,high,False,3.0,2.0,0.3333333333333333,6.0,6.0,2.0,0.025,19.147722244262695
dc_e3b416a1407f,,NC,35.5870542,-81.2602838,contains,0.0,200.0,11,612087.7,120.49117953091866,,14010013.0,94484.6,94448.95,,Utility and Misc,6081 STARTOWN ROAD,1448064000000.0,X,True,False,AREA OF MINIMAL FLOOD HAZARD,high,,2.0,3.0,0.5,3.0,6.0,4.0,0.065,12.06896686553955
dc_ac648486d8b7,US Signal - OR01 Bend,OR,44.0861049,-121.2830411,contains,0.0,200.0,13,73172.7,120.97397075341333,,2236275.0,28870.1,28860.39,,Unclassified,,1565827200000.0,X,True,False,AREA OF MINIMAL FLOOD HAZARD,high,,2.0,,0.0,6.0,6.0,4.0,0.045,2.4713661670684814
dc_a07b002af4ce,Expedient Milwaukee,WI,42.8631424,-87.9778759,contains,0.0,200.0,6,156863.4,112.61713921802476,,4078947.0,29373.8,29354.88,,Commercial,,1559260800000.0,X,True,False,AREA OF MINIMAL FLOOD HAZARD,high,,2.0,,0.0,6.0,6.0,2.0,0.025,12.258405685424805
dc_4ff698fbffc3,Amazon Web Services,VA,38.7793815,-77.5417245,contains,0.0,200.0,7,220823.1,64.49959306218612,,50250453.0,165488.8,165554.9,,Commercial,8200 BETHLEHEM ROAD,1654387200000.0,X,True,False,AREA OF MINIMAL FLOOD HAZARD,high,,3.0,,0.0,6.0,6.0,1.0,0.065,12.71955680847168
dc_420b62321920,Oxford Networks,ME,43.8951573,-69.9234342,nearest,4.05355467289795,200.0,21,55846.1,4.05355467289795,,179621.0,55846.1,55808.89,,Government,14 RESILIENT CIRCLE,1571616000000.0,X,True,False,AREA OF MINIMAL FLOOD HAZARD,high,,2.0,1.0,0.5,1.0,6.0,2.0,0.065,1.806485891342163
dc_048121696554,NAO 1/NAO 2,OH,40.0684176,-82.7503131,contains,0.0,200.0,2,305690.5,0.0,,6001152.0,305690.5,305790.0,,Industrial,,1546646400000.0,X,True,False,AREA OF MINIMAL FLOOD HAZARD,high,,3.0,1.0,0.3333333333333333,6.0,6.0,1.0,0.035,14.810942649841309
dc_88e2629c4bed,NTT,TX,32.9810371,-96.6563775,contains,0.0,200.0,34,235970.3,0.0,,37298159.0,235970.3,236060.4,,Commercial,,1654992000000.0,X,True,False,AREA OF MINIMAL FLOOD HAZARD,high,,2.0,,0.0,6.0,6.0,2.0,0.025,18.841638565063477
dc_b5dbae714a3e,Rice Data Center,TX,29.6581451,-95.4433121,contains,0.0,200.0,19,29159.5,140.73600510354953,5.17,28536481.0,24669.5,24669.47,6.94,Education,11621 MAIN ST,1264204800000.0,X,True,False,AREA OF MINIMAL FLOOD HAZARD,high,False,2.0,,0.0,6.0,6.0,2.0,0.015,20.972787857055664
dc_90a6848e7223,Facebook Fort Worth Datacenter,TX,32.9849203,-97.2550451,contains,0.0,200.0,10,691151.3,158.04290010084705,,35596832.0,334894.4,334845.7,,Commercial,,1616457600000.0,X,True,False,AREA OF MINIMAL FLOOD HAZARD,high,,3.0,2.0,0.3333333333333333,6.0,6.0,2.0,0.025,17.917001724243164
dc_dfc666f9c4cb,Amazon Web Services,OH,40.0611521,-83.1351729,nearest,333.5104403048834,800.0,259,94594.7,640.2524829979437,18.75,8047332.0,791.1,762.0914,,Residential,4492 CARRINGTON WAY,1377475200000.0,X,True,False,AREA OF MINIMAL FLOOD HAZARD,low,,1.0,,0.0,6.0,6.0,1.0,0.035,15.455096244812012
dc_3c709b4835c3,Microsoft Boydton Data Center,VA,36.6859202,-78.3764101,contains,0.0,200.0,8,151817.5,0.0,,51158442.0,151817.5,152036.4,,Commercial,,1594425600000.0,X,True,False,AREA OF MINIMAL FLOOD HAZARD,high,,3.0,3.0,0.3333333333333333,6.0,6.0,3.0,0.055,14.693286895751951
dc_be3f35a6c8d6,Iron Mountain AZP-2,AZ,33.4521575,-111.9772945,nearest,26.129406526135988,200.0,54,504268.8,193.9891248153095,12.13,11647319.0,2921.5,2921.493,3.65,Commercial,4802 EAST VAN BUREN STREET,1412467200000.0,X,True,False,0.2 PCT ANNUAL CHANCE FLOOD HAZARD,high,False,2.0,,0.0,6.0,6.0,4.0,0.025,7.883434772491455
dc_feaaf89fa226,Amazon IAD68,VA,38.9486869,-77.5209516,contains,0.0,200.0,7,196137.8,49.38139503737579,,51656287.0,193974.2,194046.8,,Commercial,42948 FADELEY LANE,1654387200000.0,X,True,False,AREA OF MINIMAL FLOOD HAZARD,high,,3.0,,0.0,6.0,6.0,1.0,0.065,12.71955680847168
dc_0c42588f498d,Amazon IAD81,VA,38.9483877,-77.5218303,contains,0.0,200.0,9,196137.8,0.0,,51656277.0,196137.8,196211.3,,Commercial,24178 UPPER WOODSIDE LANE,1654387200000.0,X,True,False,AREA OF MINIMAL FLOOD HAZARD,high,,4.0,1.0,0.25,6.0,6.0,1.0,0.065,12.71955680847168
dc_91f5a2b35cfd,Google,VA,38.9432045,-77.5243301,contains,0.0,200.0,12,296612.4,173.55794128523883,,51560889.0,221832.8,221916.7,,Commercial,24400 HOWLING ROOSTER LANE,1654387200000.0,X,True,False,AREA OF MINIMAL FLOOD HAZARD,high,,2.0,,0.0,6.0,6.0,1.0,0.065,12.71955680847168
dc_ef10904644d7,Amazon IAD120,VA,38.9579165,-77.4980579,contains,0.0,200.0,6,231725.1,0.0,,51093903.0,231725.1,231807.0,,Commercial,23825 ERINS RUN DRIVE,1579478400000.0,X,True,False,AREA OF MINIMAL FLOOD HAZARD,high,,3.0,,0.0,6.0,6.0,1.0,0.055,13.629328727722168
dc_1a6315f98500,Amazon IAD121,VA,38.9567768,-77.4977837,contains,0.0,200.0,8,231725.1,72.04243519641685,,51093901.0,167796.6,167855.8,,Commercial,23835 ERINS RUN DRIVE,1655424000000.0,X,True,False,AREA OF MINIMAL FLOOD HAZARD,high,,3.0,1.0,0.3333333333333333,6.0,6.0,1.0,0.055,13.629328727722168
dc_33704ffbd31e,Microsoft,WA,47.2376618,-119.8875314,nearest,76.59453228656696,200.0,9,160098.6,197.91217423969755,,7000744.0,149141.5,149197.2,,Commercial,,1513987200000.0,X,True,False,AREA OF MINIMAL FLOOD HAZARD,high,,2.0,,0.0,6.0,6.0,1.0,0.075,1.113155484199524
dc_221b5b4e4cbe,Microsoft,WA,47.2376316,-119.8832191,contains,0.0,200.0,11,160098.6,76.35427298800896,,6159827.0,790.8,791.1411,,Commercial,,1513987200000.0,X,True,False,AREA OF MINIMAL FLOOD HAZARD,high,,1.0,,0.0,6.0,6.0,1.0,0.075,1.113155484199524
dc_cb7067a8f749,Microsoft,WA,47.23672,-119.88333,nearest,77.42289042862457,200.0,10,160098.6,177.31549312439486,,6159777.0,1647.6,1648.227,,Commercial,,1513987200000.0,X,True,False,AREA OF MINIMAL FLOOD HAZARD,high,,1.0,,0.0,6.0,6.0,1.0,0.075,1.113155484199524
dc_c78cab6d2736,Microsoft,WA,47.23774,-119.88743,nearest,64.01272790683548,200.0,9,160098.6,187.6420312191389,,7000744.0,149141.5,149197.2,,Commercial,,1513987200000.0,X,True,False,AREA OF MINIMAL FLOOD HAZARD,high,,2.0,,0.0,6.0,6.0,1.0,0.075,1.113155484199524
dc_f3f12ded37f2,Vantage WA12,WA,47.2539697,-119.8136985,nearest,324.4247590221771,800.0,19,198564.2,396.85189761392184,,7000768.0,127746.6,127786.8,,Industrial,,1513987200000.0,X,True,False,AREA OF MINIMAL FLOOD HAZARD,low,,4.0,1.0,0.5,1.0,6.0,1.0,0.075,1.113155484199524
dc_05ea777c5bb7,,VA,39.0120268,-77.4715605,contains,0.0,200.0,11,655641.1,0.0,14.54,7872187.0,655641.1,655640.4,14.54,Commercial,22001 LOUDOUN COUNTY PARKWAY,1205280000000.0,X,True,False,AREA OF MINIMAL FLOOD HAZARD,high,True,5.0,,0.0,6.0,6.0,1.0,0.055,13.613815307617188
dc_f7f92d6bf396,QTS Ashburn 1,VA,38.9995402,-77.4498559,contains,0.0,200.0,8,173244.0,0.0,,51497338.0,173244.0,173297.5,,Commercial,22271 BRODERICK DRIVE,1710374400000.0,X,True,False,AREA OF MINIMAL FLOOD HAZARD,high,,2.0,,0.0,6.0,6.0,1.0,0.055,13.629328727722168
dc_9c363afc7136,Amazon IAD57,VA,38.9869931,-77.4426325,contains,0.0,200.0,10,143362.5,80.39178002738888,,51491498.0,123103.4,123140.4,,Commercial,22755 RELOCATION DRIVE,1710374400000.0,X,True,False,AREA OF MINIMAL FLOOD HAZARD,high,,2.0,,0.0,6.0,6.0,1.0,0.055,13.629328727722168
dc_ba22ed99a4e2,Amazon IAD64,VA,38.8151324,-77.6529193,contains,0.0,200.0,1,150044.0,0.0,,2063256.0,150044.0,151920.8,,Commercial,15465 JOHN MARSHALL HIGHWAY,1521849600000.0,X,True,False,AREA OF MINIMAL FLOOD HAZARD,high,,3.0,2.0,0.6666666666666666,1.0,2.0,2.0,0.065,12.71955680847168
dc_4a132824cfec,Amazon IAD84,VA,38.8159745,-77.6525395,nearest,78.03264193646253,200.0,3,150044.0,78.03264193646253,,2063256.0,150044.0,151920.8,,Commercial,15465 JOHN MARSHALL HIGHWAY,1521849600000.0,X,True,False,AREA OF MINIMAL FLOOD HAZARD,high,,3.0,2.0,0.6666666666666666,1.0,6.0,2.0,0.065,12.71955680847168
dc_8efe4675d0f1,Amazon Web Services,OR,45.9138823,-119.2676514,nearest,2.5763188246031574,200.0,1,233793.4,2.5763188246031574,,5000986.0,233793.4,233784.1,,Unclassified,,1537660800000.0,D,True,False,,high,,3.0,3.0,0.6666666666666666,1.0,6.0,5.0,0.055,2.1825551986694336
dc_ecfbfcfe278f,Amazon Web Services,OR,45.8411742,-119.6554491,contains,0.0,200.0,11,271642.3,140.90066149851555,,5000969.0,77101.5,77120.4,,Unclassified,,1557100800000.0,X,True,False,AREA OF MINIMAL FLOOD HAZARD,high,,2.0,,0.0,6.0,6.0,2.0,0.055,1.9345662593841553
dc_5218a11a35e9,Amazon Web Services,OR,45.853786,-119.6300361,nearest,293.48294114021866,800.0,14,124972.3,704.4693981061064,,3316148.0,1318.3,1318.578,,Unclassified,,1557100800000.0,X,True,False,AREA OF MINIMAL FLOOD HAZARD,low,,1.0,,0.0,6.0,6.0,2.0,0.055,1.9345662593841553
dc_5aad22ea436a,Amazon Web Services,OR,45.8466554,-119.6037093,contains,0.0,200.0,1,220058.5,0.0,,5001436.0,220058.5,220103.6,,Unclassified,,1557100800000.0,X,True,False,AREA OF MINIMAL FLOOD HAZARD,high,,4.0,,0.0,6.0,6.0,1.0,0.055,1.9345662593841553
dc_bbebb5bd9416,Google Taylor Lake Data Center,OR,45.6381,-121.20248,contains,0.0,200.0,16,120358.5,0.0,,5001424.0,120358.5,120320.3,,Industrial,,1536451200000.0,,False,,,high,,4.0,2.0,0.25,6.0,6.0,4.0,0.0849999999999999,0.5895698070526123
dc_f8f41a355b01,Digital Realty Northern Virginia IAD73,VA,39.0066187,-77.4664074,contains,0.0,200.0,4,587139.7,90.91881422926774,,50990179.0,275428.4,275517.3,,Commercial,44540 ROUND TABLE PLAZA,1710374400000.0,X,True,False,AREA OF MINIMAL FLOOD HAZARD,high,,3.0,1.0,0.3333333333333333,6.0,6.0,1.0,0.055,13.613815307617188
dc_9e58a3cef4db,Digital Realty Northern Virginia IAD39,VA,39.0076143,-77.4676305,contains,0.0,200.0,3,587139.7,0.0,,50990386.0,587139.7,587329.5,,Commercial,44274 ROUND TABLE PLAZA,1710374400000.0,X,True,False,AREA OF MINIMAL FLOOD HAZARD,high,,4.0,,0.0,6.0,6.0,1.0,0.055,13.613815307617188
dc_cbf981ab067c,Digital Realty ACC10,VA,39.0126563,-77.4656035,contains,0.0,200.0,8,655641.1,170.98284959184784,14.54,50995754.0,308196.9,308296.1,,Commercial,21744 SIR TIMOTHY DRIVE,1710374400000.0,X,True,False,AREA OF MINIMAL FLOOD HAZARD,high,,4.0,,0.0,6.0,6.0,1.0,0.055,13.613815307617188
dc_00512a7203c4,Sentinel Ashburn Nexus Data Center,VA,39.0006465,-77.4398077,contains,0.0,200.0,4,323484.5,154.2107453754709,,51492069.0,315948.7,316042.9,,Commercial,22262 CLOUD PLAZA,1710374400000.0,X,True,False,AREA OF MINIMAL FLOOD HAZARD,high,,4.0,1.0,0.25,6.0,6.0,1.0,0.055,13.613815307617188
dc_1abdc6f74897,Vantage VA11,VA,39.0023794,-77.4376878,contains,0.0,200.0,6,323484.5,114.92238168878986,,51660444.0,269986.5,270066.6,,Unclassified,45194 VANTAGE DATA PLAZA,1710374400000.0,X,True,False,AREA OF MINIMAL FLOOD HAZARD,high,,3.0,,0.0,6.0,6.0,1.0,0.055,13.613815307617188
dc_18fb4cc70d24,Amazon IAD90,VA,38.9886031,-77.4116516,contains,0.0,200.0,6,159676.3,183.0138522198055,,7935727.0,63117.3,63117.24,9.8,Commercial,45900 PATHFINDER PLAZA,1205280000000.0,X,True,False,AREA OF MINIMAL FLOOD HAZARD,high,False,2.0,,0.0,6.0,6.0,1.0,0.055,13.629328727722168
dc_54774f9d575c,Amazon IAD91,VA,38.9878471,-77.4111191,contains,0.0,200.0,4,159676.3,85.6799042635402,,51660468.0,154924.6,154966.9,,Commercial,45930 PATHFINDER PLAZA,1710374400000.0,X,True,False,AREA OF MINIMAL FLOOD HAZARD,high,,4.0,,0.0,6.0,6.0,1.0,0.055,13.629328727722168
dc_5c56cb4398bf,Amazon IAD92,VA,38.9869426,-77.4104754,contains,0.0,200.0,11,159676.3,0.0,,51665020.0,159676.3,159719.8,,Commercial,45950 PATHFINDER PLAZA,1710374400000.0,X,True,False,AREA OF MINIMAL FLOOD HAZARD,high,,2.0,,0.0,6.0,6.0,1.0,0.055,13.629328727722168
dc_c46ec9dd6e53,Amazon IAD144,VA,38.9801,-77.42555,nearest,45.63076209156808,200.0,11,148939.9,111.10295522200047,,7932118.0,2140.1,2140.064,3.86,Unclassified,,1205280000000.0,X,True,False,AREA OF MINIMAL FLOOD HAZARD,high,False,1.0,,0.0,6.0,6.0,1.0,0.055,13.629328727722168
dc_6de50b540090,CyrusOne NVA8,VA,39.0211789,-77.4132443,nearest,75.01145341324927,200.0,24,90584.4,192.81287031777623,9.29,7947637.0,1568.9,1568.859,3.34,Commercial,45905 MARIES ROAD,1205280000000.0,X,True,False,AREA OF MINIMAL FLOOD HAZARD,high,False,1.0,1.0,1.0,1.0,1.0,1.0,0.055,13.613815307617188
dc_c5814c3bae92,Amazon IAD98,VA,39.0202249,-77.4338857,contains,0.0,200.0,6,162823.6,0.0,,50979812.0,162823.6,162871.2,,Commercial,45295 WEST SEVERN WAY,1710374400000.0,X,True,False,AREA OF MINIMAL FLOOD HAZARD,high,,3.0,,0.0,6.0,6.0,1.0,0.055,13.613815307617188
dc_0e2031e82e1b,Amazon IAD99,VA,39.01917,-77.43403,contains,0.0,200.0,2,162823.6,90.17237871467152,,50979811.0,161546.5,161593.7,,Commercial,45305 WEST SEVERN WAY,1710374400000.0,X,True,False,AREA OF MINIMAL FLOOD HAZARD,high,,1.0,,0.0,6.0,6.0,1.0,0.055,13.613815307617188
dc_f1a86c9afb0a,Amazon IAD114,VA,39.035494,-77.4506986,contains,0.0,200.0,6,201651.2,133.48898135029532,,50998903.0,167923.7,167975.4,,Commercial,20945 LOUDOUN COUNTY PARKWAY,1710374400000.0,X,True,False,AREA OF MINIMAL FLOOD HAZARD,high,,4.0,1.0,0.5,1.0,1.0,1.0,0.055,13.613815307617188
dc_ad7345365e4c,Amazon IAD115,VA,39.0362941,-77.4497948,contains,0.0,200.0,3,167923.7,73.12731848163423,,50980853.0,162143.4,162193.1,,Commercial,20935 LOUDOUN COUNTY PARKWAY,1710374400000.0,X,True,False,AREA OF MINIMAL FLOOD HAZARD,high,,2.0,1.0,0.5,1.0,6.0,1.0,0.055,13.613815307617188
dc_790645b0b559,Amazon IAD65,VA,38.9170108,-77.4943665,nearest,32.19264608713657,200.0,12,170071.4,66.47228401569694,,7863580.0,785.5,785.4865,2.2,Commercial,25316 PREDICTION LANE,1205280000000.0,X,True,False,AREA OF MINIMAL FLOOD HAZARD,high,False,1.0,,0.0,6.0,6.0,1.0,0.065,13.629328727722168
dc_6b77189e7c43,Amazon IAD150,VA,38.9160727,-77.4772491,contains,0.0,200.0,13,242076.3,0.0,,51536835.0,242076.3,242157.3,,Commercial,25430 SUTTON BAY PLAZA,1655424000000.0,X,True,False,AREA OF MINIMAL FLOOD HAZARD,high,,2.0,,0.0,6.0,6.0,1.0,0.065,13.629328727722168
dc_d3c309846778,,NM,35.0483475,-106.5421546,contains,0.0,200.0,22,203764.0,112.40528045927007,,12020883.0,25672.2,25664.17,,Government,,1314835200000.0,D,True,False,,high,,1.0,,0.0,6.0,6.0,3.0,0.055,9.913078308105469
dc_2ae3bfe26148,Stonewall Creek Business Park,VA,39.051467,-77.5394376,nearest,40.24529231598846,200.0,13,200774.3,73.33042131207911,,51114258.0,160241.7,160304.1,,Commercial,20481 GOOSE LANDING LANE,1710374400000.0,X,True,False,AREA OF MINIMAL FLOOD HAZARD,high,,4.0,1.0,0.5,1.0,6.0,1.0,0.055,11.454973220825195
dc_5f4d636f1ee7,Apple,OR,44.2872,-120.8702,contains,0.0,200.0,12,396285.1,107.26157195005555,,2305983.0,313520.3,313492.2,,Unclassified,,1560643200000.0,X,True,False,AREA OF MINIMAL FLOOD HAZARD,high,,2.0,,0.0,6.0,6.0,3.0,0.045,2.428783893585205
dc_45390bd84c06,Meta,OR,44.2936872,-120.8815985,contains,0.0,200.0,4,348155.2,0.0,,5000345.0,348155.2,348121.3,,Industrial,,1560643200000.0,X,True,False,AREA OF MINIMAL FLOOD HAZARD,high,,3.0,,0.0,6.0,6.0,3.0,0.045,2.428783893585205
dc_efab6ab952e9,Amazon Web Services,OR,45.797809,-119.3666157,nearest,211.4264458371873,800.0,39,596341.8,742.5649372858005,,3292742.0,395.6,395.5684,,Industrial,,1509148800000.0,X,True,False,AREA OF MINIMAL FLOOD HAZARD,low,,1.0,1.0,1.0,1.0,1.0,2.0,0.055,2.1825551986694336
dc_3754a7061eec,Sabey Intergate.Ashburn,VA,39.015362,-77.476604,nearest,30.017509101459076,200.0,13,148520.6,42.92111375620243,,7872803.0,54076.1,54076.12,5.41,Education,21730 RED RUM DRIVE,1205280000000.0,X,True,False,AREA OF MINIMAL FLOOD HAZARD,high,False,2.0,1.0,0.5,1.0,6.0,1.0,0.055,13.613815307617188
dc_9f26b8e594c9,Google Montgomery Data Center,TN,36.6282547,-87.2601021,nearest,13.54421180086512,200.0,12,5938.3,187.95912527553776,,7306919.0,4750.7,4746.914,,Industrial,1000 SOLAR WAY,1533945600000.0,X,True,False,AREA OF MINIMAL FLOOD HAZARD,high,,1.0,,0.0,6.0,6.0,1.0,0.1149999999999999,16.438068389892578
dc_f03287bb770b,Google Data Center,VA,39.05247,-77.53966,contains,0.0,200.0,11,200774.3,0.0,,51109553.0,200774.3,200852.3,,Commercial,20491 GOOSE LANDING LANE,1710374400000.0,X,True,False,AREA OF MINIMAL FLOOD HAZARD,high,,4.0,1.0,0.25,6.0,6.0,2.0,0.055,11.454973220825195
dc_5447998cc8d7,Centersquare Atlanta ATL1,GA,33.7442251,-84.5812077,contains,0.0,200.0,2,251657.1,0.0,9.03,17185567.0,251657.1,251656.8,9.03,Industrial,,1351209600000.0,X,True,False,AREA OF MINIMAL FLOOD HAZARD,high,False,3.0,3.0,0.3333333333333333,6.0,6.0,3.0,0.055,17.153179168701172
dc_20ffe88937a6,Digital Realty CH3,IL,41.9943531,-87.9649422,nearest,2.670179295005483,200.0,15,449220.2,115.4581989316918,8.81,34582414.0,143304.3,143304.2,7.62,Commercial,1500 EAST DEVON AVENUE,1321315200000.0,X,True,False,AREA OF MINIMAL FLOOD HAZARD,high,False,4.0,,0.0,6.0,6.0,1.0,0.035,16.118194580078125
dc_0895931a44dc,Digital Realty CH2,IL,41.9945332,-87.9577513,contains,0.0,200.0,5,299720.4,0.0,7.67,34582624.0,299720.4,299720.2,7.67,Commercial,2299 BUSSE ROAD,1321315200000.0,X,True,False,AREA OF MINIMAL FLOOD HAZARD,high,False,4.0,,0.0,6.0,6.0,1.0,0.035,16.118194580078125
dc_433c57ca1a5b,DataBank SLC2,UT,40.4797749,-111.9047692,contains,0.0,200.0,15,84675.2,58.53452194788891,,13000531.0,75917.4,75867.7,,Commercial,14944 SOUTH PONY EXPRESS ROAD,1566086400000.0,X,True,False,AREA OF MINIMAL FLOOD HAZARD,high,,2.0,,0.0,6.0,6.0,3.0,0.165,4.538047790527344
dc_34f9f44aa908,DataBank SLC4,UT,40.4813166,-111.9050026,contains,0.0,200.0,12,84675.2,112.0045263985121,,3384207.0,40523.4,40496.9,,Commercial,14864 SOUTH PONY EXPRESS ROAD,1566086400000.0,X,True,False,AREA OF MINIMAL FLOOD HAZARD,high,,2.0,2.0,0.5,2.0,6.0,2.0,0.165,4.538047790527344
dc_5a2516f556b3,DataBank Plano Data Center,TX,33.0877,-96.8152,contains,0.0,200.0,5,139916.8,0.0,,31728379.0,139916.8,139948.1,,Commercial,8375 DOMINION PARKWAY,1673654400000.0,X,True,False,AREA OF MINIMAL FLOOD HAZARD,high,,2.0,,0.0,6.0,6.0,2.0,0.025,19.147722244262695
dc_adec6a6778f5,Equinix Secaucus NY6,NJ,40.7775486,-74.0726876,contains,0.0,200.0,8,432722.0,192.90523879514177,9.38,7724785.0,101800.1,101800.0,9.43,Commercial,,1376524800000.0,AE,True,True,,high,False,1.0,,0.0,6.0,6.0,,0.105,7.277477264404297
dc_0beb79d0e77c,Google Data Center,VA,38.941988,-77.527414,contains,0.0,200.0,15,296612.4,0.0,,51560639.0,296612.4,296725.5,,Commercial,24550 HOWLING ROOSTER LANE,1654387200000.0,X,True,False,AREA OF MINIMAL FLOOD HAZARD,high,,3.0,1.0,0.6666666666666666,1.0,1.0,1.0,0.065,12.71955680847168
dc_9b36c38fcc40,Skybox Houston One,TX,29.802893,-95.7553386,contains,0.0,200.0,24,125980.9,0.0,,36592140.0,125980.9,126185.8,,Industrial,22002 FRANZ ROAD,1693526400000.0,X,True,False,AREA OF MINIMAL FLOOD HAZARD,high,,2.0,1.0,0.5,1.0,6.0,1.0,0.015,19.91736221313477
dc_d44ec64700fa,Google Jackson County Data Center,AL,34.9146647,-85.7483715,nearest,395.84807436943385,800.0,21,3924.7,785.8903512833413,,6449013.0,2473.5,2480.493,,Unclassified,,1481241600000.0,X,True,False,AREA OF MINIMAL FLOOD HAZARD,low,,2.0,1.0,0.5,1.0,2.0,3.0,0.105,16.770959854125977
dc_8379a521a52c,PSE&G Delivery Emergency Response Center,NJ,40.5798956,-74.5194023,contains,0.0,200.0,20,75727.4,0.0,,6009101.0,75727.4,75511.67,,Commercial,,1508371200000.0,X,True,False,AREA OF MINIMAL FLOOD HAZARD,high,,2.0,3.0,1.0,2.0,3.0,4.0,0.095,8.329419136047363
dc_ef8eba6bb65f,T5 Charlotte Campus,NC,35.2504249,-81.395039,contains,0.0,200.0,3,150928.3,0.0,,4484625.0,150928.3,150213.3,,Industrial,131 RIVERSIDE COURT,1511913600000.0,X,True,False,AREA OF MINIMAL FLOOD HAZARD,high,,1.0,,0.0,6.0,6.0,4.0,0.065,13.459467887878418
dc_d334913cb26e,Epic / Mayo Data Center,MN,44.0707955,-92.5221323,contains,0.0,200.0,14,45542.2,0.0,,4694945.0,45542.2,45507.44,,Utility and Misc,,1492819200000.0,X,True,False,AREA OF MINIMAL FLOOD HAZARD,high,,2.0,,0.0,6.0,6.0,1.0,0.005,9.351232528686523
dc_7f2eb6b38fbd,STACK New Albany,OH,40.1063006,-82.8007623,contains,0.0,200.0,12,134030.2,0.0,,2140736.0,134030.2,133654.8,,Industrial,7300 SOUDER ROAD,1546646400000.0,X,True,False,AREA OF MINIMAL FLOOD HAZARD,high,,2.0,,0.0,6.0,6.0,1.0,0.035,14.810942649841309
dc_8af4ea407ec3,Choctaw Nation of Oklahoma Data Center,OK,33.9716849,-96.4028488,contains,0.0,200.0,9,36419.6,80.26904729152983,,690094.0,9817.4,9974.861,,Commercial,,1487894400000.0,X,True,False,AREA OF MINIMAL FLOOD HAZARD,high,,2.0,,0.0,6.0,6.0,1.0,0.035,20.31074333190918
dc_3693cec0112a,QTS Data Center - Hillsboro 1,OR,45.5588149,-122.9277661,contains,0.0,200.0,3,167692.5,0.0,,3643939.0,167692.5,167558.5,,Residential,,1564790400000.0,X,True,False,AREA OF MINIMAL FLOOD HAZARD,high,,2.0,1.0,0.5,1.0,1.0,1.0,0.175,0.4918390810489654
dc_330093ad86f7,,NJ,40.5843719,-74.2433813,contains,0.0,200.0,18,327873.4,178.78924400834987,8.54,7439589.0,133957.3,133957.2,7.94,Commercial,1400 FEDERAL BOULEVARD,1376524800000.0,X,True,False,AREA OF MINIMAL FLOOD HAZARD,high,False,2.0,,0.0,6.0,6.0,4.0,0.105,7.277477264404297
dc_3a23c08ab006,Flexential Salt Lake City - Downtown,UT,40.7563065,-111.9548375,contains,0.0,200.0,14,60676.8,0.0,8.54,16189242.0,60676.8,60638.02,8.54,Industrial,572 SOUTH DELONG STREET,1284768000000.0,X,True,False,AREA OF MINIMAL FLOOD HAZARD,high,False,2.0,,0.0,6.0,6.0,2.0,0.195,5.014902114868164
dc_d3c9d1fc34c5,Oregon State Data Center,OR,44.9265658,-123.001847,contains,0.0,200.0,5,77124.5,112.60694078615722,4.6,8246400.0,47034.9,46997.29,6.03,Government,,1225152000000.0,X,True,False,AREA OF MINIMAL FLOOD HAZARD,high,False,2.0,,0.0,6.0,6.0,2.0,0.155,0.3777052164077759
dc_f9abac844891,Digital Realty PDX11 Data Center,OR,45.5679542,-122.9167725,nearest,208.83181313849823,800.0,134,350494.7,321.61461218553615,,3645643.0,2507.3,2505.305,,Residential,,1564790400000.0,X,True,False,AREA OF MINIMAL FLOOD HAZARD,low,,1.0,,0.0,6.0,6.0,1.0,0.175,0.4918390810489654
dc_443bffa57334,Flexential Fort Lauderdale,FL,26.1900857,-80.1932967,contains,0.0,200.0,18,76544.0,128.9340698117117,8.86,30909965.0,62890.4,62890.16,4.76,Commercial,5301 NW 33 AVE,1392508800000.0,AH,True,True,,high,False,2.0,,0.0,6.0,6.0,1.0,0.005,26.05278587341309
dc_e9deb284a87f,Amazon IAD145,VA,38.9825519,-77.4246299,contains,0.0,200.0,9,139411.8,0.0,,51490202.0,139411.8,139451.7,,Commercial,22916 INTERNATIONAL DRIVE,1710374400000.0,X,True,False,AREA OF MINIMAL FLOOD HAZARD,high,,1.0,,0.0,6.0,6.0,1.0,0.055,13.629328727722168
dc_ebdae989294c,Amazon Web Services IAD117,VA,39.0236982,-77.4190947,contains,0.0,200.0,8,123069.6,0.0,,50976751.0,123069.6,123104.0,,Commercial,45761 MARIES ROAD,1710374400000.0,X,True,False,AREA OF MINIMAL FLOOD HAZARD,high,,2.0,,0.0,6.0,6.0,1.0,0.055,13.613815307617188
dc_7a35346543ed,Amazon Web Services IAD116,VA,39.0243461,-77.4204393,contains,0.0,200.0,5,241053.3,112.49803749423788,7.03,50976750.0,119377.0,119410.6,,Commercial,45771 MARIES ROAD,1710374400000.0,X,True,False,AREA OF MINIMAL FLOOD HAZARD,high,,1.0,,0.0,6.0,6.0,1.0,0.055,13.613815307617188
dc_8df36a0a09b5,Flexential Las Vegas - North,NV,36.2481633,-115.1012553,contains,0.0,200.0,6,384404.8,118.9205593784404,11.95,2459568.0,107668.5,107668.4,11.36,Commercial,,1393977600000.0,X,True,False,AREA WITH REDUCED FLOOD RISK DUE TO LEVEE,high,False,2.0,,0.0,6.0,6.0,2.0,0.075,3.602787733078003
dc_8fb393ce5cb8,,TX,33.9533733,-98.5247859,contains,0.0,200.0,2,28304.8,0.0,,16030337.0,28304.8,27714.18,,Commercial,2236 AIRPORT DRIVE,1574467200000.0,X,True,False,AREA OF MINIMAL FLOOD HAZARD,high,,1.0,,0.0,6.0,6.0,3.0,0.035,18.23219108581543
dc_f5a70ed2b195,Fort Rock DC,OR,44.0474074,-121.3285496,contains,0.0,200.0,30,51146.3,43.42983195490227,,2186182.0,11541.7,11537.56,,Commercial,,1565827200000.0,X,True,False,AREA OF MINIMAL FLOOD HAZARD,high,,1.0,,0.0,6.0,6.0,4.0,0.055,2.4713661670684814
dc_110a4aba51b3,,MI,42.9687271,-83.779585,contains,0.0,200.0,36,33057.8,0.0,5.99,15109492.0,33057.8,33073.13,5.99,Commercial,,1433116800000.0,X,True,False,AREA OF MINIMAL FLOOD HAZARD,high,False,1.0,,0.0,6.0,6.0,1.0,0.025,15.162821769714355
dc_1b4a6e68cdff,,NJ,40.5993632,-74.7096745,contains,0.0,200.0,7,105948.6,197.2974918970446,,6003626.0,61725.0,62798.22,,Industrial,141 INDUSTRIAL PARKWAY,1508371200000.0,X,True,False,AREA OF MINIMAL FLOOD HAZARD,high,,2.0,4.0,0.5,4.0,4.0,4.0,0.0849999999999999,8.329419136047363
dc_03eee2face55,Meta,NM,34.8302786,-106.7801283,nearest,39.75333237146523,200.0,3,2538.7,74.64176889282756,,2446780.0,2307.9,2307.506,,Unclassified,,1514419200000.0,X,True,False,AREA OF MINIMAL FLOOD HAZARD,high,,1.0,,0.0,6.0,6.0,3.0,0.065,10.36793041229248
dc_c0e58b97b609,iGLASS Networks,NC,35.766751,-78.7839874,contains,0.0,200.0,27,50744.8,157.112429583716,5.9,15294347.0,8180.8,8180.752,4.5,Commercial,211 COMMONWEALTH COURT,1267488000000.0,X,True,False,AREA OF MINIMAL FLOOD HAZARD,high,False,1.0,,0.0,6.0,6.0,3.0,0.035,15.275832176208496
dc_fd81772613cf,Central Office,WI,42.8336437,-88.7339975,contains,0.0,200.0,76,33667.1,194.0647097135392,,3928014.0,7518.2,7515.892,,Government,,1533945600000.0,X,True,False,AREA OF MINIMAL FLOOD HAZARD,high,,1.0,,0.0,6.0,6.0,1.0,0.025,13.09743309020996
dc_d139d3d1026e,,MT,46.3321316,-113.2926719,contains,0.0,200.0,66,35982.0,51.583615654563765,,9980585.0,3675.7,3675.538,,Residential,205 EAST BROADWAY STREET,1503446400000.0,X,True,False,AREA OF MINIMAL FLOOD HAZARD,high,,1.0,,0.0,6.0,6.0,4.0,0.055,5.523123264312744
dc_685f4d6dffe6,Vital Records,NJ,40.5280718,-74.6828163,contains,0.0,200.0,14,8907.4,0.0,,79961.0,8907.4,8371.904,,Commercial,,1508371200000.0,X,True,False,AREA OF MINIMAL FLOOD HAZARD,high,,2.0,3.0,0.5,3.0,6.0,4.0,0.095,8.329419136047363
dc_1562ba96259b,Verizon Wireless NE Headquarters,NJ,40.5556094,-74.7055199,contains,0.0,200.0,8,192597.7,0.0,,6003301.0,192597.7,193254.9,,Industrial,145 CHUBB WAY,1508371200000.0,X,True,False,AREA OF MINIMAL FLOOD HAZARD,high,,1.0,,0.0,6.0,6.0,4.0,0.0849999999999999,8.329419136047363
dc_c0fdbe032d75,Meta Henrico Data Center,VA,37.4839132,-77.2373305,nearest,165.86047114277068,200.0,1,1065.5,165.86047114277068,,51103099.0,1065.5,1065.623,,Unclassified,,1644537600000.0,X,True,False,AREA OF MINIMAL FLOOD HAZARD,high,,1.0,1.0,1.0,1.0,6.0,2.0,0.075,13.860154151916504
dc_e0148a6d7cfe,,WI,44.2044349,-88.3449304,contains,0.0,200.0,1,37252.6,0.0,,113383.0,37252.6,37233.38,,Industrial,,1536710400000.0,X,True,False,AREA OF MINIMAL FLOOD HAZARD,high,,2.0,1.0,0.5,1.0,1.0,1.0,0.015,5.673304557800293
dc_72321c59e96b,Meta,OR,44.2990903,-120.8794444,contains,0.0,200.0,1,568016.2,0.0,,5000346.0,568016.2,567961.6,,Industrial,,1560643200000.0,X,True,False,AREA OF MINIMAL FLOOD HAZARD,high,,4.0,,0.0,6.0,6.0,4.0,0.045,2.428783893585205
dc_5da707de5ff8,Meta,OR,44.3013,-120.8903,contains,0.0,200.0,1,473814.0,0.0,,5000347.0,473814.0,473765.4,,Industrial,,1560643200000.0,X,True,False,AREA OF MINIMAL FLOOD HAZARD,high,,4.0,,0.0,6.0,6.0,4.0,0.045,2.428783893585205
dc_b38461998b03,,MI,42.2353267,-83.4441406,nearest,121.7861850288214,200.0,7,4745.9,171.94274831971052,,8643414.0,988.7,988.935,,Agriculture,,1538179200000.0,X,True,False,AREA OF MINIMAL FLOOD HAZARD,high,,1.0,1.0,1.0,1.0,6.0,2.0,0.035,17.9299373626709
dc_69a7a940e136,,NV,39.5677144,-119.5423627,contains,0.0,200.0,7,181467.3,0.0,,900790.0,181467.3,181467.2,,Commercial,,1537574400000.0,X,True,False,AREA OF MINIMAL FLOOD HAZARD,high,,2.0,,0.0,6.0,6.0,3.0,0.225,1.7456742525100708
dc_6eb02d929ac3,,NV,39.567501,-119.5432095,contains,0.0,200.0,7,181467.3,0.0,,900790.0,181467.3,181467.2,,Commercial,,1537574400000.0,X,True,False,AREA OF MINIMAL FLOOD HAZARD,high,,2.0,,0.0,6.0,6.0,3.0,0.225,1.7456742525100708
dc_e7490836256a,,NV,39.567161,-119.544388,nearest,4.3823217319960435,200.0,8,181467.3,68.29363085365401,,900786.0,129633.4,129633.2,,Commercial,,1537574400000.0,X,True,False,AREA OF MINIMAL FLOOD HAZARD,high,,1.0,,0.0,6.0,6.0,3.0,0.225,1.7456742525100708
dc_bd7ec689a7b2,,NV,39.5669208,-119.5452269,contains,0.0,200.0,10,181467.3,146.65836108165124,,900786.0,129633.4,129633.2,,Commercial,,1537574400000.0,X,True,False,AREA OF MINIMAL FLOOD HAZARD,high,,1.0,,0.0,6.0,6.0,3.0,0.225,1.7456742525100708
dc_b79d42c9a3ab,,NV,39.5657583,-119.5479741,contains,0.0,200.0,4,480884.4,0.0,,900789.0,480884.4,480884.0,,Commercial,,1537574400000.0,X,True,False,AREA OF MINIMAL FLOOD HAZARD,high,,4.0,2.0,0.5,2.0,6.0,3.0,0.225,1.7456742525100708
dc_a6e1f2ad575b,,NV,39.5651062,-119.5476898,contains,0.0,200.0,4,480884.4,0.0,,900789.0,480884.4,480884.0,,Commercial,,1537574400000.0,X,True,False,AREA OF MINIMAL FLOOD HAZARD,high,,4.0,2.0,0.5,2.0,6.0,3.0,0.225,1.7456742525100708
dc_a84467e0fe1e,Tennessee Processing Center LLC,TN,36.2156443,-86.7840012,contains,0.0,200.0,3,203716.7,0.0,,11004962.0,203716.7,203555.7,,Commercial,420 WOODFOLK AVENUE,1473206400000.0,X,True,False,AREA OF MINIMAL FLOOD HAZARD,high,,3.0,,0.0,6.0,6.0,1.0,0.0849999999999999,16.571094512939453
dc_c52613c23f50,Allentown-TekPark,PA,40.5442553,-75.6543694,contains,0.0,200.0,6,279955.6,49.30791503190071,,6010975.0,148497.1,146825.0,,Commercial,,1522022400000.0,X,True,False,AREA OF MINIMAL FLOOD HAZARD,high,,2.0,,0.0,6.0,6.0,2.0,0.065,10.80161476135254
dc_66477ccffb02,Meta,NM,34.8303,-106.77646,nearest,244.49091655012168,800.0,11,479278.8,630.9304680861623,,2446417.0,1318.8,1318.576,,Unclassified,,1514419200000.0,X,True,False,AREA OF MINIMAL FLOOD HAZARD,low,,1.0,,0.0,6.0,2.0,3.0,0.065,10.36793041229248
dc_83f0a31399f3,US Signal CO01 - Denver,CO,39.5590684,-104.8335336,contains,0.0,200.0,9,82450.7,117.51439769169724,10.04,1694319.0,28553.5,28286.66,,Unclassified,8675 CONCORD CENTER DRIVE,1599868800000.0,X,True,False,AREA OF MINIMAL FLOOD HAZARD,high,,2.0,3.0,0.5,3.0,3.0,3.0,0.045,10.969576835632324
dc_bf74522cdc31,PG&E Datacenter,CA,38.2462382,-122.0671844,contains,0.0,200.0,54,248925.0,77.39222407556949,,7279901.0,56042.3,55979.22,,Unclassified,,1535932800000.0,X,True,False,AREA OF MINIMAL FLOOD HAZARD,high,,2.0,,0.0,6.0,6.0,3.0,0.385,0.0979062244296073
dc_697fb0253e39,CyrusOne PHX6,AZ,33.2676301,-111.8825116,nearest,81.30142987648883,200.0,3,53485.8,88.77732099603325,,4097291.0,692.7,841.5163,,Commercial,2582 SOUTH DOBSON ROAD,1486598400000.0,X,True,False,0.2 PCT ANNUAL CHANCE FLOOD HAZARD,high,,1.0,,0.0,6.0,6.0,4.0,0.025,7.883434772491455
dc_2a23ca86f39a,Facebook Altoona Data Center 4,IA,41.6677428,-93.5164071,contains,0.0,200.0,3,662426.4,0.0,,5001305.0,662426.4,661926.8,,Unclassified,500 SHARE WAY NORTHWEST,1554508800000.0,X,True,False,AREA OF MINIMAL FLOOD HAZARD,high,,5.0,1.0,0.2,6.0,6.0,1.0,0.015,14.173967361450195
dc_53d2895afa2f,Digital Realty IAD41 (Building P),VA,39.0088059,-77.4582358,contains,0.0,200.0,2,435245.5,0.0,,50995105.0,435245.5,435382.5,,Commercial,44751 ROUND TABLE PLAZA,1710374400000.0,X,True,False,AREA OF MINIMAL FLOOD HAZARD,high,,4.0,1.0,0.5,1.0,6.0,1.0,0.055,13.613815307617188
dc_64b54588a2f9,Amazon IAD118,VA,39.0185086,-77.4388362,contains,0.0,200.0,3,160643.9,0.0,,50979818.0,160643.9,160691.6,,Commercial,21641 CHARLES VIEW DRIVE,1710374400000.0,X,True,False,AREA OF MINIMAL FLOOD HAZARD,high,,4.0,1.0,1.0,1.0,1.0,1.0,0.055,13.613815307617188
dc_340ff7de7b3d,Aligned Ashburn,VA,39.0136079,-77.4705563,contains,0.0,200.0,10,655641.1,145.30035535800118,14.54,50987110.0,157848.9,157900.5,,Commercial,21890 UUNET DRIVE,1710374400000.0,X,True,False,AREA OF MINIMAL FLOOD HAZARD,high,,2.0,,0.0,6.0,6.0,1.0,0.055,13.613815307617188
dc_ee1d5c95c480,Equinix Ashburn DC15,VA,39.0225001,-77.4502558,contains,0.0,200.0,8,250520.8,0.0,,50979991.0,250520.8,250597.7,,Commercial,44790 PERFORMANCE CIRCLE,1710374400000.0,X,True,False,AREA OF MINIMAL FLOOD HAZARD,high,,4.0,1.0,0.5,1.0,6.0,1.0,0.055,13.613815307617188
dc_9a9772149ba3,Sabey Intergate.Ashburn (Building A),VA,39.0144996,-77.4799874,contains,0.0,200.0,16,167374.4,0.0,,50996413.0,167374.4,167430.4,,Commercial,21745 RED RUM DRIVE,1710374400000.0,X,True,False,AREA OF MINIMAL FLOOD HAZARD,high,,2.0,,0.0,6.0,6.0,1.0,0.055,13.613815307617188
dc_1a5e11d27901,NTT Ashburn VA5 Data Center,VA,39.0183033,-77.472611,contains,0.0,200.0,8,252896.4,159.3658262495559,,50984751.0,164585.3,164639.2,,Commercial,44761 GIGABIT PLAZA,1710374400000.0,X,True,False,AREA OF MINIMAL FLOOD HAZARD,high,,2.0,,0.0,6.0,6.0,1.0,0.055,13.613815307617188
dc_d740e4f61b56,NTT Ashburn VA4 Data Center,VA,39.0198684,-77.4725917,contains,0.0,200.0,5,174191.1,0.0,,50984752.0,174191.1,174248.0,,Commercial,44760 GIGABIT PLAZA,1710374400000.0,X,True,False,AREA OF MINIMAL FLOOD HAZARD,high,,1.0,,0.0,6.0,6.0,1.0,0.055,13.613815307617188
dc_ff3b81fbfd6f,CloudHQ LC1,VA,39.0102471,-77.4626713,contains,0.0,200.0,3,555026.4,0.0,,50994837.0,555026.4,555203.3,,Commercial,21955 LOUDOUN COUNTY PARKWAY,1710374400000.0,X,True,False,AREA OF MINIMAL FLOOD HAZARD,high,,4.0,,0.0,6.0,6.0,1.0,0.055,13.613815307617188
dc_2328225d0c1f,CloudHQ LC2,VA,39.0117547,-77.4624592,contains,0.0,200.0,5,555026.4,96.31807028793686,,50979286.0,288765.2,288857.3,,Unclassified,44621 WAXPOOL ROAD,1710374400000.0,X,True,False,AREA OF MINIMAL FLOOD HAZARD,high,,4.0,,0.0,6.0,6.0,1.0,0.055,13.613815307617188
dc_d693a8cbac60,Amazon IAD146,VA,38.9969711,-77.4357639,contains,0.0,200.0,5,139164.0,138.51702308433087,,51492077.0,125546.3,125583.4,,Unclassified,22370 KIPPER DRIVE,1710374400000.0,X,True,False,AREA OF MINIMAL FLOOD HAZARD,high,,3.0,1.0,0.3333333333333333,6.0,1.0,1.0,0.055,13.629328727722168
dc_4eff2c1f5e0f,PHX-10,AZ,33.4079462,-112.3648297,nearest,203.2725380920289,800.0,27,71571.3,641.9122633214572,8.97,11457891.0,3380.7,3380.692,3.31,Residential,14247 WEST BROADWAY ROAD,1412467200000.0,X,True,False,0.2 PCT ANNUAL CHANCE FLOOD HAZARD,low,False,2.0,,0.0,6.0,4.0,4.0,0.025,7.057002544403076
dc_c4b9bcee32cd,Equinix Ashburn DC21,VA,39.01125,-77.4541,nearest,24.846275460416813,200.0,1,123610.6,24.846275460416813,,50980314.0,123610.6,123649.0,,Commercial,22175 BEAUMEADE CIRCLE,1710374400000.0,X,True,False,AREA OF MINIMAL FLOOD HAZARD,high,,2.0,,0.0,6.0,6.0,1.0,0.055,13.613815307617188
dc_34504f6932cc,,NY,40.9512698,-73.897901,contains,0.0,200.0,32,36529.6,140.13500497382074,,4030857.0,16112.5,16103.06,,Residential,201 RAVINE AVENUE,1549411200000.0,X,True,False,AREA OF MINIMAL FLOOD HAZARD,high,,1.0,,0.0,6.0,6.0,5.0,0.105,6.484174728393555
dc_ed91aed5b37e,NAO 3,OH,40.0657248,-82.7491176,nearest,184.69822849734905,200.0,1,305690.5,184.69822849734905,,6001152.0,305690.5,305790.0,,Industrial,,1546646400000.0,,False,,,high,,3.0,1.0,0.3333333333333333,6.0,6.0,1.0,0.035,14.810942649841309
dc_114c47a01e77,,WA,47.2370973,-119.895155,nearest,160.81367805215834,200.0,1,2899.8,160.81367805215834,,6159402.0,2899.8,2900.869,,Residential,,1513987200000.0,X,True,False,AREA OF MINIMAL FLOOD HAZARD,high,,2.0,,0.0,6.0,6.0,1.0,0.075,1.113155484199524
dc_aca4fdbc3f4a,EdgeCore,AZ,33.3441489,-111.619588,none,,200.0,0,,,,,,,,,,,D,True,False,,,,,,,,6.0,4.0,0.025,7.883434772491455
dc_415ec14e7f88,Comcast,MI,42.213902,-83.198214,contains,0.0,200.0,182,7624.3,51.68847067791016,4.58,14448684.0,813.2,813.231,3.0,Industrial,,1430438400000.0,X,True,False,AREA OF MINIMAL FLOOD HAZARD,high,False,1.0,,0.0,6.0,6.0,,0.035,17.9299373626709
dc_ba84f7107278,SAP COS02,CO,38.9889158,-104.7863291,contains,0.0,200.0,9,55259.2,0.0,,12000650.0,55259.2,55289.58,,Commercial,,1599868800000.0,X,True,False,AREA OF MINIMAL FLOOD HAZARD,high,,2.0,3.0,0.5,3.0,6.0,4.0,0.045,11.859444618225098
dc_6d4376c7e8a2,Actapio,WA,47.40732,-120.2141,nearest,351.06174850415886,800.0,123,292278.9,587.0733155487333,,6206899.0,7645.6,7647.787,,Commercial,3572 TERRITORIAL WAY,1566259200000.0,,False,,,low,,1.0,,0.0,6.0,4.0,4.0,0.0849999999999999,0.9799042344093324
dc_89ac9b873c30,,WA,47.3921494,-120.2174624,nearest,106.04648373510314,200.0,3,3691.0,108.36532164632185,,6183190.0,1384.1,1384.505,,Government,3312 8TH STREET SOUTHEAST,1454284800000.0,,False,,,high,,1.0,,0.0,6.0,6.0,3.0,0.0849999999999999,0.9799042344093324
dc_93a4507ebb34,Facebook Fort Worth Datacenter,TX,32.9883157,-97.255111,nearest,7.205540128329113,200.0,12,691151.3,7.205540128329113,,35599749.0,691151.3,691050.8,,Commercial,14101 INDEPENDENCE PKWY,1616457600000.0,X,True,False,AREA OF MINIMAL FLOOD HAZARD,high,,5.0,,0.0,6.0,6.0,2.0,0.025,17.917001724243164
dc_c5af5e7b67f8,Charles Schwab Data Center,TX,33.0045123,-97.2461412,contains,0.0,200.0,10,771278.1,181.5285422096175,11.0,35532385.0,70324.5,70314.71,,Commercial,1050 REPUBLIC DRIVE,1616457600000.0,X,True,False,AREA OF MINIMAL FLOOD HAZARD,high,,2.0,,0.0,6.0,6.0,2.0,0.025,17.93877601623535
dc_230dec843522,Amazon IAD140,VA,38.9814552,-77.4175501,contains,0.0,200.0,5,240026.0,92.08209912849246,,51498807.0,235044.2,235109.8,,Commercial,22900 PLATFORM PLAZA,1710374400000.0,X,True,False,AREA OF MINIMAL FLOOD HAZARD,high,,4.0,1.0,0.5,1.0,6.0,1.0,0.055,13.629328727722168
dc_d5be93382554,Amazon IAD141,VA,38.9823877,-77.4167858,contains,0.0,200.0,3,240026.0,0.0,,51501707.0,240026.0,240092.8,,Commercial,22890 PLATFORM PLAZA,1710374400000.0,X,True,False,AREA OF MINIMAL FLOOD HAZARD,high,,2.0,1.0,0.5,1.0,6.0,1.0,0.055,13.629328727722168
dc_9f86a9be9cdb,1623 Farnam,NE,41.257546,-95.937526,nearest,8.681533416540148,200.0,16,287672.7,22.035572541152884,37.0,3147669.0,25144.5,25161.88,39.83,Residential,1611 FARNAM STREET,1366848000000.0,X,True,False,AREA OF MINIMAL FLOOD HAZARD,high,True,1.0,,0.0,6.0,6.0,1.0,0.015,17.158601760864258
dc_8a8de44b5d59,Credit Suisse: Clifton Data Center,NJ,40.83345,-74.1402187,contains,0.0,200.0,11,142989.6,0.0,14.65,7827829.0,142989.6,142989.4,14.65,Commercial,201 MAIN AVENUE,1376524800000.0,X,True,False,AREA OF MINIMAL FLOOD HAZARD,high,True,1.0,,0.0,6.0,6.0,4.0,0.105,7.277477264404297
dc_cffe36ef20e3,HCA Information Technology & Services Data Center,TN,36.0327164,-86.637789,contains,0.0,200.0,3,94434.0,0.0,,10007068.0,94434.0,94360.86,,Commercial,5900 CROSSINGS BOULEVARD,1402963200000.0,X,True,False,AREA OF MINIMAL FLOOD HAZARD,high,,4.0,1.0,0.25,6.0,6.0,1.0,0.0849999999999999,16.571094512939453
dc_ca4ce1d1a929,TierPoint,TN,35.92452,-86.85575,contains,0.0,200.0,17,73074.5,0.0,,11003672.0,73074.5,73016.33,,Unclassified,311 EDDY LANE,1521072000000.0,X,True,False,AREA OF MINIMAL FLOOD HAZARD,high,,1.0,,0.0,6.0,6.0,1.0,0.0849999999999999,16.486181259155273
dc_d1ab1505b7c8,Amazon Web Services,OH,40.1025733,-83.1996982,nearest,284.427740897436,800.0,70,52509.3,670.5218260411093,,243673.0,395.5,506.9865,,Commercial,,1407628800000.0,X,True,False,AREA OF MINIMAL FLOOD HAZARD,low,,1.0,,0.0,6.0,6.0,1.0,0.035,15.455096244812012
dc_7d1001e2c4ce,Amazon Web Services,OH,40.1035866,-83.199764,nearest,310.43257456174075,800.0,80,52509.3,693.3511348892038,,243673.0,395.5,506.9865,,Commercial,,1407628800000.0,X,True,False,AREA OF MINIMAL FLOOD HAZARD,low,,1.0,,0.0,6.0,6.0,1.0,0.035,15.455096244812012
dc_c123c483cf92,Flexential Brentwood Data Center,TN,35.9725623,-86.8080418,nearest,1.6754671197012634,200.0,4,164046.1,1.6754671197012634,,11003848.0,164046.1,163916.1,,Commercial,7100 COMMERCE WAY,1521072000000.0,X,True,False,AREA OF MINIMAL FLOOD HAZARD,high,,2.0,,0.0,6.0,6.0,1.0,0.0849999999999999,16.486181259155273
dc_eff2b6ea88b4,,TN,36.0234892,-86.7916196,contains,0.0,200.0,3,153142.3,0.0,,5718492.0,153142.3,153021.1,,Commercial,402 FRANKLIN ROAD,1473206400000.0,X,True,False,AREA OF MINIMAL FLOOD HAZARD,high,,2.0,1.0,0.5,1.0,6.0,1.0,0.0849999999999999,16.571094512939453
dc_2e8f13854547,StrongMind,AZ,33.3426083,-111.8409621,contains,0.0,200.0,43,145151.5,144.69002014214396,8.82,11992275.0,20359.8,20359.76,5.76,Industrial,,1295654400000.0,X,True,False,0.2 PCT ANNUAL CHANCE FLOOD HAZARD,high,False,1.0,,0.0,6.0,6.0,4.0,0.025,7.883434772491455
dc_f9dd91d3b5f8,BB&T Data Center,NC,35.83934,-78.32826,contains,0.0,200.0,5,160866.6,0.0,,50408222.0,160866.6,160968.6,,Industrial,49 GREEN PACE ROAD,1664064000000.0,X,True,False,AREA OF MINIMAL FLOOD HAZARD,high,,2.0,,0.0,6.0,6.0,3.0,0.035,15.441021919250488
dc_4bbf56c61529,Microsoft,IA,41.5167412,-93.7025134,contains,0.0,200.0,21,165253.5,170.9133683182989,,973915.0,157188.1,157075.7,,Industrial,,1554508800000.0,X,True,False,AREA OF MINIMAL FLOOD HAZARD,high,,4.0,,0.0,6.0,6.0,1.0,0.015,14.173967361450195
dc_adfa37d6eb75,Microsoft,IA,41.5158346,-93.702492,contains,0.0,200.0,15,165253.5,194.0941101635317,,973553.0,159365.4,159251.4,,Industrial,,1554508800000.0,X,True,False,AREA OF MINIMAL FLOOD HAZARD,high,,2.0,,0.0,6.0,6.0,1.0,0.015,14.173967361450195
dc_5c188ee0a08e,Microsoft,IA,41.5158177,-93.7063005,contains,0.0,200.0,16,165253.5,68.43427788936944,,973558.0,158722.0,158608.6,,Commercial,,1554508800000.0,X,True,False,AREA OF MINIMAL FLOOD HAZARD,high,,2.0,,0.0,6.0,6.0,1.0,0.015,14.173967361450195
dc_82c838320fc4,Microsoft,IA,41.5167061,-93.7063257,contains,0.0,200.0,21,165253.5,0.0,,5000721.0,165253.5,165135.4,,Commercial,,1554508800000.0,X,True,False,AREA OF MINIMAL FLOOD HAZARD,high,,4.0,,0.0,6.0,6.0,1.0,0.015,14.173967361450195
dc_6b0fbb988249,Microsoft,IA,41.5185012,-93.7063325,contains,0.0,200.0,12,165253.5,161.74655880338247,,974777.0,154697.5,154587.0,,Industrial,,1554508800000.0,X,True,False,AREA OF MINIMAL FLOOD HAZARD,high,,2.0,,0.0,6.0,6.0,1.0,0.015,14.173967361450195
dc_d022a0bae9de,Microsoft,IA,41.517778,-93.7062,nearest,33.78744762543022,200.0,18,165253.5,85.89022017595363,,7003753.0,2151.2,2149.625,7.89,Industrial,,1248652800000.0,X,True,False,AREA OF MINIMAL FLOOD HAZARD,high,False,2.0,,0.0,6.0,6.0,1.0,0.015,14.173967361450195
dc_5077380c4e9c,Microsoft,IA,41.5176423,-93.7024991,contains,0.0,200.0,18,165253.5,187.8623747134376,,974274.0,102790.8,102717.2,,Industrial,,1554508800000.0,X,True,False,AREA OF MINIMAL FLOOD HAZARD,high,,1.0,,0.0,6.0,6.0,1.0,0.015,14.173967361450195
dc_5655c21db942,Microsoft,IA,41.5185369,-93.7025209,nearest,4.884099758303044,200.0,13,157188.1,166.98157176595595,,974759.0,70660.4,70609.88,,Industrial,,1554508800000.0,X,True,False,AREA OF MINIMAL FLOOD HAZARD,high,,2.0,,0.0,6.0,6.0,1.0,0.015,14.173967361450195
dc_af3b818f5474,Microsoft,IA,41.4978557,-93.7870593,nearest,202.08216142077063,800.0,16,9500.3,267.7577423191876,,965597.0,1583.4,1582.308,,Commercial,,1565654400000.0,X,True,False,AREA OF MINIMAL FLOOD HAZARD,low,,1.0,,0.0,6.0,6.0,1.0,0.015,16.575979232788086
dc_3b086a495bdc,Microsoft,IA,41.4989008,-93.7870702,nearest,277.68495219568,800.0,17,9500.3,314.596488388131,,965597.0,1583.4,1582.308,,Commercial,,1565654400000.0,X,True,False,AREA OF MINIMAL FLOOD HAZARD,low,,1.0,,0.0,6.0,6.0,1.0,0.015,16.575979232788086
dc_91374edadfb6,Facebook Altoona Data Center 5,IA,41.6711866,-93.5165942,nearest,45.9895143053757,200.0,7,5905.1,78.10120368508221,,1496427.0,989.7,988.9302,,Residential,1100 SHARE WAY NORTHWEST,1554508800000.0,X,True,False,AREA OF MINIMAL FLOOD HAZARD,high,,1.0,1.0,1.0,1.0,1.0,1.0,0.015,14.173967361450195
dc_25aa98305d4b,,NY,43.074831,-78.944809,contains,0.0,200.0,12,16961.8,0.0,5.29,8066254.0,16961.8,16959.95,5.29,Industrial,1999 FRONTIER AVENUE,1427846400000.0,X,True,False,AREA OF MINIMAL FLOOD HAZARD,high,False,1.0,,0.0,6.0,6.0,4.0,0.025,7.1311845779418945
dc_aa188d117b03,Blockfusion Niagra Falls,NY,43.082113,-79.001469,nearest,9.828207342185689,200.0,30,133550.2,173.90654934697832,8.27,8069583.0,2924.3,2923.814,5.92,Industrial,404 55TH STREET,1427846400000.0,X,True,False,AREA OF MINIMAL FLOOD HAZARD,high,False,1.0,,0.0,6.0,6.0,3.0,0.025,8.914331436157227
dc_ee6643a8eb7d,Lumen,UT,37.062799,-113.5447485,contains,0.0,200.0,56,18566.9,70.54706944884025,,8267433.0,1845.2,1846.019,,Unclassified,2675 SOUTH RIVER ROAD,1536537600000.0,X,True,False,AREA OF MINIMAL FLOOD HAZARD,high,,2.0,2.0,1.0,2.0,2.0,3.0,0.075,4.522087574005127
dc_84ad60eb1b07,Sungard Systems International,AL,33.4047,-86.9116,nearest,9.38081213598211,200.0,3,140969.7,9.38081213598211,,10003515.0,140969.7,142131.9,,Commercial,,1454544000000.0,X,True,False,AREA OF MINIMAL FLOOD HAZARD,high,,2.0,,0.0,6.0,6.0,4.0,0.065,20.48419952392578
dc_44d6e3741482,Myndshift Technologies,AZ,33.4754208,-111.7191652,nearest,150.86340155335932,200.0,4,7273.7,186.14578846863165,,5009828.0,890.6,847.2511,,Assembly,3405 NORTH HIGLEY ROAD,1507507200000.0,X,True,False,0.2 PCT ANNUAL CHANCE FLOOD HAZARD,high,,1.0,,0.0,6.0,6.0,4.0,0.025,7.883434772491455
dc_72e0b2b6bdf4,ForceAmp.com,IA,41.7039984,-91.5870781,contains,0.0,200.0,39,16522.8,172.789866899743,,230299.0,10553.5,10548.6,,Commercial,2140 NORCOR AVENUE,1524700800000.0,X,True,False,AREA OF MINIMAL FLOOD HAZARD,high,,1.0,,0.0,6.0,6.0,2.0,0.025,9.7930326461792
dc_3abd12c5de38,TierPoint - Charlotte Data Center,NC,35.1731955,-80.928121,contains,0.0,200.0,10,119716.5,164.90228283067603,8.0,15054793.0,59534.4,59534.28,7.2,Industrial,1805 CENTER PARK DRIVE,1328745600000.0,X,True,False,AREA OF MINIMAL FLOOD HAZARD,high,False,2.0,,0.0,6.0,6.0,4.0,0.065,14.088505744934082
dc_2b8dfc559922,SEGRA,NC,35.1800507,-80.9263597,contains,0.0,200.0,24,44055.5,183.10361513454592,7.2,15061147.0,18947.2,18947.2,6.4,Commercial,1612 CROSS BEAM DRIVE,1328745600000.0,X,True,False,AREA OF MINIMAL FLOOD HAZARD,high,False,2.0,2.0,0.5,2.0,2.0,4.0,0.065,14.088505744934082
dc_7d96f21e96e8,Middletown Data Center,VA,39.0176781,-78.2909424,contains,0.0,200.0,12,196139.0,153.633604881136,,50200393.0,75937.7,76028.77,,Industrial,8209 VALLEY PIKE,1615161600000.0,X,True,False,AREA OF MINIMAL FLOOD HAZARD,high,,3.0,3.0,0.3333333333333333,6.0,6.0,3.0,0.055,10.967270851135254
dc_3aebc3edbd4d,CoreSite Chicago Data Center (CH2),IL,41.8627972,-87.6413012,nearest,32.03995440553661,200.0,10,424051.0,71.14598639797252,8.09,35026661.0,10806.8,10806.82,8.75,Industrial,1410 SOUTH CLINTON STREET,1321315200000.0,X,True,False,AREA OF MINIMAL FLOOD HAZARD,high,False,2.0,,0.0,6.0,6.0,,0.035,16.118194580078125
dc_5251c1998ce0,Norma Beach Cable Landing Station,WA,47.8646928,-122.2841532,contains,0.0,200.0,84,53573.4,97.41755527215926,,4261172.0,2309.2,2307.517,,Commercial,,1565740800000.0,X,True,False,AREA OF MINIMAL FLOOD HAZARD,high,,1.0,,0.0,6.0,6.0,1.0,0.295,0.6047859191894531
dc_d418410619e1,,AZ,32.0927065,-110.7874236,contains,0.0,200.0,7,61032.6,173.69438722887665,,3083839.0,19794.4,20397.46,,Commercial,9608 EAST OLD VAIL ROAD,1487980800000.0,X,True,False,AREA OF MINIMAL FLOOD HAZARD,high,,1.0,3.0,1.0,3.0,3.0,3.0,0.015,9.74954605102539
dc_d9771f2d7f9f,Google,NV,36.0562713,-115.0085752,nearest,180.71126174850264,200.0,1,6193.6,180.71126174850264,4.93,2112050.0,6193.6,6193.566,4.93,Industrial,,1393977600000.0,X,True,False,0.2 PCT ANNUAL CHANCE FLOOD HAZARD,high,False,2.0,,0.0,6.0,6.0,1.0,0.075,3.602787733078003
dc_d9c874755de8,Google,NV,36.05625,-115.00915,nearest,228.8305968787147,800.0,278,295662.2,640.4467878825051,10.73,2112050.0,6193.6,6193.566,4.93,Industrial,,1393977600000.0,X,True,False,0.2 PCT ANNUAL CHANCE FLOOD HAZARD,low,False,2.0,,0.0,6.0,6.0,1.0,0.075,3.602787733078003
dc_e022cb5d327b,Google,AL,34.9136673,-85.7474223,nearest,522.4765819476204,800.0,12,3825.7,584.1558618824812,,6449013.0,2473.5,2480.493,,Unclassified,,1481241600000.0,X,True,False,AREA OF MINIMAL FLOOD HAZARD,low,,2.0,1.0,0.5,1.0,2.0,3.0,0.105,16.770959854125977
dc_1390c65c85f0,Google,AL,34.9136413,-85.7459237,nearest,646.1433508815035,800.0,7,3825.7,714.4055335093633,,6449013.0,2473.5,2480.493,,Unclassified,,1481241600000.0,X,True,False,AREA OF MINIMAL FLOOD HAZARD,low,,2.0,1.0,0.5,1.0,2.0,3.0,0.105,16.770959854125977
dc_573f8a5781df,,VA,39.050601,-77.5400225,contains,0.0,200.0,8,200774.3,170.89930582848706,,51114258.0,160241.7,160304.1,,Commercial,20481 GOOSE LANDING LANE,1710374400000.0,X,True,False,AREA OF MINIMAL FLOOD HAZARD,high,,4.0,1.0,0.5,1.0,1.0,1.0,0.055,11.454973220825195
dc_916641fe1369,Google,TX,32.4421391,-97.0624648,contains,0.0,200.0,3,157534.3,0.0,,25014346.0,157534.3,157939.1,,Commercial,,1616457600000.0,X,True,False,AREA OF MINIMAL FLOOD HAZARD,high,,1.0,,0.0,6.0,6.0,2.0,0.025,17.523134231567383
dc_7910da66ad06,Google,TX,32.4435639,-97.0633095,contains,0.0,200.0,5,157534.3,118.51783622548116,,14290036.0,149722.0,149158.0,,Commercial,3441 RAILPORT PARKWAY,1616457600000.0,X,True,False,AREA OF MINIMAL FLOOD HAZARD,high,,4.0,2.0,0.25,6.0,6.0,2.0,0.025,17.523134231567383
dc_e3eea2ec5e00,Google,TN,36.62459,-87.2612916,nearest,161.459771688486,200.0,4,30664.7,197.6113415260726,,7294822.0,1088.7,1087.823,,Industrial,,1533945600000.0,X,True,False,AREA OF MINIMAL FLOOD HAZARD,high,,1.0,,0.0,6.0,6.0,1.0,0.1149999999999999,16.438068389892578
dc_478c687740da,Google NBY-1,OH,40.0611606,-82.7643286,nearest,706.652963982785,800.0,1,1582.7,706.652963982785,,2124512.0,1582.7,1520.064,,Unclassified,1690 BEECH ROAD SOUTHWEST,1546646400000.0,X,True,False,AREA OF MINIMAL FLOOD HAZARD,low,,1.0,,0.0,6.0,6.0,1.0,0.035,14.810942649841309
dc_cec54ea43a46,Meta Sarpy Data center,NE,41.12353,-96.1442,contains,0.0,200.0,2,778109.3,0.0,,2500740.0,778109.3,778587.8,,Industrial,14734 FRIEND PLAZA,1589068800000.0,X,True,False,AREA OF MINIMAL FLOOD HAZARD,high,,5.0,,0.0,6.0,6.0,1.0,0.015,15.336313247680664
dc_ed5526cb2443,Meta Sarpy Data center,NE,41.1206,-96.1446,contains,0.0,200.0,2,778109.3,174.80035830605473,,2500734.0,584743.7,585102.9,,Industrial,14774 FRIEND PLAZA,1589068800000.0,X,True,False,AREA OF MINIMAL FLOOD HAZARD,high,,3.0,,0.0,6.0,6.0,1.0,0.015,15.336313247680664
dc_83e8ea7d14a0,Google,NE,41.135,-96.1465,contains,0.0,200.0,7,148512.9,0.0,,332004.0,148512.9,148603.8,,Unclassified,14865 GOLD COAST ROAD,1589068800000.0,X,True,False,AREA OF MINIMAL FLOOD HAZARD,high,,4.0,1.0,0.25,6.0,6.0,1.0,0.015,15.336313247680664
dc_45101812ebde,JPMorgan Chase,CO,39.9891579,-105.0207261,contains,0.0,200.0,1,238919.8,0.0,,12003062.0,238919.8,239128.9,,Industrial,2701 WEST 160TH AVENUE,1599868800000.0,X,True,False,AREA OF MINIMAL FLOOD HAZARD,high,,4.0,,0.0,6.0,6.0,3.0,0.055,8.949381828308105
dc_b7f05da064df,Marquette-Adams Telephone Coop,WI,43.7821763,-89.5748406,contains,0.0,200.0,49,31885.0,59.92012322649491,,5532966.0,5273.0,5274.319,,Unclassified,,1526601600000.0,X,True,False,AREA OF MINIMAL FLOOD HAZARD,high,,1.0,4.0,1.0,4.0,4.0,4.0,0.015,6.929514408111572
dc_c875f8a125cb,Compass Data Center,TX,32.5387671,-96.8044586,contains,0.0,200.0,13,44672.1,0.0,,14369848.0,44672.1,43890.06,,Unclassified,340 HOUSTON SCHOOL ROAD,1616457600000.0,X,True,False,AREA OF MINIMAL FLOOD HAZARD,high,,1.0,2.0,1.0,2.0,2.0,2.0,0.025,18.841638565063477
dc_787326b05d49,Amazon IAD119,VA,39.0169314,-77.4393886,contains,0.0,200.0,4,160643.9,126.51035390890104,,50996429.0,142492.8,142535.1,,Commercial,21645 CHARLES VIEW DRIVE,1710374400000.0,X,True,False,AREA OF MINIMAL FLOOD HAZARD,high,,4.0,1.0,0.5,1.0,1.0,1.0,0.055,13.613815307617188
dc_e3f7200338fd,Flexential Portland - Hillsboro 4,OR,45.5553133,-122.9401317,nearest,224.38502077701517,800.0,45,304620.9,604.2191391143376,,3642606.0,3629.0,3626.111,,Residential,,1564790400000.0,X,True,False,AREA OF MINIMAL FLOOD HAZARD,low,,1.0,,0.0,6.0,6.0,2.0,0.175,0.4918390810489654
dc_91489ab87680,Stream Chicago II,IL,41.9991244,-87.9577647,contains,0.0,200.0,10,244577.2,113.08743023077308,11.39,34585283.0,213999.6,213999.4,6.66,Industrial,1925 BUSSE ROAD,1321315200000.0,X,True,False,AREA OF MINIMAL FLOOD HAZARD,high,False,4.0,,0.0,6.0,6.0,1.0,0.035,16.118194580078125
dc_144cef939b14,STACK Chicago CHI01,IL,42.006856,-87.9651767,contains,0.0,200.0,10,367585.3,0.0,7.99,34588998.0,367585.3,367584.9,7.99,Industrial,1441 TOUHY AVENUE,1321315200000.0,X,True,False,AREA OF MINIMAL FLOOD HAZARD,high,False,4.0,,0.0,6.0,6.0,,0.035,14.088419914245604
dc_9c4211d3ccea,Stream Chicago I,IL,42.0026304,-87.9511119,nearest,3.3184033678293714,200.0,14,234716.6,73.30161419073606,6.44,34586882.0,155574.7,155574.5,5.34,Industrial,2080 LUNT AVENUE,1321315200000.0,X,True,False,AREA OF MINIMAL FLOOD HAZARD,high,False,2.0,,0.0,6.0,6.0,,0.035,14.088419914245604
dc_23b0f1f2b92c,Turnkey Internet,NY,42.7454447,-73.7592013,contains,0.0,200.0,96,17457.5,177.15846316286482,6.95,7327867.0,10931.4,10925.43,4.75,Commercial,175 OLD LOUDON ROAD,1347321600000.0,X,True,False,AREA OF MINIMAL FLOOD HAZARD,high,False,1.0,,0.0,6.0,6.0,4.0,0.055,8.666078567504883
dc_2a56d8b8fa00,Microsoft,IA,41.5406505,-93.8278773,contains,0.0,200.0,12,546149.3,0.0,,5000817.0,546149.3,545776.4,,Unclassified,8855 GRAND AVENUE,1565654400000.0,X,True,False,AREA OF MINIMAL FLOOD HAZARD,high,,4.0,,0.0,6.0,6.0,1.0,0.015,14.173967361450195
dc_12edc16ab3f5,,NC,35.5903924,-81.2645696,nearest,204.3778002332446,800.0,57,612087.7,224.28338712169156,,5939465.0,2820.7,2966.07,,Residential,2325 ELBOW ROAD,1448064000000.0,X,True,False,AREA OF MINIMAL FLOOD HAZARD,low,,1.0,4.0,1.0,4.0,2.0,4.0,0.065,12.06896686553955
dc_3cee381ca6c0,Amazon Web Services,OH,40.0601472,-83.1349074,nearest,267.41782054862983,800.0,300,94594.7,527.1366375893657,18.75,8047332.0,791.1,762.0914,,Residential,4492 CARRINGTON WAY,1377475200000.0,X,True,False,AREA OF MINIMAL FLOOD HAZARD,low,,1.0,,0.0,6.0,6.0,1.0,0.035,15.455096244812012
dc_1592f8a75bc6,Iron Mountain,WA,47.5946162,-117.5371477,contains,0.0,200.0,57,13651.1,0.0,7.97,10382212.0,13651.1,13640.75,7.97,Commercial,,1225324800000.0,X,True,False,AREA OF MINIMAL FLOOD HAZARD,high,False,1.0,,0.0,6.0,6.0,4.0,0.035,2.2244133949279785
dc_65d48b7b2fd8,DBT Data - Harrisonburg Center,VA,38.46235,-78.85656,contains,0.0,200.0,21,125702.3,0.0,,6001877.0,125702.3,125198.9,,Commercial,139 TYCO STREET,1550707200000.0,X,True,False,AREA OF MINIMAL FLOOD HAZARD,high,,4.0,2.0,0.5,6.0,6.0,2.0,0.065,10.62856388092041
dc_b93bd4dfbee7,amnet Data Center,CT,41.0917847,-73.5166728,contains,0.0,200.0,55,80137.1,52.823009128078255,,903544.0,33885.2,33871.01,,Industrial,26 FAHEY STREET,1541289600000.0,X,True,False,AREA OF MINIMAL FLOOD HAZARD,high,,1.0,,0.0,6.0,6.0,4.0,0.0849999999999999,6.558852672576904
dc_e06c46dabeb5,TierPoint Kansas City - Lenexa,KS,38.9406295,-94.7552326,contains,0.0,200.0,6,128607.3,172.60928874747313,,586644.0,59679.4,59665.64,,Commercial,,1587427200000.0,X,True,False,AREA OF MINIMAL FLOOD HAZARD,high,,2.0,,0.0,6.0,6.0,2.0,0.025,20.538841247558594
dc_f5513f749da8,CloudHQ MCC1,VA,38.7170622,-77.4999396,contains,0.0,200.0,1,416802.5,0.0,,50248596.0,416802.5,416953.5,,Commercial,10880 AIRMAN AVENUE,1654387200000.0,X,True,False,AREA OF MINIMAL FLOOD HAZARD,high,,4.0,2.0,0.5,1.0,6.0,2.0,0.065,13.629328727722168
dc_7fc2fd8eb460,Meta,NC,35.3166121,-81.8251761,nearest,76.637054998137,200.0,2,281059.6,76.637054998137,,14009167.0,281059.6,281832.5,,Commercial,408 SOCIAL CIRCLE,1389830400000.0,X,True,False,AREA OF MINIMAL FLOOD HAZARD,high,,4.0,,0.0,6.0,6.0,4.0,0.065,13.04412841796875
dc_d6f640fb6635,Amazon IAD129,VA,39.0166636,-77.4387985,nearest,23.29968989502922,200.0,5,160643.9,138.3892624763029,,50996429.0,142492.8,142535.1,,Commercial,21645 CHARLES VIEW DRIVE,1710374400000.0,X,True,False,AREA OF MINIMAL FLOOD HAZARD,high,,4.0,1.0,0.5,1.0,1.0,1.0,0.055,13.613815307617188
dc_fd0192eae06a,Microsoft,VA,39.0747869,-77.564129,contains,0.0,200.0,21,173096.1,0.0,,51113329.0,173096.1,173167.2,,Unclassified,19515 COMPASS CREEK PARKWAY,1654387200000.0,X,True,False,AREA OF MINIMAL FLOOD HAZARD,high,,2.0,,0.0,6.0,6.0,2.0,0.055,11.454973220825195
dc_f66efb0a0bc9,NTT Silicon Valley SV1 Data Center,CA,37.3690532,-121.9553378,nearest,9.752530275849937,200.0,23,151045.4,127.07286769149812,8.87,15728276.0,14025.9,14025.92,4.32,Unclassified,,1349049600000.0,X,True,False,AREA WITH REDUCED FLOOD RISK DUE TO LEVEE,high,False,1.0,,0.0,6.0,6.0,,0.555,0.1221932545304298
dc_b54674e4a1dd,T5 Data Center,GA,34.0757915,-84.264267,contains,0.0,200.0,13,110247.1,0.0,,8841008.0,110247.1,110261.2,,Unclassified,,1543363200000.0,X,True,False,AREA OF MINIMAL FLOOD HAZARD,high,,2.0,,0.0,6.0,6.0,3.0,0.065,16.0975399017334
dc_73600f71acda,Microsoft Data Center,VA,38.9495184,-77.5594451,nearest,33.27804618339572,200.0,3,153968.1,33.27804618339572,,51555554.0,153968.1,154031.5,,Unclassified,24244 QUAIL RIDGE LANE,1654387200000.0,X,True,False,AREA OF MINIMAL FLOOD HAZARD,high,,1.0,1.0,1.0,1.0,1.0,1.0,0.065,12.71955680847168
dc_b8ec7b743908,Arcola Tech Park,VA,38.948935,-77.555793,nearest,122.67385027151492,200.0,3,5468.8,159.1665128347053,2.94,7866608.0,3304.9,3304.869,4.06,Unclassified,,1205280000000.0,X,True,False,AREA OF MINIMAL FLOOD HAZARD,high,False,1.0,1.0,1.0,1.0,1.0,1.0,0.065,12.71955680847168
dc_8f7e3fd47d8b,Amazon IAD125,VA,38.9480895,-77.5605449,nearest,15.473656603510864,200.0,17,153968.1,105.40899040560008,,7866483.0,2753.2,2753.167,5.3,Unclassified,24224 QUAIL RIDGE LANE,1205280000000.0,X,True,False,AREA OF MINIMAL FLOOD HAZARD,high,False,1.0,1.0,1.0,1.0,1.0,1.0,0.065,12.71955680847168
dc_e06390a3cf71,Amazon IAD124,VA,38.95,-77.5602,contains,0.0,200.0,7,153968.1,0.0,,51555554.0,153968.1,154031.5,,Unclassified,24244 QUAIL RIDGE LANE,1654387200000.0,X,True,False,AREA OF MINIMAL FLOOD HAZARD,high,,1.0,1.0,1.0,1.0,1.0,1.0,0.065,12.71955680847168
dc_711866d61cdd,Stack Infrastructure - POR03,OR,45.5541322,-122.9379069,nearest,138.9649910236439,200.0,3,3629.0,156.2036525581343,,3642470.0,659.8,659.2885,,Residential,,1564790400000.0,X,True,False,AREA OF MINIMAL FLOOD HAZARD,high,,1.0,,0.0,6.0,6.0,2.0,0.175,0.4918390810489654
dc_924bac73f757,,MI,42.3261779,-83.0697687,contains,0.0,200.0,14,146677.0,195.97543721583943,8.16,14574543.0,47667.8,47663.83,9.72,Unclassified,,1430438400000.0,X,True,False,AREA OF MINIMAL FLOOD HAZARD,high,False,2.0,,0.0,6.0,6.0,,0.035,17.9299373626709
dc_37633208c606,Family History Center,ID,42.3172742,-111.304246,contains,0.0,200.0,102,16858.1,34.51218001747671,,865351.0,3925.9,3978.917,,Assembly,,1475884800000.0,,False,,,high,,1.0,,0.0,6.0,6.0,1.0,0.165,4.267071723937988
dc_02ca9e4d5343,,TN,36.3280739,-83.3767035,contains,0.0,200.0,8,5190.2,140.843977525703,,9001707.0,1318.2,1318.58,,Unclassified,5520 HIGHWAY 11W SOUTH,1430092800000.0,X,True,False,AREA OF MINIMAL FLOOD HAZARD,high,,1.0,1.0,1.0,1.0,1.0,2.0,0.125,11.511784553527832
dc_8b186260df9f,42310 THUNDERBALL DR,VA,39.0441027,-77.5397106,contains,0.0,200.0,6,130791.3,106.54796065321214,,51110025.0,88942.2,88976.75,,Commercial,42310 THUNDERBALL DRIVE,1710374400000.0,X,True,False,AREA OF MINIMAL FLOOD HAZARD,high,,2.0,1.0,0.5,1.0,6.0,1.0,0.055,11.454973220825195
dc_84d7cd7f77ed,QTS Data Center - Hillsboro 2,OR,45.5587993,-122.9297741,nearest,120.08163018863006,200.0,2,167692.5,120.08163018863006,,3643939.0,167692.5,167558.5,,Residential,,1564790400000.0,X,True,False,AREA OF MINIMAL FLOOD HAZARD,high,,2.0,1.0,0.5,1.0,6.0,1.0,0.175,0.4918390810489654
dc_6029c6e6072f,Amazon Web Services,OR,45.83792,-119.68835,nearest,201.05768093850003,800.0,141,86754.8,782.8922973008399,,3305152.0,2306.9,2307.536,,Industrial,,1557100800000.0,X,True,False,AREA OF MINIMAL FLOOD HAZARD,low,,2.0,2.0,1.0,1.0,6.0,3.0,0.055,1.9345662593841553
dc_c01fb29e88f6,Amazon Web Services,OR,45.8375401,-119.6931286,nearest,216.1005523569768,800.0,224,86754.8,540.4498912858102,,3307104.0,3559.2,3560.159,,Government,,1557100800000.0,X,True,False,AREA OF MINIMAL FLOOD HAZARD,low,,1.0,,0.0,6.0,1.0,3.0,0.055,1.9345662593841553
dc_b1c2cb55694d,Amazon Web Services,OR,45.846655,-119.6056452,nearest,121.47212421384262,200.0,1,220058.5,121.47212421384262,,5001436.0,220058.5,220103.6,,Unclassified,,1557100800000.0,X,True,False,AREA OF MINIMAL FLOOD HAZARD,high,,4.0,,0.0,6.0,6.0,1.0,0.055,1.9345662593841553
dc_26679b49b723,,CO,39.72965,-104.71278,contains,0.0,200.0,1,226825.4,0.0,,12001867.0,226825.4,227399.6,,Commercial,23505 EAST 6TH AVENUE,1591315200000.0,X,True,False,AREA OF MINIMAL FLOOD HAZARD,high,,2.0,,0.0,6.0,6.0,3.0,0.045,10.969576835632324
dc_f1a652f10359,,NY,43.0449439,-78.7492033,contains,0.0,200.0,2,45143.7,0.0,,225760.0,45143.7,45144.87,,Commercial,350 CROSSPOINT PARKWAY,1469059200000.0,AE,True,True,,high,,2.0,,0.0,6.0,6.0,4.0,0.025,7.1311845779418945
dc_d71a4f367977,QTS Data Center - Hillsboro 2,OR,45.5587842,-122.9318143,nearest,222.26885773363685,800.0,74,203586.4,517.925451599413,,3643122.0,1979.5,1977.876,,Residential,,1564790400000.0,X,True,False,AREA OF MINIMAL FLOOD HAZARD,low,,1.0,,0.0,6.0,6.0,1.0,0.175,0.4918390810489654
dc_3b5df59ce5b8,QTS Data Center - Hillsboro 2,OR,45.5594,-122.9345,nearest,221.26374417911535,800.0,69,203586.4,669.9068853300192,,3644123.0,2078.4,2076.764,,Residential,,1564790400000.0,X,True,False,AREA OF MINIMAL FLOOD HAZARD,low,,1.0,1.0,1.0,1.0,6.0,1.0,0.175,0.4918390810489654
dc_bac15142be82,QTS Data Center - Hillsboro 2,OR,45.5587955,-122.9330017,nearest,303.85597928905383,800.0,72,203586.4,553.5731684953723,,3643122.0,1979.5,1977.876,,Residential,,1564790400000.0,X,True,False,AREA OF MINIMAL FLOOD HAZARD,low,,1.0,,0.0,6.0,6.0,1.0,0.175,0.4918390810489654
dc_403473c81f1f,Flexential Portland - Hillsboro 3,OR,45.559537,-122.937613,nearest,103.46400463065228,200.0,2,3134.1,136.98028669987633,,3644123.0,2078.4,2076.764,,Residential,,1564790400000.0,X,True,False,AREA OF MINIMAL FLOOD HAZARD,high,,1.0,1.0,1.0,1.0,6.0,2.0,0.175,0.4918390810489654
dc_5df588dae044,,WI,42.675665,-87.9184055,nearest,245.4568055667648,800.0,6,105292.1,382.37244599403834,,4067691.0,1286.5,1285.619,,Commercial,,1556928000000.0,X,True,False,AREA OF MINIMAL FLOOD HAZARD,low,,1.0,,0.0,6.0,6.0,1.0,0.025,12.258405685424805
dc_87d4cffa460b,Lumen Cleveland,OH,41.5050658,-81.6577764,contains,0.0,200.0,21,64206.1,195.14223451397515,17.4,9234450.0,30536.3,30536.28,7.4,Industrial,4000 CHESTER AVENUE,1282003200000.0,X,True,False,AREA OF MINIMAL FLOOD HAZARD,high,False,2.0,,0.0,6.0,6.0,1.0,0.035,14.61642074584961
dc_a2db55d0efea,,NC,35.1794881,-80.5701825,nearest,22.53566755097345,200.0,9,16905.5,27.1033888073413,,53199289.0,4726.3,4722.632,,Commercial,9302 MILL GROVE ROAD,1642896000000.0,X,True,False,AREA OF MINIMAL FLOOD HAZARD,high,,1.0,4.0,1.0,4.0,4.0,4.0,0.055,14.088505744934082
dc_1dd5890ebb6b,Tennessee South Data Center,TN,35.99343,-86.49566,contains,0.0,200.0,5,55405.3,0.0,,5676810.0,55405.3,55363.8,,Unclassified,92 WEAKLEY LANE,1507852800000.0,X,True,False,AREA OF MINIMAL FLOOD HAZARD,high,,1.0,,0.0,6.0,6.0,1.0,0.0849999999999999,15.39881706237793
dc_a452347faec2,,CA,33.1536001,-117.2388464,nearest,7.655919905612129,200.0,38,85593.8,139.02458468573943,,5241347.0,2111.4,1962.304,,Government,,1467936000000.0,X,True,False,0.2 PCT ANNUAL CHANCE FLOOD HAZARD,high,,1.0,4.0,1.0,4.0,4.0,4.0,0.235,0.8219090104103088
dc_4eb1e48ec0be,Amazon IAD163,VA,39.0323054,-77.4297021,contains,0.0,200.0,5,202758.7,112.54550722150962,,50983077.0,197994.9,198052.1,,Commercial,21195 ATLANTIC BOULEVARD,1710374400000.0,X,True,False,AREA OF MINIMAL FLOOD HAZARD,high,,4.0,1.0,0.25,6.0,1.0,1.0,0.055,13.613815307617188
dc_f04188e560e6,Johns Hopkins Data Center,MD,39.2935593,-76.5517314,contains,0.0,200.0,3,87586.3,30.28851828877563,5.3,509179.0,3462.5,3840.288,,Unclassified,5400 EAST LOMBARD STREET EAST,1570665600000.0,X,True,False,AREA OF MINIMAL FLOOD HAZARD,high,,1.0,,0.0,6.0,6.0,1.0,0.055,14.052087783813477
dc_d365c72ea3b9,Ebay,UT,40.5641125,-112.050635,contains,0.0,200.0,3,214943.3,173.78558969932573,,13000657.0,162464.7,162366.4,,Commercial,6614 WEST CRIMSON VIEW DRIVE,1566086400000.0,X,True,False,AREA OF MINIMAL FLOOD HAZARD,high,,3.0,2.0,1.0,2.0,2.0,2.0,0.165,5.1958088874816895
dc_191efb7ea726,Edgeconnex Data Center,CA,38.5922987,-121.27744,contains,0.0,200.0,12,65120.8,154.1630237255087,,2198133.0,29774.2,29503.56,,Industrial,,1474502400000.0,X,True,False,AREA OF MINIMAL FLOOD HAZARD,high,,2.0,,0.0,6.0,6.0,3.0,0.1149999999999999,0.568257212638855
dc_1bdb44e1842a,,NJ,40.52436,-74.54796,nearest,22.88511625750537,200.0,3,306622.5,146.8466118984729,,1217043.0,1055.7,959.1726,,Commercial,480 ELIZABETH AVENUE,1508371200000.0,X,True,False,AREA OF MINIMAL FLOOD HAZARD,high,,1.0,2.0,1.0,2.0,2.0,4.0,0.095,8.329419136047363
dc_84eaf8742a3f,,AZ,33.4393768,-112.377048,nearest,551.6580870924946,800.0,87,19862.9,708.2403235688348,5.4,11473268.0,2371.1,2371.092,3.71,Residential,627 SOUTH 150TH DRIVE,1412467200000.0,X,True,False,0.2 PCT ANNUAL CHANCE FLOOD HAZARD,low,False,1.0,,0.0,6.0,6.0,4.0,0.025,7.057002544403076
dc_a0c66ebeafd4,Omnis Network,AZ,33.3944358,-111.9525168,contains,0.0,200.0,32,69871.3,83.7193117814046,7.55,11616324.0,15194.1,15194.07,4.78,Industrial,1005 WEST GENEVA DRIVE,1412467200000.0,X,True,False,0.2 PCT ANNUAL CHANCE FLOOD HAZARD,high,False,2.0,,0.0,6.0,6.0,4.0,0.025,7.883434772491455
dc_a320d760368f,Travelers Insurance,NE,41.1278718,-96.1450714,nearest,19.501234505098264,200.0,4,61754.0,19.501234505098264,,325027.0,61754.0,61791.93,,Industrial,14715 SCHRAM ROAD,1589068800000.0,X,True,False,AREA OF MINIMAL FLOOD HAZARD,high,,2.0,1.0,0.5,1.0,1.0,1.0,0.015,15.336313247680664
dc_00a02e9b7cf8,Flexential Nashville - Franklin,TN,35.9204203,-86.8155401,contains,0.0,200.0,6,77660.0,0.0,,5553293.0,77660.0,77598.4,,Commercial,4600 CAROTHERS PARKWAY,1521072000000.0,X,True,False,AREA OF MINIMAL FLOOD HAZARD,high,,4.0,1.0,0.5,1.0,6.0,1.0,0.0849999999999999,16.486181259155273
dc_c3af76581e21,Verizon,UT,40.5908144,-111.9037856,contains,0.0,200.0,13,137222.1,194.0431335709801,,3514135.0,14414.9,14405.49,,Commercial,8851 SOUTH SANDY PARKWAY,1566086400000.0,X,True,False,AREA OF MINIMAL FLOOD HAZARD,high,,2.0,,0.0,6.0,6.0,3.0,0.185,5.014902114868164
dc_2e0d7065c5b2,,IA,41.5580811,-93.5276562,contains,0.0,200.0,26,77024.5,150.3588748068101,22.92,7022807.0,7153.7,7148.302,10.63,Government,,1248652800000.0,X,True,False,AREA OF MINIMAL FLOOD HAZARD,high,False,1.0,,0.0,6.0,6.0,3.0,0.015,14.173967361450195
dc_7a05f73ca77d,,OK,36.0812515,-95.8541492,contains,0.0,200.0,21,31570.4,91.2673216049734,,7057438.0,7773.5,7773.535,4.8,Industrial,,1222992000000.0,X,True,False,AREA OF MINIMAL FLOOD HAZARD,high,False,1.0,1.0,1.0,1.0,1.0,1.0,0.035,21.064456939697266
dc_d63cf08f250a,Amazon IAD175,VA,38.9798678,-77.425476,nearest,61.703645443675995,200.0,13,148939.9,135.65679389780044,,7932118.0,2140.1,2140.064,3.86,Unclassified,,1205280000000.0,X,True,False,AREA OF MINIMAL FLOOD HAZARD,high,False,1.0,,0.0,6.0,6.0,1.0,0.055,13.629328727722168
dc_31eac5a9a731,DLI ONE,GA,32.4982,-84.8836,contains,0.0,200.0,4,280241.3,198.24000007432576,7.46,17615127.0,117251.8,117251.7,8.15,Unclassified,,1235088000000.0,X,True,False,AREA OF MINIMAL FLOOD HAZARD,high,False,1.0,,0.0,6.0,6.0,3.0,0.035,19.272188186645508
dc_869246c3ddf0,Amazon IAD147,VA,38.9951,-77.4354,contains,0.0,200.0,8,139164.0,0.0,,51489198.0,139164.0,139205.0,,Unclassified,22420 KIPPER DRIVE,1710374400000.0,X,True,False,AREA OF MINIMAL FLOOD HAZARD,high,,2.0,1.0,0.5,1.0,6.0,1.0,0.055,13.629328727722168
dc_db551e60c8c7,E-Foam,FL,28.5779418,-81.5645492,contains,0.0,200.0,14,39199.3,78.50519625524167,,34515195.0,10197.4,10190.03,,Unclassified,530 SUSAN B BRITT CT,1678406400000.0,X,True,False,AREA OF MINIMAL FLOOD HAZARD,high,,2.0,1.0,0.5,1.0,6.0,3.0,0.015,30.67380142211914
dc_e3e2113ca594,,CT,41.4788147,-72.8010139,contains,0.0,200.0,3,117345.8,118.3355847290161,11.32,7405845.0,54346.6,54348.21,7.53,Commercial,20 ALEXANDER DRIVE,1346198400000.0,X,True,False,AREA OF MINIMAL FLOOD HAZARD,high,False,1.0,,0.0,6.0,6.0,3.0,0.075,4.001034736633301
dc_585b130bbc37,SimpleHelix,AL,34.745431,-86.691883,contains,0.0,200.0,12,37098.2,146.4068001605761,4.58,14065383.0,14696.8,14696.83,5.11,Commercial,,1234051200000.0,,False,,,high,False,1.0,1.0,1.0,1.0,1.0,2.0,0.0849999999999999,18.687423706054688
dc_719da80ba59e,CenturyLink,OR,44.9380753,-123.0337222,nearest,0.3077719462487799,200.0,21,89680.4,158.4927042391746,15.83,8252209.0,36319.4,36290.35,13.87,Education,,1225152000000.0,X,True,False,AREA OF MINIMAL FLOOD HAZARD,high,True,4.0,,0.0,6.0,6.0,2.0,0.155,0.3777052164077759
dc_9656dea8298d,Date Center West - Eugene,OR,42.3324601,-122.880426,contains,0.0,200.0,109,42211.7,68.14126007821264,,1698607.0,9006.5,8999.319,,Commercial,,1536451200000.0,X,True,False,AREA OF MINIMAL FLOOD HAZARD,high,,1.0,,0.0,6.0,6.0,4.0,0.105,1.3978122472763062
dc_16409bb98d9c,DataBank SLC5,UT,40.4811374,-111.9039534,contains,0.0,200.0,9,84675.2,141.20668606423922,,13000532.0,74895.0,74845.84,,Commercial,14850 SOUTH PONY EXPRESS ROAD,1566086400000.0,X,True,False,AREA OF MINIMAL FLOOD HAZARD,high,,1.0,,0.0,6.0,6.0,2.0,0.165,4.538047790527344
dc_e9ba7c30d146,Digital Realty Atlanta ATL11,GA,33.7465605,-84.5797407,contains,0.0,200.0,10,314666.4,0.0,11.21,17187908.0,314666.4,314666.1,11.21,Industrial,,1351209600000.0,X,True,False,AREA OF MINIMAL FLOOD HAZARD,high,False,4.0,3.0,0.25,6.0,6.0,3.0,0.055,17.153179168701172
dc_e7e879fe0f05,Switch Data Center,GA,33.7550251,-84.5872685,nearest,32.294954694014876,200.0,1,28353.7,32.294954694014876,,16006523.0,28353.7,28706.3,,Industrial,,1543363200000.0,X,True,False,AREA OF MINIMAL FLOOD HAZARD,high,,1.0,,0.0,6.0,6.0,3.0,0.055,17.153179168701172
dc_e8a35c14d2f4,Amazon Web Services,OH,40.0593252,-83.1346064,nearest,245.83712621289305,800.0,330,94594.7,432.4760397461469,18.75,9879011.0,2004.2,2004.229,6.19,Residential,4492 CARRINGTON WAY,1301616000000.0,X,True,False,AREA OF MINIMAL FLOOD HAZARD,low,False,1.0,,0.0,6.0,6.0,1.0,0.035,15.455096244812012
dc_1624f2fc727a,Amazon Web Services,OH,40.0583089,-83.1340906,nearest,232.0115904354331,800.0,354,94594.7,311.45237057811903,18.75,8047498.0,1186.7,1026.676,,Education,5075 BRITTON PARKWAY,1377475200000.0,X,True,False,AREA OF MINIMAL FLOOD HAZARD,low,,1.0,,0.0,6.0,6.0,1.0,0.035,15.455096244812012
dc_0a48e11e6871,Amazon Web Services,OH,40.0607795,-83.1327529,nearest,181.22841623077665,200.0,4,8001.1,185.5222673849097,8.37,9881879.0,1665.2,1665.23,4.86,Residential,5238 MONTICELLO HALL DRIVE,1301616000000.0,X,True,False,AREA OF MINIMAL FLOOD HAZARD,high,False,2.0,,0.0,6.0,6.0,1.0,0.035,15.455096244812012
dc_9df53017280d,CyrusOne PHX7,AZ,33.2663745,-111.8818937,nearest,23.73010114621396,200.0,4,2765.8,195.40601698476743,3.9,11417952.0,680.3,680.353,3.22,Commercial,2605 SOUTH ELLIS STREET,1412467200000.0,X,True,False,0.2 PCT ANNUAL CHANCE FLOOD HAZARD,high,False,1.0,,0.0,6.0,6.0,4.0,0.025,7.883434772491455
dc_4099d52bf841,CyrusOne PHX4,AZ,33.268778,-111.8825216,nearest,15.950077801419305,200.0,4,143550.6,183.38615963226516,10.65,4098214.0,53485.8,54806.47,,Commercial,2495 SOUTH ELLIS STREET,1486598400000.0,X,True,False,0.2 PCT ANNUAL CHANCE FLOOD HAZARD,high,,1.0,,0.0,6.0,6.0,4.0,0.025,7.883434772491455
dc_04ab62405005,CyrusOne PHX5,AZ,33.2697502,-111.8815838,nearest,73.92541825176819,200.0,6,143550.6,73.92541825176819,10.65,11418889.0,143550.6,143550.5,10.65,Commercial,2335 SOUTH ELLIS STREET,1412467200000.0,X,True,False,0.2 PCT ANNUAL CHANCE FLOOD HAZARD,high,False,2.0,,0.0,6.0,6.0,4.0,0.025,7.883434772491455
dc_2d889a97f7e9,Northwest Data Center and Communications Hub,CA,37.4334128,-122.1807076,nearest,13.539897407633225,200.0,25,124755.8,153.61976282823576,9.44,15823559.0,486.0,485.9678,2.37,Education,,1349049600000.0,D,True,False,,high,False,1.0,,0.0,6.0,6.0,3.0,0.595,0.0865766629576683
dc_627ff60a8500,Digital Crossroad,IN,41.7074166,-87.5202329,nearest,5.592414960848685,200.0,19,243961.1,22.199566758777628,31.68,18427718.0,1831.0,1831.024,10.68,Industrial,103 LAKE MICHIGAN STREET,1321315200000.0,X,True,False,AREA OF MINIMAL FLOOD HAZARD,high,False,1.0,,0.0,6.0,6.0,,0.035,16.118194580078125
dc_2e94aa76b2e3,CyrusOne NVA7,VA,39.0263152,-77.4340194,contains,0.0,200.0,2,95371.4,0.0,,50979387.0,95371.4,95399.29,,Commercial,21340 PACIFIC BOULEVARD,1710374400000.0,X,True,False,AREA OF MINIMAL FLOOD HAZARD,high,,2.0,1.0,0.5,1.0,1.0,1.0,0.055,13.613815307617188
dc_8655b82b45fe,Switch Las Vegas 10,NV,36.0553,-115.2164,nearest,44.47150201742152,200.0,124,298576.0,109.99389290991036,,2105098.0,1096.3,1096.335,5.96,Residential,,1393977600000.0,X,True,False,0.2 PCT ANNUAL CHANCE FLOOD HAZARD,high,False,1.0,,0.0,6.0,6.0,2.0,0.065,3.602787733078003
dc_ae5f9fdee7ee,Amazon IAD174,VA,39.0289143,-77.4274784,contains,0.0,200.0,5,202758.7,123.20191833593766,,50980834.0,166789.2,166837.0,,Commercial,21215 ATLANTIC BOULEVARD,1710374400000.0,X,True,False,AREA OF MINIMAL FLOOD HAZARD,high,,3.0,,0.0,6.0,6.0,1.0,0.055,13.613815307617188
dc_8346029d9f3d,Amazon IAD164,VA,39.0304712,-77.4289455,contains,0.0,200.0,7,202758.7,0.0,,50980831.0,202758.7,202817.1,,Commercial,21205 ATLANTIC BOULEVARD,1710374400000.0,X,True,False,AREA OF MINIMAL FLOOD HAZARD,high,,2.0,,0.0,6.0,6.0,1.0,0.055,13.613815307617188
dc_265564f45ed2,Vantage VA12,VA,39.0019,-77.43806,contains,0.0,200.0,6,323484.5,110.952934664028,,51660444.0,269986.5,270066.6,,Unclassified,45194 VANTAGE DATA PLAZA,1710374400000.0,X,True,False,AREA OF MINIMAL FLOOD HAZARD,high,,3.0,,0.0,6.0,6.0,1.0,0.055,13.613815307617188
dc_199ded780f63,Microsoft,VA,39.07501,-77.56391,contains,0.0,200.0,21,173096.1,0.0,,51113329.0,173096.1,173167.2,,Unclassified,19515 COMPASS CREEK PARKWAY,1654387200000.0,X,True,False,AREA OF MINIMAL FLOOD HAZARD,high,,2.0,,0.0,6.0,6.0,2.0,0.055,11.454973220825195
dc_c3e3abbeb801,Verizon Wireless Mew Building,TX,32.9720407,-97.1567144,contains,0.0,200.0,2,174886.5,0.0,7.95,29691454.0,174886.5,174886.3,7.95,Commercial,500 W DOVE RD,1435708800000.0,X,True,False,AREA OF MINIMAL FLOOD HAZARD,high,False,2.0,2.0,0.5,2.0,6.0,2.0,0.025,17.917001724243164
dc_b2ae0d89652f,,NJ,40.5433323,-74.5383736,contains,0.0,200.0,12,88362.6,134.1706433714361,,6003172.0,68585.4,69778.41,,Industrial,100 BELMONT DRIVE,1508371200000.0,X,True,False,AREA OF MINIMAL FLOOD HAZARD,high,,1.0,,0.0,6.0,6.0,4.0,0.095,8.329419136047363
dc_e89730a17213,Amazon IAD152,VA,38.9165716,-77.479733,contains,0.0,200.0,15,242076.3,189.1046206862824,,51495995.0,191910.0,191974.8,,Commercial,25390 SUTTON BAY PLAZA,1655424000000.0,X,True,False,AREA OF MINIMAL FLOOD HAZARD,high,,2.0,1.0,0.5,1.0,6.0,1.0,0.065,13.629328727722168
dc_ede8e462546a,Amazon IAD151,VA,38.9161469,-77.4786956,contains,0.0,200.0,11,242076.3,84.8334824994581,,51535773.0,155645.7,155698.0,,Commercial,25420 SUTTON BAY PLAZA,1655424000000.0,X,True,False,AREA OF MINIMAL FLOOD HAZARD,high,,3.0,1.0,0.3333333333333333,6.0,6.0,1.0,0.065,13.629328727722168
dc_08e7c19da1a8,Amazon IAD83,VA,38.9479489,-77.5230989,contains,0.0,200.0,6,196137.8,89.98142377220312,,51656288.0,164029.5,164091.3,,Commercial,24185 UPPER WOODSIDE LANE,1654387200000.0,X,True,False,AREA OF MINIMAL FLOOD HAZARD,high,,2.0,1.0,0.5,1.0,6.0,1.0,0.065,12.71955680847168
dc_81f8dd3b6f39,Amazon Web Services,VA,38.9465392,-77.5221879,contains,0.0,200.0,11,196137.8,82.7880103972451,,51674493.0,18429.6,18436.53,,Commercial,42770 MAIN MARCONI LANE,1654387200000.0,X,True,False,AREA OF MINIMAL FLOOD HAZARD,high,,1.0,1.0,1.0,1.0,1.0,1.0,0.065,12.71955680847168
dc_ac6c1bbc4b5a,Amazon IAD122,VA,38.9558707,-77.4971865,contains,0.0,200.0,8,231725.1,185.6863215201326,,51093894.0,158622.6,158678.4,,Commercial,23845 ERINS RUN DRIVE,1655424000000.0,X,True,False,AREA OF MINIMAL FLOOD HAZARD,high,,4.0,1.0,0.25,6.0,6.0,1.0,0.055,13.629328727722168
dc_510cff48ca13,CyrusOne Sterling IX,VA,38.9583257,-77.5057277,contains,0.0,200.0,2,329045.0,0.0,,51093900.0,329045.0,329163.4,,Commercial,43290 OLD OX ROAD,1654387200000.0,X,True,False,AREA OF MINIMAL FLOOD HAZARD,high,,4.0,1.0,0.25,6.0,1.0,1.0,0.055,12.71955680847168
dc_186227436fd6,Iron Mountain VA-2,VA,38.7772373,-77.5459965,contains,0.0,200.0,3,168894.0,90.66113009254694,,50242940.0,103549.4,103591.2,,Commercial,11660 HAYDEN ROAD,1654387200000.0,X,True,False,AREA OF MINIMAL FLOOD HAZARD,high,,4.0,1.0,0.75,1.0,6.0,1.0,0.065,12.71955680847168
dc_3d475b731d7a,Iron Mountain VA-1,VA,38.777963,-77.5471012,contains,0.0,200.0,2,168894.0,0.0,,50243686.0,168894.0,168962.3,,Commercial,11680 HAYDEN ROAD,1654387200000.0,X,True,False,AREA OF MINIMAL FLOOD HAZARD,high,,2.0,1.0,0.5,1.0,6.0,1.0,0.065,12.71955680847168
dc_757f768eba9e,Amazon Web Services,VA,38.7801515,-77.5398838,contains,0.0,200.0,5,220303.0,156.8753856876582,,50235873.0,159096.5,159159.7,,Commercial,8190 BETHLEHEM ROAD,1654387200000.0,X,True,False,AREA OF MINIMAL FLOOD HAZARD,high,,2.0,,0.0,6.0,6.0,1.0,0.065,12.71955680847168
dc_907bebabdb02,Amazon Web Services,VA,38.7784509,-77.539427,contains,0.0,200.0,13,220823.1,195.62133189191425,,50235878.0,220303.0,220390.7,,Commercial,8180 BETHLEHEM ROAD,1654387200000.0,X,True,False,AREA OF MINIMAL FLOOD HAZARD,high,,4.0,,0.0,6.0,6.0,1.0,0.065,12.71955680847168
dc_5270a2cc2b71,Amazon Web Services,VA,38.7793425,-77.542896,contains,0.0,200.0,5,220823.1,0.0,,50250433.0,220823.1,220911.6,,Commercial,8210 BETHLEHEM ROAD,1654387200000.0,X,True,False,AREA OF MINIMAL FLOOD HAZARD,high,,4.0,1.0,0.25,6.0,6.0,1.0,0.065,12.71955680847168
dc_f64d056bbae2,Amazon IAD102,VA,38.7359728,-77.5048957,contains,0.0,200.0,6,257984.9,60.28945685012357,,50275760.0,221414.6,221495.8,,Unclassified,10281 TANNER WAY,1654387200000.0,X,True,False,AREA OF MINIMAL FLOOD HAZARD,high,,4.0,2.0,0.75,2.0,2.0,2.0,0.065,12.71955680847168
dc_215283604b6e,Amazon IAD101,VA,38.73544,-77.5057,contains,0.0,200.0,6,257984.9,0.0,,50275755.0,257984.9,258079.8,,Unclassified,10309 TANNER WAY,1654387200000.0,X,True,False,AREA OF MINIMAL FLOOD HAZARD,high,,3.0,2.0,0.6666666666666666,1.0,6.0,2.0,0.065,12.71955680847168
dc_0f715e95c136,Amazon IAD100,VA,38.7346,-77.50664,contains,0.0,200.0,5,257984.9,73.73172508580586,,50275742.0,242591.9,242681.2,,Unclassified,10321 TANNER WAY,1654387200000.0,X,True,False,AREA OF MINIMAL FLOOD HAZARD,high,,4.0,2.0,0.75,1.0,6.0,2.0,0.065,12.71955680847168
dc_03018a9d0b6e,CloudHQ MCC2,VA,38.7231919,-77.4989708,nearest,199.9631490342355,200.0,1,5674.2,199.9631490342355,,50245132.0,5674.2,5676.292,,Unclassified,10129 HARRY J PARRISH BOULEVARD,1654387200000.0,X,True,False,AREA OF MINIMAL FLOOD HAZARD,high,,1.0,,0.0,6.0,1.0,2.0,0.065,13.629328727722168
dc_78d8f7c02c3f,Rackspace Somerset NYC1,NJ,40.5445265,-74.5377876,contains,0.0,200.0,26,88362.6,141.37733483757916,,1225399.0,19513.3,19291.71,,Commercial,,1508371200000.0,X,True,False,AREA OF MINIMAL FLOOD HAZARD,high,,1.0,,0.0,6.0,6.0,4.0,0.095,8.329419136047363
dc_dd7f371bd132,Rackspace Belmont NYC2,NJ,40.540843,-74.5374915,contains,0.0,200.0,12,87208.1,98.66641435944491,,6009056.0,57731.9,58323.06,,Industrial,,1508371200000.0,X,True,False,AREA OF MINIMAL FLOOD HAZARD,high,,2.0,,0.0,6.0,6.0,4.0,0.095,8.329419136047363
dc_d8396c50b3ee,Amazon Web Services,VA,38.7430518,-77.5333746,contains,0.0,200.0,18,126305.8,97.80524517343623,,50240888.0,125985.0,126034.5,,Unclassified,9750 HORNBAKER ROAD,1654387200000.0,X,True,False,AREA OF MINIMAL FLOOD HAZARD,high,,2.0,1.0,0.5,1.0,6.0,2.0,0.065,12.71955680847168
dc_eb20055e37d8,QTS Ashburn-Shellhorn DC1,VA,38.9980776,-77.4754706,contains,0.0,200.0,2,259106.8,71.70526935050708,,51497554.0,244782.9,244863.9,,Commercial,22291 SHELLHORN ROAD,1710374400000.0,X,True,False,AREA OF MINIMAL FLOOD HAZARD,high,,3.0,1.0,0.3333333333333333,6.0,1.0,1.0,0.055,13.629328727722168
dc_e8d31e068a27,QTS Atlanta Data Center 2,GA,33.7776013,-84.4194463,nearest,19.199134283367098,200.0,20,713190.3,70.37210938676604,7.99,17241372.0,18515.6,18515.53,8.71,Industrial,,1351209600000.0,X,True,False,AREA OF MINIMAL FLOOD HAZARD,high,False,1.0,,0.0,6.0,6.0,3.0,0.055,16.562829971313477
dc_74a74b023e2f,,TX,29.4190024,-98.7874813,contains,0.0,200.0,6,129324.5,0.0,,32522111.0,129324.5,129222.3,,Commercial,14719 OMICRON DRIVE,1672185600000.0,X,True,False,AREA OF MINIMAL FLOOD HAZARD,high,,2.0,1.0,0.5,1.0,6.0,2.0,0.005,12.881298065185549
dc_6bab7da413ec,Microsoft TRP3 (SAT46),TX,29.412977,-98.8063744,nearest,67.8107336437054,200.0,12,46945.5,195.60805086035467,,23948647.0,1385.6,1316.404,,Unclassified,,1547251200000.0,X,True,False,AREA OF MINIMAL FLOOD HAZARD,high,,1.0,,0.0,6.0,3.0,3.0,0.005,12.881298065185549
dc_28267cfc3b00,Microsoft,TX,29.4157967,-98.803316,nearest,126.8535067713679,200.0,1,1583.5,126.8535067713679,,23948759.0,1583.5,1495.886,,Commercial,15366 LAMBDA DR,1547251200000.0,X,True,False,AREA OF MINIMAL FLOOD HAZARD,high,,1.0,3.0,1.0,3.0,6.0,3.0,0.005,12.881298065185549
dc_fae6b5693fbe,Microsoft,TX,29.4157956,-98.8045148,nearest,144.7000782073149,200.0,1,1979.4,144.7000782073149,,23948855.0,1979.4,2048.782,,Unclassified,,1547251200000.0,X,True,False,AREA OF MINIMAL FLOOD HAZARD,high,,1.0,2.0,1.0,2.0,6.0,3.0,0.005,12.881298065185549
dc_999534d8e27f,Pewaukee Data Center,WI,43.0513735,-88.216698,nearest,4.036520419901588,200.0,6,73667.2,135.25794906472117,,10222102.0,28973.5,28957.29,3.89,Residential,,1351900800000.0,X,True,False,AREA OF MINIMAL FLOOD HAZARD,high,False,1.0,,0.0,6.0,6.0,1.0,0.015,8.656561851501465
dc_9d8cf5da6d03,,GA,34.060998,-84.2740266,contains,0.0,200.0,6,80526.5,193.28858148042252,,51465574.0,69461.2,69513.92,,Commercial,,1664236800000.0,X,True,False,AREA OF MINIMAL FLOOD HAZARD,high,,2.0,3.0,0.5,3.0,6.0,3.0,0.065,16.0975399017334
dc_08f38c9b891d,CenturyLink,NV,36.1829977,-115.0626696,contains,0.0,200.0,54,18050.0,58.05861774473991,4.26,2336785.0,11978.9,11978.92,7.05,Commercial,,1393977600000.0,X,True,False,AREA OF MINIMAL FLOOD HAZARD,high,False,2.0,,0.0,6.0,6.0,1.0,0.075,3.602787733078003
dc_3bcbc5a11a48,EdgeConneX PHX02 Data Center,AZ,33.3520091,-111.6475291,nearest,543.170575253588,800.0,72,13459.0,696.7222236104279,,4474027.0,1583.4,1317.95,,Agriculture,,1507507200000.0,X,True,False,0.2 PCT ANNUAL CHANCE FLOOD HAZARD,low,,1.0,3.0,1.0,3.0,3.0,4.0,0.025,7.883434772491455
dc_699df009d618,Amazon IAD601,VA,38.7788593,-77.5571158,nearest,18.215868591039936,200.0,15,202148.8,87.52809571984344,,7690741.0,2918.4,2918.362,3.6,Commercial,7056 WELLINGTON ROAD,1205280000000.0,X,True,False,AREA OF MINIMAL FLOOD HAZARD,high,False,1.0,,0.0,6.0,6.0,2.0,0.065,12.71955680847168
dc_e956e70cd991,Switch Edge 1,NV,36.0591345,-115.213688,contains,0.0,200.0,9,444665.4,160.00483779827528,11.48,333619.0,34090.8,33556.82,,Commercial,,1557619200000.0,X,True,False,0.2 PCT ANNUAL CHANCE FLOOD HAZARD,high,,2.0,,0.0,6.0,6.0,2.0,0.065,3.602787733078003
dc_bb73a0990371,Switch Las Vegas 4,NV,36.143646,-115.076779,contains,0.0,200.0,77,57746.2,145.5054203898981,4.1,2248541.0,28128.7,28128.71,9.86,Commercial,,1393977600000.0,X,True,False,AREA OF MINIMAL FLOOD HAZARD,high,False,2.0,,0.0,6.0,6.0,1.0,0.075,3.602787733078003
dc_3c2574f581bf,Switch Las Vegas 5,NV,36.1427635,-115.0766965,contains,0.0,200.0,96,57746.2,153.84389578323788,4.1,2246733.0,14990.3,14990.29,5.36,Commercial,,1393977600000.0,X,True,False,AREA OF MINIMAL FLOOD HAZARD,high,False,1.0,,0.0,6.0,6.0,1.0,0.075,3.602787733078003
dc_0ecb384a674e,T-Mobile Everglades MSO Data Center,FL,26.1849937,-80.2868773,nearest,62.59676383896294,200.0,18,87216.9,131.60655781378034,,30902522.0,33644.3,33644.3,3.54,Commercial,4747 NOB HILL RD,1392508800000.0,X,True,False,0.2 PCT ANNUAL CHANCE FLOOD HAZARD,high,False,4.0,1.0,0.25,6.0,6.0,2.0,0.005,26.05278587341309
dc_ecc6d4f818f6,EdgeConneX - Portland,OR,45.55659,-122.91221,nearest,107.15022974461507,200.0,3,109546.1,170.03160425163443,,3642619.0,53907.1,53863.99,,Commercial,,1564790400000.0,X,True,False,AREA OF MINIMAL FLOOD HAZARD,high,,2.0,,0.0,6.0,6.0,1.0,0.175,0.4918390810489654
dc_9e9c29814c16,DC Blox Data Center,AL,33.5006749,-86.8208315,contains,0.0,200.0,23,291974.0,162.82616299824386,6.93,15545766.0,27701.0,27679.0,,Unclassified,,1646092800000.0,X,True,False,AREA OF MINIMAL FLOOD HAZARD,high,,2.0,,0.0,6.0,6.0,2.0,0.065,19.82418632507324
dc_db49eaafdae8,Amazon Web Services CMH56,OH,40.0965342,-82.7520513,nearest,173.10535290065553,200.0,5,154345.4,173.10535290065553,,6001226.0,154345.4,153675.0,,Industrial,2570 BEECH ROAD,1546646400000.0,,False,,,high,,2.0,1.0,0.5,1.0,6.0,1.0,0.035,14.810942649841309
dc_dd23e424efc1,Amazon Web Services  CMH59,OH,40.0940462,-82.7474911,nearest,86.97111381080704,200.0,4,2374.1,177.68356733520272,,2135937.0,989.2,1254.035,,Industrial,2580 BEECH ROAD,1546646400000.0,,False,,,high,,2.0,1.0,1.0,1.0,1.0,1.0,0.035,14.810942649841309
dc_02d1d5411388,Searcy Information Technologies,AR,35.2492161,-91.7409058,contains,0.0,200.0,60,52075.7,148.4886976489689,,2856545.0,4617.2,4401.051,,Residential,107 NORTH ELM STREET,1487116800000.0,X,True,False,AREA OF MINIMAL FLOOD HAZARD,high,,1.0,,0.0,6.0,6.0,1.0,0.175,22.199132919311523
dc_5ce525abc4b0,Amazon Web Services,VA,38.9958502,-77.4712939,contains,0.0,200.0,4,176975.1,108.95407005257752,,51493148.0,156166.1,156217.2,,Unclassified,44305 IMPORT PLAZA,1710374400000.0,X,True,False,AREA OF MINIMAL FLOOD HAZARD,high,,4.0,1.0,1.0,1.0,1.0,1.0,0.055,13.629328727722168
dc_f16da2318b3f,Amazon Web Services,VA,38.9966044,-77.4732601,contains,0.0,200.0,5,259106.8,126.7728460494417,,51493142.0,176975.1,177033.3,,Unclassified,44254 IMPORT PLAZA,1710374400000.0,X,True,False,AREA OF MINIMAL FLOOD HAZARD,high,,4.0,1.0,0.75,1.0,1.0,1.0,0.055,13.629328727722168
dc_5b3b4f66f387,Digital Loudoun Plaza,VA,39.0048431,-77.4851266,nearest,1.5724058011796924,200.0,8,218757.3,128.0384526164763,,51082916.0,170965.9,171023.9,,Unclassified,43790 DEVIN SHAFRON DRIVE,1710374400000.0,X,True,False,AREA OF MINIMAL FLOOD HAZARD,high,,1.0,,0.0,6.0,6.0,1.0,0.055,13.613815307617188
dc_2d6ea7ca3b60,Digital Loudoun Plaza,VA,39.0016288,-77.4823625,nearest,3.9258796493041985,200.0,8,255516.3,81.51484899352107,,7871060.0,179301.5,179301.3,8.91,Commercial,43881 DEVIN SHAFRON DRIVE,1205280000000.0,X,True,False,AREA OF MINIMAL FLOOD HAZARD,high,False,1.0,,0.0,6.0,6.0,1.0,0.055,13.613815307617188
dc_e99dc41af8d5,Meta Eagle Mountain Data Center,UT,40.267923,-112.015266,nearest,325.015337824977,800.0,28,43276.1,719.5147272436764,,10814788.0,10687.0,10680.45,,Commercial,1275 NORTH COMMUNITY CIRCLE,1566086400000.0,X,True,False,AREA OF MINIMAL FLOOD HAZARD,low,,1.0,,0.0,6.0,2.0,5.0,0.145,4.540343761444092
dc_10325eee14b2,Meta Eagle Mountain Data Center,UT,40.26556,-112.01513,nearest,208.6985543977607,800.0,28,12534.2,301.0532832644582,,10814717.0,1847.1,1846.003,,Commercial,1275 NORTH COMMUNITY CIRCLE,1566086400000.0,X,True,False,AREA OF MINIMAL FLOOD HAZARD,low,,1.0,,0.0,6.0,6.0,4.0,0.145,4.540343761444092
dc_0c8314ec56c5,,KS,38.92681,-94.76837,contains,0.0,200.0,9,48715.8,142.8590940748096,,579157.0,44891.0,44881.08,,Commercial,,1587427200000.0,X,True,False,AREA OF MINIMAL FLOOD HAZARD,high,,1.0,,0.0,6.0,6.0,3.0,0.025,20.538841247558594
dc_e4f0ffd292d9,Digital Realty IAD42 (Building R),VA,39.0056891,-77.4494637,contains,0.0,200.0,2,304058.8,181.98346838399917,11.87,50980485.0,238130.8,238203.8,,Commercial,22125 BRODERICK DRIVE,1710374400000.0,X,True,False,AREA OF MINIMAL FLOOD HAZARD,high,,3.0,1.0,0.6666666666666666,1.0,1.0,1.0,0.055,13.613815307617188
dc_247030637655,Amazon Web Services,OR,45.84667,-119.60704,nearest,198.7960614436348,200.0,1,2636.6,198.7960614436348,,3312100.0,2636.6,2637.17,,Unclassified,,1557100800000.0,X,True,False,AREA OF MINIMAL FLOOD HAZARD,high,,1.0,1.0,1.0,1.0,6.0,1.0,0.055,1.9345662593841553
dc_d485de36a4e3,Amazon Web Services,OR,45.846754,-119.608937,nearest,249.32557565961872,800.0,20,220058.5,377.2838654074434,,3312100.0,2636.6,2637.17,,Unclassified,,1557100800000.0,X,True,False,AREA OF MINIMAL FLOOD HAZARD,low,,1.0,1.0,1.0,1.0,6.0,1.0,0.055,1.9345662593841553
dc_4fbb34622183,Meta Henrico Data Center,VA,37.4819534,-77.2337115,nearest,218.658430762574,800.0,29,667113.1,464.81943619499106,,51099367.0,920.2,920.3129,,Unclassified,,1644537600000.0,X,True,False,AREA OF MINIMAL FLOOD HAZARD,low,,1.0,,0.0,6.0,6.0,2.0,0.075,13.860154151916504
dc_0d21ead2053e,,FL,28.2940687,-81.8348651,contains,0.0,200.0,14,19941.7,0.0,,33124225.0,19941.7,19929.02,,Industrial,16182 N COMMONWEALTH AVE,1640995200000.0,X,True,False,AREA OF MINIMAL FLOOD HAZARD,high,,1.0,,0.0,6.0,6.0,5.0,0.015,31.471725463867188
dc_10de28f82ea3,DataBank Las Vegas LAS1,NV,36.059754,-115.1471723,contains,0.0,200.0,39,70421.0,106.30775416645508,9.04,2112938.0,57478.7,57478.72,5.87,Commercial,,1393977600000.0,X,True,False,AREA OF MINIMAL FLOOD HAZARD,high,False,1.0,,0.0,6.0,6.0,,0.065,3.602787733078003
dc_57b520c4877c,Meta Eagle Mountain Data Center,UT,40.2723307,-112.0150579,nearest,249.79533469539228,800.0,10,43276.1,249.79533469539228,,10815063.0,43276.1,43249.45,,Commercial,1415 EAST COMMUNITY CIRCLE,1566086400000.0,X,True,False,AREA OF MINIMAL FLOOD HAZARD,low,,1.0,,0.0,6.0,6.0,5.0,0.145,4.540343761444092
dc_c6d76c93385d,Amazon IAD601,VA,39.0152596,-77.4377755,contains,0.0,200.0,4,142492.8,171.29963653068373,,50996475.0,18873.0,18878.54,,Commercial,21660 CHARLES VIEW DRIVE,1710374400000.0,X,True,False,AREA OF MINIMAL FLOOD HAZARD,high,,1.0,,0.0,6.0,6.0,1.0,0.055,13.613815307617188
dc_262cc9519516,,AZ,31.9726748,-110.3047517,contains,0.0,200.0,4,8708.7,140.41442664672968,,3787580.0,8180.9,9115.694,,Commercial,401 WEST DIRECT WAY,1424995200000.0,X,True,False,AREA OF MINIMAL FLOOD HAZARD,high,,1.0,3.0,1.0,3.0,3.0,5.0,0.015,10.892617225646973
dc_48a36602236c,,AZ,33.4933506,-112.0705502,contains,0.0,200.0,63,51286.1,115.4481266455031,26.18,11036327.0,33475.9,33475.89,21.55,Commercial,4010 NORTH 3RD STREET,1412467200000.0,X,True,False,0.2 PCT ANNUAL CHANCE FLOOD HAZARD,high,True,2.0,,0.0,6.0,6.0,4.0,0.025,7.057002544403076
dc_c4344c114a1e,Meta Stanton Springs Data Center,GA,33.600607,-83.697704,contains,0.0,200.0,5,668535.4,0.0,,51006349.0,668535.4,669549.3,,Government,,1676851200000.0,X,True,False,AREA OF MINIMAL FLOOD HAZARD,high,,5.0,4.0,1.0,4.0,4.0,4.0,0.055,16.249792098999023
dc_3a1b184b17f4,,GA,33.6014,-83.7054,contains,0.0,200.0,9,628675.6,0.0,,51004898.0,628675.6,629621.4,,Government,,1676851200000.0,X,True,False,AREA OF MINIMAL FLOOD HAZARD,high,,5.0,4.0,1.0,4.0,4.0,4.0,0.055,16.249792098999023
dc_27b1c3e36589,Flexential Salt Lake City - Millcreek,UT,40.685569,-111.8850505,contains,0.0,200.0,96,47004.1,43.94455608626842,6.33,16115378.0,28148.1,28129.43,6.57,Commercial,3949 SOUTH 200 EAST,1284768000000.0,X,True,False,AREA OF MINIMAL FLOOD HAZARD,high,False,2.0,,0.0,6.0,6.0,,0.185,5.014902114868164
dc_99fd51d91906,Amazon Web Services,OR,45.8365499,-119.6898735,nearest,26.132359084417025,200.0,2,2306.9,42.78866329639625,,3305204.0,1318.2,1318.585,,Industrial,,1557100800000.0,X,True,False,AREA OF MINIMAL FLOOD HAZARD,high,,1.0,1.0,1.0,1.0,1.0,3.0,0.055,1.9345662593841553
dc_3fcfdde53010,Amazon Web Services,VA,38.7442865,-77.5333323,contains,0.0,200.0,6,182674.6,196.94345145852188,,50263161.0,126305.8,126355.5,,Unclassified,9740 HORNBAKER ROAD,1654387200000.0,X,True,False,AREA OF MINIMAL FLOOD HAZARD,high,,1.0,1.0,1.0,1.0,1.0,2.0,0.065,12.71955680847168
dc_7ef3283adb5a,,VA,38.746,-77.53745,contains,0.0,200.0,1,116248.1,0.0,,50235652.0,116248.1,116294.1,,Unclassified,,1654387200000.0,X,True,False,AREA OF MINIMAL FLOOD HAZARD,high,,2.0,2.0,1.0,1.0,1.0,2.0,0.065,12.71955680847168
dc_3c9eb2937c6d,COPT Innovation Park Data Center,VA,38.7438863,-77.5306249,contains,0.0,200.0,7,182674.6,0.0,,50263229.0,182674.6,182745.8,,Commercial,11200 THOMASSON BARN ROAD,1654387200000.0,X,True,False,AREA OF MINIMAL FLOOD HAZARD,high,,1.0,,0.0,6.0,6.0,2.0,0.065,12.71955680847168
dc_bb427e05d591,COPT Data Center Bldg 2,VA,38.7440549,-77.5291961,contains,0.0,200.0,3,182674.6,76.80501135632444,,50257934.0,126451.5,126500.6,,Commercial,11150 THOMASSON BARN ROAD,1654387200000.0,X,True,False,AREA OF MINIMAL FLOOD HAZARD,high,,2.0,1.0,0.5,1.0,6.0,2.0,0.065,12.71955680847168
dc_43894af7cd6d,QTS Ashburn Lockridge,VA,38.9959297,-77.4562445,nearest,10.790125591310122,200.0,11,192236.6,10.790125591310122,,51492858.0,192236.6,192297.0,,Commercial,,1710374400000.0,X,True,False,AREA OF MINIMAL FLOOD HAZARD,high,,2.0,1.0,0.5,1.0,1.0,1.0,0.055,13.629328727722168
dc_b58a2083db92,Amazon,CA,37.3899287,-121.9659908,contains,0.0,200.0,13,915130.9,166.43262804984462,14.43,15766700.0,228927.4,228927.2,8.22,Industrial,,1349049600000.0,X,True,False,AREA WITH REDUCED FLOOD RISK DUE TO LEVEE,high,False,4.0,,0.0,6.0,6.0,3.0,0.535,0.1221932545304298
dc_178b28f5cd76,,SC,33.06207,-80.03846,contains,0.0,200.0,11,434407.7,55.92206470774876,,50630577.0,230943.9,230805.0,,Unclassified,,1617667200000.0,X,True,False,AREA OF MINIMAL FLOOD HAZARD,high,,2.0,,0.0,6.0,6.0,4.0,0.395,19.19745826721191
dc_c806773aba18,Google,SC,33.06218,-80.04007,contains,0.0,200.0,20,434407.7,0.0,,50630677.0,434407.7,434145.8,,Unclassified,,1617667200000.0,X,True,False,AREA OF MINIMAL FLOOD HAZARD,high,,4.0,,0.0,6.0,6.0,4.0,0.395,19.19745826721191
dc_e32fbe5604ea,Google,SC,33.061931,-80.0411281,contains,0.0,200.0,18,742569.8,144.94385630815978,,50630677.0,434407.7,434145.8,,Unclassified,,1617667200000.0,X,True,False,AREA OF MINIMAL FLOOD HAZARD,high,,4.0,,0.0,6.0,6.0,4.0,0.395,19.19745826721191
dc_da711190ad53,Google,SC,33.0643114,-80.03845,contains,0.0,200.0,12,434407.7,173.1002462919339,,50629026.0,218642.5,218510.9,,Unclassified,,1617667200000.0,X,True,False,AREA OF MINIMAL FLOOD HAZARD,high,,3.0,3.0,0.3333333333333333,6.0,6.0,4.0,0.395,19.19745826721191
dc_7c9ebf6e3c47,Google,SC,33.0663558,-80.0385236,nearest,35.0641729305133,200.0,5,218642.5,155.93702971646366,,50630964.0,28604.4,28587.22,,Unclassified,,1617667200000.0,X,True,False,AREA OF MINIMAL FLOOD HAZARD,high,,2.0,3.0,0.5,3.0,3.0,4.0,0.395,19.19745826721191
dc_49df3f3fad96,Google,SC,33.0641647,-80.0436036,contains,0.0,200.0,21,742569.8,158.709053313555,,50628298.0,271069.1,270905.2,,Unclassified,,1617667200000.0,X,True,False,AREA OF MINIMAL FLOOD HAZARD,high,,2.0,,0.0,6.0,6.0,4.0,0.395,19.19745826721191
dc_46c732da4507,Google,SC,33.0620387,-80.0449828,contains,0.0,200.0,7,742569.8,0.0,,50630880.0,742569.8,742120.7,,Unclassified,,1617667200000.0,X,True,False,AREA OF MINIMAL FLOOD HAZARD,high,,5.0,,0.0,6.0,6.0,4.0,0.395,19.19745826721191
dc_8b4592f3e993,Google,SC,33.0644422,-80.0460576,contains,0.0,200.0,23,742569.8,177.29174074250682,,50628414.0,158647.4,158551.2,,Unclassified,,1617667200000.0,X,True,False,AREA OF MINIMAL FLOOD HAZARD,high,,2.0,,0.0,6.0,6.0,4.0,0.395,19.19745826721191
dc_4d8a5f0cb9bc,,GA,33.6000742,-83.6968472,contains,0.0,200.0,6,668535.4,0.0,,51006349.0,668535.4,669549.3,,Government,,1676851200000.0,X,True,False,AREA OF MINIMAL FLOOD HAZARD,high,,5.0,4.0,1.0,4.0,4.0,4.0,0.055,16.249792098999023
dc_10d0eb56510d,,GA,33.5980717,-83.6950212,contains,0.0,200.0,6,668535.4,152.2876433688617,,51006832.0,350633.4,351166.3,,Government,,1676851200000.0,X,True,False,AREA OF MINIMAL FLOOD HAZARD,high,,3.0,4.0,1.0,4.0,4.0,4.0,0.055,16.249792098999023
dc_7f252a87585c,Microsoft EAT02,WA,47.416868,-120.2076878,nearest,350.0494594149456,800.0,32,82387.1,420.1478950799957,,6217231.0,4251.2,4252.434,,Agriculture,624 URBAN INDUSTRIAL WAY,1566259200000.0,,False,,,low,,2.0,,0.0,6.0,2.0,4.0,0.0849999999999999,0.9799042344093324
dc_9f03a5bdb15d,Google,IA,41.1773457,-95.8048567,contains,0.0,200.0,3,676625.5,0.0,9.06,7150133.0,676625.5,677006.3,9.06,Commercial,10420 BUNGE AVENUE,1366848000000.0,X,True,False,AREA WITH REDUCED FLOOD RISK DUE TO LEVEE,high,False,6.0,1.0,0.3333333333333333,6.0,6.0,1.0,0.015,17.158601760864258
dc_d12fd41fa0cc,Google,IA,41.177407,-95.806318,contains,0.0,200.0,3,676625.5,0.0,9.06,7150133.0,676625.5,677006.3,9.06,Commercial,10420 BUNGE AVENUE,1366848000000.0,X,True,False,AREA WITH REDUCED FLOOD RISK DUE TO LEVEE,high,False,6.0,1.0,0.3333333333333333,6.0,6.0,1.0,0.015,17.158601760864258
dc_b13d123c2fa9,Google,IA,41.1774831,-95.8031865,contains,0.0,200.0,3,676625.5,0.0,9.06,7150133.0,676625.5,677006.3,9.06,Commercial,10420 BUNGE AVENUE,1366848000000.0,X,True,False,AREA WITH REDUCED FLOOD RISK DUE TO LEVEE,high,False,6.0,1.0,0.3333333333333333,6.0,6.0,1.0,0.015,17.158601760864258
dc_f7b7979f9b54,Google,IA,41.17749,-95.80092,nearest,86.46165013760866,200.0,1,676625.5,86.46165013760866,9.06,7150133.0,676625.5,677006.3,9.06,Commercial,10420 BUNGE AVENUE,1366848000000.0,X,True,False,AREA WITH REDUCED FLOOD RISK DUE TO LEVEE,high,False,6.0,1.0,0.3333333333333333,6.0,6.0,1.0,0.015,17.158601760864258
dc_f9e787337659,Google,IA,41.17552,-95.80678,nearest,108.2138934039551,200.0,4,676625.5,108.2138934039551,9.06,7150133.0,676625.5,677006.3,9.06,Commercial,10420 BUNGE AVENUE,1366848000000.0,X,True,False,AREA WITH REDUCED FLOOD RISK DUE TO LEVEE,high,False,6.0,1.0,0.3333333333333333,6.0,6.0,3.0,0.015,17.158601760864258
dc_e3094350f227,Google,IA,41.1755246,-95.8056388,nearest,98.81977454328276,200.0,5,676625.5,98.81977454328276,9.06,7150133.0,676625.5,677006.3,9.06,Commercial,10420 BUNGE AVENUE,1366848000000.0,X,True,False,AREA WITH REDUCED FLOOD RISK DUE TO LEVEE,high,False,6.0,1.0,0.3333333333333333,6.0,6.0,1.0,0.015,17.158601760864258
dc_a2bac79b8856,Google,IA,41.1755259,-95.804509,nearest,107.90066968947325,200.0,6,676625.5,115.2660233255363,9.06,7150120.0,834.4,834.9227,3.69,Commercial,10420 BUNGE AVENUE,1366848000000.0,X,True,False,AREA WITH REDUCED FLOOD RISK DUE TO LEVEE,high,False,1.0,,0.0,6.0,6.0,1.0,0.015,17.158601760864258
dc_1fea4ccdacb1,Google,IA,41.1755278,-95.803375,nearest,132.9386717232344,200.0,4,676625.5,153.03767888661994,9.06,7150120.0,834.4,834.9227,3.69,Commercial,10420 BUNGE AVENUE,1366848000000.0,X,True,False,AREA WITH REDUCED FLOOD RISK DUE TO LEVEE,high,False,1.0,,0.0,6.0,6.0,1.0,0.015,17.158601760864258
dc_1569e6fccb74,Google,IA,41.1755307,-95.8022395,nearest,152.85535488297464,200.0,2,676625.5,152.85535488297464,9.06,7150133.0,676625.5,677006.3,9.06,Commercial,10420 BUNGE AVENUE,1366848000000.0,X,True,False,AREA WITH REDUCED FLOOD RISK DUE TO LEVEE,high,False,6.0,1.0,0.3333333333333333,6.0,6.0,1.0,0.015,17.158601760864258
dc_d4eba7bb95c9,Google,IA,41.175613,-95.801106,nearest,137.2344046933053,200.0,5,676625.5,160.22354991985574,9.06,7150117.0,1253.5,1254.215,3.57,Commercial,,1366848000000.0,X,True,False,AREA WITH REDUCED FLOOD RISK DUE TO LEVEE,high,False,1.0,,0.0,6.0,6.0,1.0,0.015,17.158601760864258
dc_b8c6e0dbdf86,Google,IA,41.1755366,-95.7999641,nearest,41.55489829007339,200.0,4,6792.3,54.064337009364834,3.98,7150117.0,1253.5,1254.215,3.57,Commercial,,1366848000000.0,X,True,False,AREA WITH REDUCED FLOOD RISK DUE TO LEVEE,high,False,1.0,,0.0,6.0,6.0,1.0,0.015,17.158601760864258
dc_1da0c5d7a144,Google,IA,41.1726404,-95.8040298,contains,0.0,200.0,5,506742.4,0.0,,5000346.0,506742.4,507026.6,,Commercial,,1563494400000.0,X,True,False,AREA WITH REDUCED FLOOD RISK DUE TO LEVEE,high,,4.0,,0.0,6.0,6.0,1.0,0.015,17.158601760864258
dc_2c9c352d5cb0,Google,IA,41.1726458,-95.8025278,contains,0.0,200.0,3,506742.4,0.0,,5000346.0,506742.4,507026.6,,Commercial,,1563494400000.0,X,True,False,AREA WITH REDUCED FLOOD RISK DUE TO LEVEE,high,,4.0,,0.0,6.0,6.0,1.0,0.015,17.158601760864258
dc_a886b4d06283,Google,IA,41.17256,-95.80113,contains,0.0,200.0,2,506742.4,0.0,,5000346.0,506742.4,507026.6,,Commercial,,1563494400000.0,X,True,False,AREA WITH REDUCED FLOOD RISK DUE TO LEVEE,high,,4.0,,0.0,6.0,6.0,1.0,0.015,17.158601760864258
dc_90a5aa0e6a9f,Microsoft,IA,41.4968303,-93.7869962,nearest,172.4721591079126,200.0,1,1583.4,172.4721591079126,,965597.0,1583.4,1582.308,,Commercial,,1565654400000.0,X,True,False,AREA OF MINIMAL FLOOD HAZARD,high,,1.0,,0.0,6.0,6.0,1.0,0.015,16.575979232788086
dc_ec0baf9bd582,Microsoft,IA,41.539814,-93.8263137,contains,0.0,200.0,10,546149.3,0.0,,5000817.0,546149.3,545776.4,,Unclassified,8855 GRAND AVENUE,1565654400000.0,A,True,True,,high,,4.0,,0.0,6.0,6.0,1.0,0.015,14.173967361450195
dc_abd7ac10d990,Microsoft,IA,41.5396705,-93.8286654,contains,0.0,200.0,10,546149.3,50.75995918516019,,980603.0,78970.9,78917.02,,Unclassified,8855 GRAND AVENUE,1565654400000.0,A,True,True,,high,,1.0,,0.0,6.0,6.0,1.0,0.015,14.173967361450195
dc_f97d793b329a,,CA,37.3611541,-121.9423402,nearest,3.29078609649838,200.0,26,297381.2,66.6517053555645,8.49,15713087.0,22813.9,22813.86,5.32,Unclassified,,1349049600000.0,X,True,False,AREA WITH REDUCED FLOOD RISK DUE TO LEVEE,high,False,1.0,,0.0,6.0,6.0,2.0,0.575,0.1221932545304298
dc_d9f6b1c94072,xAI Macrohardrr,MS,34.987,-89.9649,contains,0.0,200.0,4,749290.1,0.0,,12622149.0,749290.1,750043.6,,Commercial,,1673654400000.0,X,True,False,AREA OF MINIMAL FLOOD HAZARD,high,,5.0,2.0,0.2,6.0,6.0,2.0,0.235,19.638996124267575
dc_5d6a8401ff0b,Flexential Portland - Hillsboro 4 Expansion,OR,45.5553909,-122.941087,nearest,297.9009432311299,800.0,44,304620.9,621.9866636991488,,3642606.0,3629.0,3626.111,,Residential,,1564790400000.0,X,True,False,AREA OF MINIMAL FLOOD HAZARD,low,,1.0,,0.0,6.0,6.0,2.0,0.175,0.4918390810489654
dc_b63c46c43ef7,Flexential Portland - Hillsboro 5,OR,45.5563407,-122.9394067,nearest,186.48351960307335,200.0,1,3629.0,186.48351960307335,,3642606.0,3629.0,3626.111,,Residential,,1564790400000.0,X,True,False,AREA OF MINIMAL FLOOD HAZARD,high,,1.0,,0.0,6.0,6.0,2.0,0.175,0.4918390810489654
dc_7fe16fd74581,QTS San Antonio II,TX,29.4492,-98.65315,nearest,110.89976958978374,200.0,13,22138.0,196.71165886078484,,32227363.0,527.2,526.7551,,Agriculture,,1636156800000.0,X,True,False,AREA OF MINIMAL FLOOD HAZARD,high,,1.0,,0.0,6.0,6.0,2.0,0.015,12.881298065185549
dc_1cb556e009e0,T5@Colorado Springs,CO,38.7861601,-104.7885828,contains,0.0,200.0,6,85528.1,0.0,,12000368.0,85528.1,84425.78,,Unclassified,,1599868800000.0,X,True,False,AREA OF MINIMAL FLOOD HAZARD,high,,2.0,3.0,0.5,3.0,6.0,4.0,0.035,11.859444618225098
dc_77bfb34f333b,Flexential Tampa - North,FL,28.0738698,-82.3683619,contains,0.0,200.0,1,34233.3,0.0,,35518520.0,34233.3,34221.14,,Commercial,8350 PARKEDGE DR,1676246400000.0,X,True,False,AREA OF MINIMAL FLOOD HAZARD,high,,2.0,3.0,1.0,3.0,3.0,4.0,0.005,28.979448318481445
dc_42c854b8c335,,VA,37.356296,-77.333741,contains,0.0,200.0,1,294011.5,0.0,,51764764.0,294011.5,294085.5,,Industrial,1600 DIGITAL DRIVE,1644537600000.0,X,True,False,AREA OF MINIMAL FLOOD HAZARD,high,,3.0,2.0,1.0,2.0,2.0,2.0,0.0849999999999999,13.860154151916504
dc_370cc6f40ea9,Amazon IAD-169,VA,39.0167452,-77.4520059,contains,0.0,200.0,5,152814.1,0.0,,50997837.0,152814.1,152861.4,,Commercial,21320 BEAUMEADE CIRCLE,1710374400000.0,X,True,False,AREA OF MINIMAL FLOOD HAZARD,high,,2.0,,0.0,6.0,6.0,1.0,0.055,13.613815307617188
dc_9b04c18bf82a,Amazon IAD-179,VA,39.015885,-77.4531399,contains,0.0,200.0,9,152814.1,84.29564720630796,,50980315.0,145850.3,145895.5,,Commercial,21310 BEAUMEADE CIRCLE,1710374400000.0,X,True,False,AREA OF MINIMAL FLOOD HAZARD,high,,4.0,1.0,0.25,6.0,6.0,1.0,0.055,13.613815307617188
dc_b6815d83ac53,Aligned IAD02,VA,39.0104171,-77.4751585,nearest,85.51460982703904,200.0,4,655641.1,112.15241104940026,14.54,7872165.0,97858.1,97857.98,9.15,Commercial,,1205280000000.0,X,True,False,AREA OF MINIMAL FLOOD HAZARD,high,False,2.0,,0.0,6.0,6.0,1.0,0.055,13.613815307617188
dc_429c38217707,QTS Manassas DC5,VA,38.7547679,-77.5173876,contains,0.0,200.0,3,189369.3,0.0,,50241729.0,189369.3,189440.8,,Unclassified,9293 FREEDOM CENTER BOULEVARD,1654387200000.0,X,True,False,AREA OF MINIMAL FLOOD HAZARD,high,,3.0,1.0,0.6666666666666666,1.0,1.0,1.0,0.065,12.71955680847168
dc_0a74f3f6a21d,PHX-11,AZ,33.4090306,-112.3648272,nearest,320.85282260063434,800.0,27,71571.3,598.8003920177886,8.97,11457891.0,3380.7,3380.692,3.31,Residential,14247 WEST BROADWAY ROAD,1412467200000.0,X,True,False,0.2 PCT ANNUAL CHANCE FLOOD HAZARD,low,False,2.0,,0.0,6.0,4.0,4.0,0.025,7.057002544403076
dc_abcef906ff55,,NY,41.0523325,-73.9717745,nearest,2.582318682791005,200.0,34,52759.3,49.32629037438485,,2582818.0,2111.0,2109.721,,Industrial,75 THIRD AVENUE,1516492800000.0,X,True,False,AREA OF MINIMAL FLOOD HAZARD,high,,1.0,,0.0,6.0,6.0,4.0,0.105,6.558852672576904
dc_624a20da991b,Compute North,NE,40.72591,-99.03842,nearest,234.0662134139769,800.0,2,2903.2,691.5800838585443,,1635963.0,989.7,988.924,,Unclassified,,1486166400000.0,X,True,False,AREA OF MINIMAL FLOOD HAZARD,low,,1.0,,0.0,6.0,6.0,1.0,0.025,14.52704906463623
dc_baa41125feea,Flexential Atlanta - Douglasville 1,GA,33.7310574,-84.6160809,nearest,274.4854353821618,800.0,15,440489.4,507.46856177922353,,4528347.0,593.1,695.6974,,Residential,,1543363200000.0,X,True,False,AREA OF MINIMAL FLOOD HAZARD,low,,1.0,1.0,1.0,1.0,2.0,3.0,0.055,17.153179168701172
dc_2143f8b4a2a6,Google,TN,36.62484,-87.26351,nearest,74.31392587657886,200.0,6,92439.3,144.363997110679,,7294212.0,1781.5,1780.077,,Industrial,,1533945600000.0,X,True,False,AREA OF MINIMAL FLOOD HAZARD,high,,1.0,,0.0,6.0,6.0,1.0,0.1149999999999999,16.438068389892578
dc_f22eaad28efd,SPC3A,TN,36.62431,-87.25902,nearest,91.57841738617506,200.0,1,1319.6,91.57841738617506,,7283212.0,1319.6,1318.583,,Industrial,,1533945600000.0,X,True,False,AREA OF MINIMAL FLOOD HAZARD,high,,1.0,,0.0,6.0,6.0,1.0,0.1149999999999999,16.438068389892578
dc_7212377335fd,Amazon Web Services,VA,38.9795634,-77.4174915,contains,0.0,200.0,11,235044.2,145.6668822107726,,51498758.0,156751.7,156795.3,,Commercial,45775 OPTICS PLAZA,1710374400000.0,X,True,False,AREA OF MINIMAL FLOOD HAZARD,high,,2.0,1.0,0.5,1.0,1.0,1.0,0.055,13.629328727722168
dc_9efbddd27ce0,Meta,NC,35.3156695,-81.8221092,nearest,11.340897501558397,200.0,2,320693.1,76.60273498887527,,4328916.0,44861.5,44850.48,,Commercial,316 SOCIAL CIRCLE,1389830400000.0,X,True,False,AREA OF MINIMAL FLOOD HAZARD,high,,2.0,4.0,0.5,4.0,6.0,4.0,0.065,13.04412841796875
dc_a6ee91f963a9,,NY,43.0821786,-79.0307777,contains,0.0,200.0,21,154044.4,0.0,12.37,8069637.0,154044.4,154018.6,12.37,Industrial,,1427846400000.0,X,True,False,AREA OF MINIMAL FLOOD HAZARD,high,True,3.0,,0.0,6.0,6.0,3.0,0.025,8.914331436157227
dc_f377bd967513,TierPoint Valley Forge,PA,40.1218812,-75.4208776,contains,0.0,200.0,8,65639.4,0.0,8.35,7808993.0,65639.4,65639.3,8.35,Commercial,1000 ADAMS AVENUE,1348012800000.0,X,True,False,AREA OF MINIMAL FLOOD HAZARD,high,False,1.0,,0.0,6.0,6.0,1.0,0.075,10.887083053588867
dc_c4a353e43e52,Aligned DC - PDX-01,OR,45.5540594,-122.9492507,nearest,156.1284158310901,200.0,5,24941.1,171.28401360747637,,3642047.0,4288.8,4285.363,,Residential,,1564790400000.0,X,True,False,AREA OF MINIMAL FLOOD HAZARD,high,,2.0,1.0,0.5,1.0,6.0,2.0,0.175,0.4918390810489654
dc_b98d99d8249f,Tahoe Reno 1,NV,39.5140681,-119.4755145,contains,0.0,200.0,2,367504.5,0.0,,900768.0,367504.5,367503.6,,Industrial,,1474329600000.0,X,True,False,AREA OF MINIMAL FLOOD HAZARD,high,,4.0,,0.0,6.0,6.0,4.0,0.205,1.336833119392395
dc_d185c3f308a0,Tahoe Reno 2,NV,39.513787,-119.484853,nearest,278.0490901144839,800.0,10,719698.2,778.2386179759214,,224909.0,2768.1,2968.111,,Industrial,,1474329600000.0,X,True,False,AREA OF MINIMAL FLOOD HAZARD,low,,1.0,4.0,1.0,4.0,3.0,4.0,0.205,1.336833119392395
dc_25c7e68064cd,Flexential Salt Lake City - Fair Park,UT,40.7667963,-111.9202947,contains,0.0,200.0,97,36827.8,61.42599930373563,10.2,16194102.0,12926.1,12917.67,10.26,Unclassified,118 SOUTH 1000 WEST,1284768000000.0,X,True,False,AREA OF MINIMAL FLOOD HAZARD,high,False,2.0,,0.0,6.0,6.0,,0.195,5.014902114868164
dc_31eff1e33048,CyrusOne San Antonio IV,TX,29.47076,-98.670723,contains,0.0,200.0,34,126562.6,148.02359223153366,,32269245.0,96341.3,96266.54,,Commercial,9655 RABA DRIVE,1672185600000.0,X,True,False,AREA OF MINIMAL FLOOD HAZARD,high,,4.0,1.0,0.25,6.0,1.0,3.0,0.015,12.881298065185549
dc_ced68be9f4dd,Equinix Ashburn DC16,VA,39.024382,-77.452285,contains,0.0,200.0,7,250520.8,179.03189951754442,,50979992.0,127850.8,127890.2,,Commercial,44740 PERFORMANCE CIRCLE,1710374400000.0,X,True,False,AREA OF MINIMAL FLOOD HAZARD,high,,1.0,1.0,1.0,1.0,1.0,1.0,0.055,13.613815307617188
dc_d5219db2a1d5,Microsoft IAD11,VA,38.9483832,-77.5558692,nearest,180.05172391832008,200.0,2,3304.9,180.05172391832008,4.06,7866608.0,3304.9,3304.869,4.06,Unclassified,,1205280000000.0,X,True,False,AREA OF MINIMAL FLOOD HAZARD,high,False,1.0,1.0,1.0,1.0,1.0,1.0,0.065,12.71955680847168
dc_b365760cf1a8,Amazon Web Services,OR,45.9019,-119.3205,nearest,179.02662412758036,200.0,2,791.2,181.71020019161065,,3332817.0,791.1,791.1395,,Unclassified,,1509148800000.0,X,True,False,AREA OF MINIMAL FLOOD HAZARD,high,,1.0,,0.0,6.0,6.0,5.0,0.055,2.1825551986694336
dc_0f5514724b8f,Amazon Web Services,OR,45.9027657,-119.3204918,nearest,238.39115310619417,800.0,34,7252.2,474.43278285162114,,3332891.0,791.2,791.1509,,Agriculture,,1509148800000.0,X,True,False,AREA OF MINIMAL FLOOD HAZARD,low,,1.0,1.0,1.0,1.0,6.0,3.0,0.055,2.1825551986694336
dc_c7365e51dba0,Amazon Web Services,OR,45.9038538,-119.3204774,nearest,336.3494596689871,800.0,32,7252.2,529.7560347457661,,3332891.0,791.2,791.1509,,Agriculture,,1509148800000.0,X,True,False,AREA OF MINIMAL FLOOD HAZARD,low,,1.0,1.0,1.0,1.0,6.0,3.0,0.055,2.1825551986694336
dc_8e0b128bc5f7,Amazon Web Services,OR,45.9050998,-119.3201446,nearest,328.07433881710006,800.0,27,7252.2,599.3587340413386,,3333565.0,3296.4,3296.438,,Agriculture,,1509148800000.0,X,True,False,AREA OF MINIMAL FLOOD HAZARD,low,,1.0,,0.0,6.0,1.0,4.0,0.055,2.1825551986694336
dc_9acc4e51969d,Amazon Web Services,OR,45.8469,-119.6038,contains,0.0,200.0,1,220058.5,0.0,,5001436.0,220058.5,220103.6,,Unclassified,,1557100800000.0,X,True,False,AREA OF MINIMAL FLOOD HAZARD,high,,4.0,,0.0,6.0,6.0,1.0,0.055,1.9345662593841553
dc_782851ca8777,Amazon Web Services,OR,45.9157234,-119.2699703,nearest,40.59784368528573,200.0,5,233793.4,158.00208955654875,,3335615.0,1582.3,1582.289,,Unclassified,,1537660800000.0,D,True,False,,high,,1.0,,0.0,6.0,6.0,4.0,0.055,2.1825551986694336
dc_b6941fc8a5af,,VA,39.0696487,-77.5607711,contains,0.0,200.0,2,259410.6,86.54747942930997,,51113786.0,254481.1,254584.7,,Unclassified,41730 INCLUSION LANE,1710374400000.0,X,True,False,AREA OF MINIMAL FLOOD HAZARD,high,,5.0,2.0,1.0,2.0,2.0,2.0,0.055,11.454973220825195
dc_d10d2ffca929,,VA,39.069906,-77.559458,contains,0.0,200.0,2,259410.6,0.0,,51111252.0,259410.6,259516.0,,Unclassified,41720 INCLUSION LANE,1710374400000.0,X,True,False,AREA OF MINIMAL FLOOD HAZARD,high,,2.0,2.0,1.0,2.0,2.0,2.0,0.055,11.454973220825195
dc_af15da12f636,Meta Henrico Data Center,VA,37.4778562,-77.2264818,contains,0.0,200.0,6,469805.2,0.0,,51103088.0,469805.2,469877.6,,Unclassified,7321 TECHNOLOGY BOULEVARD,1644537600000.0,X,True,False,AREA OF MINIMAL FLOOD HAZARD,high,,5.0,2.0,1.0,2.0,2.0,2.0,0.075,13.860154151916504
dc_9641476d2168,QTS,AZ,33.4608806,-111.9971562,nearest,2.560429019323556,200.0,3,1649.2,2.560429019323556,,2019090.0,1649.2,1664.468,,Unclassified,,1486598400000.0,X,True,False,0.2 PCT ANNUAL CHANCE FLOOD HAZARD,high,,1.0,4.0,1.0,4.0,4.0,5.0,0.025,7.883434772491455
dc_ff85876636d4,FiberState Datacenter,UT,40.5114517,-111.8882555,contains,0.0,200.0,48,45422.1,115.4689710478974,,3405483.0,10687.5,10680.49,,Industrial,106 EAST 13200 SOUTH,1566086400000.0,X,True,False,AREA OF MINIMAL FLOOD HAZARD,high,,1.0,,0.0,6.0,6.0,3.0,0.175,5.014902114868164
dc_cbea6272623c,,IL,38.8105602,-89.9487033,nearest,27.54151369150087,200.0,73,37318.4,63.58051325800638,,16377461.0,14410.2,14823.09,,Residential,221 SOUTH BROWN AVENUE,1451952000000.0,,False,,,high,,1.0,,0.0,6.0,6.0,1.0,0.155,15.1636962890625
dc_451e126116e7,CoreSite Reston Campus VA2,VA,38.9514551,-77.363999,nearest,41.71662608660152,200.0,7,136878.0,41.71662608660152,8.76,7921874.0,136878.0,136877.9,8.76,Commercial,12100 SUNRISE VALLEY DRIVE,1205280000000.0,X,True,False,AREA OF MINIMAL FLOOD HAZARD,high,False,2.0,,0.0,6.0,6.0,1.0,0.055,13.629328727722168
dc_978ee4734a31,AWS IAD105,VA,38.7475999,-77.51948,nearest,28.607566543037763,200.0,2,189028.0,28.607566543037763,10.21,7678212.0,189028.0,189027.7,10.21,Unclassified,9700 INNOVATION DRIVE,1205280000000.0,X,True,False,AREA OF MINIMAL FLOOD HAZARD,high,False,4.0,,0.0,6.0,6.0,2.0,0.065,12.71955680847168
dc_6bda20d02c25,AWS IAD104,VA,38.7483699,-77.5207001,nearest,55.57636070864731,200.0,5,189028.0,112.75322769897916,10.21,7678278.0,831.9,831.9319,3.13,Unclassified,9680 INNOVATION DRIVE,1205280000000.0,X,True,False,AREA OF MINIMAL FLOOD HAZARD,high,False,1.0,,0.0,6.0,6.0,2.0,0.065,12.71955680847168
dc_e60910dea260,QTS Manassas DC1,VA,38.7525433,-77.513108,contains,0.0,200.0,4,129903.1,0.0,,50232405.0,129903.1,129951.8,,Commercial,9400 GODWIN DRIVE,1654387200000.0,X,True,False,AREA OF MINIMAL FLOOD HAZARD,high,,2.0,,0.0,6.0,6.0,1.0,0.065,12.71955680847168
dc_607669b8392b,,MD,39.133687,-76.8514344,nearest,270.41964941222875,800.0,332,38871.6,699.6718925959083,,1317323.0,16138.9,16356.72,,Residential,9752 NORTHERN LAKES LANE,1570665600000.0,X,True,False,AREA OF MINIMAL FLOOD HAZARD,low,,2.0,,0.0,6.0,1.0,1.0,0.055,14.052087783813477
dc_2f34cf65f086,Meta,OR,44.3016719,-120.8945866,nearest,233.85475225524448,800.0,16,473814.0,277.11051377694747,,2319343.0,1483.6,1483.411,,Utility and Misc,,1560643200000.0,X,True,False,AREA OF MINIMAL FLOOD HAZARD,low,,1.0,3.0,1.0,3.0,3.0,4.0,0.045,2.428783893585205
dc_cb36d1bfe77c,Meta,OR,44.29922,-120.89458,nearest,238.0036604014909,800.0,15,473814.0,253.80930379282097,,2313838.0,23160.0,23157.55,,Commercial,,1560643200000.0,X,True,False,AREA OF MINIMAL FLOOD HAZARD,low,,2.0,3.0,0.5,3.0,3.0,4.0,0.045,2.428783893585205
dc_1f13f2e4e800,Digital Realty PDX11 Data Center,OR,45.56834,-122.91998,nearest,120.99291852302304,200.0,10,4618.7,196.6507229704533,,3645635.0,2111.4,2109.727,,Residential,,1564790400000.0,X,True,False,AREA OF MINIMAL FLOOD HAZARD,high,,1.0,,0.0,6.0,6.0,1.0,0.175,0.4918390810489654
dc_c0c1e9788a37,Datacenter (386),IL,41.7071342,-87.9759559,nearest,109.7838720415121,200.0,9,163786.9,109.7838720415121,8.9,35068422.0,163786.9,163786.8,8.9,Unclassified,,1321315200000.0,X,True,False,AREA OF MINIMAL FLOOD HAZARD,high,False,2.0,,0.0,6.0,6.0,1.0,0.035,16.118194580078125
dc_40e30e32f22b,Amazon Web Services,OH,40.10185,-83.19975,nearest,300.2932499423184,800.0,66,52509.3,673.9188338034575,,243673.0,395.5,506.9865,,Commercial,,1407628800000.0,X,True,False,AREA OF MINIMAL FLOOD HAZARD,low,,1.0,,0.0,6.0,6.0,1.0,0.035,15.455096244812012
dc_a5676724cc7b,Amazon Web Services,OH,40.10077,-83.19947,nearest,291.5754423274702,800.0,69,52509.3,663.2621154597384,,241305.0,2472.2,2491.194,,Commercial,6279 HOUCHARD ROAD,1407628800000.0,X,True,False,AREA OF MINIMAL FLOOD HAZARD,low,,1.0,1.0,1.0,1.0,6.0,1.0,0.035,15.455096244812012
dc_8af951b34bae,Amazon Web Services,OH,40.0997864,-83.1992645,nearest,224.34927013339168,800.0,78,52509.3,673.6437923082234,,241305.0,2472.2,2491.194,,Commercial,6279 HOUCHARD ROAD,1407628800000.0,X,True,False,AREA OF MINIMAL FLOOD HAZARD,low,,1.0,1.0,1.0,1.0,6.0,1.0,0.035,15.455096244812012
dc_f1fa89442e45,NTT Chicago CH1,IL,41.9879619,-88.0072217,nearest,162.51161789244523,200.0,3,18704.0,166.3506979284838,12.38,24685174.0,791.6,708.6912,,Unclassified,755 PIERCE ROAD,1442793600000.0,X,True,False,AREA OF MINIMAL FLOOD HAZARD,high,,1.0,,0.0,6.0,6.0,1.0,0.035,17.22007942199707
dc_fde7fcc462d1,,WI,44.8771653,-91.9199989,contains,0.0,200.0,53,25167.6,85.12893317224325,,1374997.0,3463.4,3461.267,,Unclassified,,1433548800000.0,X,True,False,AREA OF MINIMAL FLOOD HAZARD,high,,1.0,,0.0,6.0,6.0,1.0,0.005,8.44190502166748
dc_a7a75774014b,CoreSite SV7,CA,37.3760788,-121.9730567,nearest,1.0836013228549557,200.0,17,175118.0,112.9344436594212,10.08,15741224.0,17114.1,17114.11,4.59,Unclassified,,1349049600000.0,X,True,False,0.2 PCT ANNUAL CHANCE FLOOD HAZARD,high,False,1.0,,0.0,6.0,6.0,,0.525,0.1221932545304298
dc_a01ca4642c9f,Meta Huntsville Data center,AL,34.8473235,-86.6269189,nearest,324.687005130836,800.0,34,4835.4,507.3925988593995,,14533441.0,581.7,581.2489,,Unclassified,,1489881600000.0,,False,,,low,,1.0,,0.0,6.0,2.0,3.0,0.0849999999999999,18.687423706054688
dc_7c600bd05cc6,Meta Huntsville Data center,AL,34.8434819,-86.6288559,nearest,357.20502508231635,800.0,42,4835.4,736.7243091371944,,14107258.0,1641.3,1641.341,2.98,Residential,,1234051200000.0,,False,,,low,False,1.0,,0.0,6.0,6.0,3.0,0.0849999999999999,18.687423706054688
dc_62fa7efb5bab,Meta Huntsville Data center,AL,34.84044,-86.62883,nearest,357.26537935850934,800.0,54,4121.8,794.7015984112652,4.87,14107014.0,1626.9,1626.901,6.05,Residential,,1234051200000.0,,False,,,low,False,1.0,,0.0,6.0,6.0,3.0,0.0849999999999999,18.687423706054688
dc_1ce5c0466dac,Amazon Web Services,VA,38.97923,-77.41999,contains,0.0,200.0,12,156960.0,0.0,,51498764.0,156960.0,157004.2,,Commercial,45795 OPTICS PLAZA,1710374400000.0,X,True,False,AREA OF MINIMAL FLOOD HAZARD,high,,4.0,1.0,0.5,1.0,1.0,1.0,0.055,13.629328727722168
dc_e6229de1ac08,Microsoft EAT03,WA,47.4169,-120.2084,nearest,325.85071560036477,800.0,31,82387.1,460.52696770533726,,6217231.0,4251.2,4252.434,,Agriculture,624 URBAN INDUSTRIAL WAY,1566259200000.0,,False,,,low,,2.0,,0.0,6.0,2.0,4.0,0.0849999999999999,0.9799042344093324
dc_07743f0f8a70,Microsoft EAT04,WA,47.4197,-120.214,nearest,554.6487493638563,800.0,21,6294.4,745.174733253561,,6226899.0,527.3,527.436,,Agriculture,971 NORTH STARK AVENUE,1454284800000.0,,False,,,low,,1.0,2.0,1.0,2.0,2.0,3.0,0.0849999999999999,0.9799042344093324
dc_329262a4db4d,Microsoft,IA,41.5349901,-93.8634444,nearest,184.70506558957504,200.0,1,1814.3,184.70506558957504,,979725.0,1814.3,1813.039,,Residential,11375 BOONEVILLE ROAD,1565654400000.0,A,True,True,,high,,1.0,1.0,1.0,1.0,6.0,1.0,0.015,14.173967361450195
dc_e59e36c03e54,Google: Arcola 2,VA,38.9418116,-77.5274514,contains,0.0,200.0,16,296612.4,0.0,,51560639.0,296612.4,296725.5,,Commercial,24550 HOWLING ROOSTER LANE,1654387200000.0,X,True,False,AREA OF MINIMAL FLOOD HAZARD,high,,3.0,1.0,0.6666666666666666,1.0,1.0,1.0,0.065,12.71955680847168
dc_3253db789188,,TX,32.8947608,-96.9819377,contains,0.0,200.0,11,303058.1,174.36332209231534,14.36,22258441.0,134665.6,135332.3,,Industrial,,1616457600000.0,X,True,False,AREA OF MINIMAL FLOOD HAZARD,high,,3.0,,0.0,6.0,6.0,2.0,0.025,18.841638565063477
dc_334b14b79218,Amazon IAD603,VA,38.9815444,-77.4193612,contains,0.0,200.0,5,240026.0,171.56367454988236,,51498806.0,18116.6,18121.69,,Commercial,22940 PLATFORM PLAZA,1710374400000.0,X,True,False,AREA OF MINIMAL FLOOD HAZARD,high,,2.0,,0.0,6.0,6.0,1.0,0.055,13.629328727722168
dc_0ec1cdf95464,,WY,41.1254028,-104.9075519,contains,0.0,200.0,16,326378.2,182.3672811218192,,4163196.0,34178.5,34151.24,,Commercial,656 LOGISTICS DRIVE,1597017600000.0,X,True,False,AREA OF MINIMAL FLOOD HAZARD,high,,1.0,,0.0,6.0,6.0,3.0,0.055,9.38316249847412
dc_06c6e7b867a1,,WY,41.1264379,-104.8995158,contains,0.0,200.0,14,156492.0,74.40592229367853,,4164312.0,39770.5,39738.73,,Industrial,638 LOGISTICS DRIVE,1597017600000.0,X,True,False,AREA OF MINIMAL FLOOD HAZARD,high,,4.0,1.0,0.25,6.0,6.0,2.0,0.055,9.38316249847412
dc_38efcce0825d,,WY,41.1254,-104.902,nearest,23.32877873845407,200.0,15,133761.3,56.93650010475003,,4163313.0,857.7,857.0654,,Commercial,644 LOGISTICS DRIVE,1597017600000.0,X,True,False,AREA OF MINIMAL FLOOD HAZARD,high,,1.0,,0.0,6.0,6.0,2.0,0.055,9.38316249847412
dc_895c21fc08cb,,WY,41.122266,-104.9081423,contains,0.0,200.0,12,326378.2,67.40449048114239,,16000023.0,256305.7,256101.0,,Commercial,518 LOGISTICS DRIVE,1597017600000.0,X,True,False,AREA OF MINIMAL FLOOD HAZARD,high,,5.0,1.0,0.2,6.0,6.0,3.0,0.055,9.38316249847412
dc_7804a006dda2,,WY,41.1222462,-104.9095169,contains,0.0,200.0,11,326378.2,0.0,,16000022.0,326378.2,326117.5,,Commercial,518 LOGISTICS DRIVE,1597017600000.0,X,True,False,AREA OF MINIMAL FLOOD HAZARD,high,,4.0,1.0,0.5,1.0,1.0,3.0,0.055,9.38316249847412
dc_02a45ce844d8,Amazon IAD86,VA,38.9172562,-77.4956744,contains,0.0,200.0,23,170071.4,181.091323471083,,51517084.0,153486.9,153541.0,,Commercial,25311 PREDICTION LANE,1655424000000.0,X,True,False,AREA OF MINIMAL FLOOD HAZARD,high,,2.0,,0.0,6.0,6.0,1.0,0.065,13.629328727722168
dc_a11921ca0756,Amazon IAD130,VA,38.7603606,-77.5193019,contains,0.0,200.0,5,141977.4,69.31061996083284,,50234991.0,132297.8,132348.1,,Commercial,9040 FREEDOM CENTER BOULEVARD,1654387200000.0,X,True,False,AREA OF MINIMAL FLOOD HAZARD,high,,2.0,1.0,0.5,1.0,6.0,1.0,0.065,12.71955680847168
dc_d49e6fd6c32a,Amazon IAD131,VA,38.7611048,-77.518221,contains,0.0,200.0,6,141977.4,0.0,,50235040.0,141977.4,142031.0,,Commercial,9020 FREEDOM CENTER BOULEVARD,1654387200000.0,X,True,False,AREA OF MINIMAL FLOOD HAZARD,high,,3.0,1.0,0.3333333333333333,6.0,1.0,1.0,0.065,12.71955680847168
dc_f9ad1aa121d1,Meta Data Center,MO,39.32263,-94.59808,none,,200.0,0,,,,,,,,,,,X,True,False,AREA OF MINIMAL FLOOD HAZARD,,,,,,,6.0,1.0,0.025,20.675199508666992
dc_6216c49b2a10,QTS Ashburn-Shellhorn DC2,VA,38.9987099,-77.4743264,contains,0.0,200.0,3,259106.8,0.0,,51497555.0,259106.8,259192.4,,Commercial,22271 SHELLHORN ROAD,1710374400000.0,X,True,False,AREA OF MINIMAL FLOOD HAZARD,high,,2.0,1.0,1.0,1.0,1.0,1.0,0.055,13.629328727722168
dc_45a130be2be9,QTS Ashburn Lockridge,VA,38.9953067,-77.455264,nearest,44.55559885472929,200.0,10,192236.6,86.66873279893413,,51490682.0,9039.8,9042.686,,Commercial,,1710374400000.0,X,True,False,AREA OF MINIMAL FLOOD HAZARD,high,,1.0,1.0,1.0,1.0,1.0,1.0,0.055,13.629328727722168
dc_646e4da4cdc0,QTS Ashburn Lockridge,VA,38.99518,-77.45682,contains,0.0,200.0,9,192236.6,0.0,,51492858.0,192236.6,192297.0,,Commercial,,1710374400000.0,X,True,False,AREA OF MINIMAL FLOOD HAZARD,high,,2.0,1.0,0.5,1.0,1.0,1.0,0.055,13.629328727722168
dc_068c81dbe338,Amazon IAD192,VA,38.9896,-77.4348,contains,0.0,200.0,7,177858.8,0.0,,51491331.0,177858.8,177911.2,,Commercial,,1710374400000.0,X,True,False,AREA OF MINIMAL FLOOD HAZARD,high,,1.0,1.0,1.0,1.0,1.0,1.0,0.055,13.629328727722168
dc_f289518407b9,,VA,39.017043,-77.4733379,contains,0.0,200.0,8,252896.4,152.92858958718102,,50984753.0,166776.3,166831.1,,Commercial,44495 GIGABIT PLAZA,1710374400000.0,X,True,False,AREA OF MINIMAL FLOOD HAZARD,high,,2.0,,0.0,6.0,6.0,1.0,0.055,13.613815307617188
dc_ca426d800c5e,NTT Ashburn VA8 Data Centre,VA,39.02044,-77.47551,contains,0.0,200.0,7,158750.2,0.0,,50984862.0,158750.2,158802.5,,Commercial,44720 GIGABIT PLAZA,1710374400000.0,X,True,False,AREA OF MINIMAL FLOOD HAZARD,high,,1.0,1.0,1.0,1.0,1.0,1.0,0.055,13.613815307617188
dc_24d87e9fe5e5,DataBank Ashburn IAD3,VA,39.0179043,-77.4818188,contains,0.0,200.0,14,218526.7,0.0,,50994867.0,218526.7,218600.2,,Commercial,21630 RED RUM DRIVE,1710374400000.0,X,True,False,AREA OF MINIMAL FLOOD HAZARD,high,,4.0,,0.0,6.0,6.0,1.0,0.055,13.613815307617188
dc_89af903960ac,PowerHouse ABX-1,VA,39.0195992,-77.4504568,contains,0.0,200.0,7,154159.4,131.91370351257646,,7873241.0,54841.3,54841.26,8.91,Commercial,21529 BEAUMEADE CIRCLE,1205280000000.0,X,True,False,AREA OF MINIMAL FLOOD HAZARD,high,False,1.0,,0.0,6.0,6.0,1.0,0.055,13.613815307617188
dc_351caa7b27c5,Cologix ASH1,VA,39.017186,-77.457688,nearest,37.389527700723306,200.0,10,151465.6,101.60368670232324,9.2,7872829.0,58420.3,58420.17,7.09,Unclassified,21760 BEAUMEADE CIRCLE,1205280000000.0,X,True,False,AREA OF MINIMAL FLOOD HAZARD,high,False,1.0,,0.0,6.0,6.0,1.0,0.055,13.613815307617188
dc_2187c39b38fe,Meta,NM,34.82588,-106.77889,nearest,323.7553596409177,800.0,31,479278.8,634.2017963645427,,2444248.0,2373.8,2373.449,,Unclassified,4250 MESSENGER LOOP NORTHWEST,1514419200000.0,X,True,False,AREA OF MINIMAL FLOOD HAZARD,low,,1.0,,0.0,6.0,6.0,3.0,0.065,10.36793041229248
dc_be1a71831407,,WA,47.2448126,-119.8180948,nearest,331.1102982633495,800.0,43,877591.5,678.4544539452804,,6164908.0,1384.1,1384.528,,Unclassified,,1513987200000.0,X,True,False,AREA OF MINIMAL FLOOD HAZARD,low,,1.0,,0.0,6.0,6.0,1.0,0.075,1.113155484199524
dc_6e1ef83981b4,,WA,47.2442897,-119.8148063,nearest,364.876391124252,800.0,32,171508.2,687.5243915616867,,6164908.0,1384.1,1384.528,,Unclassified,,1513987200000.0,X,True,False,AREA OF MINIMAL FLOOD HAZARD,low,,1.0,,0.0,6.0,6.0,1.0,0.075,1.113155484199524
dc_b90668346127,Lightedge Des Moines 2,IA,41.666814,-93.4559432,contains,0.0,200.0,4,338556.6,159.75748923181737,,5001302.0,70235.0,70181.33,,Industrial,1401 NORTHRIDGE CIRCLE NORTHEAST,1554508800000.0,X,True,False,AREA OF MINIMAL FLOOD HAZARD,high,,2.0,,0.0,6.0,6.0,1.0,0.015,12.898967742919922
dc_fcf51a120a52,QTS Suwanee,GA,34.0361545,-84.0593468,nearest,17.997915220580918,200.0,5,378145.5,35.01922374581237,,9092711.0,323613.3,322189.1,,Commercial,,1543363200000.0,X,True,False,AREA OF MINIMAL FLOOD HAZARD,high,,4.0,3.0,0.25,6.0,6.0,3.0,0.065,16.0975399017334
dc_55447331648c,,NV,39.5697107,-119.5378592,contains,0.0,200.0,8,108067.1,41.74495199039954,,900791.0,92266.4,92266.27,,Commercial,,1537574400000.0,X,True,False,AREA OF MINIMAL FLOOD HAZARD,high,,2.0,1.0,0.5,1.0,1.0,3.0,0.215,1.7456742525100708
dc_eb8ab216ce0f,,NV,39.570053,-119.537092,nearest,3.1488897095692163,200.0,8,108067.1,3.1488897095692163,,900792.0,108067.1,108067.0,,Commercial,,1537574400000.0,X,True,False,AREA OF MINIMAL FLOOD HAZARD,high,,4.0,3.0,0.5,6.0,6.0,3.0,0.215,1.7456742525100708
dc_ccf5e5778bb2,,NV,39.57059,-119.53603,contains,0.0,200.0,7,108067.1,44.21386632474475,,900793.0,78953.7,78953.7,,Commercial,,1537574400000.0,X,True,False,AREA OF MINIMAL FLOOD HAZARD,high,,1.0,,0.0,6.0,6.0,3.0,0.215,1.7456742525100708
dc_26b206933be4,,NV,39.5709863,-119.5353174,contains,0.0,200.0,6,108067.1,121.8979823593458,,900794.0,93650.7,93650.58,,Commercial,,1537574400000.0,X,True,False,AREA OF MINIMAL FLOOD HAZARD,high,,1.0,,0.0,6.0,6.0,3.0,0.215,1.7456742525100708
dc_64a34293fec1,Carrier Services Group,OH,41.041059,-80.633078,contains,0.0,200.0,17,72164.5,0.0,4.77,9007017.0,72164.5,72164.36,4.77,Commercial,5635 SOUTH AVENUE,1221091200000.0,X,True,False,AREA OF MINIMAL FLOOD HAZARD,high,False,2.0,,0.0,6.0,6.0,1.0,0.025,10.923550605773926
dc_82df444c36ba,Flexential Nashville - Cool Springs,TN,35.951045,-86.833406,contains,0.0,200.0,9,168994.8,195.66941053913652,,11003782.0,73025.0,72966.97,,Industrial,425 DUKE DRIVE,1521072000000.0,X,True,False,AREA OF MINIMAL FLOOD HAZARD,high,,3.0,1.0,0.3333333333333333,6.0,6.0,1.0,0.0849999999999999,16.486181259155273
dc_c2b297bd8c6e,,WI,43.6383333,-89.7214027,nearest,140.2949609185511,200.0,2,5255.8,140.2949609185511,,5514811.0,5255.8,5257.856,,Residential,,1526601600000.0,X,True,False,AREA OF MINIMAL FLOOD HAZARD,high,,1.0,3.0,1.0,3.0,2.0,3.0,0.015,6.929514408111572
dc_404bbc86384a,Gallatin Data Center,TN,36.4084957,-86.3716203,nearest,354.8213849386962,800.0,4,5047.2,354.8213849386962,,6655356.0,5047.2,5043.572,,Government,1 META LOOP,1473206400000.0,X,True,False,AREA OF MINIMAL FLOOD HAZARD,low,,1.0,1.0,1.0,1.0,6.0,1.0,0.075,15.3280611038208
dc_cc8fe699ab97,Aligned Data Center - Chicago ORD-01,IL,41.9140034,-87.9175163,contains,0.0,200.0,4,803606.3,98.42182227937212,9.96,34533644.0,467030.1,467029.8,9.36,Industrial,,1321315200000.0,X,True,False,AREA OF MINIMAL FLOOD HAZARD,high,False,3.0,,0.0,6.0,6.0,1.0,0.035,16.118194580078125
dc_e750446c0bc0,Aligned Data Center - Chicago ORD-02,IL,41.9129628,-87.9175895,contains,0.0,200.0,2,467030.1,0.0,9.36,34533644.0,467030.1,467029.8,9.36,Industrial,,1321315200000.0,X,True,False,AREA OF MINIMAL FLOOD HAZARD,high,False,3.0,,0.0,6.0,6.0,1.0,0.035,16.118194580078125
dc_132750142234,,IL,42.0231434,-87.9721861,nearest,103.35180479163486,200.0,14,12684.5,103.35180479163486,7.13,34598344.0,12684.5,12684.54,7.13,Government,1000 OAKTON STREET,1321315200000.0,X,True,False,AREA OF MINIMAL FLOOD HAZARD,high,False,1.0,,0.0,6.0,6.0,1.0,0.035,14.088419914245604
dc_e3402b9266d8,T5 Chicago II,IL,42.023067,-87.974905,nearest,120.53184042929044,200.0,11,34894.6,143.18480139969077,6.83,34597714.0,14950.9,14950.95,4.86,Commercial,845 OAKTON STREET,1321315200000.0,X,True,False,AREA OF MINIMAL FLOOD HAZARD,high,False,2.0,,0.0,6.0,6.0,1.0,0.035,14.088419914245604
dc_fb65457c05e8,Cortex supercomputer,TX,30.2156048,-97.6189387,nearest,579.9280757303795,800.0,9,23735.5,792.8045361644891,11.07,21469944.0,16438.7,16706.76,,Agriculture,1409 FALLWELL LN,1521676800000.0,X,True,False,0.2 PCT ANNUAL CHANCE FLOOD HAZARD,low,,1.0,,0.0,6.0,2.0,3.0,0.015,13.630367279052734
dc_f7e12f7229a2,AWS IAD106,VA,38.74698,-77.51852,contains,0.0,200.0,7,189028.0,0.0,10.21,7678212.0,189028.0,189027.7,10.21,Unclassified,9700 INNOVATION DRIVE,1205280000000.0,X,True,False,AREA OF MINIMAL FLOOD HAZARD,high,False,4.0,,0.0,6.0,6.0,2.0,0.065,12.71955680847168
dc_4f4a0b432dc9,Google NBY-2,OH,40.0596182,-82.7644645,nearest,781.8446680411138,800.0,1,1582.7,781.8446680411138,,2124512.0,1582.7,1520.064,,Unclassified,1690 BEECH ROAD SOUTHWEST,1546646400000.0,X,True,False,AREA OF MINIMAL FLOOD HAZARD,low,,1.0,,0.0,6.0,6.0,1.0,0.035,14.810942649841309
dc_7b586018e4c3,Amazon Web Services,VA,38.9491488,-77.5235942,contains,0.0,200.0,4,196137.8,72.98778028055564,,51539246.0,15451.8,15457.67,,Commercial,24141 UPPER WOODSIDE LANE,1654387200000.0,X,True,False,AREA OF MINIMAL FLOOD HAZARD,high,,1.0,,0.0,6.0,6.0,1.0,0.065,12.71955680847168
dc_232553a6ff95,CyrusOne OCB1 Council Bluffs,IA,41.21229,-95.87804,nearest,101.89521746587484,200.0,9,3198.5,192.8891171093522,3.76,7151167.0,1954.6,1955.849,4.63,Agriculture,4700 GIFFORD ROAD,1366848000000.0,X,True,False,AREA WITH REDUCED FLOOD RISK DUE TO LEVEE,high,False,1.0,,0.0,6.0,1.0,2.0,0.015,17.158601760864258
dc_68b508c5ceaf,Amazon Web Services,OR,45.8361,-119.69405,nearest,226.7828430878563,800.0,242,86754.8,626.5085723662253,,3303867.0,1977.3,1977.851,,Residential,,1557100800000.0,X,True,False,AREA OF MINIMAL FLOOD HAZARD,low,,1.0,2.0,1.0,2.0,1.0,3.0,0.055,1.9345662593841553
dc_2c47a18367ee,Novartis,TX,32.6512011,-97.3196729,contains,0.0,200.0,13,101592.2,124.97335168567898,9.99,30110958.0,36075.5,36075.44,6.93,Commercial,6551 SOUTH FWY,1435708800000.0,X,True,False,AREA OF MINIMAL FLOOD HAZARD,high,False,1.0,,0.0,6.0,6.0,2.0,0.025,17.917001724243164
dc_bf2eef1439d6,Equinix SV11,CA,37.242615,-121.7840216,nearest,56.588428947228934,200.0,7,127506.0,56.588428947228934,,10004099.0,127506.0,128232.9,,Unclassified,,1473897600000.0,D,True,False,,high,,1.0,,0.0,6.0,6.0,3.0,0.615,0.1221932545304298
dc_9b042aff160a,Amazon IAD103,VA,38.7369848,-77.5040881,contains,0.0,200.0,8,257984.9,192.74587958090572,,50273763.0,131529.4,131577.6,,Unclassified,10261 TANNER WAY,1654387200000.0,X,True,False,AREA OF MINIMAL FLOOD HAZARD,high,,3.0,2.0,1.0,2.0,2.0,2.0,0.065,12.71955680847168
dc_10369a8df37e,CloudHQ MCC3,VA,38.71502,-77.49512,contains,0.0,200.0,6,126086.1,0.0,,50248711.0,126086.1,126131.4,,Unclassified,10900 AIRMAN AVENUE,1655424000000.0,X,True,False,AREA OF MINIMAL FLOOD HAZARD,high,,4.0,2.0,0.75,2.0,2.0,2.0,0.065,13.629328727722168
dc_3b1559745c3a,CyrusOne PHX8,AZ,33.2663278,-111.8833041,nearest,151.82073247468932,200.0,1,680.3,151.82073247468932,3.22,11417952.0,680.3,680.353,3.22,Commercial,2605 SOUTH ELLIS STREET,1412467200000.0,X,True,False,0.2 PCT ANNUAL CHANCE FLOOD HAZARD,high,False,1.0,,0.0,6.0,6.0,4.0,0.025,7.883434772491455
dc_6d2fa97e9079,CyrusOne PHX3,AZ,33.2719163,-111.8816269,contains,0.0,200.0,8,143550.6,83.78764144997547,10.65,11419043.0,970.6,970.595,3.42,Commercial,2335 SOUTH ELLIS STREET,1412467200000.0,X,True,False,0.2 PCT ANNUAL CHANCE FLOOD HAZARD,high,False,2.0,4.0,0.5,4.0,4.0,4.0,0.025,7.883434772491455
dc_39ca538ce865,CyrusOne PHX4,AZ,33.2718093,-111.8832625,contains,0.0,200.0,8,143550.6,77.7133953916993,10.65,11419112.0,111897.0,111896.8,8.19,Commercial,2335 SOUTH ELLIS STREET,1412467200000.0,X,True,False,0.2 PCT ANNUAL CHANCE FLOOD HAZARD,high,False,2.0,4.0,0.5,4.0,4.0,4.0,0.025,7.883434772491455
dc_7af833dd4dce,Vantage VA13,VA,39.0032126,-77.440175,contains,0.0,200.0,12,323484.5,0.0,,51671299.0,323484.5,323581.0,,Commercial,45130 VANTAGE DATA PLAZA,1710374400000.0,X,True,False,AREA OF MINIMAL FLOOD HAZARD,high,,4.0,1.0,0.25,6.0,1.0,1.0,0.055,13.613815307617188
dc_f8de9711b6d9,Lightedge Des Moines 1,IA,41.6676628,-93.4554841,contains,0.0,200.0,5,70235.0,41.09340612138575,,1494620.0,29888.6,29865.77,,Industrial,1435 NORTHRIDGE CIRCLE NORTHEAST,1554508800000.0,X,True,False,AREA OF MINIMAL FLOOD HAZARD,high,,1.0,,0.0,6.0,6.0,1.0,0.015,12.898967742919922
dc_5bfc1aecb5cf,Yahoo,NE,41.18048,-96.08488,contains,0.0,200.0,23,236323.4,0.0,12.6,3043945.0,236323.4,236482.1,12.6,Commercial,10917 HARRY WATANABE PARKWAY,1366848000000.0,X,True,False,AREA OF MINIMAL FLOOD HAZARD,high,True,3.0,1.0,0.6666666666666666,1.0,6.0,2.0,0.015,15.336313247680664
dc_b96977f6c390,,NM,32.3096657,-106.7291929,nearest,4.9161801069604225,200.0,50,10599.6,160.25031257903058,,1013117.0,5209.2,5208.408,,Industrial,3301 MISSOURI AVENUE,1527897600000.0,X,True,False,AREA OF MINIMAL FLOOD HAZARD,high,,1.0,,0.0,6.0,6.0,1.0,0.025,7.845077991485596
dc_7cd73fdda023,Verizon North Las Vegas,NV,36.2218945,-115.1470466,contains,0.0,200.0,24,168629.9,121.69941577700264,6.11,2413871.0,15299.2,15299.2,5.71,Commercial,,1393977600000.0,X,True,False,AREA OF MINIMAL FLOOD HAZARD,high,False,1.0,,0.0,6.0,6.0,1.0,0.075,3.602787733078003
dc_0549b113a011,Google,NE,41.1349,-96.1443,nearest,71.40437442436763,200.0,6,148512.9,148.16778074360982,,332257.0,10080.9,10087.08,,Unclassified,14651 GOLD COAST ROAD,1589068800000.0,X,True,False,AREA OF MINIMAL FLOOD HAZARD,high,,1.0,,0.0,6.0,6.0,2.0,0.015,15.336313247680664
dc_51a81e12c581,Google,NE,41.1343926,-96.1559041,nearest,129.10423432786462,200.0,4,1740.3,183.69204746359276,4.04,3011798.0,1155.6,1156.299,5.96,Residential,15249 GOLD COAST ROAD,1366848000000.0,X,True,False,AREA OF MINIMAL FLOOD HAZARD,high,False,1.0,,0.0,6.0,6.0,1.0,0.015,15.336313247680664
dc_f68c00c4207e,Involta Independence,OH,41.361071,-81.6327814,nearest,65.97123336386063,200.0,6,61787.7,112.7185928264563,,4004149.0,27578.4,28382.12,,Commercial,7100 EAST PLEASANT VALLEY ROAD,1464566400000.0,X,True,False,AREA OF MINIMAL FLOOD HAZARD,high,,2.0,,0.0,6.0,6.0,1.0,0.025,14.31541633605957
dc_d0d2390b75ed,Bloomberg Data Center,NY,41.0361943,-73.9876261,contains,0.0,200.0,13,167745.1,0.0,,6011886.0,167745.1,167640.9,,Industrial,155 CORPORATE DRIVE,1516492800000.0,X,True,False,AREA OF MINIMAL FLOOD HAZARD,high,,2.0,,0.0,6.0,6.0,5.0,0.105,6.558852672576904
dc_00b2737ad841,fifteenfortyseven CSR ORNY1,NY,41.0344926,-73.9757865,contains,0.0,200.0,11,167282.7,0.0,,6011872.0,167282.7,167179.4,,Commercial,1 RAMLAND ROAD,1516492800000.0,X,True,False,AREA OF MINIMAL FLOOD HAZARD,high,,2.0,3.0,0.5,3.0,6.0,5.0,0.105,6.558852672576904
dc_091d046182c5,Stack Infrastructure - POR03,OR,45.55415,-122.93941,nearest,211.89487929773196,800.0,45,304620.9,473.93937388933193,,3641133.0,11612.8,11603.48,,Industrial,,1564790400000.0,X,True,False,AREA OF MINIMAL FLOOD HAZARD,low,,1.0,,0.0,6.0,6.0,2.0,0.175,0.4918390810489654
dc_6ff36699e16a,Stack Infrastructure - POR03,OR,45.554283,-122.940567,nearest,235.244151973246,800.0,48,304620.9,493.832290019075,,3641133.0,11612.8,11603.48,,Industrial,,1564790400000.0,X,True,False,AREA OF MINIMAL FLOOD HAZARD,low,,1.0,,0.0,6.0,6.0,2.0,0.175,0.4918390810489654
dc_2a1d188ac87d,Stack Infrastructure - POR03,OR,45.5528982,-122.9379804,nearest,139.7155537798502,200.0,3,11612.8,139.7155537798502,,3641133.0,11612.8,11603.48,,Industrial,,1564790400000.0,X,True,False,AREA OF MINIMAL FLOOD HAZARD,high,,1.0,,0.0,6.0,6.0,2.0,0.175,0.4918390810489654
dc_2d174e33a292,Amazon Web Services,VA,38.9043442,-77.4524692,nearest,161.79266049378052,200.0,2,46400.7,173.99857638960745,12.04,2706125.0,1482.9,1575.494,,Commercial,,1536192000000.0,X,True,False,AREA OF MINIMAL FLOOD HAZARD,high,,1.0,,0.0,6.0,6.0,1.0,0.065,13.629328727722168
dc_1f8be8294d52,Amazon Web Services,VA,38.90492,-77.45475,nearest,149.7096069968975,200.0,3,69431.8,165.6081236882312,7.86,2706125.0,1482.9,1575.494,,Commercial,,1536192000000.0,X,True,False,AREA OF MINIMAL FLOOD HAZARD,high,,1.0,,0.0,6.0,6.0,1.0,0.065,13.629328727722168
dc_0df484691fd4,Amazon Web Services,VA,38.9159035,-77.4905509,nearest,41.262966829319886,200.0,27,170071.4,191.9094522739711,,51517085.0,817.1,817.3779,,Commercial,43736 CLUBBER LANE,1655424000000.0,X,True,False,AREA OF MINIMAL FLOOD HAZARD,high,,2.0,,0.0,6.0,6.0,1.0,0.065,13.629328727722168
dc_e5ee534a8f75,Amazon Web Services,VA,38.9149908,-77.4909743,contains,0.0,200.0,18,170071.4,181.06366388258684,,51516289.0,15216.2,15221.48,,Industrial,43764 CLUBBER LANE,1655424000000.0,X,True,False,AREA OF MINIMAL FLOOD HAZARD,high,,2.0,,0.0,6.0,6.0,1.0,0.065,13.629328727722168
dc_abb797b53b98,Amazon Web Services CMH62,OH,40.0929864,-82.7476276,nearest,147.96248415205665,200.0,2,206245.2,147.96248415205665,,2134573.0,206245.2,206291.0,,Industrial,8865 SMITHS MILL ROAD NORTH,1546646400000.0,,False,,,high,,4.0,1.0,0.5,1.0,1.0,1.0,0.035,14.810942649841309
dc_65aed79b4274,Amazon Web Services,OH,40.0934344,-82.7321669,nearest,266.85248190808863,800.0,44,200640.7,623.532256880539,,2135108.0,1978.4,1883.819,,Residential,2475 HARRISON ROAD NORTHWEST,1546646400000.0,,False,,,low,,2.0,1.0,0.5,1.0,6.0,1.0,0.035,14.810942649841309
dc_4b83d9872e2e,Amazon Web Services,OH,40.0921679,-82.7275475,nearest,317.3372823030453,800.0,51,13997.2,317.3372823030453,,2135570.0,13997.2,14560.18,,Residential,12525 JUG STREET ROAD NORTHWEST,1546646400000.0,X,True,False,AREA OF MINIMAL FLOOD HAZARD,low,,2.0,1.0,1.0,1.0,6.0,1.0,0.035,14.810942649841309
dc_9853927b6203,Amazon Web Services,OH,40.0929609,-82.7265106,nearest,199.5609005379951,200.0,1,13997.2,199.5609005379951,,2135570.0,13997.2,14560.18,,Residential,12525 JUG STREET ROAD NORTHWEST,1546646400000.0,X,True,False,AREA OF MINIMAL FLOOD HAZARD,high,,2.0,1.0,1.0,1.0,6.0,1.0,0.035,14.810942649841309
dc_c878c41c84a1,Amazon Web Services,OH,40.11726,-83.20197,nearest,403.70664233753223,800.0,34,11998.4,790.8287971028992,,286138.0,2109.6,2100.742,,Unclassified,,1407628800000.0,X,True,False,AREA OF MINIMAL FLOOD HAZARD,low,,1.0,,0.0,6.0,6.0,1.0,0.035,15.455096244812012
dc_b17651764b5b,,OH,40.1173912,-83.2020737,nearest,386.68792841257886,800.0,34,5554.2,752.6193268772221,,286138.0,2109.6,2100.742,,Unclassified,,1407628800000.0,X,True,False,AREA OF MINIMAL FLOOD HAZARD,low,,1.0,,0.0,6.0,6.0,1.0,0.035,15.455096244812012
dc_54e21ce1cea4,Amazon Web Services,OH,40.1190307,-83.2002438,nearest,199.7588659235579,200.0,1,3164.4,199.7588659235579,,286668.0,3164.4,3207.972,,Residential,8567 WARNER ROAD,1407628800000.0,X,True,False,AREA OF MINIMAL FLOOD HAZARD,high,,1.0,,0.0,6.0,6.0,1.0,0.035,15.455096244812012
dc_b80ac4ec6ffb,Amazon Web Services,OH,40.0493536,-83.175465,nearest,366.75425678974057,800.0,402,22068.7,787.318900292619,,204696.0,593.3,658.5024,,Residential,4701 LEPPERT ROAD,1407628800000.0,X,True,False,AREA OF MINIMAL FLOOD HAZARD,low,,1.0,,0.0,6.0,6.0,1.0,0.035,15.455096244812012
dc_c1dd5309d7d9,,OH,40.0481384,-83.1752938,nearest,305.5652243803739,800.0,457,50779.1,725.6255170252664,,198721.0,2768.9,2989.482,,Residential,4668 HOFFMAN FARMS DRIVE,1407628800000.0,X,True,False,AREA OF MINIMAL FLOOD HAZARD,low,,1.0,,0.0,6.0,6.0,1.0,0.035,15.455096244812012
dc_704355a73b47,Amazon Web Services,OH,40.04815,-83.176833,nearest,215.51649532703908,800.0,449,50779.1,644.6190049110218,,199242.0,2719.4,2846.7,,Residential,4698 HOFFMAN FARMS DRIVE,1407628800000.0,X,True,False,AREA OF MINIMAL FLOOD HAZARD,low,,1.0,,0.0,6.0,6.0,1.0,0.035,15.455096244812012
dc_89fdbc2bf070,Google NBY-3,OH,40.0579063,-82.7653279,nearest,721.4503747348668,800.0,4,1978.3,736.5069668955254,,2120592.0,1384.8,1406.687,,Unclassified,,1546646400000.0,,False,,,low,,1.0,,0.0,6.0,1.0,1.0,0.035,14.810942649841309
dc_8e771aedabc9,Google NBY-4,OH,40.0593527,-82.7717447,nearest,288.9364211968764,800.0,48,16436.6,703.7746741584049,,2122524.0,1978.3,1913.595,,Unclassified,5128 BABBITT ROAD,1546646400000.0,X,True,False,AREA OF MINIMAL FLOOD HAZARD,low,,1.0,1.0,1.0,1.0,1.0,1.0,0.035,14.810942649841309
dc_a565678c206d,NAO 5/NAO 6,OH,40.06038,-82.75099,nearest,303.67593683563706,800.0,15,305690.5,740.8669605403708,,2124519.0,2308.1,2242.082,,Industrial,1705 BEECH ROAD SOUTHWEST,1546646400000.0,,False,,,low,,1.0,1.0,1.0,1.0,1.0,1.0,0.035,14.810942649841309
dc_80aeb614dd61,Google,OH,39.85208,-82.99484,nearest,708.2497390405457,800.0,22,51050.0,771.2346468892025,,40423.0,1978.0,1972.135,,Residential,5172 PARSONS AVENUE,1546646400000.0,X,True,False,AREA OF MINIMAL FLOOD HAZARD,low,,1.0,,0.0,6.0,6.0,1.0,0.035,14.319350242614746
dc_4e24d0589219,Google,VA,38.7761446,-77.5825144,nearest,203.53320600364356,800.0,54,29303.8,773.382971128633,6.02,50260556.0,1573.5,1574.222,,Residential,12985 ROLLINS FORD ROAD,1654387200000.0,X,True,False,AREA OF MINIMAL FLOOD HAZARD,low,,1.0,1.0,1.0,1.0,1.0,2.0,0.065,12.71955680847168
dc_b588afe1a787,Amazon Web Services,OR,45.859,-119.6051,none,,200.0,0,,,,,,,,,,,X,True,False,AREA OF MINIMAL FLOOD HAZARD,,,,,,,6.0,2.0,0.055,1.9345662593841553
dc_9863a01aea38,Amazon Web Services,OR,45.860076,-119.6051229,nearest,761.9406464784364,800.0,1,791.0,761.9406464784364,,3321164.0,791.0,791.1404,,Unclassified,,1557100800000.0,X,True,False,AREA OF MINIMAL FLOOD HAZARD,low,,1.0,2.0,1.0,2.0,6.0,2.0,0.055,1.9345662593841553
dc_2901313c8c49,Amazon Web Services,OR,45.8609677,-119.6051401,nearest,707.2384670175502,800.0,1,791.0,707.2384670175502,,3321164.0,791.0,791.1404,,Unclassified,,1557100800000.0,X,True,False,AREA OF MINIMAL FLOOD HAZARD,low,,1.0,2.0,1.0,2.0,6.0,2.0,0.055,1.9345662593841553
dc_f049b1fca45c,Amazon Web Services,OR,45.8414702,-119.6517858,nearest,48.99234096058735,200.0,8,149852.7,155.42560551631723,,5000970.0,122169.7,122199.4,,Unclassified,,1557100800000.0,X,True,False,AREA OF MINIMAL FLOOD HAZARD,high,,2.0,,0.0,6.0,6.0,2.0,0.055,1.9345662593841553
dc_ef8be669f009,Amazon Web Services,OR,45.92061,-119.23099,none,,200.0,0,,,,,,,,,,,D,True,False,,,,,,,,2.0,3.0,0.055,2.1825551986694336
dc_f8b9e84e51e9,Amazon Web Services,OR,45.92059,-119.23,none,,200.0,0,,,,,,,,,,,D,True,False,,,,,,,,2.0,3.0,0.055,2.1825551986694336
dc_dac6ac36fb92,Amazon Web Services,OR,45.7986,-119.35965,nearest,177.35841217693925,200.0,2,1977.8,177.35841217693925,,3292811.0,1977.8,1977.854,,Agriculture,,1509148800000.0,X,True,False,AREA OF MINIMAL FLOOD HAZARD,high,,1.0,1.0,1.0,1.0,1.0,1.0,0.055,2.1825551986694336
dc_8e4b8eb39168,Amazon Web Services,OR,45.799157,-119.3666613,nearest,163.8825995297581,200.0,3,1318.5,194.07868235421537,,3292880.0,1186.7,1186.719,,Industrial,,1509148800000.0,X,True,False,AREA OF MINIMAL FLOOD HAZARD,high,,2.0,1.0,1.0,1.0,1.0,2.0,0.055,2.1825551986694336
dc_9ddbd01cdc30,Google,OH,39.7240422,-82.6911124,nearest,336.4236866900346,800.0,41,21433.1,582.2218307231509,,1993664.0,1648.7,1682.062,,Residential,4976 ROYALTON ROAD SOUTHWEST,1521763200000.0,X,True,False,AREA OF MINIMAL FLOOD HAZARD,low,,1.0,,0.0,6.0,6.0,1.0,0.035,14.319350242614746
dc_b49da9aafa96,Amazon Web Services,VA,38.7462,-77.5172,contains,0.0,200.0,7,189028.0,152.11417580281022,10.21,50234811.0,3480.1,3481.444,,Unclassified,9740 INNOVATION DRIVE,1654387200000.0,X,True,False,AREA OF MINIMAL FLOOD HAZARD,high,,1.0,,0.0,6.0,6.0,2.0,0.065,12.71955680847168
dc_1209b396219a,Amazon Web Services,VA,38.9213052,-77.4858007,nearest,195.62033054080464,200.0,1,2248.8,195.62033054080464,3.26,7864398.0,2248.8,2248.76,3.26,Industrial,25171 WILLARD ROAD,1205280000000.0,X,True,False,AREA OF MINIMAL FLOOD HAZARD,high,False,1.0,1.0,1.0,1.0,1.0,1.0,0.065,13.629328727722168
dc_8f212e8b9568,Amazon Web Services,VA,38.9950879,-77.4710775,contains,0.0,200.0,4,176975.1,188.93373929894983,,51492975.0,21469.0,21476.01,,Unclassified,44351 IMPORT PLAZA,1710374400000.0,X,True,False,AREA OF MINIMAL FLOOD HAZARD,high,,2.0,1.0,1.0,1.0,1.0,1.0,0.055,13.629328727722168
dc_7048b76fe40b,Meta Sarpy Data center,NE,41.1235744,-96.1328883,nearest,220.13835755908943,800.0,29,778109.3,763.4533432532122,,322865.0,1070.7,1071.354,,Residential,14010 FRIEND PLAZA,1589068800000.0,X,True,False,AREA OF MINIMAL FLOOD HAZARD,low,,1.0,1.0,1.0,1.0,1.0,1.0,0.015,15.336313247680664
dc_8a06b58c62ce,Meta Sarpy Data center,NE,41.1143501,-96.1428055,nearest,236.68489368765336,800.0,36,584743.7,549.0858299183476,,3004552.0,2154.7,2155.999,4.18,Residential,13210 SILICON PRAIRIE PLAZA,1366848000000.0,X,True,False,AREA OF MINIMAL FLOOD HAZARD,low,False,1.0,1.0,1.0,1.0,6.0,1.0,0.015,15.336313247680664
dc_647ebabf6c68,Meta Sarpy Data center,NE,41.11225,-96.14162,nearest,166.76818384584723,200.0,3,3411.8,166.76818384584723,4.78,3004211.0,3411.8,3413.964,4.78,Residential,13210 SILICON PRAIRIE PLAZA,1366848000000.0,X,True,False,AREA OF MINIMAL FLOOD HAZARD,high,False,1.0,1.0,1.0,1.0,6.0,1.0,0.015,15.336313247680664
dc_c5b50e13b2ca,Meta,IA,41.6757843,-93.5098305,nearest,186.85865051056575,200.0,2,13156.0,189.89102643722768,5.53,7124503.0,1150.5,1149.655,5.65,Residential,2000 SHARE WAY NORTHWEST,1248652800000.0,X,True,False,AREA OF MINIMAL FLOOD HAZARD,high,False,1.0,,0.0,6.0,6.0,1.0,0.015,14.173967361450195
dc_865686fc232f,Meta,IA,41.675801,-93.5060373,nearest,258.6570619624863,800.0,24,83925.1,383.9593445365512,,7124478.0,687.5,686.9388,3.61,Residential,,1248652800000.0,X,True,False,AREA OF MINIMAL FLOOD HAZARD,low,False,1.0,,0.0,6.0,6.0,1.0,0.015,14.173967361450195
dc_631b3757e900,Dynamics Mining,KY,37.3629981,-87.5471512,contains,0.0,200.0,3,158511.9,0.0,,3719378.0,158511.9,158394.3,,Commercial,,1479513600000.0,X,True,False,AREA OF MINIMAL FLOOD HAZARD,high,,2.0,,0.0,6.0,6.0,2.0,0.155,16.611671447753906
dc_4f0f453ed023,Flexential Atlanta - Douglasville 2,GA,33.731694,-84.616202,nearest,211.70112392363208,800.0,14,440489.4,557.5403212288783,,4528347.0,593.1,695.6974,,Residential,,1543363200000.0,X,True,False,AREA OF MINIMAL FLOOD HAZARD,low,,1.0,1.0,1.0,1.0,2.0,3.0,0.055,17.153179168701172
dc_e4283b7046b1,,NV,36.0640206,-115.221109,nearest,137.92687023827446,200.0,4,54849.5,178.12667980588256,5.39,2114692.0,36435.6,36435.55,5.49,Commercial,,1393977600000.0,X,True,False,0.2 PCT ANNUAL CHANCE FLOOD HAZARD,high,False,1.0,,0.0,6.0,1.0,2.0,0.065,3.602787733078003
dc_cd7f2ff1bb19,Windbreak Cable,WY,41.18281,-104.06832,contains,0.0,200.0,51,23387.0,160.68340393747508,,4257123.0,8312.5,8307.042,,Residential,203 MAIN STREET,1590883200000.0,X,True,False,AREA OF MINIMAL FLOOD HAZARD,high,,1.0,,0.0,6.0,6.0,1.0,0.045,10.553568840026855
dc_1971ec91f74b,,VA,38.74051,-77.50398,nearest,12.273113561063346,200.0,14,116489.4,60.60071639833621,7.13,7674888.0,30366.5,30366.5,6.14,Industrial,9905 GODWIN DRIVE,1205280000000.0,X,True,False,AREA OF MINIMAL FLOOD HAZARD,high,False,2.0,,0.0,6.0,6.0,2.0,0.065,12.71955680847168
dc_409183797c0d,NTT Chicago CH2,IL,41.9890149,-88.0072131,nearest,83.04709256926898,200.0,4,75975.3,137.28180778650574,2.71,24685679.0,527.8,604.3129,,Unclassified,755 PIERCE ROAD,1442793600000.0,X,True,False,AREA OF MINIMAL FLOOD HAZARD,high,,1.0,,0.0,6.0,6.0,1.0,0.035,17.22007942199707
dc_326516e596cc,QTS,CO,39.7341,-104.7079,nearest,560.0791831860562,800.0,11,362441.4,786.913365651943,11.5,15376172.0,712.3,712.2534,3.81,Agriculture,24550 EAST COLFAX AVENUE,1337212800000.0,X,True,False,AREA OF MINIMAL FLOOD HAZARD,low,False,1.0,,0.0,6.0,3.0,3.0,0.045,10.969576835632324
dc_c7c753ce6dca,Apple,OR,44.28576,-120.86994,nearest,117.8334858229808,200.0,2,313520.3,117.8334858229808,,2305983.0,313520.3,313492.2,,Unclassified,,1560643200000.0,X,True,False,AREA OF MINIMAL FLOOD HAZARD,high,,2.0,,0.0,6.0,6.0,3.0,0.045,2.428783893585205
dc_29e4078ce63e,Amazon IAD214,VA,38.9898,-77.4353,nearest,4.189389376983906,200.0,9,177858.8,4.189389376983906,,51491331.0,177858.8,177911.2,,Commercial,,1710374400000.0,X,True,False,AREA OF MINIMAL FLOOD HAZARD,high,,1.0,1.0,1.0,1.0,1.0,1.0,0.055,13.629328727722168
dc_6697ca251c9a,Aligned IAD03,VA,38.9887,-77.4409,contains,0.0,200.0,9,162217.0,163.76319752150442,,51492518.0,98613.5,98643.1,,Unclassified,,1710374400000.0,X,True,False,AREA OF MINIMAL FLOOD HAZARD,high,,2.0,,0.0,6.0,6.0,1.0,0.055,13.629328727722168
dc_7a9ad2611660,Digital Realty IAD55,VA,38.99215,-77.43385,contains,0.0,200.0,11,177858.8,197.4122043875424,,51491332.0,125929.4,125966.4,,Commercial,,1710374400000.0,X,True,False,AREA OF MINIMAL FLOOD HAZARD,high,,1.0,1.0,1.0,1.0,1.0,1.0,0.055,13.629328727722168
dc_2565df2c93a6,Involta-Akron,OH,41.0573837,-81.5219276,nearest,0.3737807396570388,200.0,30,84765.2,131.32450479101448,7.77,4724149.0,32197.5,31356.8,,Unclassified,191 EAST MILLER AVENUE,1445817600000.0,X,True,False,AREA OF MINIMAL FLOOD HAZARD,high,,2.0,,0.0,6.0,6.0,,0.025,14.31541633605957
dc_0d412ec4abac,Amazon Web Services,VA,38.9473737,-77.5202381,nearest,11.193073983625458,200.0,12,196137.8,53.771048565544966,,51656287.0,193974.2,194046.8,,Commercial,42948 FADELEY LANE,1654387200000.0,X,True,False,AREA OF MINIMAL FLOOD HAZARD,high,,3.0,,0.0,6.0,6.0,1.0,0.065,12.71955680847168
dc_d89bd2b62165,Amazon Web Services,VA,38.9824179,-77.4169319,contains,0.0,200.0,3,240026.0,0.0,,51501707.0,240026.0,240092.8,,Commercial,22890 PLATFORM PLAZA,1710374400000.0,X,True,False,AREA OF MINIMAL FLOOD HAZARD,high,,2.0,1.0,0.5,1.0,6.0,1.0,0.055,13.629328727722168
dc_61f8ed64a9f7,Amazon Web Services,VA,38.80285,-77.62212,nearest,30.732520009229784,200.0,13,10441.3,176.35603012712946,13.57,7699074.0,2808.2,2808.193,3.99,Unclassified,14495 JOHN MARSHALL HIGHWAY,1205280000000.0,X,True,False,AREA OF MINIMAL FLOOD HAZARD,high,False,1.0,2.0,1.0,2.0,2.0,2.0,0.065,12.71955680847168
dc_074fbadebefb,Amazon Web Services,VA,38.7439,-77.5334,nearest,4.517126422673544,200.0,8,126305.8,4.517126422673544,,50263161.0,126305.8,126355.5,,Unclassified,9740 HORNBAKER ROAD,1654387200000.0,X,True,False,AREA OF MINIMAL FLOOD HAZARD,high,,1.0,1.0,1.0,1.0,1.0,2.0,0.065,12.71955680847168
dc_fb656744b899,Amazon Web Services,VA,38.8145928,-77.6543195,nearest,59.38350709007751,200.0,1,150044.0,59.38350709007751,,2063256.0,150044.0,151920.8,,Commercial,15465 JOHN MARSHALL HIGHWAY,1521849600000.0,X,True,False,AREA OF MINIMAL FLOOD HAZARD,high,,3.0,2.0,0.6666666666666666,1.0,2.0,2.0,0.065,12.71955680847168
dc_e1c1a14911c4,Amazon Web Services,VA,38.817,-77.6521,nearest,68.69343442933834,200.0,5,150044.0,198.9208973201434,,2063371.0,2471.1,2425.999,,Residential,6512 CHARLES STREET,1521849600000.0,X,True,False,AREA OF MINIMAL FLOOD HAZARD,high,,1.0,1.0,1.0,1.0,6.0,2.0,0.065,12.71955680847168
dc_e810f98f642f,Amazon Web Services,OH,40.1341815,-83.2158409,nearest,410.91669319014136,800.0,18,39702.9,770.8450236293738,,317120.0,2307.3,2417.935,,Unclassified,,1407628800000.0,X,True,False,AREA OF MINIMAL FLOOD HAZARD,low,,1.0,,0.0,6.0,6.0,1.0,0.035,15.455096244812012
dc_387828197fcf,Amazon Web Services,OR,45.9206,-119.2289,none,,200.0,0,,,,,,,,,,,D,True,False,,,,,,,,2.0,3.0,0.055,2.1825551986694336
dc_a262f2e6c813,Amazon Web Services,OR,45.9205816,-119.2270106,none,,200.0,0,,,,,,,,,,,D,True,False,,,,,,,,2.0,3.0,0.055,2.1825551986694336
dc_2b3e01a68c80,Amazon Web Services,OR,45.919529,-119.2261389,none,,200.0,0,,,,,,,,,,,D,True,False,,,,,,,,2.0,3.0,0.055,2.1825551986694336
dc_79ee14f34b57,Amazon Web Services,OR,45.8825252,-119.3416566,nearest,366.2692116653922,800.0,2,4944.6,557.6093502691433,,3324855.0,988.9,988.9284,,Agriculture,,1509148800000.0,D,True,False,,low,,1.0,,0.0,6.0,6.0,2.0,0.055,2.1825551986694336
dc_86edd29795e4,Amazon Web Services,OR,45.8621,-119.6053,nearest,642.9589846716314,800.0,1,791.0,642.9589846716314,,3321164.0,791.0,791.1404,,Unclassified,,1557100800000.0,X,True,False,AREA OF MINIMAL FLOOD HAZARD,low,,1.0,2.0,1.0,2.0,6.0,2.0,0.055,1.9345662593841553
dc_ece390bb620e,Amazon Web Services,OR,45.85888,-119.60527,none,,200.0,0,,,,,,,,,,,X,True,False,AREA OF MINIMAL FLOOD HAZARD,,,,,,,6.0,2.0,0.055,1.9345662593841553
dc_9c10e28655f7,Amazon Web Services,OR,45.8412,-119.6544,contains,0.0,200.0,10,149852.7,57.21992898420449,,5000969.0,77101.5,77120.4,,Unclassified,,1557100800000.0,X,True,False,AREA OF MINIMAL FLOOD HAZARD,high,,2.0,,0.0,6.0,6.0,2.0,0.055,1.9345662593841553
dc_bbb7c9a29c06,Amazon Web Services,OR,45.81975,-119.63209,nearest,766.1394473756263,800.0,2,692.1,777.0790157566116,,3294755.0,593.2,593.3672,,Residential,,1557100800000.0,X,True,False,AREA OF MINIMAL FLOOD HAZARD,low,,1.0,1.0,1.0,1.0,6.0,1.0,0.055,1.9345662593841553
dc_2f483ca1c248,"Google Lockbourne, OH",OH,39.846723,-82.995655,nearest,459.33800568414966,800.0,27,290061.6,714.2662510747685,,22284.0,19615.5,19320.43,,Commercial,,1546646400000.0,X,True,False,AREA OF MINIMAL FLOOD HAZARD,low,,2.0,,0.0,6.0,6.0,1.0,0.035,14.319350242614746
dc_d02a64f6db73,Amazon New Albany: Jug and Beach Road,OH,40.09983,-82.7503,nearest,186.61797548144375,200.0,1,3165.4,186.61797548144375,,2137556.0,3165.4,3056.377,,Residential,,1546646400000.0,X,True,False,AREA OF MINIMAL FLOOD HAZARD,high,,2.0,1.0,1.0,1.0,1.0,1.0,0.035,14.810942649841309
dc_bb5ca6fb7836,UPS Data Center,GA,34.10363,-84.21503,contains,0.0,200.0,3,173727.4,0.0,,16016172.0,173727.4,174135.1,,Industrial,,1543363200000.0,X,True,False,AREA OF MINIMAL FLOOD HAZARD,high,,3.0,3.0,0.3333333333333333,6.0,6.0,3.0,0.065,16.0975399017334
dc_27736d0748c2,MineOne Wyoming Data Center,WY,41.1249898,-104.8948491,nearest,38.97643810380521,200.0,12,6598.2,72.95999856378603,,4162754.0,527.8,527.4208,,Unclassified,635 LOGISTICS DRIVE,1597017600000.0,X,True,False,AREA OF MINIMAL FLOOD HAZARD,high,,1.0,,0.0,6.0,6.0,2.0,0.055,9.38316249847412
dc_0d3e2978537f,Iron Mountain VA-3,VA,38.77555,-77.54515,nearest,158.29556024377874,200.0,4,103549.4,161.89250450522275,,2098685.0,2372.5,2039.875,,Commercial,11654 HAYDEN ROAD,1521849600000.0,X,True,False,AREA OF MINIMAL FLOOD HAZARD,high,,2.0,1.0,1.0,1.0,1.0,1.0,0.065,12.71955680847168
dc_d3cca9241046,Microsoft,AZ,33.446011,-112.374262,nearest,368.5643478505886,800.0,27,198443.6,642.9098227446015,,1201679.0,23628.5,23474.84,,Government,11 NORTH 145TH AVENUE,1514073600000.0,X,True,False,0.2 PCT ANNUAL CHANCE FLOOD HAZARD,low,,1.0,,0.0,6.0,6.0,4.0,0.025,7.057002544403076
dc_a8c1a452b265,Google,VA,38.77444,-77.58562,nearest,341.0201953616587,800.0,96,77720.8,663.7592869651162,,50269881.0,3812.8,3814.459,,Residential,13075 ROLLINS FORD ROAD,1654387200000.0,X,True,False,AREA OF MINIMAL FLOOD HAZARD,low,,1.0,2.0,1.0,2.0,1.0,2.0,0.065,12.71955680847168
dc_e5424615cf44,Amazon Web Services,VA,38.801862,-77.621212,nearest,82.20107549397882,200.0,2,2808.2,82.20107549397882,3.99,7699074.0,2808.2,2808.193,3.99,Unclassified,14495 JOHN MARSHALL HIGHWAY,1205280000000.0,X,True,False,AREA OF MINIMAL FLOOD HAZARD,high,False,1.0,2.0,1.0,2.0,2.0,2.0,0.065,12.71955680847168
dc_0a62b3bc7207,Amazon Web Services,VA,38.8019,-77.6206,nearest,114.49708897542614,200.0,2,2808.2,114.49708897542614,3.99,7699074.0,2808.2,2808.193,3.99,Unclassified,14495 JOHN MARSHALL HIGHWAY,1205280000000.0,X,True,False,AREA OF MINIMAL FLOOD HAZARD,high,False,1.0,2.0,1.0,2.0,2.0,2.0,0.065,12.71955680847168
dc_a46fb1abda97,Iron Mountain VA-4,VA,38.7744146,-77.54223,nearest,59.93497862042406,200.0,2,2787.8,112.6180390442769,2.71,7688578.0,1495.8,1495.786,5.53,Commercial,11600 HAYDEN ROAD,1205280000000.0,X,True,False,AREA OF MINIMAL FLOOD HAZARD,high,False,1.0,,0.0,6.0,6.0,1.0,0.065,12.71955680847168
dc_c06b85cd674e,Iron Mountain VA-5,VA,38.773028,-77.5411854,nearest,216.09866677030436,800.0,59,220823.1,543.8778161046359,,50232671.0,871.5,871.8709,,Unclassified,,1654387200000.0,X,True,False,AREA OF MINIMAL FLOOD HAZARD,low,,2.0,1.0,0.5,1.0,1.0,2.0,0.065,12.71955680847168
dc_e1d5b1f3fda5,QTS Manassas DC2,VA,38.7531664,-77.5108824,nearest,12.576757251639153,200.0,9,129903.1,167.64226467595756,,7679376.0,1454.1,1454.139,6.79,Unclassified,9450 GODWIN DRIVE,1205280000000.0,X,True,False,AREA OF MINIMAL FLOOD HAZARD,high,False,1.0,,0.0,6.0,6.0,1.0,0.065,12.71955680847168
dc_482ea594144f,,VA,38.7589306,-77.5166938,nearest,155.15743685425412,200.0,6,141977.4,196.68744406681137,,7680727.0,2923.1,2923.102,3.44,Industrial,10850 PYRAMID PLACE,1205280000000.0,X,True,False,AREA OF MINIMAL FLOOD HAZARD,high,False,1.0,,0.0,6.0,6.0,1.0,0.065,12.71955680847168
dc_e192ad80593e,Google,IA,41.17375,-95.7927,nearest,486.9126346975019,800.0,18,506742.4,648.5022484722381,,1990983.0,2141.5,2142.705,,Commercial,,1563494400000.0,X,True,False,AREA WITH REDUCED FLOOD RISK DUE TO LEVEE,low,,1.0,,0.0,6.0,6.0,3.0,0.015,17.158601760864258
dc_b926ad69f0b0,Google,IA,41.1736283,-95.7886606,nearest,461.5729516176877,800.0,18,4579.2,734.7570040392998,4.17,1985729.0,2075.6,2076.76,,Residential,,1563494400000.0,X,True,False,AREA WITH REDUCED FLOOD RISK DUE TO LEVEE,low,,1.0,,0.0,6.0,6.0,3.0,0.015,17.158601760864258
dc_2c01eccc6cb3,T5@Cleveland,OH,41.4426,-81.8022,contains,0.0,200.0,15,256737.7,192.8644629135422,6.09,9576914.0,237985.0,237984.8,9.36,Commercial,4100 WEST 150 STREET,1282003200000.0,X,True,False,AREA OF MINIMAL FLOOD HAZARD,high,False,2.0,,0.0,6.0,6.0,1.0,0.035,14.31541633605957
dc_12f2ff8f7b4c,42311 THUNDERBALL DR,VA,39.0425196,-77.5382898,contains,0.0,200.0,21,130791.3,118.55749825643652,,51110005.0,55584.8,55606.36,,Commercial,42311 THUNDERBALL DRIVE,1710374400000.0,X,True,False,AREA OF MINIMAL FLOOD HAZARD,high,,2.0,1.0,1.0,1.0,1.0,1.0,0.055,11.454973220825195
dc_ed1e2cf9b5d8,42255 THUNDERBALL DR,VA,39.0416534,-77.539212,contains,0.0,200.0,19,90421.9,120.0013781856103,,51109551.0,72470.7,72498.86,,Commercial,42255 THUNDERBALL DRIVE,1710374400000.0,X,True,False,AREA OF MINIMAL FLOOD HAZARD,high,,3.0,1.0,0.6666666666666666,1.0,1.0,1.0,0.055,11.454973220825195
dc_d8e488d2ebd7,42254 THUNDERBALL DR,VA,39.0434964,-77.5408399,contains,0.0,200.0,7,90421.9,0.0,,51109560.0,90421.9,90457.07,,Commercial,42254 THUNDERBALL DRIVE,1710374400000.0,X,True,False,AREA OF MINIMAL FLOOD HAZARD,high,,3.0,1.0,0.6666666666666666,1.0,1.0,1.0,0.055,11.454973220825195
dc_9c834cc92f25,Meta Gallatin Data Center,TN,36.4118929,-86.3696526,nearest,170.3121564370753,200.0,1,5047.2,170.3121564370753,,6655356.0,5047.2,5043.572,,Government,1 META LOOP,1473206400000.0,X,True,False,AREA OF MINIMAL FLOOD HAZARD,high,,1.0,1.0,1.0,1.0,1.0,1.0,0.075,15.3280611038208
dc_c5abef17961c,GVTC,TX,29.686403,-98.4626475,nearest,56.30216785090329,200.0,73,4453.5,174.26311066663575,,5382607.0,1237.1,1209.602,,Residential,25854 OVERLOOK PKWY,1547251200000.0,X,True,False,AREA OF MINIMAL FLOOD HAZARD,high,,1.0,,0.0,6.0,6.0,2.0,0.015,12.824677467346191
dc_ad74ffb219ab,Stream Data Centers DFWA,TX,32.98368,-96.65813,nearest,18.73157463755882,200.0,5,245913.9,159.9256131544704,11.09,37306591.0,222732.8,222817.3,,Unclassified,,1654992000000.0,X,True,False,AREA OF MINIMAL FLOOD HAZARD,high,,3.0,2.0,0.3333333333333333,6.0,6.0,2.0,0.025,18.841638565063477
dc_21bf956aedf2,MARA Data Center,TX,32.34343,-97.7324,nearest,160.16398804312257,200.0,6,3398.2,195.81421089348697,,36608675.0,466.4,466.2114,,Agriculture,1911 MITCHELL BEND HIGHWAY,1656115200000.0,X,True,False,AREA OF MINIMAL FLOOD HAZARD,high,,1.0,,0.0,6.0,2.0,3.0,0.015,16.607601165771484
dc_709476f6cd40,,VA,38.9480346,-77.5589842,nearest,101.21927533719204,200.0,8,153968.1,131.6242066426799,,7866483.0,2753.2,2753.167,5.3,Unclassified,24224 QUAIL RIDGE LANE,1205280000000.0,X,True,False,AREA OF MINIMAL FLOOD HAZARD,high,False,1.0,1.0,1.0,1.0,6.0,1.0,0.065,12.71955680847168
dc_533d38eafbc1,,VA,38.9500822,-77.5588677,nearest,81.42755366763183,200.0,1,153968.1,81.42755366763183,,51555554.0,153968.1,154031.5,,Unclassified,24244 QUAIL RIDGE LANE,1654387200000.0,X,True,False,AREA OF MINIMAL FLOOD HAZARD,high,,1.0,1.0,1.0,1.0,1.0,1.0,0.065,12.71955680847168
dc_c11c998fe76e,Amazon AWS Data Center,IN,41.670256,-86.471656,nearest,142.33597695223358,200.0,3,989.7,155.84028967522988,,10109368.0,527.8,646.6274,,Residential,,1438560000000.0,X,True,False,AREA OF MINIMAL FLOOD HAZARD,high,,1.0,,0.0,6.0,6.0,1.0,0.035,14.747052192687988
dc_66e21c80d487,Iron Mountain VA-6,VA,38.76827,-77.53869,nearest,243.91724002488175,800.0,62,48405.8,674.0580951525396,14.47,7686045.0,2016.0,2015.988,3.72,Unclassified,11460 FIVE FORKS ROAD,1205280000000.0,X,True,False,AREA OF MINIMAL FLOOD HAZARD,low,False,1.0,,0.0,6.0,6.0,2.0,0.065,12.71955680847168
dc_789e4943512c,Ark Duluth Data Center,MN,46.8274678,-92.1304819,contains,0.0,200.0,3,35345.9,192.3572692111915,,878630.0,32047.2,32025.03,,Commercial,3401 TECHNOLOGY DRIVE,1553126400000.0,X,True,False,AREA OF MINIMAL FLOOD HAZARD,high,,1.0,,0.0,6.0,6.0,3.0,0.005,7.881808280944824
dc_fd766e3bc945,Flexential Charlotte - North,NC,35.329773,-80.7657588,contains,0.0,200.0,4,62134.8,0.0,6.9,15190538.0,62134.8,62134.73,6.9,Industrial,10105 DAVID TAYLOR DRIVE,1328745600000.0,X,True,False,AREA OF MINIMAL FLOOD HAZARD,high,False,4.0,4.0,0.5,6.0,4.0,4.0,0.055,14.088505744934082
dc_904e33ba7206,Equinix Ashburn DC6,VA,39.0152,-77.4588,nearest,15.397230874795875,200.0,16,194683.4,186.22291928014056,9.79,7872679.0,60507.4,60507.3,8.62,Commercial,21731 FILIGREE COURT,1205280000000.0,X,True,False,AREA OF MINIMAL FLOOD HAZARD,high,False,2.0,,0.0,6.0,6.0,1.0,0.055,13.613815307617188
dc_686beb9d707e,Equinix Ashburn DC4,VA,39.0164403,-77.4619542,contains,0.0,200.0,7,297023.6,92.68593568278123,8.28,7872825.0,194683.4,194683.2,9.79,Commercial,21701 FILIGREE COURT,1205280000000.0,X,True,False,AREA OF MINIMAL FLOOD HAZARD,high,False,3.0,1.0,0.3333333333333333,6.0,6.0,1.0,0.055,13.613815307617188
dc_a9ba7c984e27,,TX,29.5801522,-98.5413037,contains,0.0,200.0,24,35726.4,0.0,5.76,29140630.0,35726.4,35726.39,5.76,Commercial,15103 HUEBNER RD,1351728000000.0,X,True,False,AREA OF MINIMAL FLOOD HAZARD,high,False,1.0,1.0,1.0,1.0,1.0,2.0,0.015,12.664240837097168
dc_61d80369f0b7,,IL,41.88855,-88.72183,nearest,705.3621013694457,800.0,6,7913.9,705.3736721516332,,19884019.0,2736.9,2920.122,,Residential,11984 GURLER ROAD,1496361600000.0,X,True,False,AREA OF MINIMAL FLOOD HAZARD,low,,1.0,,0.0,6.0,1.0,1.0,0.035,18.317790985107425
dc_e6bbbb28df9c,,IL,41.8893,-88.73103,nearest,667.5737430474685,800.0,3,2374.1,667.5737430474685,,19884004.0,2374.1,2357.921,,Residential,1490 EAST GURLER ROAD,1496361600000.0,X,True,False,AREA OF MINIMAL FLOOD HAZARD,low,,1.0,,0.0,6.0,6.0,1.0,0.035,18.317790985107425
dc_fa02eedb0951,,IL,41.890305,-88.7266276,none,,200.0,0,,,,,,,,,,,X,True,False,AREA OF MINIMAL FLOOD HAZARD,,,,,,,1.0,1.0,0.035,18.317790985107425
dc_bdd81f74b166,Meta Gallatin Data Center,TN,36.4118,-86.367,nearest,172.60281510229132,200.0,1,5047.2,172.60281510229132,,6655356.0,5047.2,5043.572,,Government,1 META LOOP,1473206400000.0,X,True,False,AREA OF MINIMAL FLOOD HAZARD,high,,1.0,1.0,1.0,1.0,1.0,1.0,0.075,15.3280611038208
dc_3a4bdb026ecc,Meta Gallatin Data Center,TN,36.4061,-86.3666,nearest,286.2903419831208,800.0,63,6465.7,795.60718359674,,6645458.0,1319.5,1318.586,,Government,201 BRIGHTS LANE,1473206400000.0,X,True,False,AREA OF MINIMAL FLOOD HAZARD,low,,1.0,,0.0,6.0,6.0,1.0,0.075,15.3280611038208
dc_6f3b49e3d03a,Google,NE,41.1379084,-96.1514321,nearest,228.60525765075565,800.0,61,270718.9,758.4436003855085,,332343.0,7643.1,7647.74,,Government,15370 SCHRAM ROAD,1589068800000.0,X,True,False,AREA OF MINIMAL FLOOD HAZARD,low,,1.0,1.0,1.0,1.0,6.0,1.0,0.015,15.336313247680664
dc_139e10563e60,,CA,37.3706431,-121.9744825,contains,0.0,200.0,19,111468.5,0.0,7.04,15731920.0,111468.5,111468.4,7.04,Industrial,,1349049600000.0,X,True,False,0.2 PCT ANNUAL CHANCE FLOOD HAZARD,high,False,4.0,,0.0,6.0,6.0,,0.525,0.1221932545304298
dc_c99149f78d34,Vantage Santa Clara CA2,CA,37.3640012,-121.94689,nearest,7.371164246906652,200.0,35,297381.2,197.546929827885,8.49,15719783.0,29418.3,29418.31,7.1,Residential,,1349049600000.0,X,True,False,AREA WITH REDUCED FLOOD RISK DUE TO LEVEE,high,False,4.0,,0.0,6.0,6.0,3.0,0.565,0.1221932545304298
dc_4f36c545582c,Digital Realty Silicon Valley SJC37,CA,37.3709193,-121.9472166,contains,0.0,200.0,12,181056.5,0.0,6.92,15732556.0,181056.5,181056.3,6.92,Industrial,,1349049600000.0,AH,True,True,,high,False,1.0,,0.0,6.0,6.0,2.0,0.565,0.1221932545304298
dc_1d940d38b3eb,Switch Las Vegas 12,NV,36.0579919,-115.2103279,nearest,164.65987937285306,200.0,3,325116.7,164.65987937285306,10.39,2112046.0,325116.7,325116.4,10.39,Commercial,,1393977600000.0,X,True,False,0.2 PCT ANNUAL CHANCE FLOOD HAZARD,high,False,4.0,,0.0,6.0,6.0,2.0,0.065,3.602787733078003
dc_68ec06e28857,QTS,AZ,33.4646803,-111.9975601,nearest,130.9497448046209,200.0,12,15077.2,179.84743198014226,5.73,11006572.0,3939.7,3939.679,7.14,Residential,3850 EAST MCDOWELL ROAD,1412467200000.0,X,True,False,0.2 PCT ANNUAL CHANCE FLOOD HAZARD,high,False,1.0,,0.0,6.0,6.0,5.0,0.025,7.883434772491455
dc_becc405617af,,IL,42.0230805,-87.9614627,nearest,31.67529875544322,200.0,13,160439.0,194.30236317627413,9.6,34599184.0,66380.8,66380.79,6.61,Residential,1600 OAKTON STREET,1321315200000.0,X,True,False,AREA OF MINIMAL FLOOD HAZARD,high,False,4.0,,0.0,6.0,6.0,1.0,0.035,14.088419914245604
dc_f152760b1463,NTT,TX,32.98098,-96.6595,nearest,171.4081165365734,200.0,2,22836.3,171.4081165365734,8.8,30204113.0,22836.3,22836.29,8.8,Commercial,5535 NORTHMOOR DR,1435708800000.0,X,True,False,AREA OF MINIMAL FLOOD HAZARD,high,False,2.0,,0.0,6.0,6.0,2.0,0.025,18.841638565063477
dc_e1a3bd223170,NTT,TX,32.9813,-96.6586,nearest,123.00236619899536,200.0,4,235970.3,133.79206410240877,,37292446.0,2626.7,2627.736,,Commercial,5535 NORTHMOOR DR,1654992000000.0,X,True,False,AREA OF MINIMAL FLOOD HAZARD,high,,1.0,,0.0,6.0,6.0,2.0,0.025,18.841638565063477
dc_dd0e72c403c9,Digital Realty Northern Virginia IAD44,VA,38.961019,-77.491648,nearest,37.16212807218813,200.0,4,89454.3,82.31823269398487,,51097520.0,21159.9,21167.23,,Commercial,43704 EFFICIENCY DRIVE,1655424000000.0,X,True,False,AREA OF MINIMAL FLOOD HAZARD,high,,1.0,1.0,1.0,1.0,1.0,1.0,0.055,13.629328727722168
dc_710f9439619a,Centersquare Ashburn IAD4 Data Center,VA,39.0219969,-77.4532002,nearest,12.46824243549791,200.0,9,250520.8,200.93129286139663,,7873684.0,1414.8,1414.839,6.87,Commercial,21571 BEAUMEADE CIRCLE,1205280000000.0,X,True,False,AREA OF MINIMAL FLOOD HAZARD,high,False,1.0,,0.0,6.0,6.0,1.0,0.055,13.613815307617188
dc_2603730d0b62,Microsoft,IA,41.49581,-93.78705,nearest,215.26803494818387,800.0,17,9500.3,290.3804028359061,,965597.0,1583.4,1582.308,,Commercial,,1565654400000.0,X,True,False,AREA OF MINIMAL FLOOD HAZARD,low,,1.0,,0.0,6.0,1.0,1.0,0.015,16.575979232788086
dc_553e538d8ae8,Microsoft,IA,41.4947497,-93.7870201,nearest,222.19405366824708,800.0,18,13359.9,693.9744334399113,,964165.0,2639.0,2637.145,,Residential,924 NORTH 60TH STREET,1565654400000.0,X,True,False,AREA OF MINIMAL FLOOD HAZARD,low,,1.0,,0.0,6.0,1.0,2.0,0.015,16.575979232788086
dc_d8f1873aaf3c,Apple,IA,41.6168519,-93.9243968,nearest,52.14961044680448,200.0,8,5541.7,119.68478702023543,,1072470.0,1401.9,1400.997,,Unclassified,,1503446400000.0,X,True,False,AREA OF MINIMAL FLOOD HAZARD,high,,1.0,,0.0,6.0,6.0,1.0,0.015,14.173967361450195
dc_4b71e4693405,,VA,38.9498414,-77.549551,nearest,222.8734792871371,800.0,176,12709.7,521.9751932385228,,51556540.0,2896.0,2897.168,,Residential,42138 CAMERON PARISH DRIVE,1654387200000.0,X,True,False,AREA OF MINIMAL FLOOD HAZARD,low,,2.0,1.0,0.5,1.0,1.0,1.0,0.065,12.71955680847168
dc_b297a9da2ee8,,OH,40.2223,-83.041,contains,0.0,200.0,3,32389.5,0.0,,346786.0,32389.5,32253.67,,Commercial,268 GREIF PARKWAY,1546646400000.0,X,True,False,AREA OF MINIMAL FLOOD HAZARD,high,,2.0,1.0,0.5,1.0,1.0,1.0,0.035,15.455096244812012
dc_0ca47c2bf6c5,DC BLOX Myrtle Beach Cable Landing Station,SC,33.67461,-78.94388,nearest,323.31507466148656,800.0,141,138667.9,613.6685390002964,,5980718.0,4350.9,4508.242,,Government,,1463270400000.0,X,True,False,AREA OF MINIMAL FLOOD HAZARD,low,,2.0,3.0,0.5,3.0,2.0,4.0,0.065,16.542938232421875
dc_003ce6cf7b7b,Tahoe Reno 3,NV,39.5115198,-119.4833058,nearest,397.5141121180209,800.0,7,367504.5,642.7755529185125,,224884.0,4086.3,4002.741,,Industrial,,1474329600000.0,X,True,False,AREA OF MINIMAL FLOOD HAZARD,low,,1.0,,0.0,6.0,3.0,4.0,0.205,1.336833119392395
dc_ce6ae3a25086,,VA,39.06602,-77.55857,contains,0.0,200.0,7,27431.7,0.0,,51115903.0,27431.7,27442.89,,Unclassified,,1710374400000.0,X,True,False,AREA OF MINIMAL FLOOD HAZARD,high,,2.0,2.0,1.0,2.0,2.0,2.0,0.055,11.454973220825195
dc_466154b3dc5e,Nautilus Cryptomine,PA,41.0826255,-76.1514194,nearest,449.0169822947957,800.0,20,30690.9,569.8214240904925,,2471128.0,6266.8,6490.324,,Unclassified,,1478476800000.0,X,True,False,AREA OF MINIMAL FLOOD HAZARD,low,,2.0,2.0,1.0,2.0,3.0,3.0,0.055,9.674053192138672
dc_94f25c0bbaa4,Nautilus Cryptomine,PA,41.0833385,-76.1514461,nearest,370.6511171769805,800.0,17,30690.9,492.16061977001146,,2471128.0,6266.8,6490.324,,Unclassified,,1478476800000.0,X,True,False,AREA OF MINIMAL FLOOD HAZARD,low,,2.0,2.0,1.0,2.0,6.0,3.0,0.055,9.674053192138672
dc_c97789fd9abd,Amazon AWS PHL,PA,41.08491,-76.14337,nearest,260.5595782086711,800.0,78,338969.6,692.3664622109549,,2471022.0,1187.4,981.3851,,Residential,,1478476800000.0,X,True,False,AREA OF MINIMAL FLOOD HAZARD,low,,1.0,2.0,1.0,2.0,6.0,3.0,0.055,9.674053192138672
dc_57e09c860fe5,,NE,41.341966,-96.08879,nearest,343.5544639710602,800.0,31,248621.9,587.7658828135457,8.8,3234462.0,1092.6,1093.32,3.78,Residential,,1366848000000.0,X,True,False,AREA OF MINIMAL FLOOD HAZARD,low,False,1.0,,0.0,6.0,6.0,1.0,0.015,15.336313247680664
dc_e63c56f58572,Meta,NM,34.82586,-106.78139,nearest,194.1674820765315,200.0,1,1483.6,194.1674820765315,,2444908.0,1483.6,1483.399,,Unclassified,,1514419200000.0,X,True,False,AREA OF MINIMAL FLOOD HAZARD,high,,1.0,,0.0,6.0,6.0,3.0,0.065,10.36793041229248
dc_3e79fab29b39,DataBank,MN,45.143818,-93.387077,nearest,113.01375774693736,200.0,2,185239.4,113.01375774693736,,9266568.0,185239.4,185095.6,,Industrial,10301 XYLON AVENUE NORTH,1534291200000.0,X,True,False,AREA OF MINIMAL FLOOD HAZARD,high,,2.0,,0.0,6.0,6.0,2.0,0.005,10.388507843017578
dc_7cf9062a50bd,Vantage WA13,WA,47.24742,-119.81387,nearest,87.63171920692659,200.0,5,1845.4,103.1809349868712,,6165081.0,692.0,692.2649,,Unclassified,,1513987200000.0,X,True,False,AREA OF MINIMAL FLOOD HAZARD,high,,1.0,,0.0,6.0,6.0,1.0,0.075,1.113155484199524
dc_906a3c0aa1a3,Amazon IAD-165,VA,38.9227671,-77.4278721,nearest,11.055780152715412,200.0,3,174227.4,26.38336525819984,8.49,7908628.0,154700.3,154700.2,12.82,Commercial,13600 EDS DRIVE,1205280000000.0,X,True,False,AREA OF MINIMAL FLOOD HAZARD,high,True,1.0,,0.0,6.0,6.0,1.0,0.055,13.629328727722168
dc_5b99fee65568,Amazon IAD-166,VA,38.9211238,-77.4265432,nearest,78.72241944439021,200.0,5,154700.3,78.72241944439021,12.82,7908628.0,154700.3,154700.2,12.82,Commercial,13600 EDS DRIVE,1205280000000.0,X,True,False,AREA OF MINIMAL FLOOD HAZARD,high,True,1.0,,0.0,6.0,6.0,1.0,0.055,13.629328727722168
dc_cffa148c7175,Amazon IAD-167,VA,38.9227105,-77.4263036,nearest,30.37046014953417,200.0,4,174227.4,31.058388781791788,8.49,7908628.0,154700.3,154700.2,12.82,Commercial,13600 EDS DRIVE,1205280000000.0,X,True,False,AREA OF MINIMAL FLOOD HAZARD,high,True,1.0,,0.0,6.0,6.0,1.0,0.055,13.629328727722168
dc_8e7d1266b66c,CyrusOne SAT10 & SAT11,TX,29.4182209,-98.7878367,nearest,26.65391107085658,200.0,5,129324.5,26.65391107085658,,32522111.0,129324.5,129222.3,,Commercial,14719 OMICRON DRIVE,1672185600000.0,X,True,False,AREA OF MINIMAL FLOOD HAZARD,high,,2.0,1.0,0.5,1.0,1.0,2.0,0.005,12.881298065185549
dc_bb9e276ee8a3,Amazon,TX,29.45093,-98.63879,contains,0.0,200.0,10,115970.2,0.0,,32344432.0,115970.2,115880.9,,Unclassified,1511 NORTHWEST CROSSROADS,1636156800000.0,X,True,False,AREA OF MINIMAL FLOOD HAZARD,high,,1.0,1.0,1.0,1.0,1.0,3.0,0.015,12.881298065185549
dc_ec3ac5883e2e,,TX,29.4186,-98.78826,nearest,27.965899576491463,200.0,3,129324.5,27.965899576491463,,32522111.0,129324.5,129222.3,,Commercial,14719 OMICRON DRIVE,1672185600000.0,X,True,False,AREA OF MINIMAL FLOOD HAZARD,high,,2.0,1.0,0.5,1.0,1.0,2.0,0.005,12.881298065185549
dc_1b52528a2400,Csquare SFO4,CA,37.3757651,-121.9562701,nearest,2.262414251387377,200.0,22,52825.3,121.71488187710744,5.85,1762917.0,1121.4,1031.993,,Unclassified,,1526169600000.0,X,True,False,0.2 PCT ANNUAL CHANCE FLOOD HAZARD,high,,1.0,,0.0,6.0,6.0,,0.545,0.1221932545304298
dc_ac16fc556bbf,Sentinel Data Centers,VA,39.0004483,-77.4607956,nearest,105.07007378136726,200.0,4,109761.0,105.07007378136726,,51492497.0,109761.0,109795.8,,Unclassified,22275 LOCKRIDGE ROAD,1710374400000.0,X,True,False,AREA OF MINIMAL FLOOD HAZARD,high,,2.0,1.0,1.0,1.0,1.0,1.0,0.055,13.613815307617188
dc_a824cf17055c,,VA,38.99955,-77.46095,nearest,5.9358213072722235,200.0,5,109761.0,5.9358213072722235,,51492497.0,109761.0,109795.8,,Unclassified,22275 LOCKRIDGE ROAD,1710374400000.0,X,True,False,AREA OF MINIMAL FLOOD HAZARD,high,,2.0,1.0,1.0,1.0,1.0,1.0,0.055,13.629328727722168
dc_8517c7de8a9c,Digital Realty IAD43 (Building S),VA,39.0019,-77.4529,contains,0.0,200.0,3,425065.4,137.93189665487665,8.72,51671428.0,198141.9,198203.4,,Commercial,44820 PRENTICE DRIVE,1710374400000.0,X,True,False,AREA OF MINIMAL FLOOD HAZARD,high,,2.0,1.0,0.5,1.0,1.0,1.0,0.055,13.613815307617188
dc_521feae1aae7,Vantage VA2,VA,38.997949,-77.4302306,nearest,60.22245182107467,200.0,11,80404.6,184.2790776618237,7.08,7939922.0,1968.0,1968.012,2.61,Commercial,,1205280000000.0,X,True,False,AREA OF MINIMAL FLOOD HAZARD,high,False,1.0,,0.0,6.0,6.0,1.0,0.055,13.629328727722168
dc_6c4275f57202,CyrusOne Cincinnati-Hamilton CIN4,OH,39.38495,-84.56688,contains,0.0,200.0,4,144920.6,0.0,,3080175.0,144920.6,144150.3,,Commercial,,1521936000000.0,X,True,False,AREA OF MINIMAL FLOOD HAZARD,high,,4.0,1.0,0.25,6.0,6.0,1.0,0.045,18.68988990783691
dc_74688765b678,DataBank Santa Clara SFO1,CA,37.4073026,-121.9659803,contains,0.0,200.0,21,30282.2,193.00197486958623,5.02,15796359.0,26699.6,26699.57,6.89,Unclassified,,1349049600000.0,X,True,False,AREA WITH REDUCED FLOOD RISK DUE TO LEVEE,high,False,1.0,,0.0,6.0,6.0,3.0,0.525,0.1221932545304298
dc_d79e66e14276,NTT PH1 Datacenter,AZ,33.35004,-111.60859,nearest,86.57617785646927,200.0,1,1682.4,86.57617785646927,,4473152.0,1682.4,1693.356,,Agriculture,,1507507200000.0,D,True,False,,high,,1.0,3.0,1.0,3.0,3.0,4.0,0.025,7.883434772491455
dc_abb2744b3a0e,Iron Mountain AZP-1,AZ,33.4547261,-111.9762182,contains,0.0,200.0,10,504268.8,0.0,12.13,11649208.0,504268.8,504268.4,12.13,Commercial,615 NORTH 48TH STREET,1412467200000.0,X,True,False,0.2 PCT ANNUAL CHANCE FLOOD HAZARD,high,True,4.0,3.0,0.25,6.0,6.0,4.0,0.025,7.883434772491455
dc_3220818536c7,PTC,OR,44.7752235,-122.6159312,contains,0.0,200.0,78,10589.8,152.5266552328398,,1515121.0,3365.0,3362.375,,Industrial,,1533859200000.0,X,True,False,AREA OF MINIMAL FLOOD HAZARD,high,,1.0,,0.0,6.0,6.0,3.0,0.125,0.7157332897186279
dc_21b651e90066,,IA,41.51586,-93.72031,nearest,475.9279941746995,800.0,36,5259.0,629.3595976690946,5.39,7002377.0,3231.8,3229.519,4.1,Residential,8078 45TH LANE,1248652800000.0,X,True,False,AREA OF MINIMAL FLOOD HAZARD,low,False,1.0,1.0,1.0,1.0,6.0,1.0,0.015,14.173967361450195
dc_1ae3762b7463,,IA,41.51686,-93.71977,nearest,584.7673177482353,800.0,31,5259.0,746.6686535322905,5.39,7004060.0,1367.9,1366.906,4.06,Residential,1566 SOUTHEAST MAFFITT LAKE COURT,1248652800000.0,X,True,False,AREA OF MINIMAL FLOOD HAZARD,low,False,1.0,,0.0,6.0,6.0,1.0,0.015,14.173967361450195
dc_10fa54833aa4,CenturyLink,MO,39.7440482,-93.997376,nearest,7.773659536704016,200.0,66,24689.3,7.773659536704016,,4178220.0,24689.3,24689.22,,Commercial,,1437091200000.0,X,True,False,AREA OF MINIMAL FLOOD HAZARD,high,,1.0,,0.0,6.0,6.0,1.0,0.025,20.87441635131836
dc_5255a71086fb,,AZ,33.3532147,-111.6780333,nearest,323.0564939916518,800.0,207,29490.9,477.8837192418843,,4473101.0,1682.4,1732.51,,Industrial,18843 EAST ELLIOT ROAD,1507507200000.0,X,True,False,0.2 PCT ANNUAL CHANCE FLOOD HAZARD,low,,1.0,,0.0,6.0,6.0,3.0,0.025,7.883434772491455
dc_18348e8eb436,Amazon Web Services,OR,45.88003,-119.34171,nearest,110.13688931561262,200.0,1,988.9,110.13688931561262,,3324855.0,988.9,988.9284,,Agriculture,,1509148800000.0,D,True,False,,high,,1.0,,0.0,6.0,6.0,2.0,0.055,2.1825551986694336
dc_679ff5ffd2c5,Amazon Web Services,OR,45.8825302,-119.3396948,nearest,426.627456676913,800.0,2,4944.6,609.827952489704,,3324855.0,988.9,988.9284,,Agriculture,,1509148800000.0,D,True,False,,low,,1.0,,0.0,6.0,6.0,3.0,0.055,2.1825551986694336
dc_9f6f0a48ddbb,,OH,40.0592384,-82.7626774,nearest,675.6419526031602,800.0,1,1582.7,675.6419526031602,,2124512.0,1582.7,1520.064,,Unclassified,1690 BEECH ROAD SOUTHWEST,1546646400000.0,X,True,False,AREA OF MINIMAL FLOOD HAZARD,low,,1.0,,0.0,6.0,6.0,1.0,0.035,14.810942649841309
dc_11f8cf85f74c,Microsoft,IA,41.5339161,-93.863439,nearest,302.289596136393,800.0,26,7290.1,712.2777404659648,,979725.0,1814.3,1813.039,,Residential,11375 BOONEVILLE ROAD,1565654400000.0,A,True,True,,low,,1.0,1.0,1.0,1.0,6.0,1.0,0.015,14.173967361450195
dc_18dc72c9dac5,Microsoft,IA,41.53284,-93.86346,nearest,420.8534511099672,800.0,20,7290.1,783.3212173565373,,979725.0,1814.3,1813.039,,Residential,11375 BOONEVILLE ROAD,1565654400000.0,A,True,True,,low,,1.0,1.0,1.0,1.0,6.0,1.0,0.015,14.173967361450195
dc_eee0a9900e19,Microsoft,IA,41.531814,-93.8634426,nearest,534.5257795633255,800.0,11,5838.6,778.6174581815835,,979725.0,1814.3,1813.039,,Residential,11375 BOONEVILLE ROAD,1565654400000.0,A,True,True,,low,,1.0,1.0,1.0,1.0,6.0,1.0,0.015,14.173967361450195
dc_1fe64519a772,Flexential Las Vegas - Downtown,NV,36.1686438,-115.1431445,contains,0.0,200.0,23,1147287.7,29.098341715739053,20.54,2302974.0,30277.2,30277.22,12.74,Commercial,,1393977600000.0,X,True,False,AREA OF MINIMAL FLOOD HAZARD,high,True,2.0,,0.0,6.0,6.0,,0.075,3.602787733078003
dc_e34d7f618094,,VA,38.737125,-77.826322,nearest,103.09730891722792,200.0,2,24591.0,179.34865950281326,,2052276.0,5270.7,4893.768,,Government,,1540857600000.0,X,True,False,AREA OF MINIMAL FLOOD HAZARD,high,,2.0,2.0,0.5,2.0,6.0,2.0,0.065,12.71955680847168
dc_9f2ca161d2a1,,VA,38.7382145,-77.8258682,nearest,199.73579088002603,200.0,1,2964.8,199.73579088002603,,2053113.0,2964.8,3027.018,,Residential,7578 BEAR WALLOW ROAD,1540857600000.0,X,True,False,AREA OF MINIMAL FLOOD HAZARD,high,,1.0,2.0,1.0,2.0,2.0,2.0,0.065,12.71955680847168
dc_6d22761134df,xAI Colossus,TN,35.06015,-90.15605,contains,0.0,200.0,1,816538.4,0.0,,546813.0,816538.4,817238.9,,Industrial,3231 PAUL R LOWRY ROAD,1508112000000.0,X,True,False,AREA WITH REDUCED FLOOD RISK DUE TO LEVEE,high,,4.0,,0.0,6.0,6.0,1.0,0.275,19.40402030944824
dc_e1b3a8f32643,CloudHQ,VA,39.0026,-77.472,contains,0.0,200.0,4,440153.4,0.0,,51660440.0,440153.4,440297.3,,Commercial,,1710374400000.0,X,True,False,AREA OF MINIMAL FLOOD HAZARD,high,,3.0,1.0,1.0,1.0,1.0,1.0,0.055,13.613815307617188
dc_7f4a4b98d21f,T5@Cleveland,OH,41.4426221,-81.8022998,nearest,0.3265542147154457,200.0,15,237985.0,0.3265542147154457,9.36,9576914.0,237985.0,237984.8,9.36,Commercial,4100 WEST 150 STREET,1282003200000.0,X,True,False,AREA OF MINIMAL FLOOD HAZARD,high,False,2.0,,0.0,6.0,6.0,1.0,0.035,14.31541633605957
dc_1939617702b6,Databank LGA3,NY,41.0397,-73.9897,nearest,16.755833340029874,200.0,13,4848.8,180.7302489258685,,2567991.0,2226.5,2225.081,,Commercial,2000 CORPORATE DRIVE,1516492800000.0,X,True,False,AREA OF MINIMAL FLOOD HAZARD,high,,1.0,,0.0,6.0,6.0,4.0,0.105,6.558852672576904
dc_3602336d3d9e,Amazon Web Services,OH,40.102426,-82.7501414,nearest,166.49877620130127,200.0,2,3462.1,180.32632689865915,,2139105.0,1318.9,1506.499,,Unclassified,3304 BEECH ROAD NORTHWEST,1546646400000.0,X,True,False,AREA OF MINIMAL FLOOD HAZARD,high,,1.0,1.0,1.0,1.0,1.0,1.0,0.035,14.810942649841309
dc_bfa1717c079a,Amazon Web Services,OH,40.1019552,-82.7519122,nearest,37.083134690979776,200.0,8,4286.4,163.24458371058344,,2139105.0,1318.9,1506.499,,Unclassified,3304 BEECH ROAD NORTHWEST,1546646400000.0,X,True,False,AREA OF MINIMAL FLOOD HAZARD,high,,1.0,1.0,1.0,1.0,1.0,1.0,0.035,14.810942649841309
dc_e11210b1487c,Amazon Web Services,OH,40.0942,-82.7321,nearest,295.2798037323471,800.0,47,200640.7,661.6148456939262,,2136536.0,2769.8,2841.983,,Residential,2677 HARRISON ROAD NORTHWEST,1546646400000.0,,False,,,low,,2.0,1.0,0.5,1.0,6.0,1.0,0.035,14.810942649841309
dc_33991d604090,Amazon Web Services,OH,40.0943973,-82.7292787,nearest,270.62520119673957,800.0,60,13997.2,427.0371586525666,,2136931.0,3363.3,3431.019,,Residential,12852 JUG STREET ROAD NORTHWEST,1546646400000.0,,False,,,low,,2.0,1.0,0.5,1.0,6.0,1.0,0.035,14.810942649841309
dc_3f57a6a92dfe,Amazon Web Services,OH,40.095578,-82.732088,nearest,197.650936823789,200.0,1,3363.3,197.650936823789,,2136931.0,3363.3,3431.019,,Residential,12852 JUG STREET ROAD NORTHWEST,1546646400000.0,,False,,,high,,2.0,1.0,0.5,1.0,6.0,1.0,0.035,14.810942649841309
dc_06bbdd2a31eb,Google NBY-5,OH,40.0565,-82.7722,nearest,173.35797559606908,200.0,1,1978.3,173.35797559606908,,2122524.0,1978.3,1913.595,,Unclassified,5128 BABBITT ROAD,1546646400000.0,X,True,False,AREA OF MINIMAL FLOOD HAZARD,high,,1.0,1.0,1.0,1.0,1.0,1.0,0.035,14.810942649841309
dc_a1f012a7d971,Google NBY-6,OH,40.0539595,-82.7675946,nearest,360.5147949154122,800.0,88,7237.4,747.7396379013968,,2120886.0,791.3,758.4926,,Residential,8200 MORSE ROAD,1546646400000.0,X,True,False,AREA OF MINIMAL FLOOD HAZARD,low,,1.0,,0.0,6.0,6.0,1.0,0.035,14.810942649841309
dc_1963a1dab74f,LCO DCB 1,OH,40.0614927,-82.7405524,nearest,343.60876071699363,800.0,37,53910.5,605.3799486288507,,2123851.0,6264.9,5947.317,,Unclassified,,1546646400000.0,X,True,False,AREA OF MINIMAL FLOOD HAZARD,low,,1.0,,0.0,6.0,6.0,1.0,0.035,14.810942649841309
dc_295bde3d8f29,LCO DCB 2,OH,40.0652296,-82.7411681,nearest,345.22855100678896,800.0,30,305690.5,626.107962275586,,2125787.0,53910.5,54323.13,,Industrial,,1546646400000.0,X,True,False,AREA OF MINIMAL FLOOD HAZARD,low,,1.0,1.0,1.0,1.0,6.0,1.0,0.035,14.810942649841309
dc_45a9d34cb56f,Amazon Web Services,OH,40.1357888,-83.212641,nearest,86.3763943537712,200.0,5,2307.3,86.3763943537712,,317120.0,2307.3,2417.935,,Unclassified,,1407628800000.0,X,True,False,AREA OF MINIMAL FLOOD HAZARD,high,,1.0,,0.0,6.0,6.0,1.0,0.035,15.455096244812012
dc_3341e1570713,Amazon Web Services,OH,40.1200638,-83.1993191,nearest,101.6823765512778,200.0,3,5537.7,122.07234821802666,,286668.0,3164.4,3207.972,,Residential,8567 WARNER ROAD,1407628800000.0,X,True,False,AREA OF MINIMAL FLOOD HAZARD,high,,1.0,,0.0,6.0,6.0,1.0,0.035,15.455096244812012
dc_62ad4ef31871,Amazon Web Services,OH,40.1193,-83.20323,nearest,160.46568555338243,200.0,1,2109.6,160.46568555338243,,286138.0,2109.6,2100.742,,Unclassified,,1407628800000.0,X,True,False,AREA OF MINIMAL FLOOD HAZARD,high,,1.0,,0.0,6.0,6.0,1.0,0.035,15.455096244812012
dc_5e45345b536d,Amazon Web Services,OH,40.11805,-83.2025,nearest,305.9610674573707,800.0,32,5537.7,404.0512029977476,,286138.0,2109.6,2100.742,,Unclassified,,1407628800000.0,X,True,False,AREA OF MINIMAL FLOOD HAZARD,low,,1.0,,0.0,6.0,6.0,1.0,0.035,15.455096244812012
dc_a97ad74f1324,Amazon Web Services,OH,40.05018,-83.17552,nearest,279.5839714475045,800.0,356,22068.7,716.8071852645263,,204696.0,593.3,658.5024,,Residential,4701 LEPPERT ROAD,1407628800000.0,X,True,False,AREA OF MINIMAL FLOOD HAZARD,low,,1.0,,0.0,6.0,6.0,1.0,0.035,15.455096244812012
dc_c4278b67d2a7,Amazon Web Services,OH,40.0515221,-83.1757154,nearest,144.19811653590187,200.0,1,593.3,144.19811653590187,,204696.0,593.3,658.5024,,Residential,4701 LEPPERT ROAD,1407628800000.0,X,True,False,AREA OF MINIMAL FLOOD HAZARD,high,,1.0,,0.0,6.0,6.0,1.0,0.035,15.455096244812012
dc_1d3d51cfc269,Amazon Web Services,OH,40.01659,-83.12585,nearest,209.13944460111676,800.0,391,509872.3,584.2841552677525,8.95,9825493.0,1657.4,1657.364,4.69,Residential,3160 PRAIRIE GARDENS DRIVE,1301616000000.0,X,True,False,AREA OF MINIMAL FLOOD HAZARD,low,False,1.0,,0.0,6.0,1.0,1.0,0.035,15.455096244812012
dc_7265e2ab382c,Amazon Web Services,OH,40.0210134,-83.1260205,nearest,137.0684924036449,200.0,12,1947.9,137.0684924036449,4.33,9830906.0,1947.9,1947.855,4.33,Residential,3428 DARBY GLEN BOULEVARD,1301616000000.0,X,True,False,AREA OF MINIMAL FLOOD HAZARD,high,False,1.0,1.0,1.0,1.0,1.0,1.0,0.035,15.455096244812012
dc_38ee88266071,Amazon Web Services,OR,45.8517,-119.6197,nearest,284.85915332406495,800.0,8,8437.1,582.931482511037,,3315465.0,659.2,659.2994,,Unclassified,,1557100800000.0,X,True,False,AREA OF MINIMAL FLOOD HAZARD,low,,1.0,,0.0,6.0,6.0,2.0,0.055,1.9345662593841553
dc_33100f7e2542,Amazon Web Services,OR,45.8530947,-119.61968,nearest,361.96045213682504,800.0,7,8437.1,715.5589850293701,,3317884.0,593.2,593.3497,,Unclassified,,1557100800000.0,X,True,False,AREA OF MINIMAL FLOOD HAZARD,low,,1.0,,0.0,6.0,6.0,2.0,0.055,1.9345662593841553
dc_384a3561c678,Amazon Web Services,OR,45.8193,-119.632,nearest,725.5560169422284,800.0,2,692.1,794.0404644494073,,3294755.0,593.2,593.3672,,Residential,,1557100800000.0,X,True,False,AREA OF MINIMAL FLOOD HAZARD,low,,1.0,1.0,1.0,1.0,6.0,1.0,0.055,1.9345662593841553
dc_f138bbd8bc1d,Amazon Web Services,OR,45.81929,-119.63626,nearest,629.5678777201636,800.0,3,4548.0,757.3439475840567,,3294755.0,593.2,593.3672,,Residential,,1557100800000.0,X,True,False,AREA OF MINIMAL FLOOD HAZARD,low,,1.0,1.0,1.0,1.0,6.0,2.0,0.055,1.9345662593841553
dc_d7d8441ed5db,Amazon Web Services,OR,45.8199495,-119.6368556,nearest,680.7510652753838,800.0,6,4548.0,680.7510652753838,,3297317.0,4548.0,4549.083,,Residential,,1557100800000.0,X,True,False,AREA OF MINIMAL FLOOD HAZARD,low,,1.0,,0.0,6.0,6.0,2.0,0.055,1.9345662593841553
dc_e58443614b83,Amazon Web Services,OR,45.810384,-119.268776,nearest,493.5699507770785,800.0,30,742194.2,564.7588292209383,,3294948.0,12197.3,12196.87,,Industrial,,1537660800000.0,X,True,False,AREA OF MINIMAL FLOOD HAZARD,low,,2.0,1.0,0.5,1.0,6.0,2.0,0.055,2.1825551986694336
dc_fb93b96e8ed9,Amazon Web Services,OR,45.8082769,-119.2686163,nearest,542.7238905334699,800.0,4,742194.2,542.7238905334699,,3294204.0,742194.2,742162.2,,Industrial,,1537660800000.0,X,True,False,AREA OF MINIMAL FLOOD HAZARD,low,,6.0,1.0,0.16666666666666666,6.0,6.0,2.0,0.055,2.1825551986694336
dc_3a2713412dbf,Amazon Web Services,OR,45.799,-119.3617,nearest,172.58195932461444,200.0,2,2637.1,172.58195932461444,,3292677.0,2637.1,2637.174,,Industrial,,1509148800000.0,X,True,False,AREA OF MINIMAL FLOOD HAZARD,high,,1.0,,0.0,6.0,1.0,2.0,0.055,2.1825551986694336
dc_e33cbb7805bd,Amazon Web Services,OR,45.7996834,-119.3584242,nearest,97.68426165657304,200.0,2,1977.8,97.68426165657304,,3292811.0,1977.8,1977.854,,Agriculture,,1509148800000.0,X,True,False,AREA OF MINIMAL FLOOD HAZARD,high,,1.0,1.0,1.0,1.0,6.0,1.0,0.055,2.1825551986694336
dc_3fee772ee31d,Amazon Web Services,OR,45.797835,-119.360508,nearest,242.09648000765668,800.0,26,6856.4,765.1874895977403,,3292677.0,2637.1,2637.174,,Industrial,,1509148800000.0,X,True,False,AREA OF MINIMAL FLOOD HAZARD,low,,1.0,,0.0,6.0,6.0,2.0,0.055,2.1825551986694336
dc_0fe2a0efd4a5,CYS41 Datacenter,WY,41.1246,-104.8983,nearest,8.294289821459094,200.0,12,156492.0,45.41802441673622,,16000027.0,153654.6,153532.1,,Industrial,,1597017600000.0,X,True,False,AREA OF MINIMAL FLOOD HAZARD,high,,2.0,1.0,0.5,1.0,6.0,2.0,0.055,9.38316249847412
dc_cd516cae2531,CYS42 Datacenter,WY,41.12538,-104.90889,nearest,41.51780630112645,200.0,12,326378.2,137.99987437397655,,4163196.0,34178.5,34151.24,,Commercial,656 LOGISTICS DRIVE,1597017600000.0,X,True,False,AREA OF MINIMAL FLOOD HAZARD,high,,1.0,,0.0,6.0,6.0,3.0,0.055,9.38316249847412
dc_eba87b29546a,xAI Macrohard Colossus 2,TN,34.9981,-90.03498,nearest,312.298793452604,800.0,65,541574.0,542.727271828548,,173467.0,2963.8,2966.812,,Residential,974 SCAIFE ROAD,1501286400000.0,X,True,False,AREA OF MINIMAL FLOOD HAZARD,low,,1.0,,0.0,6.0,2.0,2.0,0.245,19.260272979736328
dc_673b340833e9,,OK,35.56835,-95.51242,nearest,96.12353091071546,200.0,7,5140.0,177.24537138795228,,3405209.0,4612.8,4593.394,,Unclassified,,1451606400000.0,X,True,False,AREA OF MINIMAL FLOOD HAZARD,high,,1.0,1.0,1.0,1.0,1.0,2.0,0.045,20.674457550048828
dc_00e628ce6044,True North Data Centers,VA,39.0436134,-77.5372623,nearest,7.831154226722088,200.0,7,130791.3,7.831154226722088,,51110029.0,130791.3,130841.9,,Commercial,42590 THUNDERBALL DRIVE,1710374400000.0,X,True,False,AREA OF MINIMAL FLOOD HAZARD,high,,2.0,1.0,0.5,1.0,1.0,1.0,0.055,11.454973220825195
dc_bf2b1134f899,TikTok Data Center,VA,39.04425,-77.53796,contains,0.0,200.0,4,130791.3,0.0,,51110029.0,130791.3,130841.9,,Commercial,42590 THUNDERBALL DRIVE,1710374400000.0,X,True,False,AREA OF MINIMAL FLOOD HAZARD,high,,2.0,1.0,0.5,1.0,1.0,1.0,0.055,11.454973220825195
dc_c231fc51e3eb,Encompass Minneapolis Facility,MN,45.1321573,-93.0956156,nearest,8.020695269840214,200.0,4,2540.3,25.848268434574234,,11372492.0,2096.4,2094.734,4.18,Commercial,6221 HOLLY DRIVE,1335744000000.0,X,True,False,AREA OF MINIMAL FLOOD HAZARD,high,False,1.0,4.0,1.0,4.0,4.0,4.0,0.005,10.388507843017578
dc_5049ca57aab5,,KS,38.9391997,-94.8601851,nearest,205.9631871823235,800.0,10,416541.0,205.9631871823235,,3501566.0,416541.0,416473.2,,Commercial,,1587427200000.0,X,True,False,AREA OF MINIMAL FLOOD HAZARD,low,,4.0,2.0,0.25,6.0,2.0,2.0,0.025,20.538841247558594
dc_1a859cfbdcb4,,OH,40.0526729,-83.1274235,nearest,289.3644425557262,800.0,519,94594.7,428.3911355837863,18.75,9872866.0,1814.0,1813.976,6.14,Residential,3978 DAVIDSON RUN COURT,1301616000000.0,X,True,False,AREA OF MINIMAL FLOOD HAZARD,low,False,1.0,,0.0,6.0,1.0,1.0,0.035,15.455096244812012
dc_e577fdae7a20,,WY,44.1892369,-105.6104802,nearest,526.4547623070441,800.0,9,6004.0,730.334184846821,,4425057.0,1583.5,1582.302,,Residential,953 HWY 50,1523750400000.0,X,True,False,AREA OF MINIMAL FLOOD HAZARD,low,,1.0,,0.0,6.0,6.0,3.0,0.125,12.548205375671388
dc_cf3294ee628d,State of Montana Data Center,MT,46.4068846,-105.8206969,contains,0.0,200.0,17,26868.4,75.47063058715098,,5798804.0,9368.5,9361.898,,Unclassified,114 SOUTH HAYNES AVENUE,1440374400000.0,X,True,False,AREA OF MINIMAL FLOOD HAZARD,high,,1.0,1.0,1.0,1.0,1.0,1.0,0.025,9.17544174194336
dc_4ecbe50b2051,Switch Las Vegas 14,NV,36.0652076,-115.222045,nearest,244.8141342679319,800.0,124,444665.4,583.1177687201586,11.48,2114755.0,11882.6,11882.54,5.25,Commercial,,1393977600000.0,X,True,False,0.2 PCT ANNUAL CHANCE FLOOD HAZARD,low,False,1.0,,0.0,6.0,1.0,2.0,0.065,3.602787733078003
dc_d6ad1ac37897,Google,NE,41.3393059,-96.0846572,nearest,153.12295408911388,200.0,4,3738.4,171.02454614278588,3.6,3233577.0,882.3,882.9009,6.3,Residential,8425 NORTH 114TH STREET,1366848000000.0,X,True,False,AREA OF MINIMAL FLOOD HAZARD,high,False,1.0,,0.0,6.0,6.0,2.0,0.015,15.336313247680664
dc_3e1e075b64ea,Google,NE,41.3419,-96.0877,nearest,434.5090013633506,800.0,36,248621.9,526.627740024978,8.8,3234462.0,1092.6,1093.32,3.78,Residential,,1366848000000.0,X,True,False,AREA OF MINIMAL FLOOD HAZARD,low,False,1.0,,0.0,6.0,6.0,1.0,0.015,15.336313247680664
dc_a6b4531def62,Google,NE,41.3455,-96.09365,nearest,340.18421801315486,800.0,31,105170.4,712.7161195051277,,3234722.0,1370.0,1370.895,4.69,Residential,11718 HADAN STREET,1366848000000.0,X,True,False,AREA OF MINIMAL FLOOD HAZARD,low,False,2.0,,0.0,6.0,6.0,1.0,0.015,15.336313247680664
dc_5f6e752e8332,,ND,46.0123214,-98.5730984,nearest,441.1411973049014,800.0,4,1451.6,441.1411973049014,,278873.0,1451.6,1450.434,,Agriculture,,1436745600000.0,X,True,False,AREA OF MINIMAL FLOOD HAZARD,low,,1.0,1.0,1.0,1.0,6.0,1.0,0.015,10.445856094360352
dc_c6bcbe1b8a1f,,ND,46.0135016,-98.5716711,nearest,349.7608730001779,800.0,4,1451.6,483.5757919569028,,278720.0,1055.7,1054.859,,Agriculture,9706 87TH AVENUE SOUTHEAST,1436745600000.0,X,True,False,AREA OF MINIMAL FLOOD HAZARD,low,,1.0,1.0,1.0,1.0,6.0,1.0,0.015,10.445856094360352
dc_059baa53ed1a,,ND,46.0126411,-98.5744629,nearest,336.7288605327035,800.0,4,1451.6,336.7288605327035,,278873.0,1451.6,1450.434,,Agriculture,,1436745600000.0,X,True,False,AREA OF MINIMAL FLOOD HAZARD,low,,1.0,1.0,1.0,1.0,6.0,1.0,0.015,10.445856094360352
dc_cc1a5c76c102,QTS NAL 2 DC1,OH,40.05574,-82.75645,nearest,567.0167416040775,800.0,20,3956.7,734.8453739405911,,2120310.0,659.5,628.8745,,Unclassified,,1546646400000.0,,False,,,low,,1.0,1.0,1.0,1.0,6.0,1.0,0.035,14.810942649841309
dc_2c541c5c30d6,QTS NAL 2 DC2,OH,40.0531,-82.7566,nearest,276.37672961377694,800.0,41,5935.1,586.3940388268455,,2120310.0,659.5,628.8745,,Unclassified,,1546646400000.0,,False,,,low,,1.0,1.0,1.0,1.0,6.0,1.0,0.035,14.810942649841309
dc_b1c8c36b01b9,QTS NAL1 DC2,OH,40.0636133,-82.7582273,nearest,170.99076211736494,200.0,1,1582.7,170.99076211736494,,2124512.0,1582.7,1520.064,,Unclassified,1690 BEECH ROAD SOUTHWEST,1546646400000.0,,False,,,high,,1.0,,0.0,6.0,6.0,1.0,0.035,14.810942649841309
dc_a20930b79289,QTS NAL1 DC1,OH,40.0650012,-82.7581306,nearest,203.05673656904077,800.0,16,305690.5,550.6551261466514,,2125543.0,2176.2,2703.536,,Unclassified,1690 BEECH ROAD SOUTHWEST,1546646400000.0,,False,,,low,,1.0,1.0,1.0,1.0,6.0,1.0,0.035,14.810942649841309
dc_21b4adeddde5,,IL,41.79538,-88.24696,nearest,110.98303845147508,200.0,2,65749.8,178.82454239998833,,22862581.0,1121.4,1261.317,,Residential,130 MOLITOR ROAD,1462406400000.0,X,True,False,AREA OF MINIMAL FLOOD HAZARD,high,,1.0,,0.0,6.0,1.0,1.0,0.035,17.22007942199707
dc_53100ad6729e,Google,TX,32.5390042,-96.7932072,nearest,588.2514894532941,800.0,62,5783.7,657.801728450949,,14373429.0,1647.8,1591.568,,Residential,410 HOUSTON SCHOOL RD,1616457600000.0,X,True,False,AREA OF MINIMAL FLOOD HAZARD,low,,1.0,2.0,1.0,2.0,6.0,3.0,0.025,18.841638565063477
dc_3fbc71924de1,Compass Data Center,TX,32.545504,-96.802207,nearest,138.50669748560244,200.0,1,593.2,138.50669748560244,,14376392.0,593.2,719.1572,,Agriculture,600 HOUSTON SCHOOL RD,1616457600000.0,X,True,False,AREA OF MINIMAL FLOOD HAZARD,high,,1.0,2.0,1.0,2.0,2.0,2.0,0.025,18.841638565063477
dc_073b5a543445,Compass Data Center,TX,32.5442,-96.8022,nearest,259.43960791993135,800.0,185,44672.1,568.7428949678372,,14376392.0,593.2,719.1572,,Agriculture,600 HOUSTON SCHOOL RD,1616457600000.0,X,True,False,AREA OF MINIMAL FLOOD HAZARD,low,,1.0,2.0,1.0,2.0,2.0,2.0,0.025,18.841638565063477
dc_a53b0f3f5d96,Compass Data Center,TX,32.5428991,-96.8021938,nearest,172.63646172198617,200.0,1,3345.1,172.63646172198617,,14371891.0,3345.1,3186.239,,Agriculture,481 NORTH AUSTIN BOULEVARD,1616457600000.0,X,True,False,AREA OF MINIMAL FLOOD HAZARD,high,,1.0,2.0,1.0,2.0,2.0,2.0,0.025,18.841638565063477
dc_81873e5cdfa0,Compass Data Center,TX,32.5415885,-96.8022074,nearest,105.85827847578128,200.0,1,3345.1,105.85827847578128,,14371891.0,3345.1,3186.239,,Agriculture,481 NORTH AUSTIN BOULEVARD,1616457600000.0,X,True,False,AREA OF MINIMAL FLOOD HAZARD,high,,1.0,2.0,1.0,2.0,2.0,2.0,0.025,18.841638565063477
dc_cb4c961a9958,Compass Data Center,TX,32.5402764,-96.8022204,nearest,172.5158033668257,200.0,2,5009.4,185.9986586361278,,14371891.0,3345.1,3186.239,,Agriculture,481 NORTH AUSTIN BOULEVARD,1616457600000.0,X,True,False,AREA OF MINIMAL FLOOD HAZARD,high,,1.0,2.0,1.0,2.0,2.0,2.0,0.025,18.841638565063477
dc_fb27816330e8,Compass Data Center,TX,32.5426759,-96.793719,nearest,307.5255789160249,800.0,13,4449.1,495.7949952592722,,14373825.0,988.7,1071.299,,Residential,410 HOUSTON SCHOOL RD,1616457600000.0,X,True,False,AREA OF MINIMAL FLOOD HAZARD,low,,1.0,2.0,1.0,2.0,2.0,2.0,0.025,18.841638565063477
dc_e95c9536a835,Compass Data Center,TX,32.543994,-96.793719,nearest,296.8023442082221,800.0,17,4613.8,773.5365080738717,,14373825.0,988.7,1071.299,,Residential,410 HOUSTON SCHOOL RD,1616457600000.0,X,True,False,AREA OF MINIMAL FLOOD HAZARD,low,,1.0,2.0,1.0,2.0,6.0,2.0,0.025,18.841638565063477
dc_1ef21e9efb64,Compass Data Center,TX,32.5452986,-96.7937562,nearest,344.8207932749872,800.0,23,6920.8,710.391919752028,,14373825.0,988.7,1071.299,,Residential,410 HOUSTON SCHOOL RD,1616457600000.0,X,True,False,AREA OF MINIMAL FLOOD HAZARD,low,,1.0,2.0,1.0,2.0,2.0,2.0,0.025,18.841638565063477
dc_dcfd9a467a8b,Compass Data Center,TX,32.544711,-96.788648,nearest,178.99433082938293,200.0,1,2306.9,178.99433082938293,,21933989.0,2306.9,2483.758,,Residential,1518 WEST REINDEER ROAD,1616457600000.0,X,True,False,AREA OF MINIMAL FLOOD HAZARD,high,,1.0,,0.0,6.0,6.0,2.0,0.025,18.841638565063477
dc_802db22e67f1,Compass Data Center,TX,32.5452921,-96.7883821,nearest,114.22987138939988,200.0,2,3081.4,179.16350519534726,,21933989.0,2306.9,2483.758,,Residential,1518 WEST REINDEER ROAD,1616457600000.0,X,True,False,AREA OF MINIMAL FLOOD HAZARD,high,,1.0,,0.0,6.0,6.0,2.0,0.025,18.841638565063477
dc_bcd0a6c2165d,Amazon IAD-168,VA,38.9231403,-77.4249774,nearest,36.87465618550768,200.0,13,174227.4,120.4992401262487,8.49,51487140.0,1407.3,1407.722,,Commercial,,1655424000000.0,X,True,False,AREA OF MINIMAL FLOOD HAZARD,high,,1.0,1.0,1.0,1.0,1.0,1.0,0.055,13.629328727722168
dc_3d890dc6520c,Amazon IAD-500,VA,38.936,-77.4243,nearest,0.351624127785231,200.0,12,173233.3,184.98362880973696,7.5,7916139.0,143226.1,143226.0,7.35,Commercial,13874 REDSKIN DRIVE,1205280000000.0,X,True,False,AREA OF MINIMAL FLOOD HAZARD,high,False,4.0,,0.0,6.0,6.0,1.0,0.055,13.629328727722168
dc_7c029fb06937,Google NBY-7,OH,40.0539392,-82.7639185,nearest,278.52889644642585,800.0,70,6446.1,778.468157799946,,2120592.0,1384.8,1406.687,,Unclassified,,1546646400000.0,,False,,,low,,1.0,,0.0,6.0,6.0,1.0,0.035,14.810942649841309
dc_f568eee20c17,Vantage Building 1,OH,40.1025,-82.74695,nearest,291.55416434938365,800.0,50,7946.4,651.4860055663396,,2138409.0,2308.1,2442.952,,Residential,,1546646400000.0,X,True,False,AREA OF MINIMAL FLOOD HAZARD,low,,1.0,1.0,1.0,1.0,6.0,1.0,0.035,14.810942649841309
dc_1491711e475b,Vantage Building 2,OH,40.1005303,-82.7471193,nearest,85.42705843955503,200.0,3,2308.1,85.42705843955503,,2138409.0,2308.1,2442.952,,Residential,,1546646400000.0,X,True,False,AREA OF MINIMAL FLOOD HAZARD,high,,1.0,1.0,1.0,1.0,1.0,1.0,0.035,14.810942649841309
dc_4a8c1543df7d,Vantage Building 3,OH,40.0987619,-82.7472449,nearest,66.2072272107042,200.0,3,2308.1,120.6919786051017,,2138193.0,593.5,624.3139,,Residential,,1546646400000.0,X,True,False,AREA OF MINIMAL FLOOD HAZARD,high,,1.0,1.0,1.0,1.0,1.0,1.0,0.035,14.810942649841309
dc_dad966852eb4,Microsoft,WA,47.2385928,-119.8874148,contains,0.0,200.0,9,160098.6,175.7858955081292,,7000744.0,149141.5,149197.2,,Commercial,,1513987200000.0,X,True,False,AREA OF MINIMAL FLOOD HAZARD,high,,2.0,,0.0,6.0,6.0,1.0,0.075,1.113155484199524
dc_990f669f9ec2,,TX,29.44968,-98.7144036,nearest,130.2475947615752,200.0,4,22995.5,172.03968813104962,,32376788.0,17363.3,17349.72,,Commercial,11123 W MILITARY DR,1672185600000.0,X,True,False,AREA OF MINIMAL FLOOD HAZARD,high,,1.0,2.0,1.0,2.0,2.0,2.0,0.005,12.881298065185549
dc_9b9f99566927,,TX,29.4499,-98.7141,nearest,127.02879338037842,200.0,4,22995.5,142.27416583705298,,4752506.0,890.7,812.3385,,Commercial,1619 W LOOP 1604 N,1587859200000.0,X,True,False,AREA OF MINIMAL FLOOD HAZARD,high,,2.0,2.0,1.0,2.0,2.0,2.0,0.005,12.881298065185549
dc_080f1a37f4e4,,TX,29.4522303,-98.7140639,nearest,280.5497851382098,800.0,487,32557.3,507.7257933273429,,4752506.0,890.7,812.3385,,Commercial,1619 W LOOP 1604 N,1587859200000.0,X,True,False,AREA OF MINIMAL FLOOD HAZARD,low,,2.0,2.0,1.0,2.0,2.0,2.0,0.005,12.881298065185549
dc_f0527c78fab7,,MO,39.3226315,-94.5947952,none,,200.0,0,,,,,,,,,,,X,True,False,AREA OF MINIMAL FLOOD HAZARD,,,,,,,6.0,1.0,0.025,20.675199508666992
dc_06b6217194bb,CloudHQ LC3,VA,39.0112,-77.4604,contains,0.0,200.0,4,555026.4,96.38389803105488,,50979287.0,260553.8,260636.4,,Unclassified,44631 WAXPOOL ROAD,1710374400000.0,X,True,False,AREA OF MINIMAL FLOOD HAZARD,high,,3.0,1.0,0.3333333333333333,6.0,6.0,1.0,0.055,13.613815307617188
dc_5e9834409f88,Google,OR,45.6231,-121.2067,nearest,64.45840187391995,200.0,5,21433.8,64.45840187391995,,3205327.0,21433.8,21426.93,,Industrial,,1536451200000.0,,False,,,high,,2.0,,0.0,6.0,6.0,4.0,0.0849999999999999,0.5895698070526123
dc_b15a9ac2dbba,Alinged Data Center DFW-03,TX,32.55,-97.0749,nearest,175.0180529756105,200.0,1,1977.8,175.0180529756105,,14378458.0,1977.8,1924.257,,Agriculture,,1616457600000.0,X,True,False,AREA OF MINIMAL FLOOD HAZARD,high,,1.0,,0.0,6.0,6.0,2.0,0.025,17.917001724243164
dc_227328ca29fa,,VA,39.05598,-77.54733,nearest,157.62027003583364,200.0,1,1355.7,157.62027003583364,,51113288.0,1355.7,1356.247,,Commercial,,1710374400000.0,X,True,False,AREA OF MINIMAL FLOOD HAZARD,high,,1.0,1.0,1.0,1.0,1.0,2.0,0.055,11.454973220825195
dc_d9595069df1d,,VA,39.0577971,-77.546734,nearest,273.83192690236405,800.0,56,200774.3,762.8517014831256,,7882871.0,1220.4,1220.361,2.71,Residential,20210 SYCOLIN ROAD,1205280000000.0,X,True,False,AREA OF MINIMAL FLOOD HAZARD,low,False,1.0,2.0,1.0,2.0,1.0,2.0,0.055,11.454973220825195
dc_45594dea9379,,VA,39.0821895,-77.5651208,nearest,129.80105550070886,200.0,4,10452.2,173.33359337484544,,51128512.0,3177.4,3178.735,,Unclassified,595 COMPASS POINT PLAZA SOUTHEAST,1654387200000.0,X,True,False,AREA OF MINIMAL FLOOD HAZARD,high,,1.0,,0.0,6.0,1.0,2.0,0.055,11.454973220825195
dc_5040856febf7,NTT Chicago CH3,IL,41.98758,-88.010887,nearest,25.87738521398238,200.0,2,33758.1,181.83893551307335,11.98,34580868.0,27908.2,27908.18,15.79,Commercial,333 PIERCE ROAD,1321315200000.0,X,True,False,0.2 PCT ANNUAL CHANCE FLOOD HAZARD,high,True,2.0,,0.0,6.0,6.0,1.0,0.035,17.22007942199707
dc_becfb5c153fe,NTT Chicago CH4,IL,41.9891013,-88.0047584,nearest,18.064958135009437,200.0,9,75975.3,29.844973788481425,2.71,34581086.0,28793.7,28793.65,18.88,Commercial,1250 ARLINGTON HEIGHTS ROAD,1321315200000.0,X,True,False,AREA OF MINIMAL FLOOD HAZARD,high,True,1.0,,0.0,6.0,6.0,1.0,0.035,17.22007942199707
dc_590024763fae,Microsoft Data Center 2,VA,38.7999718,-77.5833485,nearest,90.64974598530652,200.0,3,92384.4,180.6044386547947,,50257631.0,1331.4,1332.038,,Unclassified,13720 UNIVERSITY BOULEVARD,1654387200000.0,X,True,False,AREA OF MINIMAL FLOOD HAZARD,high,,1.0,2.0,1.0,2.0,2.0,2.0,0.065,12.71955680847168
dc_42e5e1f19e3b,,OH,40.0207739,-83.1241809,nearest,294.31583070932504,800.0,567,128672.2,546.0469212314542,8.86,9830906.0,1947.9,1947.855,4.33,Residential,3428 DARBY GLEN BOULEVARD,1301616000000.0,X,True,False,AREA OF MINIMAL FLOOD HAZARD,low,False,1.0,1.0,1.0,1.0,1.0,1.0,0.035,15.455096244812012
dc_4360cc6ad80d,,OH,40.021203,-83.1231884,nearest,221.72893525216944,800.0,530,329409.2,724.5956069262636,6.95,9836061.0,12219.5,12219.45,4.82,Commercial,3450 PARKWAY LANE,1301616000000.0,X,True,False,AREA OF MINIMAL FLOOD HAZARD,low,False,2.0,,0.0,6.0,7.0,1.0,0.035,15.455096244812012
dc_803d715f084d,PowerHouse CTP-02,VA,37.36059,-77.3257,nearest,82.80101944272751,200.0,2,256586.2,82.80101944272751,,51645405.0,256586.2,256649.3,,Commercial,1401 MEADOWVILLE TECH PARKWAY,1644537600000.0,X,True,False,AREA OF MINIMAL FLOOD HAZARD,high,,4.0,2.0,0.5,6.0,6.0,2.0,0.0849999999999999,13.860154151916504
dc_3678db5e848c,,MN,44.7347591,-93.0618605,nearest,522.8768148881279,800.0,25,49279.4,787.2405962677327,6.51,11450119.0,1846.7,1845.216,6.9,Commercial,,1335744000000.0,X,True,False,AREA OF MINIMAL FLOOD HAZARD,low,False,1.0,,0.0,6.0,6.0,1.0,0.005,10.622698783874512
dc_3d1532ca066a,,MN,44.7345345,-93.0648906,nearest,450.2841284362237,800.0,45,49279.4,720.4009642052943,6.51,11449512.0,13201.7,13191.2,5.81,Commercial,14650 AUDREY AVENUE,1335744000000.0,X,True,False,AREA OF MINIMAL FLOOD HAZARD,low,False,1.0,,0.0,6.0,6.0,1.0,0.005,10.622698783874512
dc_d2de6bd1654c,NTT RagingWire DC - Hillsboro,OR,45.5480793,-122.9377875,contains,0.0,200.0,6,304620.9,113.24828943093571,,3639376.0,208881.4,208714.5,,Industrial,,1564790400000.0,X,True,False,AREA OF MINIMAL FLOOD HAZARD,high,,2.0,,0.0,6.0,6.0,2.0,0.175,0.4918390810489654
dc_31978bedd946,,IA,41.514853,-93.7208856,nearest,359.7682125604528,800.0,37,5259.0,512.1475974312649,5.39,7002377.0,3231.8,3229.519,4.1,Residential,8078 45TH LANE,1248652800000.0,X,True,False,AREA OF MINIMAL FLOOD HAZARD,low,False,1.0,1.0,1.0,1.0,6.0,1.0,0.015,14.173967361450195
dc_6cff6c8c0f96,,IA,41.5138877,-93.7214096,nearest,253.14380097286804,800.0,40,15005.4,770.5602973000151,5.32,7002377.0,3231.8,3229.519,4.1,Residential,8078 45TH LANE,1248652800000.0,X,True,False,AREA OF MINIMAL FLOOD HAZARD,low,False,1.0,1.0,1.0,1.0,6.0,1.0,0.015,14.173967361450195
dc_3e38f37da8cc,IONIC Digital Cedarvale,TX,31.5139,-103.4488,contains,0.0,200.0,5,62127.1,0.0,,31352052.0,62127.1,62351.35,,Agriculture,,1686528000000.0,,False,,,high,,2.0,1.0,1.0,1.0,1.0,2.0,0.015,10.406332015991213
dc_4cb7cf3af123,,ID,43.4631415,-116.2682325,nearest,658.867386936716,800.0,1,3133.9,658.867386936716,,201560.0,3133.9,2988.056,,Residential,,1533340800000.0,X,True,False,AREA OF MINIMAL FLOOD HAZARD,low,,1.0,2.0,1.0,2.0,6.0,4.0,0.025,2.937180280685425
dc_dd03aab3ce8e,,ID,43.4633361,-116.2720949,nearest,472.1922082704039,800.0,2,3628.7,729.1901201694782,,201560.0,3133.9,2988.056,,Residential,,1533340800000.0,X,True,False,AREA OF MINIMAL FLOOD HAZARD,low,,1.0,2.0,1.0,2.0,6.0,4.0,0.025,2.937180280685425
dc_0effc7beed6d,East Kentucky Network Datacenter,KY,37.6001856,-82.6787687,nearest,101.93953858770332,200.0,3,11276.8,119.09581744378252,,1304811.0,2769.8,2769.027,,Commercial,201 TECHNOLOGY TRAILS,1523404800000.0,X,True,False,AREA OF MINIMAL FLOOD HAZARD,high,,1.0,,0.0,6.0,6.0,4.0,0.065,12.019612312316896
dc_ff5f3d1e936c,,AZ,33.3471979,-111.6324603,nearest,546.6280947133228,800.0,8,51972.6,557.0029594934724,,4473231.0,4288.5,4633.479,,Commercial,9130 EAST ELLIOT ROAD,1507507200000.0,X,True,False,0.2 PCT ANNUAL CHANCE FLOOD HAZARD,low,,2.0,3.0,0.5,3.0,3.0,4.0,0.025,7.883434772491455
dc_2a63d0b145ad,,AZ,33.3463331,-111.6289144,nearest,605.3923061932253,800.0,4,112077.1,717.3238646606968,,4474108.0,5162.6,4889.252,,Unclassified,,1507507200000.0,X,True,False,0.2 PCT ANNUAL CHANCE FLOOD HAZARD,low,,1.0,,0.0,6.0,4.0,4.0,0.025,7.883434772491455
dc_204d8cf6c427,,AZ,33.347189,-111.6257923,nearest,490.2454134995654,800.0,6,112077.1,578.1087735230209,,4473817.0,659.8,800.2649,,Agriculture,,1507507200000.0,X,True,False,0.2 PCT ANNUAL CHANCE FLOOD HAZARD,low,,1.0,,0.0,6.0,3.0,4.0,0.025,7.883434772491455
dc_4ccb2c1d6e95,,TX,31.1941757,-94.7967665,nearest,146.0601046463228,200.0,1,659.3,146.0601046463228,,14605029.0,659.3,624.7114,,Unclassified,801 PINE VALLEY RD,1548720000000.0,X,True,False,AREA OF MINIMAL FLOOD HAZARD,high,,1.0,3.0,1.0,3.0,3.0,3.0,0.015,21.47866439819336
dc_6908e0a4116d,Google,TX,32.4402,-97.06085,nearest,200.6242981291344,200.0,1,157534.3,200.6242981291344,,25014346.0,157534.3,157939.1,,Commercial,,1616457600000.0,X,True,False,AREA OF MINIMAL FLOOD HAZARD,low,,1.0,,0.0,6.0,6.0,2.0,0.025,17.523134231567383
dc_145f8eb38f08,Newrays Two LLC Mining,TN,36.3270316,-88.3200731,nearest,215.85341981534992,800.0,116,167089.9,506.4131049663402,,6013940.0,1484.1,1483.397,,Residential,140 OLD PARIS MURRAY ROAD,1477958400000.0,X,True,False,AREA OF MINIMAL FLOOD HAZARD,low,,1.0,3.0,1.0,3.0,3.0,3.0,0.225,17.939239501953125
dc_effe5dd6b5df,,VA,39.0552634,-77.5447851,nearest,215.2626154290228,800.0,57,200774.3,460.4075556512565,,51110047.0,18586.7,18593.98,,Government,20260 ENERGY PARK DRIVE,1710374400000.0,X,True,False,AREA OF MINIMAL FLOOD HAZARD,low,,1.0,,0.0,6.0,1.0,2.0,0.055,11.454973220825195
dc_d13459ca6718,,VA,39.0540969,-77.545995,nearest,155.1286322765095,200.0,1,1355.7,155.1286322765095,,51113288.0,1355.7,1356.247,,Commercial,,1710374400000.0,X,True,False,AREA OF MINIMAL FLOOD HAZARD,high,,1.0,1.0,1.0,1.0,1.0,2.0,0.055,11.454973220825195
dc_b3d26444c787,,VA,39.0512,-77.5347,nearest,121.47044525334375,200.0,5,6425.6,128.29437975846886,,2130580.0,5535.9,5743.033,,Commercial,20480 GOOSE LANDING LANE,1467417600000.0,X,True,False,AREA OF MINIMAL FLOOD HAZARD,high,,1.0,,0.0,6.0,1.0,1.0,0.055,11.454973220825195
dc_b9607f6a4899,EdgeCore Silicon Valley,CA,37.3837192,-121.9654044,nearest,23.700379060355324,200.0,12,915130.9,153.40483891438754,14.43,15756268.0,129395.5,129395.3,11.37,Industrial,,1349049600000.0,X,True,False,AREA WITH REDUCED FLOOD RISK DUE TO LEVEE,high,False,3.0,,0.0,6.0,6.0,,0.535,0.1221932545304298
dc_949ff6edb0fd,STACK SVY02,CA,37.3619343,-121.9537306,contains,0.0,200.0,61,150557.4,0.0,7.35,15715385.0,150557.4,150557.2,7.35,Industrial,,1349049600000.0,X,True,False,AREA WITH REDUCED FLOOD RISK DUE TO LEVEE,high,False,1.0,,0.0,6.0,6.0,3.0,0.555,0.1221932545304298
dc_4522ee78b5e3,Amazon AWS SAT - 12807 Donop,TX,29.2930099,-98.3915987,nearest,274.25129979103514,800.0,33,113796.1,428.77034650061495,9.61,6570131.0,593.8,451.141,,Industrial,13105 DONOP RD,1587859200000.0,X,True,False,AREA OF MINIMAL FLOOD HAZARD,low,,1.0,,0.0,6.0,6.0,3.0,0.015,13.13881492614746
dc_75378fd737b2,Prime DFW01-01,TX,32.83751,-96.879424,nearest,30.176140675714684,200.0,10,108395.4,30.176140675714684,4.91,29723887.0,108395.4,108395.3,4.91,Industrial,1460 ROUND TABLE DR,1435708800000.0,X,True,False,AREA WITH REDUCED FLOOD RISK DUE TO LEVEE,high,False,1.0,,0.0,6.0,6.0,2.0,0.025,18.841638565063477
dc_a40902f66f87,Google,VA,38.7793049,-77.5863352,nearest,267.74770756738525,800.0,65,243440.9,672.6614673771726,,50270088.0,2396.6,2397.663,,Residential,,1654387200000.0,X,True,False,AREA OF MINIMAL FLOOD HAZARD,low,,1.0,2.0,1.0,2.0,1.0,2.0,0.065,12.71955680847168
dc_924134c2a4de,QTS Data Center - Hillsboro 3,OR,45.5719248,-122.918438,nearest,62.82392729350754,200.0,10,15258.3,120.87851435195626,,3646144.0,2771.2,2768.995,,Residential,,1564790400000.0,X,True,False,AREA OF MINIMAL FLOOD HAZARD,high,,1.0,,0.0,6.0,6.0,1.0,0.175,0.4918390810489654
dc_a2925ffcf201,QTS Data Center - Hillsboro 3,OR,45.5684,-122.9199,nearest,119.3358444851236,200.0,10,4618.7,196.21548240675023,,3645908.0,1484.6,1483.406,,Commercial,,1564790400000.0,X,True,False,AREA OF MINIMAL FLOOD HAZARD,high,,1.0,,0.0,6.0,6.0,1.0,0.175,0.4918390810489654
dc_104426d2e73e,,WA,47.2401708,-119.8632652,contains,0.0,200.0,3,512663.3,0.0,,7000749.0,512663.3,512844.9,,Industrial,,1513987200000.0,X,True,False,AREA OF MINIMAL FLOOD HAZARD,high,,3.0,,0.0,6.0,6.0,1.0,0.075,1.113155484199524
dc_254519e1eeb7,SPC4A,TN,36.62406,-87.25691,nearest,53.25366273830122,200.0,3,1847.4,53.25366273830122,,7283448.0,1847.4,1845.997,,Industrial,,1533945600000.0,X,True,False,AREA OF MINIMAL FLOOD HAZARD,high,,1.0,,0.0,6.0,6.0,1.0,0.1149999999999999,16.438068389892578
dc_5275a77e506f,,IN,41.6885485,-86.4730506,nearest,412.18932675825806,800.0,17,67034.2,455.1058752173087,,10111977.0,1187.6,1075.81,,Unclassified,,1438560000000.0,X,True,False,AREA OF MINIMAL FLOOD HAZARD,low,,1.0,,0.0,6.0,6.0,1.0,0.035,14.747052192687988
dc_0499ba5ee08a,,IN,41.6885306,-86.4698642,nearest,444.6856022245599,800.0,18,67034.2,479.9711284620522,,10111817.0,791.7,783.97,,Residential,55600 SPRUCE ROAD,1438560000000.0,X,True,False,AREA OF MINIMAL FLOOD HAZARD,low,,1.0,,0.0,6.0,6.0,1.0,0.035,14.747052192687988
dc_94adf4e278f3,,IN,41.692058,-86.4648908,nearest,176.70633511446388,200.0,1,1385.5,176.70633511446388,,10112967.0,1385.5,1396.261,,Residential,30750 EDISON ROAD,1438560000000.0,X,True,False,AREA OF MINIMAL FLOOD HAZARD,high,,1.0,,0.0,6.0,6.0,1.0,0.035,14.747052192687988
dc_804db6bb2305,,IN,41.6885384,-86.4718825,nearest,453.42284740441056,800.0,17,67034.2,453.42284740441056,,10113005.0,67034.2,66685.82,,Industrial,31140 EDISON ROAD,1438560000000.0,X,True,False,AREA OF MINIMAL FLOOD HAZARD,low,,1.0,,0.0,6.0,6.0,1.0,0.035,14.747052192687988
dc_951ab6bcefa0,,IN,41.6885566,-86.475061,nearest,321.3798923284063,800.0,11,67034.2,492.42085251665475,,10111977.0,1187.6,1075.81,,Unclassified,,1438560000000.0,X,True,False,AREA OF MINIMAL FLOOD HAZARD,low,,1.0,,0.0,6.0,6.0,1.0,0.035,14.747052192687988
dc_d6b57c7d2f07,,IN,41.6924747,-86.466384,nearest,58.97028767486931,200.0,3,2804.1,91.11009329707332,,10112967.0,1385.5,1396.261,,Residential,30750 EDISON ROAD,1438560000000.0,X,True,False,AREA OF MINIMAL FLOOD HAZARD,high,,1.0,,0.0,6.0,6.0,1.0,0.035,14.747052192687988
dc_2046ccb217ea,,IN,41.6920458,-86.4637145,nearest,263.4321058351559,800.0,18,1082014.7,627.0993989845211,,10112967.0,1385.5,1396.261,,Residential,30750 EDISON ROAD,1438560000000.0,X,True,False,AREA OF MINIMAL FLOOD HAZARD,low,,1.0,,0.0,6.0,6.0,1.0,0.035,14.747052192687988
dc_2b393a3841c5,QTS,GA,33.4484,-84.5225,nearest,103.13565903114024,200.0,1,1149.8,103.13565903114024,,51773026.0,1149.8,1150.387,,Unclassified,,1644624000000.0,X,True,False,AREA OF MINIMAL FLOOD HAZARD,high,,1.0,2.0,1.0,2.0,2.0,4.0,0.055,17.966201782226562
dc_c46ca6c89e13,QTS,GA,33.4508851,-84.5236253,nearest,390.0242274806242,800.0,38,26457.7,574.449310607376,,51773026.0,1149.8,1150.387,,Unclassified,,1644624000000.0,X,True,False,AREA OF MINIMAL FLOOD HAZARD,low,,1.0,2.0,1.0,2.0,2.0,4.0,0.055,17.966201782226562
dc_2baa37ae6f4f,,UT,40.2658623,-112.0194332,contains,0.0,200.0,15,12534.2,45.58527735801491,,10814790.0,10687.1,10680.5,,Commercial,,1566086400000.0,X,True,False,AREA OF MINIMAL FLOOD HAZARD,high,,2.0,,0.0,6.0,6.0,4.0,0.145,4.540343761444092
dc_ddffff011e6b,,UT,40.2699,-112.0195,nearest,339.9515023486714,800.0,23,43276.1,529.3837769490615,,10814879.0,329.9,329.6485,,Commercial,,1566086400000.0,X,True,False,AREA OF MINIMAL FLOOD HAZARD,low,,1.0,,0.0,6.0,2.0,5.0,0.145,4.540343761444092
dc_60550a4f2094,CyrusOne CHI3,IL,41.80285,-88.2474,nearest,347.7565090012874,800.0,191,273933.8,659.6606166365796,,22897237.0,2902.4,2966.96,,Residential,,1462406400000.0,X,True,False,AREA OF MINIMAL FLOOD HAZARD,low,,1.0,,0.0,6.0,6.0,1.0,0.035,17.22007942199707
dc_955dd0d1f4c4,Edged Chicago ORD01,IL,41.8069309,-88.2410968,nearest,153.66703044843513,200.0,2,33411.0,153.66703044843513,,32003140.0,33411.0,34628.06,,Assembly,,1462406400000.0,X,True,False,AREA OF MINIMAL FLOOD HAZARD,high,,2.0,,0.0,6.0,6.0,1.0,0.035,17.22007942199707
dc_c50964c22193,,VA,38.7771313,-77.5561679,nearest,55.40856589887888,200.0,10,157919.3,119.90830484672296,,7689727.0,3240.9,3240.941,3.88,Unclassified,8300 BUCKEYE TIMBER DRIVE,1205280000000.0,X,True,False,AREA OF MINIMAL FLOOD HAZARD,high,False,1.0,1.0,1.0,1.0,1.0,2.0,0.065,12.71955680847168
dc_332cf8bf4e95,Amazon IAD230,VA,38.988888,-77.44851,nearest,36.03024839880427,200.0,12,147690.9,52.89394386383505,9.07,7869706.0,81678.3,81678.23,9.02,Commercial,22675 DULLES SUMMIT COURT,1205280000000.0,X,True,False,AREA OF MINIMAL FLOOD HAZARD,high,False,1.0,,0.0,6.0,6.0,1.0,0.055,13.629328727722168
dc_a55b0ad0ecd4,,TX,33.1407,-96.6596,nearest,158.40561534519853,200.0,1,346020.4,158.40561534519853,,31616097.0,346020.4,346150.0,,Commercial,2300 CHELSEA BOULEVARD,1654992000000.0,X,True,False,AREA OF MINIMAL FLOOD HAZARD,high,,4.0,2.0,0.25,6.0,6.0,2.0,0.025,19.147722244262695
dc_a88013721ba7,Aligned Data Centers DFW-04,TX,33.00601,-96.65709,nearest,140.23627391874817,200.0,1,106938.8,140.23627391874817,11.16,30280352.0,106938.8,106938.6,11.16,Commercial,4060 EAST PLANO PARKWAY,1435708800000.0,X,True,False,AREA OF MINIMAL FLOOD HAZARD,high,False,2.0,2.0,0.5,2.0,2.0,2.0,0.025,19.147722244262695
dc_7260fa89b9b2,Verizon Wireless,TN,36.2821754,-86.7971366,contains,0.0,200.0,4,57024.3,0.0,,6354851.0,57024.3,56979.14,,Unclassified,575 HICKORY HILLS BOULEVARD,1548028800000.0,X,True,False,AREA OF MINIMAL FLOOD HAZARD,high,,2.0,1.0,1.0,1.0,1.0,1.0,0.0849999999999999,16.571094512939453
dc_1daa73860d72,Argo Data Center,TX,33.7746,-100.8691,nearest,727.6069101860933,800.0,2,1714.2,727.6069101860933,,15186827.0,1714.2,1599.548,,Residential,928 COUNTY ROAD 112,1514764800000.0,,False,,,low,,1.0,3.0,1.0,3.0,3.0,4.0,0.015,17.114696502685547
dc_a4c02ff1ab9a,Switch: The Rock,TX,30.4880189,-97.6725256,nearest,121.38736772659976,200.0,9,145909.7,132.5047985463054,,36342942.0,8351.3,8347.921,,Unclassified,2303 S MAYS ST,1657065600000.0,X,True,False,AREA OF MINIMAL FLOOD HAZARD,high,,1.0,,0.0,6.0,6.0,2.0,0.015,13.630367279052734
dc_10b5ea15f75c,DC6,VA,37.4852894,-77.2501822,nearest,226.6420563626251,800.0,33,657028.1,424.70856882780424,,1949815.0,906.4,941.827,,Unclassified,6020 TECHNOLOGY BOULEVARD,1428796800000.0,X,True,False,AREA OF MINIMAL FLOOD HAZARD,low,,1.0,,0.0,6.0,2.0,2.0,0.0849999999999999,13.860154151916504
dc_4cde6afb83b5,DC5,VA,37.4847788,-77.2491092,nearest,207.91011164763373,800.0,34,657028.1,418.6214699716639,,1949815.0,906.4,941.827,,Unclassified,6020 TECHNOLOGY BOULEVARD,1428796800000.0,X,True,False,AREA OF MINIMAL FLOOD HAZARD,low,,1.0,,0.0,6.0,2.0,2.0,0.075,13.860154151916504
dc_ada093eb611f,DC4,VA,37.4839184,-77.2478145,nearest,243.2676663053678,800.0,34,657028.1,425.51621648687296,,51287030.0,1089.7,1089.842,,Unclassified,6020 TECHNOLOGY BOULEVARD,1644537600000.0,X,True,False,AREA OF MINIMAL FLOOD HAZARD,low,,1.0,,0.0,6.0,2.0,2.0,0.075,13.860154151916504
dc_026860356044,RIC2 DC1,VA,37.4881735,-77.2400618,nearest,246.13260354987608,800.0,35,657028.1,347.8500491652635,,1949859.0,2373.1,2325.202,,Unclassified,,1428796800000.0,X,True,False,AREA OF MINIMAL FLOOD HAZARD,low,,1.0,1.0,1.0,1.0,2.0,2.0,0.075,13.860154151916504
dc_ccce259deff1,RIC2 DC2,VA,37.48709,-77.24098,nearest,263.6429359261342,800.0,36,657028.1,278.8471141676669,,1949776.0,1895.1,2099.147,,Unclassified,,1428796800000.0,X,True,False,AREA OF MINIMAL FLOOD HAZARD,low,,1.0,,0.0,6.0,2.0,2.0,0.075,13.860154151916504
dc_120e0272afcc,RIC2 DC3,VA,37.4860655,-77.2418909,nearest,164.71843365622794,200.0,1,1895.1,164.71843365622794,,1949776.0,1895.1,2099.147,,Unclassified,,1428796800000.0,X,True,False,AREA OF MINIMAL FLOOD HAZARD,high,,1.0,,0.0,6.0,2.0,2.0,0.075,13.860154151916504
dc_4500391b9a8b,RIC2 DC5,VA,37.4848483,-77.2429836,nearest,152.42909859333585,200.0,1,1895.1,152.42909859333585,,1949776.0,1895.1,2099.147,,Unclassified,,1428796800000.0,X,True,False,AREA OF MINIMAL FLOOD HAZARD,high,,1.0,,0.0,6.0,2.0,2.0,0.075,13.860154151916504
dc_69f514533469,RIC2 DC6,VA,37.4839006,-77.2437642,nearest,147.95971199028529,200.0,2,1156.3,182.155854469093,,51102838.0,1074.5,1074.71,,Residential,3720 PORTUGEE ROAD,1644537600000.0,X,True,False,AREA OF MINIMAL FLOOD HAZARD,high,,2.0,,0.0,6.0,2.0,2.0,0.075,13.860154151916504
dc_6fc77096a366,RIC3 DC1,VA,37.4805,-77.25162,nearest,614.3641342519854,800.0,15,13825.1,614.3641342519854,,51287032.0,13825.1,13827.41,,Government,3741 PORTUGEE ROAD,1644537600000.0,X,True,False,AREA OF MINIMAL FLOOD HAZARD,low,,1.0,2.0,1.0,2.0,2.0,2.0,0.0849999999999999,13.860154151916504
dc_5505e83a8a7d,RIC3 DC2,VA,37.4797266,-77.2522103,nearest,667.497715715215,800.0,12,13825.1,667.497715715215,,51287032.0,13825.1,13827.41,,Government,3741 PORTUGEE ROAD,1644537600000.0,X,True,False,AREA OF MINIMAL FLOOD HAZARD,low,,1.0,2.0,1.0,2.0,2.0,2.0,0.0849999999999999,13.860154151916504
dc_dfcdf261d966,RIC3 DC3,VA,37.48,-77.2523,nearest,673.8109527646138,800.0,13,13825.1,673.8109527646138,,51287032.0,13825.1,13827.41,,Government,3741 PORTUGEE ROAD,1644537600000.0,X,True,False,AREA OF MINIMAL FLOOD HAZARD,low,,1.0,2.0,1.0,2.0,2.0,2.0,0.0849999999999999,13.860154151916504
dc_ffee65abd862,RIC3 DC5,VA,37.4770151,-77.2496926,nearest,557.5281452288942,800.0,20,13825.1,557.5281452288942,,51287032.0,13825.1,13827.41,,Government,3741 PORTUGEE ROAD,1644537600000.0,X,True,False,AREA OF MINIMAL FLOOD HAZARD,low,,1.0,2.0,1.0,2.0,2.0,2.0,0.075,13.860154151916504
dc_5daffb14e048,RIC3 DC4,VA,37.4779175,-77.2489773,nearest,448.647555912001,800.0,15,13825.1,448.647555912001,,51287032.0,13825.1,13827.41,,Government,3741 PORTUGEE ROAD,1644537600000.0,X,True,False,AREA OF MINIMAL FLOOD HAZARD,low,,1.0,2.0,1.0,2.0,2.0,2.0,0.075,13.860154151916504
dc_a2483b687fe0,Tahoe Reno 4,NV,39.509868,-119.4830413,nearest,513.6156633258922,800.0,4,367504.5,712.3669837921412,,224884.0,4086.3,4002.741,,Industrial,,1474329600000.0,X,True,False,AREA OF MINIMAL FLOOD HAZARD,low,,1.0,,0.0,6.0,3.0,4.0,0.205,1.336833119392395
dc_6227bf84afd6,Tahoe Reno 5,NV,39.5079,-119.48324,nearest,710.5463010123275,800.0,1,4086.3,710.5463010123275,,224884.0,4086.3,4002.741,,Industrial,,1474329600000.0,X,True,False,AREA OF MINIMAL FLOOD HAZARD,low,,1.0,,0.0,6.0,3.0,4.0,0.205,1.336833119392395
dc_c23d657f1be3,,KS,37.2784058,-98.5884618,nearest,20.27500216220791,200.0,13,24742.3,175.29423861949232,,798948.0,7422.7,7416.999,,Commercial,,1500681600000.0,X,True,False,AREA OF MINIMAL FLOOD HAZARD,high,,1.0,,0.0,6.0,6.0,4.0,0.025,18.894624710083008
dc_690df06e6539,,TX,31.05752,-97.29825,nearest,199.17972651138135,200.0,1,1632.0,199.17972651138135,,5798180.0,1632.0,1694.679,,Residential,2811 BOB WHITE ROAD,1459814400000.0,X,True,False,AREA OF MINIMAL FLOOD HAZARD,high,,1.0,1.0,1.0,1.0,6.0,2.0,0.015,15.742060661315918
dc_c89bb09da654,Google,OH,39.72411,-82.68757,nearest,273.89303472819375,800.0,48,21532.1,718.3326486991733,,1993739.0,725.4,594.7549,,Assembly,431 WHILEY ROAD SOUTHWEST,1521763200000.0,X,True,False,AREA OF MINIMAL FLOOD HAZARD,low,,2.0,,0.0,6.0,6.0,1.0,0.035,14.319350242614746
dc_fa46f751ca71,Amazon Web Services,OR,45.8538757,-119.6197258,nearest,314.321807033088,800.0,7,8437.1,791.4900227221929,,3317884.0,593.2,593.3497,,Unclassified,,1557100800000.0,X,True,False,AREA OF MINIMAL FLOOD HAZARD,low,,1.0,,0.0,6.0,6.0,2.0,0.055,1.9345662593841553
dc_feb977251d5e,Amazon Web Services,OR,45.8552336,-119.6197272,nearest,239.12616447964945,800.0,5,7497.7,694.2785491928737,,3318899.0,6130.0,6131.346,,Unclassified,,1557100800000.0,X,True,False,AREA OF MINIMAL FLOOD HAZARD,low,,1.0,1.0,1.0,1.0,6.0,2.0,0.055,1.9345662593841553
dc_90b6d7cbc168,Amazon Web Services,OR,45.8117453,-119.268665,nearest,355.1004423095046,800.0,43,742194.2,598.5558664533543,,3294948.0,12197.3,12196.87,,Industrial,,1537660800000.0,X,True,False,AREA OF MINIMAL FLOOD HAZARD,low,,2.0,1.0,0.5,1.0,6.0,2.0,0.055,2.1825551986694336
dc_bf3a5359df1d,Amazon Web Services,OR,45.81038,-119.26867,nearest,490.7706127304901,800.0,30,742194.2,556.5484840873619,,3294948.0,12197.3,12196.87,,Industrial,,1537660800000.0,X,True,False,AREA OF MINIMAL FLOOD HAZARD,low,,2.0,1.0,0.5,1.0,6.0,2.0,0.055,2.1825551986694336
dc_38113ff13f32,Amazon Web Services,OR,45.8112095,-119.2782469,nearest,167.93416341503595,200.0,1,1648.3,167.93416341503595,,3294586.0,1648.3,1648.215,,Unclassified,,1537660800000.0,X,True,False,AREA OF MINIMAL FLOOD HAZARD,high,,1.0,,0.0,6.0,6.0,2.0,0.055,2.1825551986694336
dc_4661711aa91c,Crane DC - Portland,OR,45.5147872,-123.078828,nearest,102.52496941579366,200.0,8,204147.2,114.4949584618385,,3540220.0,4453.8,4450.189,,Unclassified,,1557446400000.0,X,True,False,AREA OF MINIMAL FLOOD HAZARD,high,,1.0,,0.0,6.0,6.0,1.0,0.185,0.3277150392532348
dc_cd16309c74e0,Percheron DC,OR,45.7113177,-119.8262349,none,,200.0,0,,,,,,,,,,,X,True,False,AREA OF MINIMAL FLOOD HAZARD,,,,,,,2.0,3.0,0.055,1.9345662593841553
dc_de20ecdcfb85,Percheron DC,OR,45.7119338,-119.8247642,none,,200.0,0,,,,,,,,,,,X,True,False,AREA OF MINIMAL FLOOD HAZARD,,,,,,,6.0,3.0,0.055,1.9345662593841553
dc_d4f155a2b9d4,Percheron DC,OR,45.7082722,-119.8222729,none,,200.0,0,,,,,,,,,,,X,True,False,AREA OF MINIMAL FLOOD HAZARD,,,,,,,2.0,3.0,0.055,1.9345662593841553
dc_1d02d6941bfd,Percheron DC,OR,45.7093209,-119.8212121,none,,200.0,0,,,,,,,,,,,X,True,False,AREA OF MINIMAL FLOOD HAZARD,,,,,,,1.0,3.0,0.055,1.9345662593841553
dc_707f7bff6b02,NYGC Chateaugay,NY,44.8930062,-74.0728813,nearest,15.182149467786344,200.0,4,12699.8,15.182149467786344,,4428027.0,12699.8,12691.34,,Industrial,7019 STATE ROUTE 374,1555459200000.0,,False,,,high,,2.0,1.0,0.5,1.0,1.0,2.0,0.145,4.129549026489258
dc_0888941918ee,Vantage Data Centers TX22,TX,29.47909,-98.6977,nearest,118.45099689754272,200.0,3,151986.7,177.12174457059663,7.44,35327958.0,824.1,823.4407,,Agriculture,,1672185600000.0,X,True,False,AREA OF MINIMAL FLOOD HAZARD,high,,1.0,,0.0,6.0,1.0,3.0,0.015,12.881298065185549
dc_01fc94cf15b9,,TX,29.470428,-98.698835,nearest,359.89578628511424,800.0,48,134937.2,373.5293171955064,10.51,28866519.0,762.4,762.366,5.78,Commercial,11212 STATE HWY 151,1351728000000.0,X,True,False,AREA OF MINIMAL FLOOD HAZARD,low,False,1.0,2.0,1.0,2.0,2.0,3.0,0.015,12.881298065185549
dc_e985cd8a1feb,MDC,TX,31.7500067,-106.3099264,contains,0.0,200.0,72,35893.5,181.3258282333051,6.65,29379589.0,9256.5,9256.471,4.08,Commercial,11455 CEDAR OAK DRIVE,1414800000000.0,X,True,False,AREA OF MINIMAL FLOOD HAZARD,high,False,1.0,,0.0,6.0,6.0,1.0,0.015,7.033588886260986
dc_a9eeb2ecdcc1,,WI,42.6733205,-87.8968464,nearest,201.7627323143785,800.0,33,17153.0,586.9535701529265,,4144232.0,2144.1,2142.694,,Residential,,1556928000000.0,X,True,False,AREA OF MINIMAL FLOOD HAZARD,low,,1.0,,0.0,6.0,6.0,1.0,0.025,12.258405685424805
dc_835c8b136700,,OR,45.8098,-119.8589,none,,200.0,0,,,,,,,,,,,X,True,False,AREA OF MINIMAL FLOOD HAZARD,,,,,,,2.0,4.0,0.065,1.9345662593841553
dc_044a443dd7e2,Google,OR,45.6247767,-121.208428,nearest,133.92271220158258,200.0,3,3792.1,187.26045108162705,,3205938.0,527.6,527.4364,,Industrial,,1536451200000.0,,False,,,high,,1.0,,0.0,6.0,2.0,4.0,0.0849999999999999,0.5895698070526123
dc_23dd70e27fd3,Amazon Web Services,MS,32.41193,-90.18784,nearest,744.3932899396515,800.0,8,5610.7,791.8875984923897,5.18,13084694.0,5480.8,5488.574,,Unclassified,,1530403200000.0,X,True,False,AREA OF MINIMAL FLOOD HAZARD,low,,1.0,,0.0,6.0,3.0,3.0,0.045,21.76242446899414
dc_2cc523155665,Amazon Web Services,MS,32.4119331,-90.1895198,none,,200.0,0,,,,,,,,,,,X,True,False,AREA OF MINIMAL FLOOD HAZARD,,,,,,,3.0,3.0,0.045,21.76242446899414
dc_aa437d7ed6c9,Amazon Web Services,MS,32.4119506,-90.1905464,none,,200.0,0,,,,,,,,,,,X,True,False,AREA OF MINIMAL FLOOD HAZARD,,,,,,,3.0,3.0,0.045,21.76242446899414
dc_945543dfe7d9,Amazon Web Services,MS,32.412351,-90.1922336,nearest,732.0121706768372,800.0,2,5731.7,732.0121706768372,,13090128.0,5731.7,5739.851,,Unclassified,,1510617600000.0,X,True,False,AREA OF MINIMAL FLOOD HAZARD,low,,1.0,1.0,1.0,1.0,2.0,3.0,0.045,21.76242446899414
dc_cb943ec8c29b,QTS,GA,33.46229,-84.52368,nearest,526.6579482365277,800.0,8,5634.1,633.4911059658862,,51765591.0,1742.9,1743.735,,Residential,,1644624000000.0,X,True,False,AREA OF MINIMAL FLOOD HAZARD,low,,1.0,3.0,1.0,3.0,2.0,4.0,0.055,17.966201782226562
dc_48932a950563,QTS,GA,33.4639934,-84.5291838,nearest,189.95997033430396,200.0,2,2795.9,189.95997033430396,,50626562.0,2795.9,2797.27,,Residential,,1644624000000.0,X,True,False,AREA OF MINIMAL FLOOD HAZARD,high,,1.0,1.0,1.0,1.0,3.0,4.0,0.055,17.966201782226562
dc_104eefb08c2e,,VA,38.7751744,-77.5399654,nearest,153.645620162025,200.0,2,126265.7,153.645620162025,8.43,7689594.0,126265.7,126265.6,8.43,Commercial,8326 BETHLEHEM ROAD,1205280000000.0,X,True,False,AREA OF MINIMAL FLOOD HAZARD,high,False,2.0,,0.0,6.0,1.0,1.0,0.065,12.71955680847168
dc_74f020694462,Amazon Web Services,VA,38.789376,-77.5819732,nearest,1.172551937707662,200.0,32,9154.8,160.2655314313114,5.82,2100637.0,527.2,572.9802,,Unclassified,5945 WELLINGTON ROAD,1521849600000.0,X,True,False,AREA OF MINIMAL FLOOD HAZARD,high,,1.0,2.0,1.0,2.0,2.0,2.0,0.065,12.71955680847168
dc_6eb415a8ef3b,Amazon Web Services,VA,38.7894558,-77.5796864,nearest,77.95500572831622,200.0,16,20776.0,77.95500572831622,4.11,7695934.0,20776.0,20776.01,4.11,Unclassified,5945 WELLINGTON ROAD,1205280000000.0,X,True,False,AREA OF MINIMAL FLOOD HAZARD,high,False,1.0,,0.0,6.0,1.0,2.0,0.065,12.71955680847168
dc_62dd2b7fa7cc,Amazon Web Services,VA,38.74661,-77.49722,nearest,117.87214664598972,200.0,4,9470.5,160.07148237756556,5.06,7676764.0,920.8,920.8357,4.47,Industrial,10034 DEAN DRIVE,1205280000000.0,X,True,False,AREA OF MINIMAL FLOOD HAZARD,high,False,1.0,1.0,1.0,1.0,1.0,1.0,0.065,13.629328727722168
dc_acfd3a40de9f,Amazon Web Services,VA,38.7476409,-77.4947856,nearest,32.98195693055971,200.0,13,34007.1,32.98195693055971,,2633716.0,34007.1,34519.86,,Commercial,9495 TECHNOLOGY DRIVE,1536192000000.0,X,True,False,AREA OF MINIMAL FLOOD HAZARD,high,,1.0,,0.0,6.0,6.0,1.0,0.065,13.629328727722168
dc_85aaa696bf19,Amazon Web Services,VA,38.7499,-77.4931,nearest,125.97265771681566,200.0,10,34007.1,164.6479225818267,,7678318.0,7620.6,7620.588,4.03,Education,9511 TECHNOLOGY DRIVE,1205280000000.0,X,True,False,AREA OF MINIMAL FLOOD HAZARD,high,False,2.0,,0.0,6.0,6.0,1.0,0.065,13.629328727722168
dc_48d6192ea411,,TX,31.5327486,-103.8062715,nearest,688.4864507276931,800.0,1,2779.1,688.4864507276931,,31372154.0,2779.1,2791.205,,Unclassified,,1636588800000.0,,False,,,low,,1.0,1.0,1.0,1.0,1.0,1.0,0.015,9.627197265625
dc_d8d34358af13,,TX,31.5327486,-103.8052292,nearest,726.9374834429541,800.0,1,2779.1,726.9374834429541,,31372154.0,2779.1,2791.205,,Unclassified,,1636588800000.0,,False,,,low,,1.0,1.0,1.0,1.0,1.0,1.0,0.015,9.627197265625
dc_43d1b8fa745f,,TX,31.5327607,-103.8041922,nearest,774.782723619649,800.0,1,2779.1,774.782723619649,,31372154.0,2779.1,2791.205,,Unclassified,,1636588800000.0,,False,,,low,,1.0,1.0,1.0,1.0,1.0,1.0,0.015,9.627197265625
dc_5e31a13f74b9,,TX,31.5333451,-103.800415,none,,200.0,0,,,,,,,,,,,,False,,,,,,,,,1.0,1.0,0.015,9.627197265625
dc_02cbb0a9f4e7,Digital Realty Northern Virginia IAD40,VA,39.0062702,-77.4683054,contains,0.0,200.0,4,587139.7,101.89098161200536,,50990179.0,275428.4,275517.3,,Commercial,44540 ROUND TABLE PLAZA,1710374400000.0,X,True,False,AREA OF MINIMAL FLOOD HAZARD,high,,3.0,1.0,0.3333333333333333,6.0,6.0,1.0,0.055,13.613815307617188
dc_d1e1933ac3d8,Vantage VA14,VA,39.003223,-77.439718,contains,0.0,200.0,12,323484.5,0.0,,51671299.0,323484.5,323581.0,,Commercial,45130 VANTAGE DATA PLAZA,1710374400000.0,X,True,False,AREA OF MINIMAL FLOOD HAZARD,high,,4.0,1.0,0.25,6.0,1.0,1.0,0.055,13.613815307617188
dc_640f760993bb,Information Systems Facility,NM,32.3805057,-106.4810659,nearest,17.42901807308151,200.0,26,28045.3,148.3983587721684,,1224629.0,11541.3,11537.58,,Government,,1454544000000.0,X,True,False,AREA OF MINIMAL FLOOD HAZARD,high,,1.0,,0.0,6.0,6.0,1.0,0.015,7.418409824371338
dc_9ecfe9c3bf78,,VA,38.935591,-77.4267117,contains,0.0,200.0,8,188725.0,127.01498611666636,14.07,7915963.0,173233.3,173233.2,7.5,Commercial,13906 PARK CENTER ROAD,1205280000000.0,X,True,False,AREA OF MINIMAL FLOOD HAZARD,high,False,2.0,,0.0,6.0,6.0,1.0,0.055,13.629328727722168
dc_e83acd2e78d1,,VA,38.93646,-77.42464,contains,0.0,200.0,10,173233.3,157.68519007393832,7.5,7916139.0,143226.1,143226.0,7.35,Commercial,13874 REDSKIN DRIVE,1205280000000.0,X,True,False,AREA OF MINIMAL FLOOD HAZARD,high,False,4.0,,0.0,6.0,6.0,1.0,0.055,13.629328727722168
dc_054193767570,Equinix,VA,39.0134,-77.4538,nearest,91.43348614921388,200.0,7,123610.6,91.43348614921388,,50980314.0,123610.6,123649.0,,Commercial,22175 BEAUMEADE CIRCLE,1710374400000.0,X,True,False,AREA OF MINIMAL FLOOD HAZARD,high,,2.0,,0.0,6.0,6.0,1.0,0.055,13.613815307617188
dc_daf88193f8d2,Digital Realty,TX,32.974397,-96.650364,nearest,152.9642664559672,200.0,1,97152.1,152.9642664559672,,37294637.0,97152.1,97189.95,,Commercial,5535 NORTHMOOR DR,1654992000000.0,X,True,False,AREA OF MINIMAL FLOOD HAZARD,high,,1.0,,0.0,6.0,2.0,2.0,0.025,18.841638565063477
dc_2e1860ff6362,"Landmax Data Systems, Inc",NY,42.9972167,-77.6458295,contains,0.0,200.0,41,11945.5,166.52210306419306,,3005041.0,1285.2,1285.611,,Commercial,5919 EAST HENRIETTA ROAD,1564704000000.0,X,True,False,AREA OF MINIMAL FLOOD HAZARD,high,,1.0,3.0,1.0,3.0,3.0,4.0,0.035,6.128366470336914
dc_5e1d8fbc3e75,DataBank SLC6,UT,40.4806176,-111.9063611,nearest,52.33468890747479,200.0,7,84675.2,52.33468890747479,,3383133.0,84675.2,84619.75,,Commercial,14926 SOUTH PONY EXPRESS ROAD,1566086400000.0,X,True,False,AREA OF MINIMAL FLOOD HAZARD,high,,2.0,2.0,0.5,2.0,2.0,2.0,0.165,4.538047790527344
dc_b492591b9a2d,Digital Realty,TX,32.9764,-96.6501,nearest,298.90911280619434,800.0,238,235970.3,680.3053380924692,,37294640.0,16919.4,16925.89,,Residential,,1654992000000.0,X,True,False,AREA OF MINIMAL FLOOD HAZARD,low,,2.0,,0.0,6.0,1.0,2.0,0.025,18.841638565063477
dc_e0c1cc3cf46a,NTT,TX,32.97953,-96.65838,nearest,79.31675969015915,200.0,5,235970.3,159.12966161415926,,4592440.0,3690.6,3800.336,,Commercial,5535 NORTHMOOR DR,1616457600000.0,X,True,False,AREA OF MINIMAL FLOOD HAZARD,high,,1.0,,0.0,6.0,6.0,2.0,0.025,18.841638565063477
dc_97a8471652c2,Aligned  DFW-02,TX,33.0090025,-96.6751351,nearest,53.88618743268682,200.0,9,108447.7,53.88618743268682,8.63,30281855.0,108447.7,108447.5,8.63,Commercial,2800 SUMMIT AVENUE,1435708800000.0,X,True,False,AREA OF MINIMAL FLOOD HAZARD,high,False,2.0,2.0,0.5,2.0,2.0,2.0,0.025,19.147722244262695
dc_94ad65dfbe69,Verizon,NJ,40.5442554,-74.4965213,contains,0.0,200.0,11,109854.7,0.0,,6009063.0,109854.7,109607.5,,Unclassified,201 CENTENNIAL AVENUE,1508371200000.0,X,True,False,AREA OF MINIMAL FLOOD HAZARD,high,,2.0,,0.0,6.0,6.0,4.0,0.095,7.277477264404297
dc_953d28b6d60c,OVHcloud - Hillsboro,OR,45.534,-122.9557,nearest,3.216376510187715,200.0,11,117216.4,3.216376510187715,,3628764.0,117216.4,117122.7,,Industrial,,1564790400000.0,X,True,False,AREA OF MINIMAL FLOOD HAZARD,high,,1.0,,0.0,6.0,6.0,2.0,0.175,0.4918390810489654
dc_90940e7c3b70,Google Data Center,NC,35.894022,-81.545278,contains,0.0,200.0,16,592282.5,0.0,,14011211.0,592282.5,592950.4,,Unclassified,708 LYNHAVEN ST,1513900800000.0,X,True,False,AREA OF MINIMAL FLOOD HAZARD,high,,5.0,2.0,0.2,6.0,6.0,4.0,0.065,11.960246086120604
dc_b1bab62f304f,Liberty Center One,MI,42.5334813,-83.1774894,contains,0.0,200.0,57,328643.1,148.64165153968355,,10303664.0,26404.8,26404.5,,Industrial,,1568764800000.0,X,True,False,AREA OF MINIMAL FLOOD HAZARD,high,,1.0,,0.0,6.0,6.0,1.0,0.025,19.28365898132324
dc_9c866fe205ee,Apple - Maiden Data Center,NC,35.58835,-81.2626,contains,0.0,200.0,2,612087.7,0.0,,14010028.0,612087.7,614934.3,,Utility and Misc,5977 STARTOWN ROAD,1448064000000.0,X,True,False,AREA OF MINIMAL FLOOD HAZARD,high,,4.0,2.0,0.25,6.0,6.0,4.0,0.065,12.06896686553955
dc_f4bc8c66c017,HPC,NM,35.0499451,-106.542801,contains,0.0,200.0,29,203764.0,0.0,,12021759.0,203764.0,203700.5,,Government,,1314835200000.0,D,True,False,,high,,2.0,,0.0,6.0,6.0,3.0,0.055,9.913078308105469
dc_d1aef113ad23,Barclays Datacenter,NJ,40.6437889,-74.2854476,contains,0.0,200.0,14,119147.5,150.3393860367117,8.58,7495138.0,95920.3,95920.11,7.57,Commercial,27 COMMERCE DRIVE,1376524800000.0,X,True,False,AREA OF MINIMAL FLOOD HAZARD,high,False,1.0,,0.0,6.0,6.0,4.0,0.105,7.277477264404297
dc_935e740f9717,CyberNAP Glen Burnie,MD,39.1402303,-76.6064303,contains,0.0,200.0,1,610614.2,0.0,10.69,7548956.0,610614.2,610613.8,10.69,Unclassified,7900 RITCHIE HIGHWAY,1205280000000.0,X,True,False,AREA OF MINIMAL FLOOD HAZARD,high,False,5.0,1.0,0.2,6.0,6.0,1.0,0.055,14.052087783813477
dc_82b88a5440d2,Meta Huntsville Data Center,AL,34.8442568,-86.6280217,nearest,310.076697371114,800.0,45,4835.4,692.2152089331568,,14107258.0,1641.3,1641.341,2.98,Residential,,1234051200000.0,,False,,,low,False,1.0,,0.0,6.0,6.0,3.0,0.0849999999999999,18.687423706054688
dc_ddf0f305ef19,Dakota Carrier Network,ND,46.8151,-96.84431,nearest,1.9030113847894816,200.0,6,109819.4,173.8534324135303,,449472.0,11473.2,11471.62,,Commercial,3901 GREAT PLAINS DRIVE SOUTH,1504656000000.0,X,True,False,0.2 PCT ANNUAL CHANCE FLOOD HAZARD,high,,2.0,,0.0,6.0,6.0,1.0,0.005,7.952457904815674
dc_bb1260086ef0,Microsoft Data Center 1,VA,38.8023704,-77.5823062,nearest,32.69518072560891,200.0,1,92384.4,32.69518072560891,,50257706.0,92384.4,92424.89,,Unclassified,13760 UNIVERSITY BOULEVARD,1654387200000.0,X,True,False,AREA OF MINIMAL FLOOD HAZARD,high,,2.0,2.0,1.0,2.0,2.0,2.0,0.065,12.71955680847168
dc_2fb6faada02b,QTS Data Center - Hillsboro 3,OR,45.5595,-122.9376,nearest,106.8892197522187,200.0,2,3134.1,140.88315346756406,,3644123.0,2078.4,2076.764,,Residential,,1564790400000.0,X,True,False,AREA OF MINIMAL FLOOD HAZARD,high,,1.0,1.0,1.0,1.0,6.0,2.0,0.175,0.4918390810489654
dc_781f2b85da3d,EAT14,WA,47.3594969,-120.1600907,nearest,123.16906907199277,200.0,7,2224.4,199.0201026087915,,6174506.0,1186.3,1186.728,,Residential,5369 MALAGA ALCOA HIGHWAY,1566259200000.0,,False,,,high,,1.0,,0.0,6.0,2.0,5.0,0.0849999999999999,0.9799042344093324
dc_7daf03548fa7,EAT13,WA,47.3584257,-120.1599758,nearest,143.8207907251258,200.0,2,4152.2,173.5469269791793,,6174251.0,1977.2,1977.856,,Residential,5375 MALAGA ALCOA HIGHWAY,1566259200000.0,,False,,,high,,1.0,1.0,1.0,1.0,2.0,5.0,0.0849999999999999,0.9799042344093324
dc_0418bc301d33,EAT12,WA,47.357683,-120.159213,nearest,169.63037520794347,200.0,2,4152.2,169.63037520794347,,6173644.0,4152.2,4153.541,,Residential,5351 MALAGA ALCOA HIGHWAY,1566259200000.0,,False,,,high,,1.0,4.0,1.0,4.0,4.0,5.0,0.0849999999999999,0.9799042344093324
dc_5a3101d7946e,,VA,38.7376,-77.5076,nearest,140.94709613474794,200.0,3,257984.9,140.9986470108291,,50275760.0,221414.6,221495.8,,Unclassified,10281 TANNER WAY,1654387200000.0,X,True,False,AREA OF MINIMAL FLOOD HAZARD,high,,4.0,2.0,0.75,2.0,1.0,2.0,0.065,12.71955680847168
dc_e5983c042068,Google datacenter,SC,33.1769601,-80.534942,nearest,489.5010419014816,800.0,3,105862.6,621.9836420508593,,1224522.0,2969.0,3094.825,,Unclassified,,1524182400000.0,X,True,False,AREA OF MINIMAL FLOOD HAZARD,low,,1.0,,0.0,6.0,4.0,4.0,0.185,19.916996002197266
dc_4c251ee10a95,,SC,33.1776984,-80.5365658,nearest,651.1699370088312,800.0,6,105862.6,792.7859452433927,,1224522.0,2969.0,3094.825,,Unclassified,,1524182400000.0,X,True,False,AREA OF MINIMAL FLOOD HAZARD,low,,1.0,,0.0,6.0,6.0,4.0,0.185,19.916996002197266
dc_f08f429f5b31,AWS IAD-500 and IAD-501,VA,38.93675,-77.42459,nearest,15.337231410113406,200.0,8,173233.3,163.52229788302265,7.5,7916139.0,143226.1,143226.0,7.35,Commercial,13874 REDSKIN DRIVE,1205280000000.0,X,True,False,AREA OF MINIMAL FLOOD HAZARD,high,False,4.0,,0.0,6.0,6.0,1.0,0.055,13.629328727722168
dc_9f6881cb0524,Dorchester County Google Datacenter,SC,32.9582784,-80.3080686,none,,200.0,0,,,,,,,,,,,X,True,False,AREA OF MINIMAL FLOOD HAZARD,,,,,,,4.0,4.0,0.385,18.32156753540039
dc_f394a25ba7ff,CyrusOne Datacenter,TX,32.9026069,-97.3954256,nearest,188.39487797788195,200.0,1,466.3,188.39487797788195,,34176416.0,466.3,466.217,,Unclassified,,1649376000000.0,X,True,False,AREA OF MINIMAL FLOOD HAZARD,high,,1.0,3.0,1.0,3.0,6.0,3.0,0.025,17.917001724243164
dc_56aaea9dd837,,MS,32.5963048,-90.089258,nearest,223.7011050399185,800.0,49,106113.6,607.5274043978943,,12886427.0,1729.4,1731.645,,Commercial,,1530403200000.0,X,True,False,AREA OF MINIMAL FLOOD HAZARD,low,,2.0,3.0,1.0,1.0,3.0,3.0,0.045,20.905385971069336
dc_831ce16615b7,,MS,32.5947,-90.098,nearest,441.73134088254824,800.0,9,9874.6,559.5239954917922,,12962316.0,1853.4,1855.766,,Residential,,1530403200000.0,X,True,False,AREA OF MINIMAL FLOOD HAZARD,low,,1.0,2.0,1.0,2.0,3.0,3.0,0.045,20.905385971069336
dc_e43a3cf43272,,MS,32.5944763,-90.0944115,nearest,461.60076631025663,800.0,43,41942.1,668.7699201801659,,12962456.0,2031.8,2034.374,,Residential,,1530403200000.0,X,True,False,AREA OF MINIMAL FLOOD HAZARD,low,,1.0,2.0,1.0,2.0,2.0,3.0,0.045,20.905385971069336
dc_3525b583d0e6,,MS,32.5960505,-90.0944274,nearest,573.1006182830275,800.0,33,41942.1,695.0672443997181,,12962456.0,2031.8,2034.374,,Residential,,1530403200000.0,X,True,False,AREA OF MINIMAL FLOOD HAZARD,low,,1.0,2.0,1.0,2.0,3.0,3.0,0.045,20.905385971069336
dc_ae738dd582dd,,MS,32.5960391,-90.0980115,nearest,589.9826731138307,800.0,3,9874.6,684.5756300596105,,12962316.0,1853.4,1855.766,,Residential,,1530403200000.0,X,True,False,AREA OF MINIMAL FLOOD HAZARD,low,,1.0,2.0,1.0,2.0,3.0,3.0,0.045,20.905385971069336
dc_36754c52f050,"Equinix DC1-DC15,DC21-DC22 - Ashburn",VA,39.014822,-77.45859,contains,0.0,200.0,14,151465.6,114.6848281804708,9.2,7872679.0,60507.4,60507.3,8.62,Commercial,21731 FILIGREE COURT,1205280000000.0,X,True,False,AREA OF MINIMAL FLOOD HAZARD,high,False,2.0,,0.0,6.0,6.0,1.0,0.055,13.613815307617188
dc_9acc15c3d0a9,Digital Realty SFO (200 Paul),CA,37.72442,-122.39805,nearest,15.566465509324404,200.0,31,111015.1,34.66662007079141,8.89,16176879.0,106161.3,106161.2,16.53,Industrial,,1349049600000.0,X,True,False,AREA OF MINIMAL FLOOD HAZARD,high,True,2.0,,0.0,6.0,6.0,2.0,0.535,0.0928128734230995
dc_4cf5e14e6a53,"Equinix SV1/SV5/SV10 - Silicon Valley, San Jose",CA,37.241767,-121.782967,contains,0.0,200.0,9,127506.0,0.0,,10004099.0,127506.0,128232.9,,Unclassified,,1473897600000.0,D,True,False,,high,,1.0,,0.0,6.0,6.0,3.0,0.605,0.1221932545304298
dc_82835681bfc0,Equinix CH1/CH2/CH4 - Chicago,IL,41.85365,-87.618342,contains,0.0,200.0,12,4249157.4,67.46827436472692,26.04,35011105.0,247826.3,247826.1,27.25,Commercial,2105 SOUTH PRAIRIE AVENUE,1321315200000.0,X,True,False,AREA OF MINIMAL FLOOD HAZARD,high,True,4.0,,0.0,6.0,6.0,,0.035,16.118194580078125
dc_7015a8562d9d,Equinix LA1 - Los Angeles,CA,34.047282,-118.256692,nearest,10.301109370075531,200.0,19,184955.8,136.0683175870119,42.16,14634908.0,68664.1,68664.0,35.53,Commercial,,1350432000000.0,X,True,False,1 PCT DEPTH LESS THAN 1 FOOT,high,True,2.0,,0.0,6.0,6.0,,0.445,0.5556319355964661
dc_34c302840328,"Equinix NY1 - New York, Newark",NJ,40.736844,-74.173402,contains,0.0,200.0,25,89826.2,0.0,54.25,7652032.0,89826.2,89826.13,54.25,Education,111 MARKET STREET,1376524800000.0,X,True,False,AREA OF MINIMAL FLOOD HAZARD,high,True,2.0,,0.0,6.0,6.0,,0.105,7.277477264404297
dc_88450995c8ab,Digital Realty NYC (60 Hudson),NY,40.717723,-74.008299,contains,0.0,200.0,25,66438.0,123.7619081620963,21.21,7730764.0,63885.5,63845.47,69.18,Commercial,60 HUDSON STREET,1376524800000.0,X,True,False,AREA OF MINIMAL FLOOD HAZARD,high,True,2.0,,0.0,6.0,6.0,4.0,0.095,7.277477264404297
dc_ac4ba4acc418,Equinix AT2/AT3 - Atlanta,GA,33.755456,-84.39153,contains,0.0,200.0,20,136014.5,49.330200078970904,28.02,17206825.0,15776.9,15776.92,37.45,Commercial,,1351209600000.0,X,True,False,AREA OF MINIMAL FLOOD HAZARD,high,True,1.0,,0.0,6.0,6.0,,0.055,16.562829971313477
dc_faa6dba0bad0,"Equinix MI1 - Miami, NOTA",FL,25.782425,-80.193091,contains,0.0,200.0,25,122568.7,0.0,33.75,30413957.0,122568.7,122568.2,33.75,Commercial,50 NE 9 ST,1392508800000.0,X,True,False,AREA OF MINIMAL FLOOD HAZARD,high,True,2.0,,0.0,6.0,6.0,,0.005,22.965288162231445
dc_05323da3c824,Digital Realty NYC (111 8th Ave),NY,40.741469,-74.003387,contains,0.0,200.0,25,330995.7,136.88880664767086,28.25,7732059.0,166489.6,166385.5,62.74,Industrial,76 9 AVENUE,1376524800000.0,X,True,False,AREA OF MINIMAL FLOOD HAZARD,high,True,4.0,,0.0,6.0,6.0,,0.095,7.277477264404297
dc_d4fbdd3d160d,CoreSite - San Jose (SV1),CA,37.334508,-121.89143,nearest,9.983881229183318,200.0,29,115479.9,136.39405465959078,13.07,15648160.0,59302.9,59302.88,31.09,Utility and Misc,,1349049600000.0,D,True,False,,high,True,4.0,,0.0,6.0,6.0,4.0,0.655,0.1221932545304298
dc_4fd715d56b5a,FedConnect San Francisco,CA,37.783322,-122.392048,contains,0.0,200.0,24,184749.5,0.0,17.56,16272590.0,184749.5,184749.4,17.56,Residential,,1349049600000.0,X,True,False,AREA OF MINIMAL FLOOD HAZARD,high,True,2.0,,0.0,6.0,6.0,,0.475,0.0928128734230995
dc_8b1409a7c09c,JMA NAC Los Angeles,CA,34.048222,-118.254575,nearest,6.184215240643648,200.0,21,117377.0,6.184215240643648,49.83,14871969.0,117377.0,117376.9,49.83,Commercial,,1350432000000.0,X,True,False,1 PCT DEPTH LESS THAN 1 FOOT,high,True,2.0,,0.0,6.0,6.0,,0.445,0.5556319355964661
dc_64ef535e80b4,Digital Realty SFO (365 Main),CA,37.788616,-122.390816,nearest,11.309498870708008,200.0,29,75143.0,11.309498870708008,22.9,16279841.0,75143.0,75142.94,22.9,Industrial,,1349049600000.0,X,True,False,AREA OF MINIMAL FLOOD HAZARD,high,True,1.0,,0.0,6.0,6.0,3.0,0.475,0.0928128734230995
dc_483139dbc068,The Mission Street Center,CA,37.780581,-122.409099,nearest,5.228432746739096,200.0,26,138988.2,150.16862839419693,21.97,16268096.0,121942.7,121942.6,12.1,Residential,,1349049600000.0,X,True,False,AREA OF MINIMAL FLOOD HAZARD,high,True,4.0,,0.0,6.0,6.0,,0.485,0.0928128734230995
dc_6cd941ab7126,SVTIX San Jose,CA,37.3335,-121.9048,contains,0.0,200.0,30,46864.6,0.0,5.66,15647414.0,46864.6,46864.55,5.66,Unclassified,,1349049600000.0,D,True,False,,high,False,1.0,,0.0,6.0,6.0,,0.635,0.1221932545304298
dc_5c289e8fcbb5,"Equinix NY9 - New York, 111 8th Avenue",NY,40.741469,-74.003387,contains,0.0,200.0,25,330995.7,136.88880664767086,28.25,7732059.0,166489.6,166385.5,62.74,Industrial,76 9 AVENUE,1376524800000.0,X,True,False,AREA OF MINIMAL FLOOD HAZARD,high,True,4.0,,0.0,6.0,6.0,,0.095,7.277477264404297
dc_6377f6789f0d,Digital Realty Seattle SEA10,WA,47.614347,-122.338883,contains,0.0,200.0,27,139990.0,0.0,47.9,10158492.0,139990.0,139886.5,47.9,Industrial,,1273190400000.0,X,True,False,AREA OF MINIMAL FLOOD HAZARD,high,True,2.0,,0.0,6.0,6.0,,0.345,0.6047859191894531
dc_95e3409a561c,KDWEB San Jose,CA,37.333942,-121.889924,nearest,4.487348626855463,200.0,22,137276.4,80.10419200352258,29.83,15647209.0,23025.8,23025.79,14.06,Industrial,,1349049600000.0,D,True,False,,high,True,1.0,,0.0,6.0,6.0,4.0,0.665,0.1221932545304298
dc_2c5adc2a0ab8,Equinix SE2/SE3 - Seattle,WA,47.614358,-122.338864,contains,0.0,200.0,27,139990.0,0.0,47.9,10158492.0,139990.0,139886.5,47.9,Industrial,,1273190400000.0,X,True,False,AREA OF MINIMAL FLOOD HAZARD,high,True,2.0,,0.0,6.0,6.0,,0.345,0.6047859191894531
dc_e060f829c242,"Equinix DC7 - Ashburn, Vienna",VA,38.908422,-77.219692,contains,0.0,200.0,22,105569.8,51.67580270317371,9.74,7898507.0,20261.2,20261.15,19.29,Commercial,7980 QUANTUM DRIVE,1205280000000.0,X,True,False,AREA OF MINIMAL FLOOD HAZARD,high,True,1.0,,0.0,6.0,6.0,1.0,0.055,13.629328727722168
dc_1d517d9c43cf,Equinix LA2 - Los Angeles,CA,34.04902,-118.259396,nearest,6.382388596194371,200.0,20,184955.8,82.42703847914358,42.16,14636591.0,40568.1,40568.07,40.72,Commercial,,1350432000000.0,X,True,False,AREA OF MINIMAL FLOOD HAZARD,high,True,1.0,,0.0,6.0,6.0,,0.445,0.5556319355964661
dc_ed793f68cc82,Digital Realty NYC (32 AofA),NY,40.72,-74.004561,contains,0.0,200.0,23,91414.9,76.73735434143008,26.94,7730897.0,48868.6,48838.0,106.8,Industrial,32 AVENUE OF THE AMERICAS,1376524800000.0,X,True,False,AREA OF MINIMAL FLOOD HAZARD,high,True,1.0,,0.0,6.0,6.0,,0.095,7.277477264404297
dc_c34856e581f7,Digital Realty ATL (56 Marietta),GA,33.755456,-84.39153,contains,0.0,200.0,20,136014.5,49.330200078970904,28.02,17206825.0,15776.9,15776.92,37.45,Commercial,,1351209600000.0,X,True,False,AREA OF MINIMAL FLOOD HAZARD,high,True,1.0,,0.0,6.0,6.0,,0.055,16.562829971313477
dc_0cfbf292e004,"Equinix DC8 - Ashburn, Vienna",VA,38.931419,-77.238951,nearest,29.10801249412843,200.0,24,151539.4,36.29133323316956,7.71,7910789.0,26784.8,26784.72,5.47,Residential,8501 TYCO ROAD,1205280000000.0,X,True,False,AREA OF MINIMAL FLOOD HAZARD,high,False,1.0,,0.0,6.0,6.0,1.0,0.055,13.629328727722168
dc_eb804c8b0e43,Equinix PH1 - Philadelphia,PA,39.959616,-75.161873,nearest,4.087502498785138,200.0,28,231382.1,32.37645798671492,23.89,7867176.0,123764.1,123764.0,49.45,Industrial,,1348012800000.0,X,True,False,AREA OF MINIMAL FLOOD HAZARD,high,True,2.0,,0.0,6.0,6.0,,0.075,9.466512680053713
dc_f8e6324f3558,Evocative San Jose (SV7),CA,37.339028,-121.910595,contains,0.0,200.0,70,43836.7,81.67673945389433,14.36,15658015.0,20903.4,20903.39,5.94,Industrial,,1349049600000.0,X,True,False,0.2 PCT ANNUAL CHANCE FLOOD HAZARD,high,False,1.0,,0.0,6.0,6.0,4.0,0.625,0.1221932545304298
dc_471ff8a35a44,iM Critical Miami,FL,25.848414,-80.195084,contains,0.0,200.0,90,85454.1,107.10254198759878,9.94,30480678.0,39530.3,39530.16,11.04,Commercial,100 NE 80 TER,1392508800000.0,X,True,False,AREA OF MINIMAL FLOOD HAZARD,high,False,1.0,,0.0,6.0,6.0,2.0,0.005,22.965288162231445
dc_f3ae051ee57a,Digital Realty PHX10 (120 E Van Buren),AZ,33.452003,-112.072042,contains,0.0,200.0,19,113456.6,92.22281094393558,34.33,11572548.0,86440.9,86440.76,15.63,Commercial,120 EAST VAN BUREN STREET,1412467200000.0,X,True,False,0.2 PCT ANNUAL CHANCE FLOOD HAZARD,high,True,2.0,,0.0,6.0,6.0,4.0,0.025,7.057002544403076
dc_7c0cbc96d748,Level(3) Sunnyvale,CA,37.373412,-121.98778,contains,0.0,200.0,17,96124.6,65.8933941010121,8.31,15735890.0,75856.7,75856.66,6.44,Industrial,,1349049600000.0,X,True,False,AREA WITH REDUCED FLOOD RISK DUE TO LEVEE,high,False,2.0,,0.0,6.0,6.0,3.0,0.515,0.1221932545304298
dc_cab7dc076637,Printer's Square Chicago (600 S Federal),IL,41.874302,-87.629928,contains,0.0,200.0,27,362171.4,152.12934236827112,46.17,34136315.0,70443.5,70443.47,30.01,Commercial,680 SOUTH FEDERAL STREET,1321315200000.0,X,True,False,AREA OF MINIMAL FLOOD HAZARD,high,True,2.0,,0.0,6.0,6.0,,0.035,16.118194580078125
dc_5a3cb29dc9a8,Netrality - Indy Telcom Center - 733 W. Henry,IN,39.75985,-86.17165,nearest,4.77829625201003,200.0,12,285157.3,110.33840217528169,9.86,18072306.0,21332.0,21331.98,5.02,Commercial,711 WEST HENRY STREET,1314230400000.0,X,True,False,AREA OF MINIMAL FLOOD HAZARD,high,False,2.0,,0.0,6.0,6.0,1.0,0.055,26.43269920349121
dc_0967d5287af9,FiberNet Telecom Group - 60 Hudson St,NY,40.717664,-74.008333,contains,0.0,200.0,26,66438.0,117.00616981061629,21.21,7730764.0,63885.5,63845.47,69.18,Commercial,60 HUDSON STREET,1376524800000.0,X,True,False,AREA OF MINIMAL FLOOD HAZARD,high,True,2.0,,0.0,6.0,6.0,4.0,0.095,7.277477264404297
dc_7d8d010f3707,FiberNet Telecom Group New York (111 Eighth Ave),NY,40.741355,-74.003203,contains,0.0,200.0,24,330995.7,156.92696744791283,28.25,7732059.0,166489.6,166385.5,62.74,Industrial,76 9 AVENUE,1376524800000.0,X,True,False,AREA OF MINIMAL FLOOD HAZARD,high,True,4.0,,0.0,6.0,6.0,,0.095,7.277477264404297
dc_970d93b0c688,Level(3) Weehawken,NJ,40.761825,-74.025031,contains,0.0,200.0,12,274117.9,140.34365661202358,24.52,7696463.0,125262.9,125262.8,15.26,Unclassified,,1376524800000.0,X,True,False,AREA OF MINIMAL FLOOD HAZARD,high,True,2.0,4.0,0.5,4.0,6.0,4.0,0.105,7.277477264404297
dc_c005344da0ff,Markley Group One Summer Street Boston,MA,42.354692,-71.060266,contains,0.0,200.0,20,268625.6,0.0,29.35,7041802.0,268625.6,268625.4,29.35,Commercial,474 WASHINGTON STREET,1242864000000.0,X,True,False,AREA OF MINIMAL FLOOD HAZARD,high,True,3.0,,0.0,6.0,6.0,3.0,0.0849999999999999,3.3172669410705566
dc_d53cb59c41ed,Peace Communications  KNX1,TN,35.966288,-83.921575,nearest,19.026374652899825,200.0,23,74618.2,19.026374652899825,24.54,12286815.0,74618.2,74686.2,24.54,Commercial,520 WEST SUMMIT HILL DRIVE,1414108800000.0,X,True,False,AREA OF MINIMAL FLOOD HAZARD,high,True,2.0,,0.0,6.0,6.0,1.0,0.175,12.287971496582031
dc_2839fc2c5212,Looking Glass Networks NYC Node,NY,40.726368,-74.005592,nearest,8.874959799331988,200.0,34,81968.5,99.55954628395988,28.06,7731264.0,22247.9,22233.93,39.18,Industrial,150 VARICK STREET,1376524800000.0,X,True,False,AREA OF MINIMAL FLOOD HAZARD,high,True,1.0,,0.0,6.0,6.0,,0.095,7.277477264404297
dc_5cdbfb9dbc3c,Level(3) Atlanta (Courtland),GA,33.765138,-84.383731,contains,0.0,200.0,32,170924.2,185.76412115596605,14.73,17223075.0,74636.4,74636.3,20.65,Unclassified,,1351209600000.0,X,True,False,AREA OF MINIMAL FLOOD HAZARD,high,True,1.0,,0.0,6.0,6.0,1.0,0.055,16.562829971313477
dc_02182668c9f0,Level(3) Chicago (Canal),IL,41.884066,-87.639377,contains,0.0,200.0,13,415903.2,46.910549120261486,29.84,34148879.0,61226.3,61226.2,55.68,Industrial,111 NORTH CANAL STREET,1321315200000.0,X,True,False,AREA OF MINIMAL FLOOD HAZARD,high,True,1.0,,0.0,6.0,6.0,,0.035,16.118194580078125
dc_4cfa0741336f,ServerCondo-219 Albuquerque,NM,35.084344,-106.649484,nearest,30.03559246356424,200.0,22,97564.0,148.16694076431807,,12064600.0,22543.2,22537.7,,Residential,219 CENTRAL AVENUE NORTHWEST,1314835200000.0,X,True,False,AREA OF MINIMAL FLOOD HAZARD,high,,1.0,,0.0,6.0,6.0,,0.055,9.913078308105469
dc_2d7b8c28a757,Citynet Columbus,OH,39.968171,-82.994861,contains,0.0,200.0,24,103357.3,21.786580167945527,11.87,9770983.0,14443.1,14443.09,5.16,Commercial,236 NEILSTON STREET,1301616000000.0,X,True,False,AREA OF MINIMAL FLOOD HAZARD,high,False,1.0,,0.0,6.0,6.0,1.0,0.035,14.319350242614746
dc_474103050162,Citynet Pittsburgh,PA,40.447383,-80.003614,contains,0.0,200.0,19,359606.8,49.37428012477634,13.48,7367815.0,20345.9,20345.91,19.83,Commercial,,1312502400000.0,X,True,False,0.2 PCT ANNUAL CHANCE FLOOD HAZARD,high,True,1.0,,0.0,6.0,6.0,1.0,0.025,11.686223030090332
dc_07b3382b03ec,Citynet Indianapolis,IN,39.759534,-86.170711,contains,0.0,200.0,15,285157.3,102.8521196664875,9.86,18072313.0,31824.2,31824.13,12.49,Industrial,600 KENTUCKY AVENUE,1314230400000.0,X,True,False,AREA OF MINIMAL FLOOD HAZARD,high,True,2.0,,0.0,6.0,6.0,1.0,0.055,26.43269920349121
dc_767f1e943a61,PTOR1,OR,45.521366,-122.680792,contains,0.0,200.0,31,41740.7,0.0,28.61,8134650.0,41740.7,41708.01,28.61,Industrial,,1285027200000.0,X,True,False,AREA OF MINIMAL FLOOD HAZARD,high,True,1.0,,0.0,6.0,6.0,,0.165,0.4918390810489654
dc_877f8d001c22,Centersquare New Jersey (EWR5),NJ,40.78616,-74.06912,contains,0.0,200.0,26,772371.8,114.60179978844538,9.62,7740403.0,142610.8,142610.5,7.81,Industrial,,1376524800000.0,X,True,False,AREA OF MINIMAL FLOOD HAZARD,high,False,1.0,,0.0,6.0,6.0,,0.105,7.277477264404297
dc_ef3e0fde0b9d,"Equinix BO1 - Boston, Waltham",MA,42.395346,-71.269187,contains,0.0,200.0,14,156341.0,178.54880359615422,,90458.0,17717.4,17886.83,,Industrial,76 WEST STREET,1572739200000.0,X,True,False,AREA OF MINIMAL FLOOD HAZARD,high,,1.0,1.0,1.0,1.0,1.0,3.0,0.0849999999999999,3.3172669410705566
dc_b2d8b1a270c4,365 Data Centers Chicago (CH6),IL,41.876212,-87.631453,contains,0.0,200.0,26,362171.4,28.822346299749608,46.17,34139019.0,37120.7,37120.71,39.43,Commercial,119 WEST VAN BUREN STREET,1321315200000.0,X,True,False,AREA OF MINIMAL FLOOD HAZARD,high,True,2.0,,0.0,6.0,6.0,,0.035,16.118194580078125
dc_0fddb314e04f,Evocative SJC3,CA,37.378042,-121.954136,contains,0.0,200.0,26,137342.5,185.36418123808855,8.36,15744382.0,25800.7,25800.66,6.61,Industrial,,1349049600000.0,AH,True,True,,high,False,1.0,,0.0,6.0,6.0,,0.555,0.1221932545304298
dc_dce4e16c83f1,Level(3) Nashville (Sidco Drive),TN,36.102726,-86.755786,contains,0.0,200.0,19,244438.9,140.8457413819687,8.68,12134467.0,108888.5,108802.7,7.22,Commercial,2976 SIDCO DRIVE,1136073600000.0,X,True,False,AREA OF MINIMAL FLOOD HAZARD,high,False,1.0,,0.0,6.0,6.0,1.0,0.0849999999999999,16.571094512939453
dc_13a37eb7f85b,IRIS - Nashville,TN,36.162621,-86.776316,contains,0.0,200.0,24,196927.6,64.10266580966875,17.96,12127628.0,23716.7,23697.94,44.87,Commercial,211 COMMERCE STREET,1136073600000.0,X,True,False,AREA OF MINIMAL FLOOD HAZARD,high,True,1.0,,0.0,6.0,6.0,,0.0849999999999999,16.571094512939453
dc_6d10a61e19f2,Cincinnatti Bell - West 7th Street,OH,39.103125,-84.517017,nearest,3.8735796385413552,200.0,33,1292940.8,77.67655868906857,27.78,10452226.0,58514.1,58514.02,59.33,Government,,1425168000000.0,X,True,False,AREA OF MINIMAL FLOOD HAZARD,high,True,1.0,,0.0,6.0,6.0,,0.045,18.68988990783691
dc_572b91bb7df5,Level(3) Cincinnati,OH,39.102533,-84.50313,contains,0.0,200.0,15,165537.5,143.01500051771848,39.78,10452380.0,49675.6,49675.49,37.02,Residential,,1425168000000.0,X,True,False,AREA OF MINIMAL FLOOD HAZARD,high,True,2.0,,0.0,6.0,6.0,1.0,0.045,18.68988990783691
dc_4595feafd7e2,Telehouse - Los Angeles,CA,34.048122,-118.256329,nearest,6.44380343300642,200.0,21,184955.8,148.9227163409876,42.16,14635312.0,50329.4,50329.32,40.78,Industrial,,1350432000000.0,X,True,False,1 PCT DEPTH LESS THAN 1 FOOT,high,True,1.0,,0.0,6.0,6.0,,0.445,0.5556319355964661
dc_f9308489536b,Newport Financial Center,NJ,40.72655,-74.033789,nearest,13.0326300214754,200.0,15,1319225.5,124.7731196879006,15.91,7634111.0,33789.8,33789.77,58.83,Commercial,111 TOWN SQUARE PLACE,1376524800000.0,AE,True,True,,high,True,2.0,,0.0,6.0,6.0,,0.095,7.277477264404297
dc_23d4f87a5267,Netrality St. Louis - 900 Walnut,MO,38.625536,-90.195238,contains,0.0,200.0,9,184128.3,44.330311490914575,26.35,11507567.0,18367.4,18367.43,24.34,Commercial,,1352419200000.0,X,True,False,AREA OF MINIMAL FLOOD HAZARD,high,True,1.0,,0.0,6.0,6.0,1.0,0.165,15.06376838684082
dc_eac2b2368edf,"Equinix LA3/LA4 - Los Angeles, El Segundo",CA,33.918002,-118.384026,contains,0.0,200.0,13,91316.6,0.0,16.83,13236275.0,91316.6,91316.58,16.83,Education,,1350432000000.0,X,True,False,AREA OF MINIMAL FLOOD HAZARD,high,True,2.0,,0.0,6.0,6.0,2.0,0.395,0.3717229962348938
dc_5a62da9c3162,Level(3) New York,NY,40.744,-74.0074,contains,0.0,200.0,18,441275.8,152.5903967901963,14.08,7732206.0,56254.2,56218.92,42.8,Government,46 11 AVENUE,1376524800000.0,X,True,False,0.2 PCT ANNUAL CHANCE FLOOD HAZARD,high,True,2.0,,0.0,6.0,6.0,,0.095,7.277477264404297
dc_1fec2e59960c,165 Halsey Meet-Me Room,NJ,40.736844,-74.173402,contains,0.0,200.0,25,89826.2,0.0,54.25,7652032.0,89826.2,89826.13,54.25,Education,111 MARKET STREET,1376524800000.0,X,True,False,AREA OF MINIMAL FLOOD HAZARD,high,True,2.0,,0.0,6.0,6.0,,0.105,7.277477264404297
dc_f231db004eb1,Crown Castle Brentwood (1650 Islip),NY,40.784184,-73.219864,contains,0.0,200.0,41,30334.8,0.0,,2522100.0,30334.8,30327.36,,Government,1650 ISLIP AVENUE,1552435200000.0,X,True,False,AREA OF MINIMAL FLOOD HAZARD,high,,2.0,,0.0,6.0,6.0,4.0,0.065,5.004805088043213
dc_6c8911ef04ae,710 Tucker St Louis,MO,38.632728,-90.195813,contains,0.0,200.0,22,96543.4,181.92059256267828,40.06,11513507.0,86452.6,86452.56,31.33,Education,,1352419200000.0,X,True,False,AREA OF MINIMAL FLOOD HAZARD,high,True,2.0,,0.0,6.0,6.0,,0.165,15.06376838684082
dc_da9d1fb0b335,CoreSite - Los Angeles (LA2),CA,34.0582,-118.23556,contains,0.0,200.0,21,96193.6,0.0,22.86,14645058.0,96193.6,96193.51,22.86,Assembly,,1350432000000.0,X,True,False,AREA OF MINIMAL FLOOD HAZARD,high,True,2.0,,0.0,6.0,6.0,,0.445,0.5556319355964661
dc_db0f207e9b74,XO Nashville,TN,36.158837,-86.772516,contains,0.0,200.0,29,31344.1,138.03449852811335,8.94,12215474.0,26964.8,26943.47,8.92,Commercial,101 MOLLOY STREET,1136073600000.0,X,True,False,AREA OF MINIMAL FLOOD HAZARD,high,False,2.0,,0.0,6.0,6.0,,0.0849999999999999,16.571094512939453
dc_93d82a58a852,Network 222,WI,43.073116,-89.386502,nearest,12.774147608849622,200.0,29,133116.9,192.22176675056252,14.4,10446673.0,83650.1,83660.99,15.98,Commercial,,1270771200000.0,X,True,False,AREA OF MINIMAL FLOOD HAZARD,high,True,3.0,,0.0,6.0,6.0,1.0,0.015,9.417593955993652
dc_f94db4d64ace,OCDC Orange County Datacenter Santa Ana,CA,33.730192,-117.850521,nearest,67.25636549912984,200.0,20,154917.5,69.15543140305415,5.48,13770747.0,10799.5,10799.49,7.6,Unclassified,,1350432000000.0,X,True,False,AREA OF MINIMAL FLOOD HAZARD,high,False,1.0,,0.0,6.0,6.0,,0.335,0.6565972566604614
dc_9448c3ccf011,iConnect Billings Fiber Hotel,MT,45.780784,-108.511788,nearest,29.085169028668172,200.0,41,60663.7,149.76643652226136,,2377176.0,7251.3,7252.195,,Unclassified,235 NORTH 32ND STREET,1531872000000.0,X,True,False,AREA OF MINIMAL FLOOD HAZARD,high,,1.0,,0.0,6.0,6.0,,0.055,6.671207427978516
dc_c97738231c91,iConnect Missoula,MT,46.872109,-113.993787,contains,0.0,200.0,22,185138.3,141.2023004084112,,11000345.0,113211.7,113266.0,,Commercial,300 NORTH HIGGINS AVENUE,1565049600000.0,X,True,False,AREA OF MINIMAL FLOOD HAZARD,high,,4.0,,0.0,6.0,6.0,3.0,0.075,5.973574161529541
dc_d8cbb9e4b58b,CoreSite - Denver (DE1),CO,39.74565,-104.99534,nearest,3.0680376533100757,200.0,21,1447026.2,149.6856674810407,21.11,15733952.0,106026.7,106026.6,48.25,Unclassified,910 15TH STREET,1337212800000.0,X,True,False,AREA OF MINIMAL FLOOD HAZARD,high,True,2.0,,0.0,6.0,6.0,3.0,0.045,10.969576835632324
dc_50e4626e32e8,WOW! Business (Tampa Datacenter),FL,27.947439,-82.458854,nearest,9.732521646389198,200.0,26,76420.2,114.01286470045036,21.8,31392037.0,42422.4,42422.25,76.0,Commercial,400 N TAMPA ST,1340668800000.0,X,True,False,0.2 PCT ANNUAL CHANCE FLOOD HAZARD IN COASTAL ZONE,high,True,2.0,,0.0,6.0,6.0,2.0,0.005,28.616392135620117
dc_2e3dadc752a4,Digital Realty DFW (2323 Bryan St),TX,32.78693,-96.794018,nearest,27.80290203052816,200.0,5,27517.7,38.03471277994731,16.21,29817305.0,583.3,583.312,3.61,Unclassified,,1435708800000.0,X,True,False,AREA OF MINIMAL FLOOD HAZARD,high,False,1.0,,0.0,6.0,6.0,,0.025,18.841638565063477
dc_45ec8b20e65d,Digital Realty LAX (600 W 7th),CA,34.047282,-118.256692,nearest,10.301109370075531,200.0,19,184955.8,136.0683175870119,42.16,14634908.0,68664.1,68664.0,35.53,Commercial,,1350432000000.0,X,True,False,1 PCT DEPTH LESS THAN 1 FOOT,high,True,2.0,,0.0,6.0,6.0,,0.445,0.5556319355964661
dc_559731ec2e30,Digital Realty IAD (44480 Hastings),VA,39.017808,-77.462489,contains,0.0,200.0,6,435356.1,195.14994758918203,,7873153.0,297023.6,297023.3,8.28,Commercial,44480 HASTINGS DRIVE,1205280000000.0,X,True,False,AREA OF MINIMAL FLOOD HAZARD,high,False,3.0,1.0,0.3333333333333333,6.0,6.0,1.0,0.055,13.613815307617188
dc_47d937b135c2,Netrality Houston - 1301 Fannin,TX,29.754104,-95.365803,nearest,9.668393494229164,200.0,12,619505.5,161.25062199434186,51.14,28491171.0,62217.7,62217.6,82.55,Commercial,1301 FANNIN ST,1264204800000.0,X,True,False,AREA OF MINIMAL FLOOD HAZARD,high,True,1.0,,0.0,6.0,6.0,,0.015,20.972787857055664
dc_4b5aca5e22a3,190 Park Center Plaza San Jose,CA,37.332931,-121.891362,nearest,9.636176089670675,200.0,28,164591.8,160.41177813840187,12.45,15645340.0,28348.6,28348.56,23.75,Education,,1349049600000.0,D,True,False,,high,True,1.0,,0.0,6.0,6.0,4.0,0.655,0.1221932545304298
dc_cda90edc406a,The Franklin Exchange Tampa,FL,27.949592,-82.458713,nearest,4.878281281184472,200.0,32,46321.3,59.8453930352318,15.3,31393716.0,42298.5,42298.27,41.2,Industrial,655 N FRANKLIN ST,1340668800000.0,X,True,False,AREA OF MINIMAL FLOOD HAZARD,high,True,1.0,,0.0,6.0,6.0,2.0,0.005,28.616392135620117
dc_2e34e7874bca,Level(3) Oakland,CA,37.834675,-122.286597,contains,0.0,200.0,53,122474.8,62.98257291706487,9.53,16328984.0,119530.8,119530.7,8.84,Government,,1349049600000.0,X,True,False,AREA OF MINIMAL FLOOD HAZARD,high,False,4.0,,0.0,6.0,6.0,4.0,0.585,0.0928128734230995
dc_7fe57b05a442,Netrality Kansas City - 1102 Grand,MO,39.100947,-94.580944,nearest,7.686478471041416,200.0,16,594084.9,127.76042926631192,32.65,11230219.0,41925.7,41925.64,43.28,Commercial,1116 GRAND BOULEVARD,1329609600000.0,X,True,False,AREA OF MINIMAL FLOOD HAZARD,high,True,1.0,,0.0,6.0,6.0,,0.025,20.675199508666992
dc_070bebed08d4,Digital Realty CHI (350 E Cermak),IL,41.85365,-87.618342,contains,0.0,200.0,12,4249157.4,67.46827436472692,26.04,35011105.0,247826.3,247826.1,27.25,Commercial,2105 SOUTH PRAIRIE AVENUE,1321315200000.0,X,True,False,AREA OF MINIMAL FLOOD HAZARD,high,True,4.0,,0.0,6.0,6.0,,0.035,16.118194580078125
dc_224c864afb76,Digital Realty OAK (720 2nd St),CA,37.799021,-122.282507,contains,0.0,200.0,32,60093.9,180.31172398521213,6.62,16294316.0,33619.3,33619.25,19.84,Industrial,,1349049600000.0,X,True,False,AREA OF MINIMAL FLOOD HAZARD,high,True,1.0,,0.0,6.0,6.0,,0.595,0.0928128734230995
dc_c8a36d575578,Digital Realty SJC (2820 NW Pkwy),CA,37.372818,-121.973377,contains,0.0,200.0,15,111468.5,190.87212734345968,7.04,15734455.0,95003.8,95003.7,11.23,Unclassified,,1349049600000.0,X,True,False,0.2 PCT ANNUAL CHANCE FLOOD HAZARD,high,False,1.0,,0.0,6.0,6.0,,0.525,0.1221932545304298
dc_97a9a746d058,GAP Union Station,IN,41.669526,-86.255805,nearest,10.748186520486238,200.0,20,308385.8,86.50005164273956,,10196916.0,26984.1,26041.22,,Industrial,506 WEST SOUTH STREET,1537660800000.0,X,True,False,AREA OF MINIMAL FLOOD HAZARD,high,,1.0,,0.0,6.0,6.0,1.0,0.035,14.747052192687988
dc_20dbd0561061,Carolina Internet / CaroNet,NC,35.173324,-80.925975,contains,0.0,200.0,12,119716.5,0.0,8.0,15055456.0,119716.5,119716.3,8.0,Industrial,900 CENTER PARK DRIVE,1328745600000.0,X,True,False,AREA OF MINIMAL FLOOD HAZARD,high,False,1.0,,0.0,6.0,6.0,4.0,0.065,14.088505744934082
dc_a15321ccd7ac,TierPoint Spokane,WA,47.671879,-117.09123,contains,0.0,200.0,21,75992.6,53.25814184016855,6.76,10415975.0,35247.1,35218.88,11.06,Commercial,,1225324800000.0,X,True,False,AREA OF MINIMAL FLOOD HAZARD,high,False,1.0,,0.0,6.0,6.0,2.0,0.035,2.4368741512298584
dc_6cab86b4b98b,US Bank Building,WA,47.65801,-117.4185,nearest,20.360287106395532,200.0,21,773994.2,20.360287106395532,24.68,10412708.0,773994.2,773394.3,24.68,Education,,1225324800000.0,X,True,False,AREA OF MINIMAL FLOOD HAZARD,high,True,6.0,,0.0,6.0,6.0,3.0,0.035,2.4368741512298584
dc_cb6d24a8690a,324 E Wisconsin,WI,43.03873,-87.907475,nearest,13.584288327854988,200.0,25,100897.2,91.0765111177976,37.53,10206442.0,44660.8,44631.05,35.46,Commercial,,1351900800000.0,X,True,False,AREA OF MINIMAL FLOOD HAZARD,high,True,1.0,,0.0,6.0,6.0,,0.015,8.040300369262695
dc_aa41048d7691,Lumen Boston,MA,42.367691,-71.086779,nearest,7.2788589501519185,200.0,47,102069.6,7.2788589501519185,18.64,7195194.0,102069.6,102069.5,18.64,Government,300 BENT STREET,1242864000000.0,X,True,False,AREA OF MINIMAL FLOOD HAZARD,high,True,4.0,,0.0,6.0,6.0,2.0,0.0849999999999999,3.3172669410705566
dc_af88d300efeb,"1101 Stewart Ave, Garden City",NY,40.73616,-73.594195,contains,0.0,200.0,27,54877.7,114.61214710979031,,1121934.0,44044.1,44024.1,,Commercial,1101 STEWART AVENUE,1550534400000.0,X,True,False,AREA OF MINIMAL FLOOD HAZARD,high,,1.0,,0.0,6.0,6.0,5.0,0.075,6.484174728393555
dc_fd11a1f44708,180 E Broad St.,OH,39.962785,-82.996184,nearest,22.799293496466564,200.0,26,110860.4,191.76916911646632,26.7,9765568.0,36355.1,36355.08,22.04,Assembly,100 BROAD STREET,1301616000000.0,X,True,False,AREA OF MINIMAL FLOOD HAZARD,high,True,1.0,,0.0,6.0,6.0,1.0,0.035,14.319350242614746
dc_bb7e64ba6a05,Equinix DA4 - Dallas,TX,32.786929,-96.794018,nearest,27.72413548980548,200.0,5,27517.7,37.92649569689995,16.21,29817305.0,583.3,583.312,3.61,Unclassified,,1435708800000.0,X,True,False,AREA OF MINIMAL FLOOD HAZARD,high,False,1.0,,0.0,6.0,6.0,,0.025,18.841638565063477
dc_e4de78d83084,"Equinix NY8 - New York, 60 Hudson",NY,40.717723,-74.008299,contains,0.0,200.0,25,66438.0,123.7619081620963,21.21,7730764.0,63885.5,63845.47,69.18,Commercial,60 HUDSON STREET,1376524800000.0,X,True,False,AREA OF MINIMAL FLOOD HAZARD,high,True,2.0,,0.0,6.0,6.0,4.0,0.095,7.277477264404297
dc_4f362c566385,SBTC,WA,47.612139,-122.340036,contains,0.0,200.0,28,139990.0,193.6374938805406,47.9,10157621.0,83496.5,83434.85,19.34,Commercial,,1273190400000.0,X,True,False,AREA OF MINIMAL FLOOD HAZARD,high,True,1.0,,0.0,6.0,6.0,,0.345,0.6047859191894531
dc_64860b293bb0,"Equinix NY7 - New York, North Bergen",NJ,40.796857,-74.031129,contains,0.0,200.0,9,171634.8,158.39220748921613,17.64,7764209.0,72350.6,72350.56,11.39,Industrial,,1376524800000.0,X,True,False,AREA OF MINIMAL FLOOD HAZARD,high,False,2.0,4.0,0.5,4.0,4.0,4.0,0.105,7.277477264404297
dc_1ba158ee3c5f,3500 Garrott,TX,29.741436,-95.385784,contains,0.0,200.0,165,35227.5,173.22251745831176,5.91,28422304.0,1995.3,1995.326,6.62,Residential,3500 GARROTT ST,1264204800000.0,X,True,False,AREA OF MINIMAL FLOOD HAZARD,high,False,1.0,,0.0,6.0,6.0,,0.015,20.972787857055664
dc_d6ee1c60c7cf,Equinix MI2 - Miami,FL,25.77603,-80.19309,nearest,0.3621842763341998,200.0,19,162425.1,0.3621842763341998,21.25,30407427.0,162425.1,162424.5,21.25,Education,36 NE 2 ST,1392508800000.0,X,True,False,AREA OF MINIMAL FLOOD HAZARD,high,True,4.0,,0.0,6.0,6.0,3.0,0.005,22.965288162231445
dc_fc171f02d21c,5Nines Data,WI,43.073116,-89.386502,nearest,12.774147608849622,200.0,29,133116.9,192.22176675056252,14.4,10446673.0,83650.1,83660.99,15.98,Commercial,,1270771200000.0,X,True,False,AREA OF MINIMAL FLOOD HAZARD,high,True,3.0,,0.0,6.0,6.0,1.0,0.015,9.417593955993652
dc_da694d866879,H5 Data Centers Nashville,TN,36.16294,-86.77855,contains,0.0,200.0,27,293977.0,153.55019733212856,15.92,12127624.0,39428.7,39397.52,28.22,Commercial,147 4TH AVENUE NORTH,1136073600000.0,X,True,False,AREA OF MINIMAL FLOOD HAZARD,high,True,1.0,,0.0,6.0,6.0,,0.0849999999999999,16.571094512939453
dc_597fa7e4dbb1,Epsilon Global Hubs New York (60 Hudson),NY,40.717664,-74.008333,contains,0.0,200.0,26,66438.0,117.00616981061629,21.21,7730764.0,63885.5,63845.47,69.18,Commercial,60 HUDSON STREET,1376524800000.0,X,True,False,AREA OF MINIMAL FLOOD HAZARD,high,True,2.0,,0.0,6.0,6.0,4.0,0.095,7.277477264404297
dc_e58ccf16d115,QTS Santa Clara (SJC1/SJC2),CA,37.394031,-121.978279,contains,0.0,200.0,9,87115.7,145.65939802036428,8.34,15773408.0,34791.1,34791.03,9.63,Unclassified,,1349049600000.0,X,True,False,AREA WITH REDUCED FLOOD RISK DUE TO LEVEE,high,False,1.0,,0.0,6.0,6.0,3.0,0.515,0.1221932545304298
dc_a26daee8f0b8,QTS Jersey City (JCY1),NJ,40.719403,-74.04282,nearest,10.248910528505547,200.0,52,68655.1,10.248910528505547,49.46,7617984.0,68655.1,68655.06,49.46,Commercial,95 COLUMBUS DRIVE,1376524800000.0,X,True,False,AREA OF MINIMAL FLOOD HAZARD,high,True,2.0,,0.0,6.0,6.0,,0.095,7.277477264404297
dc_e5cafa592f46,QTS Atlanta-Suwanee (SUW1),GA,34.0353,-84.0614,contains,0.0,200.0,4,323613.3,0.0,,9092711.0,323613.3,322189.1,,Commercial,,1543363200000.0,X,True,False,AREA OF MINIMAL FLOOD HAZARD,high,,4.0,3.0,0.25,6.0,6.0,3.0,0.065,16.0975399017334
dc_ef06ca20995a,QTS Atlanta-Metro (ATL1),GA,33.777526,-84.421036,contains,0.0,200.0,7,713190.3,0.0,7.99,17462468.0,713190.3,713189.6,7.99,Commercial,,1351209600000.0,X,True,False,AREA OF MINIMAL FLOOD HAZARD,high,False,6.0,,0.0,6.0,6.0,3.0,0.055,16.562829971313477
dc_b1fceb7d2ac8,QTS Miami (MIA1),FL,25.791541,-80.379598,contains,0.0,200.0,11,316468.1,182.0668827408905,11.07,30419045.0,27681.2,27681.03,6.7,Industrial,11234 NW 20 ST,1392508800000.0,AH,True,True,,high,False,4.0,,0.0,6.0,6.0,3.0,0.005,22.965288162231445
dc_b2178656f857,1025Connect,NY,40.7558,-73.557923,contains,0.0,200.0,59,117767.2,144.9797198260148,,6016191.0,73146.9,73115.13,,Commercial,1025 OLD COUNTRY ROAD,1550534400000.0,X,True,False,AREA OF MINIMAL FLOOD HAZARD,high,,2.0,,0.0,6.0,6.0,4.0,0.075,6.484174728393555
dc_5f959f8ebedd,Intergate West / Digital.forest / Fortress,WA,47.494136,-122.29441,contains,0.0,200.0,12,38579.1,173.81435951600406,9.87,10090645.0,19597.9,19583.53,19.37,Commercial,,1273190400000.0,X,True,False,AREA OF MINIMAL FLOOD HAZARD,high,True,1.0,,0.0,6.0,6.0,1.0,0.345,0.4631632566452026
dc_69889b71d3f5,274 Brannan Street,CA,37.782582,-122.391764,contains,0.0,200.0,24,184749.5,34.69334886258251,17.56,16270814.0,19733.7,19733.71,23.26,Industrial,,1349049600000.0,X,True,False,AREA OF MINIMAL FLOOD HAZARD,high,True,1.0,,0.0,6.0,6.0,,0.475,0.0928128734230995
dc_b7447025e854,FiberNet Telecom Group Newark - 165 Halsey,NJ,40.736844,-74.173402,contains,0.0,200.0,25,89826.2,0.0,54.25,7652032.0,89826.2,89826.13,54.25,Education,111 MARKET STREET,1376524800000.0,X,True,False,AREA OF MINIMAL FLOOD HAZARD,high,True,2.0,,0.0,6.0,6.0,,0.105,7.277477264404297
dc_f2547bb7a78e,365 Data Centers Ft. Lauderdale (FLL),FL,26.184971,-80.190819,contains,0.0,200.0,13,107646.5,157.75054052097715,5.63,30904332.0,28719.0,28718.89,13.22,Commercial,,1392508800000.0,X,True,False,AREA OF MINIMAL FLOOD HAZARD,high,True,1.0,,0.0,6.0,6.0,1.0,0.005,26.05278587341309
dc_b4cb8f3be956,"Colo at 55, LLC",GA,33.755474,-84.391094,nearest,15.942834516843853,200.0,25,136014.5,76.12741511725427,28.02,17206825.0,15776.9,15776.92,37.45,Commercial,,1351209600000.0,X,True,False,AREA OF MINIMAL FLOOD HAZARD,high,True,1.0,,0.0,6.0,6.0,,0.055,16.562829971313477
dc_cc49cc794d73,Telecom Center LA,CA,34.048222,-118.254575,nearest,6.184215240643648,200.0,21,117377.0,6.184215240643648,49.83,14871969.0,117377.0,117376.9,49.83,Commercial,,1350432000000.0,X,True,False,1 PCT DEPTH LESS THAN 1 FOOT,high,True,2.0,,0.0,6.0,6.0,,0.445,0.5556319355964661
dc_a61f211e8fc1,Colo4Dallas,TX,32.807888,-96.857296,contains,0.0,200.0,12,72632.8,153.23052404433437,6.41,29947292.0,71792.2,71792.1,5.58,Commercial,3000 IRVING BLVD,1435708800000.0,X,True,False,AREA WITH REDUCED FLOOD RISK DUE TO LEVEE,high,False,2.0,,0.0,6.0,6.0,2.0,0.025,18.841638565063477
dc_583749301cba,CoreSite - Reston (VA1),VA,38.950631,-77.364541,contains,0.0,200.0,9,136878.0,0.0,8.76,7921874.0,136878.0,136877.9,8.76,Commercial,12100 SUNRISE VALLEY DRIVE,1205280000000.0,X,True,False,AREA OF MINIMAL FLOOD HAZARD,high,False,2.0,,0.0,6.0,6.0,1.0,0.055,13.629328727722168
dc_a19dbeb11233,CoreSite - New York (NY1),NY,40.72,-74.004561,contains,0.0,200.0,23,91414.9,76.73735434143008,26.94,7730897.0,48868.6,48838.0,106.8,Industrial,32 AVENUE OF THE AMERICAS,1376524800000.0,X,True,False,AREA OF MINIMAL FLOOD HAZARD,high,True,1.0,,0.0,6.0,6.0,,0.095,7.277477264404297
dc_bed5d7adeebd,ColoHouse Miami,FL,25.776033,-80.193092,nearest,0.7010647328960676,200.0,19,162425.1,0.7010647328960676,21.25,30407427.0,162425.1,162424.5,21.25,Education,36 NE 2 ST,1392508800000.0,X,True,False,AREA OF MINIMAL FLOOD HAZARD,high,True,4.0,,0.0,6.0,6.0,3.0,0.005,22.965288162231445
dc_555e7f99046e,Equinix DE2 - Denver,CO,39.5604,-104.85783,contains,0.0,200.0,5,110121.3,0.0,6.57,15044790.0,110121.3,110121.2,6.57,Unclassified,335 INVERNESS DRIVE SOUTH,1337212800000.0,X,True,False,AREA OF MINIMAL FLOOD HAZARD,high,False,2.0,,0.0,6.0,6.0,3.0,0.045,10.969576835632324
dc_6073295c9610,Equinix CU1/CU2/CU3/CU4 - Culpeper,VA,38.454881,-77.978325,contains,0.0,200.0,6,197854.1,22.1510707562273,,50479116.0,49487.7,49530.45,,Commercial,18155 TECHNOLOGY DRIVE,1535932800000.0,X,True,False,AREA OF MINIMAL FLOOD HAZARD,high,,2.0,,0.0,6.0,6.0,2.0,0.075,13.383992195129396
dc_e3f553271048,Telehouse - Teleport Center (New York),NY,40.60723,-74.17269,contains,0.0,200.0,13,94211.7,0.0,10.94,7699462.0,94211.7,94147.63,10.94,Commercial,10 TELEPORT DRIVE,1376524800000.0,X,True,False,AREA OF MINIMAL FLOOD HAZARD,high,False,4.0,3.0,0.5,3.0,3.0,4.0,0.105,7.277477264404297
dc_682c5aa2595c,Level(3) Jersey City,NJ,40.718534,-74.037494,contains,0.0,200.0,18,81572.0,131.82407955533623,25.69,7616617.0,18572.1,18572.03,63.46,Commercial,1 EVERTRUST PLAZA,1376524800000.0,AE,True,True,,high,True,1.0,,0.0,6.0,6.0,,0.095,7.277477264404297
dc_d8cbe6a83e85,YRIX,MT,45.78078,-108.51179,nearest,29.55595569857784,200.0,41,60663.7,149.9904832019654,,2377176.0,7251.3,7252.195,,Unclassified,235 NORTH 32ND STREET,1531872000000.0,X,True,False,AREA OF MINIMAL FLOOD HAZARD,high,,1.0,,0.0,6.0,6.0,,0.055,6.671207427978516
dc_a5f0be3912b0,"Kanobe, LLC",WA,47.779371,-122.190511,contains,0.0,200.0,11,156808.0,0.0,,7002381.0,156808.0,156696.7,,Industrial,,1565740800000.0,X,True,False,AREA OF MINIMAL FLOOD HAZARD,high,,2.0,,0.0,6.0,6.0,1.0,0.295,0.6047859191894531
dc_97685944d21e,LightEdge San Diego 1 (SAN1),CA,32.828068,-117.129906,contains,0.0,200.0,7,90510.1,0.0,,3300047.0,90510.1,91635.11,,Industrial,,1475020800000.0,X,True,False,AREA OF MINIMAL FLOOD HAZARD,high,,4.0,,0.0,6.0,6.0,3.0,0.285,0.6888867616653442
dc_42fe8c21d049,LightEdge San Diego 2 (SAN2),CA,32.897149,-117.20105,contains,0.0,200.0,13,86930.2,145.6401481122275,,5881891.0,83268.2,83497.35,,Commercial,,1475020800000.0,X,True,False,AREA OF MINIMAL FLOOD HAZARD,high,,3.0,,0.0,6.0,6.0,3.0,0.285,0.6888867616653442
dc_2718db0e3e25,Cologix MIN1,MN,44.971408,-93.25458,contains,0.0,200.0,17,88316.9,0.0,12.7,11071597.0,88316.9,88247.18,12.7,Commercial,511 11TH AVENUE SOUTH,1335744000000.0,X,True,False,AREA OF MINIMAL FLOOD HAZARD,high,True,1.0,,0.0,6.0,6.0,1.0,0.005,10.622698783874512
dc_dc9cfe14a3c1,JSLLC Bozeman,MT,45.680672,-111.035371,contains,0.0,200.0,59,66625.1,123.2410392133156,,1849219.0,14582.0,14570.33,,Residential,109 EAST MENDENHALL STREET,1563580800000.0,X,True,False,AREA OF MINIMAL FLOOD HAZARD,high,,2.0,,0.0,6.0,6.0,1.0,0.135,6.496598720550537
dc_1a7218366cda,Level(3) Salt Lake City,UT,40.756316,-111.955031,contains,0.0,200.0,13,60676.8,0.0,8.54,16189242.0,60676.8,60638.02,8.54,Industrial,572 SOUTH DELONG STREET,1284768000000.0,X,True,False,AREA OF MINIMAL FLOOD HAZARD,high,False,2.0,,0.0,6.0,6.0,2.0,0.195,5.014902114868164
dc_fd9603176e38,XO Salt Lake City IP PoP,UT,40.750975,-111.979876,contains,0.0,200.0,9,95723.4,161.61730925481834,,16185974.0,45621.6,45592.75,7.42,Industrial,3709 WEST 800 SOUTH,1284768000000.0,X,True,False,AREA OF MINIMAL FLOOD HAZARD,high,False,2.0,,0.0,6.0,6.0,2.0,0.205,5.014902114868164
dc_84bb862c11a5,NASA Moffet Field,CA,37.420567,-122.040197,nearest,48.06062852831508,200.0,3,6256.7,72.11859380090588,4.11,15810733.0,4544.2,4544.206,3.38,Utility and Misc,,1349049600000.0,D,True,False,,high,False,1.0,,0.0,6.0,3.0,3.0,0.505,0.0865766629576683
dc_ace039d9399a,Quonix Datacenter (2401 Locust St),PA,39.950345,-75.180048,contains,0.0,200.0,43,40420.9,69.77072491078006,30.14,7861705.0,12083.7,12083.75,17.53,Industrial,,1348012800000.0,X,True,False,0.2 PCT ANNUAL CHANCE FLOOD HAZARD,high,True,1.0,,0.0,6.0,6.0,2.0,0.075,9.466512680053713
dc_087ab67b867b,Digital Realty EWR (100 Delawanna),NJ,40.829926,-74.126752,contains,0.0,200.0,60,341839.1,95.17800033577906,12.74,7821270.0,28470.8,28470.75,29.83,Industrial,100 DELAWANNA AVENUE,1376524800000.0,X,True,False,AREA OF MINIMAL FLOOD HAZARD,high,True,4.0,,0.0,6.0,6.0,3.0,0.105,7.277477264404297
dc_b853c136e629,Equinix AT1 - Atlanta,GA,33.758485,-84.387673,nearest,5.933637070071655,200.0,24,1553498.9,5.933637070071655,30.27,17217821.0,1553498.9,1553498.0,30.27,Utility and Misc,,1351209600000.0,X,True,False,AREA OF MINIMAL FLOOD HAZARD,high,True,10.0,,0.0,6.0,6.0,,0.055,16.562829971313477
dc_8571719d8d4f,Flex Data Center,VA,38.951881,-77.346564,contains,0.0,200.0,9,209915.6,181.19519535720897,15.45,7922083.0,20039.7,20039.72,5.63,Education,11517 SUNSET HILLS ROAD,1205280000000.0,X,True,False,AREA OF MINIMAL FLOOD HAZARD,high,False,1.0,,0.0,6.0,6.0,1.0,0.055,13.629328727722168
dc_d066029539f1,Netriplex,NC,35.488137,-82.557785,contains,0.0,200.0,9,56132.3,0.0,,50824522.0,56132.3,56114.9,,Commercial,100 TECHNOLOGY DRIVE,1581638400000.0,X,True,False,AREA OF MINIMAL FLOOD HAZARD,high,,2.0,2.0,0.5,2.0,6.0,4.0,0.0849999999999999,12.297951698303224
dc_474021bfadb0,800 south hope,CA,34.046483,-118.259013,nearest,12.246002542340475,200.0,14,184955.8,30.100207792583117,42.16,14633255.0,31596.5,31596.46,28.49,Commercial,,1350432000000.0,AE,True,True,,high,True,1.0,,0.0,6.0,6.0,,0.445,0.5556319355964661
dc_5cda8a3851c2,Equinix CH3 - Elk Grove,IL,42.001171,-87.954882,contains,0.0,200.0,11,244577.2,175.49600461147634,11.39,34586287.0,113210.2,113210.0,16.53,Industrial,1905 LUNT AVENUE,1321315200000.0,X,True,False,AREA OF MINIMAL FLOOD HAZARD,high,True,2.0,,0.0,6.0,6.0,,0.035,14.088419914245604
dc_4d5eb2ad3758,Login Tucson,AZ,32.244939,-110.969165,contains,0.0,200.0,82,27390.4,140.5857701022355,4.18,11924052.0,20562.5,20562.48,4.33,Commercial,1855 NORTH 6TH AVENUE,1156636800000.0,X,True,False,AREA OF MINIMAL FLOOD HAZARD,high,False,2.0,,0.0,6.0,6.0,,0.015,9.74954605102539
dc_0d2326038c4d,QuadraNet DTLA,CA,34.048222,-118.254575,nearest,6.184215240643648,200.0,21,117377.0,6.184215240643648,49.83,14871969.0,117377.0,117376.9,49.83,Commercial,,1350432000000.0,X,True,False,1 PCT DEPTH LESS THAN 1 FOOT,high,True,2.0,,0.0,6.0,6.0,,0.445,0.5556319355964661
dc_41636269afae,801 Main Street - Lenoir,NC,35.922479,-81.54274,contains,0.0,200.0,49,27018.0,0.0,,14011350.0,27018.0,26781.42,,Industrial,801 NORTH MAIN STREET NORTHWEST,1513900800000.0,X,True,False,AREA OF MINIMAL FLOOD HAZARD,high,,1.0,,0.0,6.0,6.0,4.0,0.065,11.960246086120604
dc_3875880f621c,Tonaquint Data Center - Saint George,UT,37.081472,-113.607242,contains,0.0,200.0,15,28927.6,0.0,,8276159.0,28927.6,28942.79,,Commercial,1108 WEST 1600 SOUTH,1536537600000.0,X,True,False,AREA OF MINIMAL FLOOD HAZARD,high,,1.0,,0.0,6.0,6.0,4.0,0.0849999999999999,4.522087574005127
dc_381edb33d816,XO 818 West 7th,CA,34.048852,-118.259479,contains,0.0,200.0,21,184955.8,76.90281195069856,42.16,14636591.0,40568.1,40568.07,40.72,Commercial,,1350432000000.0,X,True,False,AREA OF MINIMAL FLOOD HAZARD,high,True,1.0,,0.0,6.0,6.0,,0.445,0.5556319355964661
dc_9dd5566a71a7,XO 600 West 7th,CA,34.0472,-118.2567,nearest,12.314271137305326,200.0,19,184955.8,140.62659122725597,42.16,14634908.0,68664.1,68664.0,35.53,Commercial,,1350432000000.0,X,True,False,1 PCT DEPTH LESS THAN 1 FOOT,high,True,2.0,,0.0,6.0,6.0,,0.445,0.5556319355964661
dc_fbb53be5b475,Level(3) Dallas,TX,32.807584,-96.86816,nearest,10.898062885382965,200.0,11,248222.1,119.68531174375282,7.93,29938495.0,81281.3,81281.19,8.21,Commercial,3180 IRVING BLVD,1435708800000.0,X,True,False,AREA WITH REDUCED FLOOD RISK DUE TO LEVEE,high,False,2.0,,0.0,6.0,6.0,2.0,0.025,18.841638565063477
dc_52d8bce06fbc,ixColo,NY,42.884227,-78.875514,contains,0.0,200.0,18,326928.2,0.0,29.05,8162722.0,326928.2,326908.8,29.05,Government,400 MAIN STREET,1427846400000.0,X,True,False,AREA OF MINIMAL FLOOD HAZARD,high,True,3.0,,0.0,6.0,6.0,,0.025,8.291032791137695
dc_4b5f2abb8123,Level(3) Seattle (Denny Way),WA,47.619054,-122.336393,contains,0.0,200.0,29,88697.5,98.38819480551268,11.67,10160589.0,57562.8,57520.25,9.51,Industrial,,1273190400000.0,X,True,False,AREA OF MINIMAL FLOOD HAZARD,high,False,2.0,,0.0,6.0,6.0,,0.345,0.6047859191894531
dc_bce2a55a99d1,501 Franklin Ave,NY,40.7217,-73.6312,contains,0.0,200.0,40,93415.9,0.0,,6005598.0,93415.9,93371.92,,Commercial,401 FRANKLIN AVENUE,1550534400000.0,X,True,False,AREA OF MINIMAL FLOOD HAZARD,high,,3.0,,0.0,6.0,6.0,5.0,0.0849999999999999,6.484174728393555
dc_5ed930ed15c9,Zayo Networks,CO,39.964963,-105.165261,contains,0.0,200.0,14,147584.5,170.0241660320091,7.83,15704579.0,21191.6,21191.62,8.47,Commercial,,1337212800000.0,X,True,False,AREA OF MINIMAL FLOOD HAZARD,high,False,2.0,,0.0,6.0,6.0,4.0,0.055,8.949381828308105
dc_3d8ba6265059,SBA Edge - Jacksonville (JAX),FL,30.331375,-81.662322,contains,0.0,200.0,23,122151.3,123.36226830775902,20.0,31843070.0,25961.4,25961.37,30.5,Residential,421 W CHURCH ST,1267660800000.0,X,True,False,AREA OF MINIMAL FLOOD HAZARD,high,True,1.0,,0.0,6.0,6.0,,0.025,23.808124542236328
dc_bd177f82d3dd,Level(3) Kansas City,MO,39.101004,-94.582095,nearest,5.09077813147211,200.0,15,594084.9,5.09077813147211,32.65,11275890.0,594084.9,594084.3,32.65,Residential,18 PETTICOAT LANE,1329609600000.0,X,True,False,AREA OF MINIMAL FLOOD HAZARD,high,True,4.0,,0.0,6.0,6.0,,0.025,20.675199508666992
dc_dad53bb36c30,801 Tenth Street Modesto (Ayera),CA,37.638551,-120.998503,contains,0.0,200.0,32,81238.8,164.3840195523749,10.19,17619878.0,17236.1,17236.07,24.0,Government,,1266364800000.0,X,True,False,AREA OF MINIMAL FLOOD HAZARD,high,True,1.0,,0.0,6.0,6.0,,0.175,0.4337989687919616
dc_6bd093e936e7,500 Green (AKA VOLICO 2.0),FL,26.289687,-80.130014,nearest,2.5647127288845604,200.0,90,31685.4,2.5647127288845604,9.95,31008849.0,31685.4,31685.33,9.95,Commercial,500 NW 48 ST,1392508800000.0,X,True,False,0.2 PCT ANNUAL CHANCE FLOOD HAZARD,high,False,1.0,,0.0,6.0,6.0,1.0,0.005,26.05278587341309
dc_6ad7c23dd50f,Level(3) Los Angeles,CA,34.04895,-118.25948,contains,0.0,200.0,22,184955.8,83.78134438974897,42.16,14636591.0,40568.1,40568.07,40.72,Commercial,,1350432000000.0,X,True,False,AREA OF MINIMAL FLOOD HAZARD,high,True,1.0,,0.0,6.0,6.0,,0.445,0.5556319355964661
dc_12dcf424978c,Digital Realty SJC (2220 De La Cruz Blvd),CA,37.361768,-121.943773,contains,0.0,200.0,21,297381.2,0.0,8.49,15717085.0,297381.2,297380.9,8.49,Utility and Misc,,1349049600000.0,X,True,False,AREA WITH REDUCED FLOOD RISK DUE TO LEVEE,high,False,2.0,,0.0,6.0,6.0,2.0,0.575,0.1221932545304298
dc_0bbaee713245,Vantage Data Centers (Santa Clara),CA,37.372595,-121.973508,contains,0.0,200.0,15,111468.5,163.2106542537151,7.04,15734455.0,95003.8,95003.7,11.23,Unclassified,,1349049600000.0,X,True,False,0.2 PCT ANNUAL CHANCE FLOOD HAZARD,high,False,1.0,,0.0,6.0,6.0,,0.525,0.1221932545304298
dc_854cee558167,RagingWire VA1 - NTT,VA,39.022561,-77.455012,contains,0.0,200.0,12,111316.7,0.0,7.39,7874092.0,111316.7,111316.5,7.39,Commercial,44664 GUILFORD DRIVE,1205280000000.0,X,True,False,AREA OF MINIMAL FLOOD HAZARD,high,False,2.0,,0.0,6.0,6.0,1.0,0.055,13.613815307617188
dc_5ec81740ac02,"232 20th St NW, East Grand Forks",MN,47.945477,-97.022654,nearest,36.96943088848291,200.0,38,22207.4,190.69031223006505,,3638950.0,527.6,527.4312,,Unclassified,,1441670400000.0,,False,,,high,,1.0,1.0,1.0,1.0,1.0,1.0,0.005,7.732477188110352
dc_6fac010572d0,IUPUI Informatics & Communications Technology Complex,IN,39.77382,-86.167904,contains,0.0,200.0,10,153644.6,195.59279663593608,14.06,18082460.0,46408.2,46408.2,17.29,Education,535 WEST MICHIGAN STREET,1314230400000.0,X,True,False,AREA OF MINIMAL FLOOD HAZARD,high,True,1.0,,0.0,6.0,6.0,1.0,0.055,26.43269920349121
dc_b42e1143db3d,INdigital,IN,41.132672,-85.211021,contains,0.0,200.0,22,11347.7,0.0,4.26,18505793.0,11347.7,11347.66,4.26,Commercial,5312 WEST WASHINGTON CENTER ROAD,1430438400000.0,X,True,False,AREA OF MINIMAL FLOOD HAZARD,high,False,1.0,,0.0,6.0,6.0,1.0,0.045,18.034406661987305
dc_606ad9c4165a,Syringa Networks Boise,ID,43.567545,-116.207057,contains,0.0,200.0,17,29679.2,140.3564241966581,7.62,3018999.0,4386.5,4386.518,7.32,Unclassified,,1362787200000.0,X,True,False,AREA OF MINIMAL FLOOD HAZARD,high,False,1.0,,0.0,6.0,6.0,3.0,0.035,3.1638710498809814
dc_fd519f588a3b,SupraNet Communications Madison,WI,43.075606,-89.524364,contains,0.0,200.0,15,24184.6,114.84380790293726,7.95,10450695.0,15759.6,15763.32,15.55,Commercial,,1270771200000.0,X,True,False,AREA OF MINIMAL FLOOD HAZARD,high,True,1.0,,0.0,6.0,6.0,2.0,0.015,8.292498588562012
dc_110d4d59e055,QTS Piscataway (PNJ1),NJ,40.5578,-74.489,nearest,167.48869283351874,200.0,1,134860.5,167.48869283351874,,6009080.0,134860.5,135603.4,,Industrial,120 CIRCLE DRIVE NORTH,1508371200000.0,X,True,False,AREA OF MINIMAL FLOOD HAZARD,high,,1.0,,0.0,6.0,2.0,4.0,0.095,7.277477264404297
dc_b18c7f03ee5a,I2B SAN02,CA,32.830414,-117.136849,contains,0.0,200.0,24,65371.1,192.19493603297008,,3300896.0,20602.7,19141.39,,Industrial,,1475020800000.0,X,True,False,AREA OF MINIMAL FLOOD HAZARD,high,,1.0,,0.0,6.0,6.0,3.0,0.285,0.6888867616653442
dc_d19c07e250c3,I2B SAN01,CA,32.830076,-117.135523,nearest,14.11399416347294,200.0,25,79606.6,198.27573621970365,,3300683.0,23753.4,23030.08,,Industrial,,1475020800000.0,X,True,False,AREA OF MINIMAL FLOOD HAZARD,high,,1.0,,0.0,6.0,6.0,3.0,0.285,0.6888867616653442
dc_ee5a10e9cdc7,USNAMES-NET,DE,39.730981,-75.627882,contains,0.0,200.0,61,29852.2,147.6335619829166,10.9,7047889.0,3270.0,3267.589,3.51,Commercial,3422 OLD CAPITOL TRAIL,1348012800000.0,X,True,False,AREA OF MINIMAL FLOOD HAZARD,high,False,2.0,,0.0,6.0,6.0,2.0,0.075,11.282463073730469
dc_5559c4f443dd,Level(3) Denver,CO,39.745119,-104.979669,contains,0.0,200.0,82,87343.3,129.49900029705563,14.4,15414618.0,78649.0,78648.93,10.6,Commercial,601 EAST 18TH AVENUE,1337212800000.0,X,True,False,AREA OF MINIMAL FLOOD HAZARD,high,False,2.0,,0.0,6.0,6.0,3.0,0.045,10.969576835632324
dc_57ba990839e2,DataBank Ashburn (IAD1),VA,39.015966,-77.48158,contains,0.0,200.0,10,218526.7,133.30630205044915,,7872779.0,71742.8,71742.77,6.04,Commercial,21635 RED RUM DRIVE,1205280000000.0,X,True,False,AREA OF MINIMAL FLOOD HAZARD,high,False,2.0,,0.0,6.0,6.0,1.0,0.055,13.613815307617188
dc_f907a6d7f787,Fireline Data Center,CA,34.062462,-118.357905,nearest,27.070988570635823,200.0,40,267555.5,37.4002961641615,18.01,14221935.0,36228.1,36228.14,55.75,Commercial,,1350432000000.0,X,True,False,AREA OF MINIMAL FLOOD HAZARD,high,True,1.0,,0.0,6.0,6.0,,0.435,0.5556319355964661
dc_c600c3efed73,CoreSite - Denver (DE2),CO,39.744922,-104.97913,nearest,5.767942007676955,200.0,93,87343.3,151.3611506652299,14.4,15414618.0,78649.0,78648.93,10.6,Commercial,601 EAST 18TH AVENUE,1337212800000.0,X,True,False,AREA OF MINIMAL FLOOD HAZARD,high,False,2.0,,0.0,6.0,6.0,,0.045,10.969576835632324
dc_3892ecf526a3,321 S Boston Ave,OK,36.153266,-95.989196,contains,0.0,200.0,28,66311.1,165.9646331970683,18.5,7106433.0,17424.7,17424.69,37.1,Residential,,1222992000000.0,X,True,False,AREA OF MINIMAL FLOOD HAZARD,high,True,2.0,,0.0,6.0,6.0,,0.035,21.064456939697266
dc_4f54bffb8d68,"Equinix MI3 - Miami, Boca Raton",FL,26.390199,-80.108655,nearest,25.90418900090832,200.0,8,963287.6,25.90418900090832,,36590275.0,963287.6,962703.8,,Education,5000 T REX AVE,1673913600000.0,X,True,False,0.2 PCT ANNUAL CHANCE FLOOD HAZARD IN COASTAL ZONE,high,,6.0,,0.0,6.0,6.0,2.0,0.005,26.05278587341309
dc_71b5b73fcac8,Telehouse - New York Chelsea,NY,40.743446,-74.00734,nearest,9.695768306067963,200.0,17,330995.7,9.695768306067963,28.25,7732154.0,330995.7,330788.3,28.25,Commercial,448 WEST 16 STREET,1376524800000.0,X,True,False,0.2 PCT ANNUAL CHANCE FLOOD HAZARD,high,True,5.0,,0.0,6.0,6.0,,0.095,7.277477264404297
dc_9ed1aea6df62,INOC Albany (80 State St),NY,42.6495,-73.7526,nearest,0.0699036988987455,200.0,29,220571.1,123.9497917424008,23.43,7263766.0,60325.5,60292.73,30.64,Commercial,74 STATE STREET,1347321600000.0,X,True,False,AREA OF MINIMAL FLOOD HAZARD,high,True,4.0,,0.0,6.0,6.0,3.0,0.055,8.666078567504883
dc_e81430ad9e71,Colo@34 (Downtown),GA,33.754711,-84.389556,nearest,11.2226591493703,200.0,26,157077.2,127.470346602933,24.48,17206201.0,35574.6,35574.57,70.1,Education,,1351209600000.0,X,True,False,AREA OF MINIMAL FLOOD HAZARD,high,True,2.0,,0.0,6.0,6.0,,0.055,16.562829971313477
dc_4d6a0bcae658,Level(3) Memphis,TN,35.028826,-89.930755,contains,0.0,200.0,9,320764.9,119.25071279212912,,256183.0,60909.2,60967.86,,Commercial,3993 CROWFARN DRIVE,1520035200000.0,X,True,False,AREA OF MINIMAL FLOOD HAZARD,high,,2.0,,0.0,6.0,6.0,2.0,0.245,19.04093360900879
dc_caf0dd24a4a3,Hivelocity,FL,28.019886,-82.524709,contains,0.0,200.0,8,73742.2,127.2240523991002,5.2,31466760.0,55796.7,55796.41,6.2,Industrial,8010 WOODLAND CENTER BLVD,1340668800000.0,X,True,False,AREA OF MINIMAL FLOOD HAZARD,high,False,2.0,,0.0,6.0,6.0,3.0,0.005,24.239770889282227
dc_ec064dc4d572,NP Rochester,MN,44.02129,-92.462938,nearest,8.296612813102524,200.0,17,1255856.0,26.306356139409544,,6500408.0,147858.3,147746.8,,Industrial,,1551571200000.0,X,True,False,AREA OF MINIMAL FLOOD HAZARD,high,,4.0,,0.0,6.0,6.0,1.0,0.015,8.167824745178223
dc_74be05054a07,Duluth Missabe,MN,46.785475,-92.102217,contains,0.0,200.0,11,1013049.0,13.58398530562488,,6505875.0,231651.5,231492.9,,Government,305 WEST 1ST STREET,1553126400000.0,X,True,False,AREA OF MINIMAL FLOOD HAZARD,high,,4.0,,0.0,6.0,6.0,3.0,0.005,7.881808280944824
dc_f4381f508e7b,XMission - Salt Lake City - Utah,UT,40.760709,-111.889029,nearest,13.65288760236716,200.0,20,83167.8,51.56007818318006,24.64,16191311.0,16216.3,16205.61,7.3,Commercial,51 EAST 400 SOUTH,1284768000000.0,X,True,False,AREA OF MINIMAL FLOOD HAZARD,high,False,2.0,,0.0,6.0,6.0,,0.195,5.014902114868164
dc_1e56ff5b5b31,EvoSwitch WDC1,VA,38.74794,-77.53215,contains,0.0,200.0,13,116138.2,17.06383087575953,13.77,50234355.0,9459.7,9463.474,,Commercial,9651 HORNBAKER ROAD,1654387200000.0,X,True,False,AREA OF MINIMAL FLOOD HAZARD,high,,2.0,1.0,0.5,1.0,1.0,2.0,0.065,12.71955680847168
dc_d51a40e3ebd7,Digital Realty IAD (44521 Hastings),VA,39.020131,-77.463206,contains,0.0,200.0,6,300087.4,0.0,8.59,7873501.0,300087.4,300087.1,8.59,Commercial,44521 HASTINGS DRIVE,1205280000000.0,X,True,False,AREA OF MINIMAL FLOOD HAZARD,high,False,4.0,,0.0,6.0,6.0,1.0,0.055,13.613815307617188
dc_002da1390e71,Digital Realty IAD (44461 Chilum),VA,39.021133,-77.463564,contains,0.0,200.0,10,300087.4,83.41668270727396,8.59,50994839.0,239814.9,239891.4,,Commercial,44461 CHILUM PLACE,1710374400000.0,X,True,False,AREA OF MINIMAL FLOOD HAZARD,high,,2.0,,0.0,6.0,6.0,1.0,0.055,13.613815307617188
dc_1d8cca75d953,Digital Realty DFW (1232 Alma),TX,32.96506,-96.7161,nearest,59.78303298812275,200.0,9,126448.5,192.32282055797677,10.55,30135309.0,106520.3,106520.3,7.17,Commercial,5535 NORTHMOOR DR,1435708800000.0,X,True,False,AREA OF MINIMAL FLOOD HAZARD,high,False,1.0,,0.0,6.0,6.0,,0.025,18.841638565063477
dc_b12f43ed44be,Digital Realty CHI (2200 Busse Rd.),IL,41.994269,-87.962053,contains,0.0,200.0,10,449220.2,0.0,8.81,34582515.0,449220.2,449219.8,8.81,Industrial,2200 BUSSE ROAD,1321315200000.0,X,True,False,AREA OF MINIMAL FLOOD HAZARD,high,False,4.0,,0.0,6.0,6.0,1.0,0.035,16.118194580078125
dc_131e675b00b7,Rackspace Dallas Grapevine (DFW1),TX,32.929191,-97.104853,contains,0.0,200.0,3,354435.7,136.82166438786066,12.35,30700476.0,352934.8,352934.6,12.42,Commercial,801 INDUSTRIAL BLVD,1435708800000.0,X,True,False,AREA OF MINIMAL FLOOD HAZARD,high,True,4.0,,0.0,6.0,6.0,3.0,0.025,17.917001724243164
dc_272219c4c331,Carolina Internet / CaroNet XB,NC,35.179019,-80.932278,contains,0.0,200.0,17,52707.8,176.15874108470464,4.7,15060500.0,24684.9,24684.88,6.9,Industrial,1960 CROSS BEAM DRIVE,1328745600000.0,X,True,False,AREA OF MINIMAL FLOOD HAZARD,high,False,2.0,4.0,0.5,4.0,6.0,4.0,0.065,14.088505744934082
dc_b31752bb43f2,Westelcom Networks Watertown,NY,43.974742,-75.913547,contains,0.0,200.0,29,118833.9,198.1023528878287,,3844368.0,15470.7,15460.34,,Commercial,130 PARK PLACE,1524355200000.0,,False,,,high,,1.0,,0.0,6.0,6.0,3.0,0.055,3.7787911891937256
dc_022cedeff92c,Westelcom Networks Plattsburgh,NY,44.696433,-73.452937,contains,0.0,200.0,38,43334.0,42.546968638248224,,3614240.0,26976.5,26964.88,,Commercial,18 MARGARET STREET,1544140800000.0,X,True,False,AREA OF MINIMAL FLOOD HAZARD,high,,2.0,,0.0,6.0,6.0,2.0,0.1149999999999999,5.315175533294678
dc_f0251b9c4cc6,Fusion - Cleveland,OH,41.501163,-81.680516,nearest,6.088997581617908,200.0,12,812914.7,54.09401412161747,17.36,9232358.0,397126.6,397126.3,22.88,Education,1901 EAST 13 STREET,1282003200000.0,X,True,False,AREA OF MINIMAL FLOOD HAZARD,high,True,3.0,,0.0,6.0,6.0,,0.035,14.61642074584961
dc_80a9eb772e82,DataBank New York (LGA1),NY,40.717664,-74.008333,contains,0.0,200.0,26,66438.0,117.00616981061629,21.21,7730764.0,63885.5,63845.47,69.18,Commercial,60 HUDSON STREET,1376524800000.0,X,True,False,AREA OF MINIMAL FLOOD HAZARD,high,True,2.0,,0.0,6.0,6.0,4.0,0.095,7.277477264404297
dc_5e87bc712d75,Crown Castle Pittsburgh (Allegheny Center Mall),PA,40.45141,-80.00571,contains,0.0,200.0,20,424619.9,0.0,16.82,7370318.0,424619.9,424619.4,16.82,Commercial,,1312502400000.0,X,True,False,AREA OF MINIMAL FLOOD HAZARD,high,True,3.0,,0.0,6.0,6.0,1.0,0.025,11.686223030090332
dc_85af46cfd088,1500 Champa,CO,39.74559,-104.99505,nearest,10.749179316873436,200.0,22,1447026.2,171.03335535946613,21.11,15415339.0,49936.8,49936.71,16.32,Commercial,820 16TH STREET,1337212800000.0,X,True,False,AREA OF MINIMAL FLOOD HAZARD,high,True,1.0,,0.0,6.0,6.0,3.0,0.045,10.969576835632324
dc_a7346f4ae373,ColoCenter.com - Manchester NH,NH,42.97202,-71.46958,nearest,66.94877019065947,200.0,13,262048.4,193.11827333008003,,75082.0,106520.2,106541.3,,Education,,1569110400000.0,X,True,False,AREA OF MINIMAL FLOOD HAZARD,high,,4.0,,0.0,6.0,6.0,2.0,0.095,3.484011173248291
dc_298d8384169d,Implex Minneapolis,MN,45.000634,-93.265888,contains,0.0,200.0,147,35761.7,181.6117371641597,,11135043.0,6823.7,6818.288,3.57,Commercial,1229 2ND STREET NORTHEAST,1335744000000.0,X,True,False,AREA OF MINIMAL FLOOD HAZARD,high,False,1.0,,0.0,6.0,6.0,1.0,0.005,10.388507843017578
dc_fed2cce6b6c2,IPR Wilmington CCC,DE,39.747408,-75.546652,nearest,6.624095601268359,200.0,40,205999.0,107.0204857865127,30.83,7056681.0,34558.2,34532.45,65.05,Commercial,1201 NORTH MARKET STREET,1348012800000.0,X,True,False,AREA OF MINIMAL FLOOD HAZARD,high,True,1.0,,0.0,6.0,6.0,,0.075,11.282463073730469
dc_c076f88bdf99,CyrusOne Cincinnati 7th St,OH,39.103125,-84.517017,nearest,3.8735796385413552,200.0,33,1292940.8,77.67655868906857,27.78,10452226.0,58514.1,58514.02,59.33,Government,,1425168000000.0,X,True,False,AREA OF MINIMAL FLOOD HAZARD,high,True,1.0,,0.0,6.0,6.0,,0.045,18.68988990783691
dc_a29f6258e847,CyrusOne Lebanon,OH,39.389053,-84.220796,nearest,16.593912823241492,200.0,5,206001.4,20.044959371865342,,659987.0,5172.3,5575.82,,Industrial,,1414281600000.0,X,True,False,AREA OF MINIMAL FLOOD HAZARD,high,,1.0,,0.0,6.0,6.0,1.0,0.045,17.444948196411133
dc_50f553e0c62c,CyrusOne Florence,KY,38.98065,-84.618707,nearest,0.8336527384225718,200.0,11,149325.0,0.8336527384225718,,5362171.0,149325.0,149362.1,,Commercial,7190 INDUSTRIAL ROAD,1465776000000.0,X,True,False,AREA OF MINIMAL FLOOD HAZARD,high,,2.0,,0.0,6.0,6.0,1.0,0.045,13.312313079833984
dc_df6acb943b72,CyrusOne Mason,OH,39.303887,-84.311636,contains,0.0,200.0,18,214519.6,122.1566140137448,,581752.0,84246.1,82484.15,,Commercial,,1496707200000.0,X,True,False,AREA OF MINIMAL FLOOD HAZARD,high,,2.0,,0.0,6.0,6.0,1.0,0.045,17.444948196411133
dc_5f2a61722af9,CyrusOne Hamilton,OH,39.3852,-84.56691,nearest,7.270422506625924,200.0,4,144920.6,7.270422506625924,,3080175.0,144920.6,144150.3,,Commercial,,1521936000000.0,X,True,False,AREA OF MINIMAL FLOOD HAZARD,high,,4.0,1.0,0.25,6.0,6.0,1.0,0.045,18.68988990783691
dc_86334a11f204,Databank Houston Galleria (HOU5),TX,29.7282,-95.4447,nearest,12.47519140223046,200.0,44,114496.1,188.86543709107187,15.43,28341842.0,46633.1,46633.0,8.44,Industrial,4201 SOUTHWEST FREEWAY,1264204800000.0,X,True,False,AREA OF MINIMAL FLOOD HAZARD,high,False,2.0,,0.0,6.0,6.0,,0.015,20.972787857055664
dc_664c5d805196,Databank Houston West (HOU1) (HOU2),TX,29.844182,-95.556656,contains,0.0,200.0,13,139418.5,0.0,,37834477.0,139418.5,139687.8,,Industrial,,1573344000000.0,X,True,False,AREA OF MINIMAL FLOOD HAZARD,high,,2.0,1.0,0.5,1.0,6.0,1.0,0.015,19.91736221313477
dc_0b2f7896c0d0,CyrusOne Dallas (Lewisville),TX,33.001402,-96.99766,contains,0.0,200.0,5,934082.7,0.0,6.26,29833111.0,934082.7,934081.8,6.26,Commercial,2501 S SH 121 BUS SOUTH,1435708800000.0,X,True,False,AREA OF MINIMAL FLOOD HAZARD,high,False,8.0,1.0,0.125,6.0,6.0,2.0,0.025,19.147722244262695
dc_58616fe2297e,CyrusOne Dallas (Carrollton),TX,32.993965,-96.930484,nearest,7.83638667270017,200.0,7,627823.6,43.96296905533062,13.21,29805041.0,84444.1,84444.08,10.88,Commercial,,1435708800000.0,X,True,False,AREA OF MINIMAL FLOOD HAZARD,high,False,2.0,,0.0,6.0,6.0,2.0,0.025,18.841638565063477
dc_3223faf8d9ac,CyrusOne Chicago (Lombard),IL,41.849175,-88.029567,contains,0.0,200.0,11,78309.0,198.3665988801118,5.25,34467791.0,60062.9,60062.78,4.65,Commercial,1800 SOUTH SPRINGER DRIVE,1321315200000.0,X,True,False,AREA OF MINIMAL FLOOD HAZARD,high,False,1.0,,0.0,6.0,6.0,1.0,0.035,17.22007942199707
dc_e22e8d10f87c,200 Quannapowitt Pkwy,MA,42.51857,-71.08619,contains,0.0,200.0,4,115598.9,138.65183779402886,,6003413.0,51609.9,51086.39,,Commercial,100 QUANNAPOWITT PARKWAY,1527724800000.0,X,True,False,AREA OF MINIMAL FLOOD HAZARD,high,,2.0,,0.0,6.0,7.0,2.0,0.095,3.484011173248291
dc_89d0864db4f2,Bay Area Internet,CA,37.365431,-121.961738,contains,0.0,200.0,43,82786.4,0.0,6.98,15722434.0,82786.4,82786.38,6.98,Industrial,,1349049600000.0,X,True,False,0.2 PCT ANNUAL CHANCE FLOOD HAZARD,high,False,2.0,,0.0,6.0,6.0,3.0,0.545,0.1221932545304298
dc_f379e2e3f368,EZ Network Systems,CA,37.990788,-121.289822,contains,0.0,200.0,40,65425.8,191.36022080734148,5.75,17455636.0,13410.2,13410.21,4.85,Industrial,,1272844800000.0,X,True,False,AREA WITH REDUCED FLOOD RISK DUE TO LEVEE,high,False,1.0,,0.0,6.0,6.0,2.0,0.185,0.3192858695983886
dc_db573af22b8c,DataBank Las Vegas (LAS1),NV,36.05905,-115.14557,nearest,35.45650078509424,200.0,28,57478.7,110.62909843277237,5.87,2111863.0,677.9,677.8802,2.7,Unclassified,,1393977600000.0,X,True,False,AREA OF MINIMAL FLOOD HAZARD,high,False,1.0,,0.0,6.0,6.0,,0.065,3.602787733078003
dc_b5323f8208c8,Level(3) Newark,NJ,40.736844,-74.173402,contains,0.0,200.0,25,89826.2,0.0,54.25,7652032.0,89826.2,89826.13,54.25,Education,111 MARKET STREET,1376524800000.0,X,True,False,AREA OF MINIMAL FLOOD HAZARD,high,True,2.0,,0.0,6.0,6.0,,0.105,7.277477264404297
dc_8ee44a03b9d6,Level(3) Bellevue,NE,41.185518,-95.936099,contains,0.0,200.0,17,41577.5,69.80788053774812,7.12,3055068.0,11752.2,11760.37,6.01,Commercial,1514 WEST CHANDLER ROAD,1366848000000.0,X,True,False,AREA OF MINIMAL FLOOD HAZARD,high,False,1.0,3.0,1.0,3.0,3.0,3.0,0.015,17.158601760864258
dc_148aeae62582,Level(3) Hayward,CA,37.638508,-122.129908,contains,0.0,200.0,39,82273.4,184.2251827096852,9.24,16062804.0,8118.5,8118.455,4.96,Government,,1349049600000.0,X,True,False,AREA OF MINIMAL FLOOD HAZARD,high,False,1.0,,0.0,6.0,6.0,3.0,0.555,0.0928128734230995
dc_82ff6a5c5a0d,OneNet OSU Tulsa,OK,36.163393,-95.987612,contains,0.0,200.0,8,104473.1,0.0,7.3,7114507.0,104473.1,104472.9,7.3,Government,,1222992000000.0,X,True,False,AREA OF MINIMAL FLOOD HAZARD,high,False,2.0,,0.0,6.0,6.0,1.0,0.035,21.064456939697266
dc_b6fbffa58ede,ARE-ON Hope,AR,33.664742,-93.600378,contains,0.0,200.0,62,34241.9,103.818912837317,,140259.0,6861.6,6675.661,,Unclassified,901 WEST 3RD STREET,1460073600000.0,X,True,False,AREA OF MINIMAL FLOOD HAZARD,high,,2.0,,0.0,6.0,6.0,3.0,0.055,24.271699905395508
dc_a6d9638415be,ARE-ON Forrest City,AR,35.040103,-90.768064,contains,0.0,200.0,14,55730.5,0.0,,3055435.0,55730.5,57158.84,,Education,1620 NEWCASTLE ROAD,1451952000000.0,,False,,,high,,2.0,1.0,1.0,1.0,1.0,1.0,0.245,20.12949562072754
dc_d64ac7105bee,"375 Pearl, Intergate.Manhattan",NY,40.710859,-74.000694,nearest,13.839562819654043,200.0,19,126148.4,181.18974426711372,34.76,7730444.0,80891.6,80841.05,73.53,Education,411 PEARL STREET,1376524800000.0,X,True,False,AREA OF MINIMAL FLOOD HAZARD,high,True,4.0,,0.0,6.0,6.0,,0.095,7.277477264404297
dc_69bfcdca0d0e,Sungard AS Sacramento,CA,38.596081,-121.272635,contains,0.0,200.0,12,83074.2,194.11953219741832,,2199526.0,70017.0,69493.41,,Industrial,,1474502400000.0,X,True,False,AREA OF MINIMAL FLOOD HAZARD,high,,2.0,,0.0,6.0,6.0,3.0,0.1149999999999999,0.568257212638855
dc_4b4602a89a86,SITCO Evansville,IN,38.019934,-87.521467,nearest,10.231700081139074,200.0,11,75809.1,87.94905253422968,,7568986.0,21113.1,21272.39,,Industrial,4631 OHARA DRIVE,1489104000000.0,X,True,False,AREA OF MINIMAL FLOOD HAZARD,high,,1.0,,0.0,6.0,6.0,1.0,0.185,17.04058265686035
dc_1302d924a662,InfoBunker,IA,42.164903,-93.794162,nearest,3.006190492644575,200.0,11,3958.5,41.15167269852518,,1253029.0,527.8,527.4366,,Industrial,308 T AVENUE,1571961600000.0,X,True,False,AREA OF MINIMAL FLOOD HAZARD,high,,1.0,1.0,1.0,1.0,1.0,1.0,0.015,12.663894653320312
dc_7d017b08a124,DataBank Miami (MIA1),FL,25.776033,-80.193092,nearest,0.7010647328960676,200.0,19,162425.1,0.7010647328960676,21.25,30407427.0,162425.1,162424.5,21.25,Education,36 NE 2 ST,1392508800000.0,X,True,False,AREA OF MINIMAL FLOOD HAZARD,high,True,4.0,,0.0,6.0,6.0,3.0,0.005,22.965288162231445
dc_39a8cb17ab9f,Level(3) Austin (Kramer),TX,30.386556,-97.708075,nearest,14.061264086746718,200.0,42,83299.4,149.1473021076651,,35783510.0,70691.1,70661.3,,Industrial,1835 KRAMER LN,1512086400000.0,X,True,False,AREA OF MINIMAL FLOOD HAZARD,high,,1.0,,0.0,6.0,6.0,2.0,0.015,13.630367279052734
dc_ea8cf986c503,Alpheus Houston (777 Walker Street),TX,29.75922,-95.366246,contains,0.0,200.0,15,66529.1,180.78797088361316,25.91,28511391.0,62133.9,62133.79,57.35,Commercial,777 WALKER ST,1264204800000.0,X,True,False,AREA OF MINIMAL FLOOD HAZARD,high,True,2.0,,0.0,6.0,6.0,,0.015,20.972787857055664
dc_c8127fd45f74,CLT2,NC,35.193762,-80.938485,contains,0.0,200.0,14,49916.8,60.56892706114743,6.8,15074553.0,27951.7,27951.64,6.8,Industrial,3101 INTERNATIONAL AIRPORT DRIVE,1328745600000.0,X,True,False,AREA OF MINIMAL FLOOD HAZARD,high,False,2.0,,0.0,6.0,6.0,4.0,0.065,14.088505744934082
dc_178e214f0af3,"SBA Edge, LLC",IL,41.875948,-88.248975,contains,0.0,200.0,2,76865.0,0.0,,32003385.0,76865.0,77297.11,,Industrial,603 DISCOVERY DRIVE,1462406400000.0,X,True,False,AREA OF MINIMAL FLOOD HAZARD,high,,1.0,,0.0,6.0,6.0,1.0,0.035,17.22007942199707
dc_e40e30b5f07d,Level(3) Atlanta (Peachtree),GA,33.758485,-84.387673,nearest,5.933637070071655,200.0,24,1553498.9,5.933637070071655,30.27,17217821.0,1553498.9,1553498.0,30.27,Utility and Misc,,1351209600000.0,X,True,False,AREA OF MINIMAL FLOOD HAZARD,high,True,10.0,,0.0,6.0,6.0,,0.055,16.562829971313477
dc_864cf68f769a,Level(3) Chicago (Kingsbury),IL,41.898951,-87.644642,contains,0.0,200.0,30,281499.4,0.0,37.79,34170731.0,281499.4,281499.1,37.79,Industrial,600 WEST CHICAGO AVENUE,1321315200000.0,X,True,False,AREA OF MINIMAL FLOOD HAZARD,high,True,3.0,,0.0,6.0,7.0,,0.035,16.118194580078125
dc_b5e8b871ad80,Level(3) Miami (5th St),FL,25.779013,-80.192962,nearest,19.930557681144492,200.0,29,105659.3,19.930557681144492,36.02,30410135.0,105659.3,105658.9,36.02,Residential,33 NE 4 ST,1392508800000.0,X,True,False,AREA OF MINIMAL FLOOD HAZARD,high,True,2.0,,0.0,6.0,6.0,,0.005,22.965288162231445
dc_f762d99d6b4e,Level(3) Herndon,VA,38.964641,-77.382947,nearest,39.92256284412213,200.0,44,69503.3,125.02302505060368,4.65,7925534.0,981.2,981.1787,8.21,Residential,605 NASH STREET,1205280000000.0,X,True,False,AREA OF MINIMAL FLOOD HAZARD,high,False,1.0,1.0,1.0,1.0,1.0,1.0,0.055,13.629328727722168
dc_883d27078b2e,Level(3) McLean,VA,38.9201,-77.2132,nearest,2.5510240743135455,200.0,12,75263.9,83.38493031387823,11.81,7905095.0,47480.7,47480.66,14.71,Commercial,1760 OLD MEADOW ROAD,1205280000000.0,X,True,False,AREA OF MINIMAL FLOOD HAZARD,high,True,2.0,,0.0,6.0,6.0,1.0,0.055,13.629328727722168
dc_ed8005520bf5,DataBank Dallas (DFW6),TX,32.838552,-96.865083,contains,0.0,200.0,27,291073.2,0.0,7.26,30224621.0,291073.2,291072.9,7.26,Industrial,8600 HARRY HINES BOULEVARD,1435708800000.0,X,True,False,AREA OF MINIMAL FLOOD HAZARD,high,False,2.0,,0.0,6.0,6.0,2.0,0.025,18.841638565063477
dc_ae465e5fe76f,HSW-DC1RH,SC,34.92958,-81.021841,contains,0.0,200.0,46,20338.8,139.1413103686512,,4521096.0,3958.9,4105.976,,Commercial,420 DAVE LYLE BOULEVARD,1477353600000.0,X,True,False,AREA OF MINIMAL FLOOD HAZARD,high,,1.0,,0.0,6.0,6.0,3.0,0.065,15.48090648651123
dc_4e2c0853b3db,Digital Realty Boston BOS16 (closed),MA,42.302248,-71.21957,contains,0.0,200.0,22,216802.7,203.38039417639013,,1232456.0,51373.9,51059.43,,Industrial,105 CABOT STREET,1554940800000.0,X,True,False,AREA OF MINIMAL FLOOD HAZARD,high,,1.0,,0.0,6.0,6.0,3.0,0.075,3.3172669410705566
dc_01f98dd90a2d,LightPoint Corporation,OR,45.521436,-122.677878,contains,0.0,200.0,27,76719.5,102.26650680346884,57.69,8134641.0,40674.3,40642.43,26.71,Commercial,,1285027200000.0,X,True,False,AREA OF MINIMAL FLOOD HAZARD,high,True,2.0,,0.0,6.0,6.0,,0.165,0.4918390810489654
dc_ee2dabe2d034,IC2NET Data Center,CA,33.71632,-117.80396,nearest,33.57765594987975,200.0,14,91826.4,33.57765594987975,6.07,13747147.0,91826.4,91826.32,6.07,Unclassified,,1350432000000.0,X,True,False,0.2 PCT ANNUAL CHANCE FLOOD HAZARD,high,False,1.0,,0.0,6.0,6.0,,0.325,0.6565972566604614
dc_c37802ecd331,Northland Communications - Syracuse,NY,43.04426,-76.15226,nearest,20.00214612421348,200.0,15,485605.6,20.00214612421348,22.71,7050200.0,485605.6,485322.3,22.71,Assembly,500 SOUTH SALINA STREET,1218499200000.0,X,True,False,AREA OF MINIMAL FLOOD HAZARD,high,True,4.0,,0.0,6.0,6.0,,0.035,4.226500511169434
dc_d4c3cf951bc7,Northland Communications - Utica,NY,43.099765,-75.235426,contains,0.0,200.0,30,106180.2,0.0,,6008960.0,106180.2,106096.2,,Assembly,254 GENESEE STREET,1474502400000.0,X,True,False,AREA OF MINIMAL FLOOD HAZARD,high,,2.0,,0.0,6.0,6.0,2.0,0.055,5.039248943328857
dc_fd5d2f4c2f9e,NYI NY1 (100 William Street),NY,40.708341,-74.007174,contains,0.0,200.0,37,126148.4,199.429465325869,34.76,7730356.0,27649.3,27631.96,80.33,Commercial,80 JOHN STREET,1376524800000.0,X,True,False,AREA OF MINIMAL FLOOD HAZARD,high,True,1.0,,0.0,6.0,6.0,,0.095,7.277477264404297
dc_d26d3b37dc1a,Host Color,NY,40.74463,-73.987667,contains,0.0,200.0,25,104051.3,111.02226907115568,32.72,7732255.0,62973.4,62934.29,26.33,Industrial,246 5 AVENUE,1376524800000.0,X,True,False,AREA OF MINIMAL FLOOD HAZARD,high,True,2.0,,0.0,6.0,6.0,,0.095,6.484174728393555
dc_fa5618a8e380,H5 Data Centers New York,NY,40.72682,-74.007478,nearest,7.051781408591474,200.0,24,287054.8,199.80654741847323,27.39,7731326.0,68155.9,68113.16,28.47,Commercial,333 HUDSON STREET,1376524800000.0,X,True,False,AREA OF MINIMAL FLOOD HAZARD,high,True,2.0,,0.0,6.0,6.0,,0.095,7.277477264404297
dc_f3db3ae251af,DataBank New York (LGA2),NY,40.741469,-74.003387,contains,0.0,200.0,25,330995.7,136.88880664767086,28.25,7732059.0,166489.6,166385.5,62.74,Industrial,76 9 AVENUE,1376524800000.0,X,True,False,AREA OF MINIMAL FLOOD HAZARD,high,True,4.0,,0.0,6.0,6.0,,0.095,7.277477264404297
dc_5f57417784ad,DataBank Newark (EWR1),NJ,40.736844,-74.173402,contains,0.0,200.0,25,89826.2,0.0,54.25,7652032.0,89826.2,89826.13,54.25,Education,111 MARKET STREET,1376524800000.0,X,True,False,AREA OF MINIMAL FLOOD HAZARD,high,True,2.0,,0.0,6.0,6.0,,0.105,7.277477264404297
dc_81bdea6e864f,WOW! Business (Columbus Datacenter),OH,39.96773,-82.99574,nearest,2.5792015556971366,200.0,28,103357.3,2.5792015556971366,11.87,9771417.0,103357.3,103357.2,11.87,Commercial,240 5TH STREET,1301616000000.0,X,True,False,AREA OF MINIMAL FLOOD HAZARD,high,False,1.0,,0.0,6.0,6.0,1.0,0.035,14.319350242614746
dc_9d9fbdb41e19,DC74-CLT1,NC,35.193902,-80.937263,contains,0.0,200.0,9,49916.8,0.0,6.8,15074626.0,49916.8,49916.74,6.8,Industrial,3100 INTERNATIONAL AIRPORT DRIVE,1328745600000.0,X,True,False,AREA OF MINIMAL FLOOD HAZARD,high,False,1.0,,0.0,6.0,6.0,4.0,0.065,14.088505744934082
dc_49e0d2491132,DC74-CLT4,NC,35.180076,-80.92639,contains,0.0,200.0,24,44055.5,182.91352300870827,7.2,15061147.0,18947.2,18947.2,6.4,Commercial,1612 CROSS BEAM DRIVE,1328745600000.0,X,True,False,AREA OF MINIMAL FLOOD HAZARD,high,False,2.0,2.0,0.5,2.0,2.0,4.0,0.065,14.088505744934082
dc_7d05eaf4ac3e,612 W Main,WI,43.06776,-89.392409,contains,0.0,200.0,56,26526.7,111.6092965353915,9.68,10440264.0,15352.3,15354.33,10.33,Commercial,,1270771200000.0,X,True,False,AREA OF MINIMAL FLOOD HAZARD,high,False,1.0,,0.0,6.0,6.0,,0.015,9.417593955993652
dc_20728e9abe29,Telefonica KeyCenter,FL,25.796769,-80.379841,nearest,36.929700274981776,200.0,13,175935.1,127.90726143210232,10.3,30421581.0,88842.7,88842.34,12.16,Industrial,11300 NW 25 ST,1392508800000.0,AH,True,True,,high,True,2.0,2.0,0.5,2.0,2.0,2.0,0.005,22.965288162231445
dc_34886e6cf7de,DataBank Seattle (SEA1),WA,47.614347,-122.338883,contains,0.0,200.0,27,139990.0,0.0,47.9,10158492.0,139990.0,139886.5,47.9,Industrial,,1273190400000.0,X,True,False,AREA OF MINIMAL FLOOD HAZARD,high,True,2.0,,0.0,6.0,6.0,,0.345,0.6047859191894531
dc_aea1cf806ec1,EdgeConneX Denver (EDCDEN01),CO,39.560754,-104.826772,nearest,36.3834349202193,200.0,8,471274.0,152.72324273030506,12.63,12001084.0,94980.2,95881.27,,Unclassified,8535 HIGHFIELD PARKWAY,1599868800000.0,X,True,False,AREA OF MINIMAL FLOOD HAZARD,high,,3.0,,0.0,6.0,6.0,3.0,0.045,10.969576835632324
dc_a234b02a6a79,Digital Realty IAD (43940 Digital Loudoun),VA,39.000821,-77.479198,contains,0.0,200.0,7,255516.3,14.135431186072935,,2957624.0,1318.1,1097.117,,Commercial,43780 DIGITAL LOUDOUN PLAZA,1536192000000.0,X,True,False,AREA OF MINIMAL FLOOD HAZARD,high,,1.0,,0.0,6.0,6.0,1.0,0.055,13.613815307617188
dc_5eaa6dda34c1,QTS Phoenix (PHX1),AZ,33.452003,-112.072042,contains,0.0,200.0,19,113456.6,92.22281094393558,34.33,11572548.0,86440.9,86440.76,15.63,Commercial,120 EAST VAN BUREN STREET,1412467200000.0,X,True,False,0.2 PCT ANNUAL CHANCE FLOOD HAZARD,high,True,2.0,,0.0,6.0,6.0,4.0,0.025,7.057002544403076
dc_ffef5b6cf155,Montana Opticom,MT,45.673641,-111.19004,nearest,7.522420022129189,200.0,28,22763.5,159.82029913117955,,1841661.0,6928.0,6922.523,,Commercial,,1533513600000.0,X,True,False,AREA OF MINIMAL FLOOD HAZARD,high,,2.0,,0.0,6.0,6.0,1.0,0.145,6.496598720550537
dc_82227ff3b01d,Iron Mountain Data Center - Denver (DEN-1),CO,39.777353,-104.968212,contains,0.0,200.0,16,205521.9,89.96973621118563,6.2,15487033.0,153181.8,153181.7,8.58,Industrial,4300 NORTH BRIGHTON BOULEVARD,1337212800000.0,X,True,False,AREA OF MINIMAL FLOOD HAZARD,high,False,4.0,,0.0,6.0,6.0,,0.045,10.969576835632324
dc_baa87d4e6e61,EdgeConneX Houston (EDCHOU01),TX,29.794579,-95.745149,contains,0.0,200.0,23,164650.5,107.00502255922558,,36608032.0,97668.1,97828.72,,Industrial,1510 PRIME WEST PKWY,1693526400000.0,X,True,False,AREA OF MINIMAL FLOOD HAZARD,high,,1.0,,0.0,6.0,6.0,1.0,0.015,19.91736221313477
dc_3383905d0028,NEGMA Datacenter,TX,32.949582,-96.837348,contains,0.0,200.0,21,69712.2,55.750496203561845,6.12,30027938.0,20911.4,20911.38,4.94,Commercial,5535 NORTHMOOR DR,1435708800000.0,X,True,False,AREA OF MINIMAL FLOOD HAZARD,high,False,1.0,,0.0,6.0,6.0,2.0,0.025,18.841638565063477
dc_0e570fa9e1ff,EdgeConneX Phoenix (EDCPHX01),AZ,33.395544,-111.97012,contains,0.0,200.0,33,89529.4,75.93545426037767,5.95,11617787.0,81821.6,81821.53,6.63,Commercial,3011 SOUTH 52ND STREET,1412467200000.0,X,True,False,0.2 PCT ANNUAL CHANCE FLOOD HAZARD,high,False,1.0,,0.0,6.0,6.0,4.0,0.025,7.883434772491455
dc_dfda7e9a1e03,EdgeConneX Las Vegas (EDCLAS01),NV,36.065272,-115.130816,contains,0.0,200.0,68,95186.2,102.70439708455396,9.45,2118546.0,25132.9,25132.89,10.19,Commercial,,1393977600000.0,X,True,False,AREA OF MINIMAL FLOOD HAZARD,high,False,1.0,,0.0,6.0,6.0,1.0,0.065,3.602787733078003
dc_bceae002eccf,EdgeConneX Norfolk (EDCNOR01),VA,36.86186,-76.235342,contains,0.0,200.0,15,207008.6,115.31430655433005,8.5313,7134705.0,99289.1,99289.02,6.4186,Industrial,3800 VILLAGE AVENUE,1364774400000.0,X,True,False,AREA OF MINIMAL FLOOD HAZARD,high,False,1.0,,0.0,6.0,6.0,1.0,0.035,11.459922790527344
dc_ac081552fe1c,EdgeConneX Portland (EDCPOR01),OR,45.548296,-122.907473,nearest,39.65290948062022,200.0,15,96547.8,39.65290948062022,,3639727.0,96547.8,96470.66,,Government,,1564790400000.0,X,True,False,AREA OF MINIMAL FLOOD HAZARD,high,,2.0,,0.0,6.0,6.0,1.0,0.175,0.4918390810489654
dc_32cda6fe8ad6,EdgeConneX Miami (EDCMIA01),FL,25.793016,-80.38119,nearest,25.24201633308346,200.0,14,368707.7,177.87278405414534,16.58,30420050.0,25216.5,25216.43,9.47,Unclassified,2244 NW 114 AVE SOUTH,1392508800000.0,AH,True,True,,high,False,1.0,,0.0,6.0,6.0,3.0,0.005,22.965288162231445
dc_a013916a228d,EdgeConneX Nashville (EDCNAS01),TN,36.144881,-86.701721,contains,0.0,200.0,9,101961.2,179.02985055867512,6.97,12156734.0,43016.9,42983.25,5.85,Commercial,1851 AIR LANE DRIVE,1136073600000.0,X,True,False,AREA OF MINIMAL FLOOD HAZARD,high,False,1.0,,0.0,6.0,6.0,1.0,0.0849999999999999,16.571094512939453
dc_584854729387,EdgeConneX Pittsburgh (EDCPIT01),PA,40.451752,-80.043152,contains,0.0,200.0,32,150570.0,0.0,8.39,7370278.0,150570.0,150569.8,8.39,Industrial,,1312502400000.0,X,True,False,AREA OF MINIMAL FLOOD HAZARD,high,False,4.0,1.0,0.5,1.0,6.0,1.0,0.025,11.686223030090332
dc_215a200532dc,EdgeConneX Sacramento (EDCSAC01),CA,38.592346,-121.277389,contains,0.0,200.0,12,65120.8,158.7022701278785,,2198133.0,29774.2,29503.56,,Industrial,,1474502400000.0,X,True,False,AREA OF MINIMAL FLOOD HAZARD,high,,2.0,,0.0,6.0,6.0,3.0,0.1149999999999999,0.568257212638855
dc_f37586d2198c,EdgeConneX Detroit (EDCDET01),MI,42.448537,-83.261226,nearest,9.90995645281678,200.0,8,66205.5,98.61143412029058,7.09,14871838.0,51306.8,51309.45,7.15,Commercial,,1430438400000.0,X,True,False,AREA OF MINIMAL FLOOD HAZARD,high,False,1.0,,0.0,6.0,6.0,2.0,0.025,17.9299373626709
dc_9b38c6590761,EdgeConneX San Diego (EDCSDG01),CA,32.83998,-117.16853,contains,0.0,200.0,39,60323.5,0.0,,3276417.0,60323.5,60355.04,,Industrial,,1475020800000.0,X,True,False,AREA OF MINIMAL FLOOD HAZARD,high,,3.0,,0.0,6.0,6.0,4.0,0.305,0.6888867616653442
dc_6941afa4ec15,EdgeConneX Atlanta (EDCATL01),GA,33.729369,-84.420099,contains,0.0,200.0,32,238659.5,123.14581923364962,8.64,17165871.0,51687.9,51687.82,6.39,Commercial,,1351209600000.0,X,True,False,AREA OF MINIMAL FLOOD HAZARD,high,False,2.0,,0.0,6.0,6.0,3.0,0.055,16.562829971313477
dc_733aea2e5795,EdgeConneX Memphis (EDCMEM01),TN,35.038995,-89.88623,contains,0.0,200.0,5,111961.1,176.68048149719155,,11000197.0,65704.5,65764.27,,Industrial,4005 SOUTH MENDENHALL ROAD,1520035200000.0,X,True,False,0.2 PCT ANNUAL CHANCE FLOOD HAZARD,high,,1.0,,0.0,6.0,6.0,2.0,0.245,19.04093360900879
dc_e579a4187175,CME Cermak,IL,41.85365,-87.618342,contains,0.0,200.0,12,4249157.4,67.46827436472692,26.04,35011105.0,247826.3,247826.1,27.25,Commercial,2105 SOUTH PRAIRIE AVENUE,1321315200000.0,X,True,False,AREA OF MINIMAL FLOOD HAZARD,high,True,4.0,,0.0,6.0,6.0,,0.035,16.118194580078125
dc_57ccaad02d2e,Lifeline Eastgate,IN,39.775998,-86.04275,contains,0.0,200.0,26,322866.3,0.0,5.69,18268020.0,322866.3,322866.0,5.69,Utility and Misc,401 NORTH SHADELAND AVENUE,1314230400000.0,X,True,False,AREA OF MINIMAL FLOOD HAZARD,high,False,3.0,,0.0,6.0,6.0,1.0,0.055,26.43269920349121
dc_c38d391736df,Digital Realty MIA (36 NE 2nd St),FL,25.776033,-80.193092,nearest,0.7010647328960676,200.0,19,162425.1,0.7010647328960676,21.25,30407427.0,162425.1,162424.5,21.25,Education,36 NE 2 ST,1392508800000.0,X,True,False,AREA OF MINIMAL FLOOD HAZARD,high,True,4.0,,0.0,6.0,6.0,3.0,0.005,22.965288162231445
dc_5f370fd573c6,Level(3) Boise,ID,43.56619,-116.185889,nearest,27.685008476843613,200.0,17,342333.6,99.91098265181984,7.78,3018100.0,8304.3,8304.245,5.14,Industrial,,1362787200000.0,X,True,False,AREA OF MINIMAL FLOOD HAZARD,high,False,4.0,2.0,0.25,6.0,6.0,3.0,0.035,3.1638710498809814
dc_fdb3d62969dc,South Reach Networks,FL,25.776033,-80.193092,nearest,0.7010647328960676,200.0,19,162425.1,0.7010647328960676,21.25,30407427.0,162425.1,162424.5,21.25,Education,36 NE 2 ST,1392508800000.0,X,True,False,AREA OF MINIMAL FLOOD HAZARD,high,True,4.0,,0.0,6.0,6.0,3.0,0.005,22.965288162231445
dc_b91b77b57b86,"LogInToUs, Inc.",NY,44.861059,-74.294006,nearest,4.36377085979658,200.0,35,19644.5,88.37052828223642,,4408465.0,2309.2,2307.511,,Residential,234 PARK STREET,1570492800000.0,,False,,,high,,2.0,2.0,0.5,2.0,6.0,2.0,0.145,4.129549026489258
dc_fcd214823e30,MDC McAllen,TX,26.201918,-98.231633,contains,0.0,200.0,34,88508.1,0.0,15.3,30760357.0,88508.1,88507.97,15.3,Commercial,200 S 10TH ST,1208390400000.0,,False,,,high,True,1.0,,0.0,6.0,6.0,,0.015,9.652347564697266
dc_b88a0de9a6f9,Laredo VTX,TX,27.50656,-99.501483,contains,0.0,200.0,112,27287.5,70.66455428357425,,33854421.0,6725.7,6720.728,,Commercial,520 MATAMOROS STREET,1628553600000.0,X,True,False,AREA OF MINIMAL FLOOD HAZARD,high,,2.0,,0.0,6.0,6.0,1.0,0.015,10.564595222473145
dc_ff894257d489,Netrality St. Louis - 210 N Tucker,MO,38.629039,-90.197493,nearest,5.4873029185388145,200.0,22,208803.3,47.83462853781592,53.93,11511285.0,26243.0,26242.92,59.34,Unclassified,,1352419200000.0,X,True,False,AREA OF MINIMAL FLOOD HAZARD,high,True,2.0,,0.0,6.0,6.0,,0.165,15.06376838684082
dc_528e1ba31c73,Level(3) Nashville (9th Ave),TN,36.18889,-86.80367,contains,0.0,200.0,17,70316.4,155.31138011758802,7.06,12123196.0,21322.0,21305.11,10.76,Commercial,2208 9TH AVENUE NORTH,1136073600000.0,X,True,False,AREA OF MINIMAL FLOOD HAZARD,high,False,1.0,,0.0,6.0,6.0,1.0,0.0849999999999999,16.571094512939453
dc_141a6d343f13,Iron Mountain Data Center - Ohio (OHS-1),OH,39.591093,-84.236385,contains,0.0,200.0,7,145848.0,97.4948791239292,,737230.0,42581.6,42923.65,,Unclassified,3366 SOUTH TECH BOULEVARD,1414281600000.0,X,True,False,AREA OF MINIMAL FLOOD HAZARD,high,,2.0,,0.0,6.0,7.0,1.0,0.045,18.834209442138672
dc_96c5b654ee78,Iron Mountain Data Center - New Jersey (NJE-1),NJ,40.5213,-74.3472,contains,0.0,200.0,3,772602.8,0.0,12.69,7393299.0,772602.8,772602.1,12.69,Commercial,3003 WOODBRIDGE AVENUE,1376524800000.0,X,True,False,AREA OF MINIMAL FLOOD HAZARD,high,True,3.0,3.0,0.3333333333333333,6.0,6.0,4.0,0.095,7.277477264404297
dc_5a0289a90452,Evocative Emeryville (EM1),CA,37.847,-122.29318,contains,0.0,200.0,17,199268.3,70.40187934824733,7.23,16340570.0,189265.6,189265.4,9.45,Education,,1349049600000.0,X,True,False,AREA OF MINIMAL FLOOD HAZARD,high,False,1.0,,0.0,6.0,6.0,2.0,0.565,0.0928128734230995
dc_9e8f44c6161f,365 Data Centers New York (NY10),NY,40.707335,-74.012583,contains,0.0,200.0,22,127162.8,116.5971407759909,35.18,7730335.0,52308.3,52275.44,103.95,Industrial,71 BROADWAY,1376524800000.0,X,True,False,AREA OF MINIMAL FLOOD HAZARD,high,True,2.0,,0.0,6.0,6.0,,0.095,7.277477264404297
dc_5880d7b58735,365 Data Centers Philadelphia (PH2),PA,39.956611,-75.196511,nearest,1.8603811997155717,200.0,23,115806.2,93.52677946825033,15.57,7865284.0,51656.2,51656.09,30.68,Education,,1348012800000.0,X,True,False,AREA OF MINIMAL FLOOD HAZARD,high,True,1.0,,0.0,6.0,6.0,,0.075,9.466512680053713
dc_34f0b7f21dd7,Netrality - Indy Telcom Center - 701 W. Henry,IN,39.759534,-86.170711,contains,0.0,200.0,15,285157.3,102.8521196664875,9.86,18072313.0,31824.2,31824.13,12.49,Industrial,600 KENTUCKY AVENUE,1314230400000.0,X,True,False,AREA OF MINIMAL FLOOD HAZARD,high,True,2.0,,0.0,6.0,6.0,1.0,0.055,26.43269920349121
dc_c58e13acabfe,365 Data Centers Detroit (DT1),MI,42.469879,-83.259651,contains,0.0,200.0,20,295919.5,156.7260359024564,7.36,14920823.0,11933.6,11934.19,4.4,Commercial,,1430438400000.0,X,True,False,AREA OF MINIMAL FLOOD HAZARD,high,False,1.0,,0.0,6.0,6.0,2.0,0.025,17.9299373626709
dc_3836361e4e37,Wintek Corporation,IN,40.421474,-86.890366,contains,0.0,200.0,75,195800.5,167.7978833670808,,16085489.0,7422.9,7265.215,,Commercial,427 NORTH 6TH STREET,1521676800000.0,X,True,False,AREA OF MINIMAL FLOOD HAZARD,high,,1.0,,0.0,6.0,6.0,1.0,0.045,22.477502822875977
dc_27ae5eaebba0,NETRIX - MTP,IL,42.078163,-87.915633,nearest,2.151532033042182,200.0,11,110813.9,86.96563202287042,8.51,34634247.0,30968.3,30968.22,5.57,Commercial,1331 BUSINESS CENTER DRIVE,1321315200000.0,X,True,False,AREA OF MINIMAL FLOOD HAZARD,high,False,2.0,,0.0,6.0,6.0,1.0,0.035,14.088419914245604
dc_ad044f529f5f,NETRIX - ALSIP,IL,41.662716,-87.746531,contains,0.0,200.0,28,54927.9,143.5638900013287,7.64,34668094.0,11827.7,11827.64,5.84,Industrial,12620 SOUTH HOLIDAY DRIVE,1321315200000.0,X,True,False,AREA OF MINIMAL FLOOD HAZARD,high,False,1.0,,0.0,6.0,6.0,1.0,0.035,16.118194580078125
dc_66cc54598f3e,NETRIX - BBN,IL,42.202902,-87.883783,contains,0.0,200.0,9,389241.1,128.8060251179552,,22625485.0,34058.6,34705.77,,Commercial,100 CORPORATE NORTH,1524960000000.0,X,True,False,AREA OF MINIMAL FLOOD HAZARD,high,,2.0,,0.0,6.0,6.0,1.0,0.025,14.088419914245604
dc_ea75373be693,Pixel Factory Data Center,VA,37.698361,-77.435303,contains,0.0,200.0,18,154100.6,118.20013378528516,,50971260.0,12053.9,12057.91,,Education,9650 ATLEE COMMONS DRIVE,1630800000000.0,X,True,False,AREA OF MINIMAL FLOOD HAZARD,high,,1.0,,0.0,6.0,6.0,2.0,0.105,13.578962326049805
dc_6f387c9933e4,EdgeConneX Boston (EDCBOS01),MA,42.528505,-71.249495,contains,0.0,200.0,23,54949.6,0.0,,215779.0,54949.6,55476.9,,Commercial,22 LINNELL CIRCLE,1527724800000.0,X,True,False,AREA OF MINIMAL FLOOD HAZARD,high,,1.0,,0.0,6.0,6.0,3.0,0.095,3.484011173248291
dc_83ffc6452bd2,EdgeConneX Tallahassee (EDCTAL01),FL,30.47092,-84.35522,contains,0.0,200.0,46,27234.5,87.59783505989836,,31958808.0,15149.9,15149.8,5.04,Commercial,1510 COMMONWEALTH BUSINESS DR,1231718400000.0,X,True,False,AREA OF MINIMAL FLOOD HAZARD,high,False,1.0,,0.0,6.0,6.0,3.0,0.015,21.451160430908203
dc_668e8cfeb9b1,EdgeConneX Richmond (EDCRIC01),VA,37.6391,-77.4677,nearest,2.6893605618209713,200.0,42,120298.9,2.6893605618209713,,51378764.0,120298.9,120343.1,,Industrial,1460 EAST PARHAM ROAD,1630800000000.0,X,True,False,AREA OF MINIMAL FLOOD HAZARD,high,,2.0,,0.0,6.0,6.0,2.0,0.1149999999999999,13.578962326049805
dc_a4bccfe660c3,EdgeConneX Jacksonville (EDCJAX01),FL,30.254238,-81.604183,contains,0.0,200.0,7,84053.8,149.38363390626648,,22122879.0,44501.0,44029.46,,Industrial,6602 N EXECUTIVE PARK CT 100,1490140800000.0,X,True,False,AREA OF MINIMAL FLOOD HAZARD,high,,3.0,1.0,0.6666666666666666,1.0,6.0,3.0,0.025,23.808124542236328
dc_4397dcdb97c4,EdgeConneX Salt Lake City (EDCSLC01),UT,40.720873,-111.984927,contains,0.0,200.0,16,57509.7,107.36206932373618,,16159065.0,43098.0,43070.89,6.9,Industrial,2302 SOUTH PRESIDENTS DRIVE,1284768000000.0,X,True,False,AREA OF MINIMAL FLOOD HAZARD,high,False,1.0,,0.0,6.0,6.0,1.0,0.195,5.014902114868164
dc_3e49d7f1ba48,EdgeConneX Seattle (EDCSEA01),WA,47.498209,-122.289962,contains,0.0,200.0,8,47896.6,91.0517796226985,8.23,10092774.0,47258.5,47223.99,8.2,Industrial,,1273190400000.0,X,True,False,AREA OF MINIMAL FLOOD HAZARD,high,False,2.0,,0.0,6.0,6.0,1.0,0.345,0.4631632566452026
dc_d766673ffec0,FiberCloud-Westin1809,WA,47.614358,-122.338864,contains,0.0,200.0,27,139990.0,0.0,47.9,10158492.0,139990.0,139886.5,47.9,Industrial,,1273190400000.0,X,True,False,AREA OF MINIMAL FLOOD HAZARD,high,True,2.0,,0.0,6.0,6.0,,0.345,0.6047859191894531
dc_7c4b01474de7,FiberCloud-Westin3205,WA,47.614358,-122.338864,contains,0.0,200.0,27,139990.0,0.0,47.9,10158492.0,139990.0,139886.5,47.9,Industrial,,1273190400000.0,X,True,False,AREA OF MINIMAL FLOOD HAZARD,high,True,2.0,,0.0,6.0,6.0,,0.345,0.6047859191894531
dc_52cd5868f517,123.NET - DC1 - 24700 Northwestern Hwy.,MI,42.471634,-83.238056,contains,0.0,200.0,18,22787.8,0.0,27.67,14924324.0,22787.8,22788.52,27.67,Commercial,,1430438400000.0,X,True,False,AREA OF MINIMAL FLOOD HAZARD,high,True,3.0,,0.0,6.0,6.0,2.0,0.025,17.9299373626709
dc_e87f67f21f0c,H5 Data Centers Tampa,FL,27.949592,-82.458713,nearest,4.878281281184472,200.0,32,46321.3,59.8453930352318,15.3,31393716.0,42298.5,42298.27,41.2,Industrial,655 N FRANKLIN ST,1340668800000.0,X,True,False,AREA OF MINIMAL FLOOD HAZARD,high,True,1.0,,0.0,6.0,6.0,2.0,0.005,28.616392135620117
dc_c2f10be9629e,H5 Data Centers Buffalo III,NY,42.88427,-78.875707,contains,0.0,200.0,19,326928.2,0.0,29.05,8162722.0,326928.2,326908.8,29.05,Government,400 MAIN STREET,1427846400000.0,X,True,False,AREA OF MINIMAL FLOOD HAZARD,high,True,3.0,,0.0,6.0,6.0,,0.025,8.291032791137695
dc_ec9f9b87e90e,TierPoint Hawthorne (fka Xand),NY,41.090952,-73.813834,nearest,16.778862088464525,200.0,13,75019.3,140.88937173348074,,4116824.0,12302.6,12295.73,,Commercial,7 SKYLINE DRIVE,1549411200000.0,X,True,False,AREA OF MINIMAL FLOOD HAZARD,high,,1.0,,0.0,6.0,6.0,4.0,0.095,6.558852672576904
dc_b8a06f212731,Netrality Philadelphia - 401 N Broad,PA,39.959616,-75.161873,nearest,4.087502498785138,200.0,28,231382.1,32.37645798671492,23.89,7867176.0,123764.1,123764.0,49.45,Industrial,,1348012800000.0,X,True,False,AREA OF MINIMAL FLOOD HAZARD,high,True,2.0,,0.0,6.0,6.0,,0.075,9.466512680053713
dc_09200711b7ac,833 Chestnut Street,PA,39.949362,-75.154904,contains,0.0,200.0,22,198053.4,103.60100572477084,36.76,7861064.0,45621.8,45621.72,56.6,Residential,,1348012800000.0,X,True,False,AREA OF MINIMAL FLOOD HAZARD,high,True,2.0,,0.0,6.0,6.0,,0.075,9.466512680053713
dc_70fb4023eb68,H5 Data Centers Philadelphia (PA01),PA,39.962351,-75.163736,contains,0.0,200.0,31,231382.1,75.56298274161176,23.89,7868955.0,137367.1,137367.0,35.99,Industrial,,1348012800000.0,X,True,False,AREA OF MINIMAL FLOOD HAZARD,high,True,4.0,,0.0,6.0,6.0,2.0,0.075,9.466512680053713
dc_4aca16af087d,SD Data Center,FL,28.259917,-80.694719,contains,0.0,200.0,2,38631.5,57.31726769482915,,18079652.0,29097.3,28921.19,,Utility and Misc,8635 HOLIDAY SPRINGS RD,1515024000000.0,A,True,True,,high,,2.0,3.0,1.0,3.0,3.0,3.0,0.005,26.08710479736328
dc_9d25e192f215,Digital Fortress (SEA),WA,47.617781,-122.356693,contains,0.0,200.0,23,54654.1,48.929853435988655,18.66,10159834.0,20743.2,20727.85,29.63,Industrial,,1273190400000.0,X,True,False,AREA OF MINIMAL FLOOD HAZARD,high,True,1.0,,0.0,6.0,6.0,,0.345,0.6047859191894531
dc_735d2581baf7,Digital Fortress (TUK),WA,47.494136,-122.29441,contains,0.0,200.0,12,38579.1,173.81435951600406,9.87,10090645.0,19597.9,19583.53,19.37,Commercial,,1273190400000.0,X,True,False,AREA OF MINIMAL FLOOD HAZARD,high,True,1.0,,0.0,6.0,6.0,1.0,0.345,0.4631632566452026
dc_9ecc3ad99ee0,TierPoint Omaha - Midlands,NE,41.134508,-96.039042,contains,0.0,200.0,7,125195.8,124.0596762029926,14.68,3014525.0,32883.1,32906.8,10.59,Residential,11425 SOUTH 84TH STREET,1366848000000.0,X,True,False,AREA OF MINIMAL FLOOD HAZARD,high,False,2.0,,0.0,6.0,6.0,2.0,0.015,15.336313247680664
dc_d0a52d46f2aa,CyrusOne NJ-1,NJ,40.538224,-74.546019,contains,0.0,200.0,14,226787.5,133.20525399830433,,6009046.0,211546.2,212459.0,,Commercial,,1508371200000.0,X,True,False,AREA OF MINIMAL FLOOD HAZARD,high,,1.0,,0.0,6.0,6.0,3.0,0.095,8.329419136047363
dc_55f5c1098183,CyrusOne NC-1,NC,35.93208,-78.88317,nearest,42.9541947660594,200.0,9,405698.5,182.60195341354844,7.9,15237079.0,198707.3,198707.1,7.9,Commercial,3500 TRICENTER BOULEVARD,1267488000000.0,X,True,False,AREA OF MINIMAL FLOOD HAZARD,high,False,4.0,3.0,0.25,6.0,6.0,3.0,0.035,15.275832176208496
dc_ba58e4ebbda3,Psychz Networks LAX1,CA,34.04865,-118.257155,nearest,10.121868690982057,200.0,26,184955.8,105.54961600008336,42.16,14636105.0,11544.2,11544.16,26.24,Education,,1350432000000.0,X,True,False,1 PCT DEPTH LESS THAN 1 FOOT,high,True,1.0,,0.0,6.0,6.0,,0.445,0.5556319355964661
dc_805c4656a845,230 Congress,MA,42.354552,-71.054087,contains,0.0,200.0,28,136370.7,195.01529443475349,56.98,7041786.0,22292.9,22292.93,35.15,Commercial,113 HIGH STREET,1242864000000.0,X,True,False,AREA OF MINIMAL FLOOD HAZARD,high,True,1.0,,0.0,6.0,6.0,,0.0849999999999999,3.3172669410705566
dc_c781be459e42,DataBank Denver (DEN2),CO,39.591303,-104.846748,contains,0.0,200.0,9,108525.2,94.57521328765216,9.44,15087510.0,61980.9,61980.84,7.63,Industrial,6900 SOUTH PEORIA STREET,1337212800000.0,X,True,False,AREA OF MINIMAL FLOOD HAZARD,high,False,2.0,,0.0,6.0,6.0,4.0,0.045,10.969576835632324
dc_8895a8adb317,SoVerNet Burlington,VT,44.479321,-73.213866,nearest,6.070240468603468,200.0,51,128782.0,158.08667848090823,,6000513.0,87366.0,87339.47,,Government,23 CHURCH STREET,1528416000000.0,X,True,False,AREA OF MINIMAL FLOOD HAZARD,high,,1.0,,0.0,6.0,6.0,1.0,0.095,5.822917461395264
dc_86ad0acb41d8,Simply Bits DC1,AZ,32.205098,-110.956748,contains,0.0,200.0,66,24925.5,81.26064756433475,4.15,11850020.0,12093.8,12093.76,5.94,Industrial,1300 SOUTH PARK AVENUE,1156636800000.0,X,True,False,AREA OF MINIMAL FLOOD HAZARD,high,False,1.0,,0.0,6.0,6.0,3.0,0.015,9.74954605102539
dc_cd3925d5b7dd,DataBank Boston (BOS1),MA,42.354699,-71.060271,contains,0.0,200.0,20,268625.6,0.0,29.35,7041802.0,268625.6,268625.4,29.35,Commercial,474 WASHINGTON STREET,1242864000000.0,X,True,False,AREA OF MINIMAL FLOOD HAZARD,high,True,3.0,,0.0,6.0,6.0,3.0,0.0849999999999999,3.3172669410705566
dc_6db2ddc44c26,Digital Realty BOS (128 1st Ave),MA,42.301316,-71.219029,contains,0.0,200.0,15,216802.7,90.73363994127344,,6004726.0,78733.8,79577.34,,Commercial,72 A STREET,1554940800000.0,X,True,False,AREA OF MINIMAL FLOOD HAZARD,high,,2.0,,0.0,6.0,6.0,3.0,0.075,3.3172669410705566
dc_79d256a5f79f,Colo@ (Buckhead),GA,33.83887,-84.372429,contains,0.0,200.0,59,67560.6,194.20489004292492,8.28,17321524.0,6851.9,6851.913,8.78,Commercial,,1351209600000.0,X,True,False,AREA OF MINIMAL FLOOD HAZARD,high,False,1.0,,0.0,6.0,6.0,3.0,0.055,16.562829971313477
dc_3f21446be601,Atlanta Tech Village,GA,33.848673,-84.373313,contains,0.0,200.0,25,401056.1,57.707799742479224,14.83,17332845.0,39071.8,39071.75,13.55,Industrial,,1351209600000.0,X,True,False,AREA OF MINIMAL FLOOD HAZARD,high,True,1.0,,0.0,6.0,6.0,3.0,0.065,16.562829971313477
dc_dd9631825e6b,GIP Plano,TX,33.012213,-96.683109,contains,0.0,200.0,15,126518.5,78.73621445592458,8.72,30285690.0,33401.1,33401.13,6.07,Commercial,1009 JUPITER ROAD,1435708800000.0,X,True,False,AREA OF MINIMAL FLOOD HAZARD,high,False,1.0,,0.0,6.0,6.0,2.0,0.025,19.147722244262695
dc_c2f977e5b859,UFN Kearns,UT,40.766362,-111.891169,nearest,10.945288054102337,200.0,21,434145.9,108.6091877429529,23.26,16214042.0,144429.7,144334.3,21.44,Industrial,136 SOUTH MAIN STREET,1284768000000.0,X,True,False,AREA OF MINIMAL FLOOD HAZARD,high,True,2.0,,0.0,6.0,6.0,,0.195,5.014902114868164
dc_755d5a3f3818,CyrusOne Sterling,VA,39.025827,-77.41381,contains,0.0,200.0,5,312769.1,0.0,,50997659.0,312769.1,312855.1,,Commercial,21111 RIDGETOP CIRCLE,1710374400000.0,X,True,False,AREA OF MINIMAL FLOOD HAZARD,high,,2.0,,0.0,6.0,6.0,1.0,0.055,13.613815307617188
dc_2338d12e367c,RSA Dexter Avenue Datacenter,AL,32.37803,-86.30301,contains,0.0,200.0,30,58856.7,128.029840164179,19.22,14176992.0,56869.5,56869.41,46.06,Commercial,,1387152000000.0,X,True,False,AREA OF MINIMAL FLOOD HAZARD,high,True,1.0,,0.0,6.0,6.0,3.0,0.045,20.9815731048584
dc_f7435c1bda22,Gafachi 1 West Main Rochester,NY,43.155657,-77.612519,nearest,7.959740549033601,200.0,27,328701.9,142.2774626357407,,3085032.0,18108.4,18114.0,,Commercial,23 EAST MAIN STREET,1564704000000.0,X,True,False,AREA OF MINIMAL FLOOD HAZARD,high,,1.0,,0.0,6.0,6.0,,0.035,5.931025981903076
dc_2e566d6574eb,Cologix MIN2,MN,44.971385,-93.254494,contains,0.0,200.0,16,88316.9,0.0,12.7,11071597.0,88316.9,88247.18,12.7,Commercial,511 11TH AVENUE SOUTH,1335744000000.0,X,True,False,AREA OF MINIMAL FLOOD HAZARD,high,True,1.0,,0.0,6.0,6.0,1.0,0.005,10.622698783874512
dc_2e5749b84fc8,Vaultas,WI,43.044997,-87.910189,contains,0.0,200.0,26,136363.6,108.6519068726416,12.61,10211180.0,20559.1,20545.43,11.94,Commercial,,1351900800000.0,X,True,False,AREA OF MINIMAL FLOOD HAZARD,high,False,1.0,,0.0,6.0,6.0,,0.015,8.040300369262695
dc_49e9f7db52dc,Data Foundry Austin 1,TX,30.215695,-97.695677,contains,0.0,200.0,7,104046.9,60.46039401292742,6.3,31027806.0,50476.8,50476.73,7.7,Industrial,7401 E BEN WHITE BLVD EB,1311292800000.0,X,True,False,AREA OF MINIMAL FLOOD HAZARD,high,False,2.0,2.0,0.5,2.0,6.0,3.0,0.015,13.630367279052734
dc_3706cdb29bf1,Data Foundry Houston 1,TX,29.749895,-95.472527,nearest,23.55236197673013,200.0,37,187255.9,62.71568988685154,,16747732.0,9833.9,9539.2,,Commercial,5555 SAN FELIPE STREET,1589068800000.0,X,True,False,AREA OF MINIMAL FLOOD HAZARD,high,,1.0,,0.0,6.0,6.0,,0.015,20.972787857055664
dc_94fb239dbf78,Data Foundry Houston 2,TX,29.945145,-95.424212,contains,0.0,200.0,3,111509.7,0.0,,37937932.0,111509.7,111748.4,,Industrial,,1668297600000.0,X,True,False,AREA OF MINIMAL FLOOD HAZARD,high,,2.0,,0.0,6.0,6.0,3.0,0.015,20.972787857055664
dc_c958657a0348,TriTech Center,MN,44.979252,-93.26646,nearest,7.900214716780868,200.0,10,6722175.9,20.73668728075163,38.81,11084180.0,13869.3,13858.34,13.16,Commercial,309 2ND AVENUE SOUTH,1335744000000.0,X,True,False,AREA OF MINIMAL FLOOD HAZARD,high,True,2.0,,0.0,6.0,6.0,,0.005,10.622698783874512
dc_a48bd507b5ac,CyrusOne Wappingers Falls,NY,41.59911,-73.88234,contains,0.0,200.0,9,147475.2,0.0,9.45,7188340.0,147475.2,147388.7,9.45,Education,155 MYERS CORNERS ROAD,1321056000000.0,X,True,False,AREA OF MINIMAL FLOOD HAZARD,high,False,2.0,,0.0,6.0,6.0,4.0,0.0849999999999999,7.133538246154785
dc_80dd96d6f070,CyrusOne Totowa,NJ,40.907217,-74.242258,contains,0.0,200.0,23,177077.3,157.0360730454123,,6008742.0,120734.3,121501.8,,Unclassified,970 RIVERVIEW DRIVE,1461024000000.0,X,True,False,AREA OF MINIMAL FLOOD HAZARD,high,,3.0,,0.0,6.0,6.0,4.0,0.105,7.277477264404297
dc_a1a2d4c9b9b0,CyrusOne Norwalk,CT,41.1116,-73.3922,contains,0.0,200.0,8,356932.8,0.0,,6000348.0,356932.8,356807.5,,Utility and Misc,10 NORDEN PLACE,1552435200000.0,X,True,False,AREA OF MINIMAL FLOOD HAZARD,high,,3.0,,0.0,6.0,6.0,4.0,0.0849999999999999,5.519350051879883
dc_2600bf81e31a,QTS Richmond (RIC1),VA,37.488073,-77.244177,nearest,3.6525316252128945,200.0,3,657028.1,3.6525316252128945,,51286135.0,657028.1,657140.1,,Unclassified,6000 TECHNOLOGY BOULEVARD,1644537600000.0,X,True,False,AREA OF MINIMAL FLOOD HAZARD,high,,5.0,2.0,0.4,6.0,2.0,2.0,0.075,13.860154151916504
dc_1633b238c629,Cologix DAL1,TX,32.800748,-96.819412,contains,0.0,200.0,10,243138.7,0.0,32.91,29902135.0,243138.7,243138.4,32.91,Education,1950 N STEMMONS FWY,1435708800000.0,X,True,False,AREA WITH REDUCED FLOOD RISK DUE TO LEVEE,high,True,4.0,,0.0,6.0,6.0,3.0,0.025,18.841638565063477
dc_033df59021e1,Cologix DAL2,TX,32.800748,-96.819412,contains,0.0,200.0,10,243138.7,0.0,32.91,29902135.0,243138.7,243138.4,32.91,Education,1950 N STEMMONS FWY,1435708800000.0,X,True,False,AREA WITH REDUCED FLOOD RISK DUE TO LEVEE,high,True,4.0,,0.0,6.0,6.0,3.0,0.025,18.841638565063477
dc_62b148aaa408,Cologix COL1,OH,40.116491,-83.001985,nearest,22.370732135813373,200.0,20,109123.7,153.96354088032464,9.04,283433.0,461.5,586.4561,,Industrial,7455 ALTA VIEW BOULEVARD,1546646400000.0,X,True,False,AREA OF MINIMAL FLOOD HAZARD,high,,1.0,,0.0,6.0,6.0,1.0,0.035,15.455096244812012
dc_2c014e46bfd7,Cologix COL2,OH,40.116491,-83.001985,nearest,22.370732135813373,200.0,20,109123.7,153.96354088032464,9.04,283433.0,461.5,586.4561,,Industrial,7455 ALTA VIEW BOULEVARD,1546646400000.0,X,True,False,AREA OF MINIMAL FLOOD HAZARD,high,,1.0,,0.0,6.0,6.0,1.0,0.035,15.455096244812012
dc_8c4c2067351e,Cologix JAX2,FL,30.273221,-81.613866,contains,0.0,200.0,25,103427.7,146.16360500960394,4.4,31791798.0,61638.6,61638.37,8.6,Utility and Misc,4800 SPRING PARK RD,1267660800000.0,X,True,False,AREA OF MINIMAL FLOOD HAZARD,high,False,2.0,3.0,0.5,3.0,3.0,3.0,0.025,23.808124542236328
dc_841c8754ed1b,Cologix LAK1,FL,28.079624,-81.975179,contains,0.0,200.0,10,151412.0,0.0,,35003562.0,151412.0,151325.0,,Commercial,2850 INTERSTATE DR,1665187200000.0,X,True,False,AREA OF MINIMAL FLOOD HAZARD,high,,2.0,,0.0,6.0,6.0,3.0,0.005,31.471725463867188
dc_ce8075567251,Flexential - Cincinnati (CIN1/2),OH,39.31601,-84.44924,contains,0.0,200.0,23,416639.3,153.5633084591263,,544391.0,83878.3,83629.87,,Commercial,5319 MUHLHAUSER ROAD,1521936000000.0,X,True,False,AREA OF MINIMAL FLOOD HAZARD,high,,1.0,,0.0,6.0,6.0,1.0,0.045,17.444948196411133
dc_6452cc5b0c97,Level(3) Charlotte,NC,35.17868,-80.928126,contains,0.0,200.0,18,52707.8,141.5409800567516,4.7,15059942.0,44055.5,44055.45,7.2,Commercial,4021 ROSE LAKE DRIVE,1328745600000.0,X,True,False,AREA OF MINIMAL FLOOD HAZARD,high,False,1.0,,0.0,6.0,6.0,4.0,0.065,14.088505744934082
dc_93add6dd1d1d,ERC Broadband,NC,35.594066,-82.55792,contains,0.0,200.0,40,79244.2,0.0,,51007639.0,79244.2,79219.61,,Government,151 PATTON AVENUE,1581638400000.0,X,True,False,AREA OF MINIMAL FLOOD HAZARD,high,,2.0,,0.0,6.0,6.0,4.0,0.0849999999999999,11.518939971923828
dc_90929b3b19a1,Lightboard ★ Massachusetts,MA,42.109443,-72.575141,contains,0.0,200.0,28,204171.1,0.0,9.52,7398976.0,204171.1,204170.9,9.52,Education,65 LINCOLN STREET,1346112000000.0,X,True,False,AREA OF MINIMAL FLOOD HAZARD,high,False,2.0,,0.0,6.0,6.0,1.0,0.065,5.542868614196777
dc_90c8dcfdda40,Stack Infrastructure Portland PORO2,OR,45.5475,-122.8972,contains,0.0,200.0,6,211668.9,0.0,,5000814.0,211668.9,211499.9,,Commercial,,1564790400000.0,X,True,False,AREA OF MINIMAL FLOOD HAZARD,high,,4.0,,0.0,6.0,6.0,1.0,0.175,0.4918390810489654
dc_59783b2d12ed,EdgeConneX Santa Clara (EDCSVC01/EDCSVC02),CA,37.36437,-121.958865,contains,0.0,200.0,33,142221.4,89.45496823673793,7.62,15719782.0,58856.9,58856.8,7.05,Industrial,,1349049600000.0,X,True,False,0.2 PCT ANNUAL CHANCE FLOOD HAZARD,high,False,2.0,,0.0,6.0,6.0,3.0,0.545,0.1221932545304298
dc_23a57bb771d3,"DataSite, Boise",ID,43.606214,-116.303601,contains,0.0,200.0,11,92786.2,173.13174895754892,6.66,3057577.0,62764.1,62763.98,5.48,Commercial,,1362787200000.0,X,True,False,AREA OF MINIMAL FLOOD HAZARD,high,False,2.0,1.0,0.5,1.0,6.0,2.0,0.035,3.1638710498809814
dc_7fe3c888b6c0,Lunavi - Westin1809,WA,47.614347,-122.338883,contains,0.0,200.0,27,139990.0,0.0,47.9,10158492.0,139990.0,139886.5,47.9,Industrial,,1273190400000.0,X,True,False,AREA OF MINIMAL FLOOD HAZARD,high,True,2.0,,0.0,6.0,6.0,,0.345,0.6047859191894531
dc_78def80fc2f7,Lunavi - Westin1969,WA,47.614347,-122.338883,contains,0.0,200.0,27,139990.0,0.0,47.9,10158492.0,139990.0,139886.5,47.9,Industrial,,1273190400000.0,X,True,False,AREA OF MINIMAL FLOOD HAZARD,high,True,2.0,,0.0,6.0,6.0,,0.345,0.6047859191894531
dc_12cbbeba293d,Lunavi - Westin3205,WA,47.614347,-122.338883,contains,0.0,200.0,27,139990.0,0.0,47.9,10158492.0,139990.0,139886.5,47.9,Industrial,,1273190400000.0,X,True,False,AREA OF MINIMAL FLOOD HAZARD,high,True,2.0,,0.0,6.0,6.0,,0.345,0.6047859191894531
dc_4b4508a3fbf2,Flexential - Denver/Aurora (DEN03),CO,39.66107,-104.849813,contains,0.0,200.0,117,179759.6,0.0,7.34,15211108.0,179759.6,179759.3,7.34,Commercial,11900 EAST CORNELL AVENUE,1337212800000.0,X,True,False,AREA OF MINIMAL FLOOD HAZARD,high,False,2.0,,0.0,6.0,6.0,4.0,0.045,10.969576835632324
dc_33b0acb3fbfc,Flexential - Denver/Englewood (DEN11),CO,39.559006,-104.838116,contains,0.0,200.0,9,209276.4,0.0,,1694594.0,209276.4,209597.0,,Unclassified,8636 SOUTH PEORIA STREET,1599868800000.0,X,True,False,AREA OF MINIMAL FLOOD HAZARD,high,,2.0,3.0,0.5,3.0,6.0,3.0,0.045,10.969576835632324
dc_a3a8fb84180f,Flexential - Minneapolis/Chaska (MSP01),MN,44.851292,-93.599549,contains,0.0,200.0,1,137652.1,0.0,7.4,11578329.0,137652.1,137549.6,7.4,Commercial,3500 LYMAN BOULEVARD,1335744000000.0,X,True,False,AREA OF MINIMAL FLOOD HAZARD,high,False,1.0,,0.0,6.0,6.0,1.0,0.005,10.41598129272461
dc_2183463f5e3a,Flexential - Las Vegas/Downtown (LAS03),NV,36.168644,-115.143561,contains,0.0,200.0,22,1147287.7,46.757683402459264,20.54,2303416.0,20291.4,20291.33,30.87,Education,,1393977600000.0,X,True,False,AREA OF MINIMAL FLOOD HAZARD,high,True,2.0,,0.0,6.0,6.0,,0.075,3.602787733078003
dc_e5ff3c2dc17c,Flexential - Las Vegas/Downtown (LAS05),NV,36.168333,-115.143126,contains,0.0,200.0,27,1147287.7,59.1735746046787,20.54,2302974.0,30277.2,30277.22,12.74,Commercial,,1393977600000.0,X,True,False,AREA OF MINIMAL FLOOD HAZARD,high,True,2.0,,0.0,6.0,6.0,,0.075,3.602787733078003
dc_b04abdda0a7c,Flexential - Las Vegas/North (LAS04),NV,36.248009,-115.101272,contains,0.0,200.0,6,384404.8,120.67357190218245,11.95,2459568.0,107668.5,107668.4,11.36,Commercial,,1393977600000.0,X,True,False,AREA WITH REDUCED FLOOD RISK DUE TO LEVEE,high,False,2.0,,0.0,6.0,6.0,2.0,0.075,3.602787733078003
dc_ce363e3ec754,Flexential - Portland/Hillsboro (PDX01),OR,45.54761,-122.89156,contains,0.0,200.0,7,116259.5,135.12324089513135,,3639014.0,55721.5,55677.0,,Industrial,,1564790400000.0,X,True,False,AREA OF MINIMAL FLOOD HAZARD,high,,2.0,,0.0,6.0,6.0,1.0,0.175,0.4918390810489654
dc_cf7e6e8946c1,Flexential - Portland/Hillsboro 2 (PDX02),OR,45.557854,-122.917023,contains,0.0,200.0,3,298467.9,143.0269783720561,,3643696.0,233773.0,233586.2,,Unclassified,,1564790400000.0,X,True,False,AREA OF MINIMAL FLOOD HAZARD,high,,4.0,1.0,0.25,6.0,1.0,1.0,0.175,0.4918390810489654
dc_d966ea3f8e06,Flexential - Denver/Centennial (DEN05),CO,39.594144,-104.843142,contains,0.0,200.0,10,106541.7,149.47773725231306,6.42,15091990.0,42429.5,42429.49,6.26,Industrial,12500 EAST ARAPAHOE ROAD,1337212800000.0,X,True,False,AREA OF MINIMAL FLOOD HAZARD,high,False,1.0,,0.0,6.0,6.0,3.0,0.045,10.969576835632324
dc_55529f8314f5,Flexential - Dallas/Richardson (RCH01),TX,32.993304,-96.756242,nearest,134.71586015047936,200.0,2,46505.6,134.71586015047936,8.74,30248341.0,46505.6,46505.54,8.74,Education,17919 WATERVIEW PARKWAY,1435708800000.0,X,True,False,AREA OF MINIMAL FLOOD HAZARD,high,False,2.0,,0.0,6.0,6.0,2.0,0.025,18.841638565063477
dc_dfc785a7c7de,Flexential - Salt Lake City/Cottonwood (SLC05),UT,40.634811,-111.805979,nearest,39.21805159335811,200.0,13,130239.6,60.286148640610534,9.76,16048917.0,51471.5,51436.18,11.69,Commercial,6322 SOUTH 3000 EAST,1284768000000.0,X,True,False,AREA OF MINIMAL FLOOD HAZARD,high,False,2.0,,0.0,6.0,6.0,3.0,0.185,5.014902114868164
dc_2d61a33ca46b,Flexential - Salt Lake City/South Valley (SLC09),UT,40.618997,-111.985014,nearest,50.78379266963956,200.0,5,83273.6,189.83962796495743,8.15,16031433.0,31245.7,31226.05,9.59,Residential,3923 WEST CENTER PARK DRIVE,1284768000000.0,X,True,False,AREA OF MINIMAL FLOOD HAZARD,high,False,2.0,,0.0,6.0,6.0,1.0,0.185,5.014902114868164
dc_c7daef7be339,DataBank Dallas (DFW5),TX,32.800748,-96.819412,contains,0.0,200.0,10,243138.7,0.0,32.91,29902135.0,243138.7,243138.4,32.91,Education,1950 N STEMMONS FWY,1435708800000.0,X,True,False,AREA WITH REDUCED FLOOD RISK DUE TO LEVEE,high,True,4.0,,0.0,6.0,6.0,3.0,0.025,18.841638565063477
dc_c620295c9127,Cologix NNJ2,NJ,40.831821,-74.448794,contains,0.0,200.0,17,80823.3,133.97590032244753,,1788117.0,53508.3,53319.23,,Industrial,9 WING DRIVE,1464480000000.0,,False,,,high,,2.0,3.0,0.5,3.0,6.0,4.0,0.095,7.277477264404297
dc_21bd83254e11,Cologix NNJ3,NJ,40.857084,-74.418907,contains,0.0,200.0,7,135666.9,144.1451754258046,,1796567.0,86002.1,85592.63,,Industrial,200 WEBRO ROAD,1464480000000.0,,False,,,high,,1.0,,0.0,6.0,6.0,4.0,0.095,7.277477264404297
dc_e398f3978d57,Alpheus Austin (1905 E. 6th Street),TX,30.261601,-97.722423,nearest,18.898509539320845,200.0,59,77279.2,142.2350443224624,7.2,31038016.0,1645.3,1645.272,3.6,Commercial,1900 E 6TH ST,1311292800000.0,X,True,False,AREA OF MINIMAL FLOOD HAZARD,high,False,1.0,,0.0,6.0,6.0,2.0,0.015,13.630367279052734
dc_362d590e4b24,Voonami SLC2,UT,40.720873,-111.984927,contains,0.0,200.0,16,57509.7,107.36206932373618,,16159065.0,43098.0,43070.89,6.9,Industrial,2302 SOUTH PRESIDENTS DRIVE,1284768000000.0,X,True,False,AREA OF MINIMAL FLOOD HAZARD,high,False,1.0,,0.0,6.0,6.0,1.0,0.195,5.014902114868164
dc_6f992d5b84cd,Voonami SLC1,UT,40.326235,-111.681642,contains,0.0,200.0,32,45028.7,181.1514399213554,,6337491.0,23306.2,23289.44,,Commercial,501 EAST TECHNOLOGY AVENUE,1588550400000.0,X,True,False,AREA OF MINIMAL FLOOD HAZARD,high,,1.0,,0.0,6.0,6.0,4.0,0.165,4.538047790527344
dc_180d30e8b4da,ACT Cheyenne,WY,41.131025,-104.900887,nearest,18.214988763701268,200.0,2,801.7,18.214988763701268,3.65,19009396.0,801.7,801.0619,3.65,Unclassified,,1234310400000.0,X,True,False,AREA OF MINIMAL FLOOD HAZARD,high,False,1.0,2.0,1.0,2.0,2.0,2.0,0.055,9.38316249847412
dc_2b69bfa841ef,ACT Wheatland,WY,42.045087,-104.963884,nearest,10.797636423379748,200.0,11,11150.9,140.62481467323846,,4322463.0,527.9,527.4313,,Residential,,1596412800000.0,,False,,,high,,1.0,,0.0,6.0,6.0,1.0,0.065,9.692072868347168
dc_0ccbc7a90b2d,ACT Douglas,WY,42.734225,-105.338279,nearest,83.89597842601192,200.0,1,44074.9,83.89597842601192,,4374595.0,44074.9,44040.49,,Unclassified,,1529625600000.0,D,True,False,,high,,1.0,,0.0,6.0,6.0,2.0,0.095,8.877646446228027
dc_255488578f92,ACT Casper,WY,42.852917,-106.319088,nearest,4.430475141268364,200.0,65,19970.3,94.13618084392506,,4107501.0,1038.9,1038.392,,Commercial,315 NORTH KIMBALL STREET,1598572800000.0,X,True,False,AREA OF MINIMAL FLOOD HAZARD,high,,1.0,,0.0,6.0,6.0,1.0,0.1149999999999999,7.868759155273437
dc_125f47540bac,ACT Riverton,WY,43.024471,-108.381932,nearest,2.362729094473444,200.0,81,25193.3,66.75642938912297,,3166594.0,5536.3,5538.026,,Commercial,107 SOUTH 7 EAST,1504915200000.0,X,True,False,AREA OF MINIMAL FLOOD HAZARD,high,,1.0,,0.0,6.0,6.0,2.0,0.145,4.453561305999756
dc_58ca51de8887,ACT Gillette,WY,44.246829,-105.504717,nearest,433.6515517957388,800.0,200,78086.3,725.4344627792005,,4432848.0,7719.6,7713.696,,Unclassified,5101 TANNER DR DRIVE,1598572800000.0,X,True,False,AREA OF MINIMAL FLOOD HAZARD,low,,1.0,1.0,1.0,1.0,6.0,2.0,0.1149999999999999,12.548205375671388
dc_7db6a874da87,ACT Buffalo,WY,44.354194,-106.696638,nearest,23.491544631292296,200.0,48,16488.0,104.84684007604642,,3273194.0,5737.8,5735.827,,Commercial,,1530662400000.0,,False,,,high,,1.0,,0.0,6.0,6.0,2.0,0.145,10.072332382202148
dc_9987086c405c,ACT Sheridan,WY,44.797251,-106.955883,nearest,10.334671711271454,200.0,40,135479.6,110.47483449626054,,16000453.0,70163.1,70148.32,,Commercial,,1530144000000.0,X,True,False,AREA OF MINIMAL FLOOD HAZARD,high,,2.0,,0.0,6.0,6.0,1.0,0.095,10.106097221374512
dc_6f74b8c1ecc5,ACT Colstrip,MT,45.89347,-106.618344,nearest,256.04816829313876,800.0,33,81505.5,758.1566263638358,,5750683.0,494.7,494.462,,Unclassified,6 DANDELION AVENUE,1437696000000.0,,False,,,low,,1.0,1.0,1.0,1.0,1.0,3.0,0.045,9.184625625610352
dc_4dbc93c49488,Digital Realty SJC (2805 Lafayette),CA,37.372597,-121.947955,contains,0.0,200.0,12,181056.5,141.22229765097842,6.92,15734484.0,155167.8,155167.7,5.99,Unclassified,,1349049600000.0,X,True,False,AREA WITH REDUCED FLOOD RISK DUE TO LEVEE,high,False,1.0,,0.0,6.0,6.0,,0.565,0.1221932545304298
dc_e1b88786f3b0,Digital Realty LAX (2260 E El Segundo),CA,33.91565,-118.3847,contains,0.0,200.0,16,112830.1,0.0,9.25,13233735.0,112830.1,112830.0,9.25,Commercial,,1350432000000.0,X,True,False,AREA OF MINIMAL FLOOD HAZARD,high,False,1.0,,0.0,6.0,6.0,2.0,0.395,0.3717229962348938
dc_3dea0a669a7d,325 Delaware Ave,NY,42.893011,-78.875279,contains,0.0,200.0,43,151972.6,176.07039410185314,15.73,8169827.0,29235.2,29233.51,12.94,Commercial,325 DELAWARE AVENUE,1427846400000.0,X,True,False,AREA OF MINIMAL FLOOD HAZARD,high,True,1.0,,0.0,6.0,6.0,3.0,0.025,8.291032791137695
dc_59773501dcdd,Forsythe Data Centers,IL,42.00687,-87.96457,contains,0.0,200.0,10,367585.3,0.0,7.99,34588998.0,367585.3,367584.9,7.99,Industrial,1441 TOUHY AVENUE,1321315200000.0,X,True,False,AREA OF MINIMAL FLOOD HAZARD,high,False,4.0,,0.0,6.0,6.0,,0.035,14.088419914245604
dc_dfcc7a22bf0c,Columbia County Community Broadband Utility,GA,33.545316,-82.135633,contains,0.0,200.0,30,26568.9,0.0,5.6,17570779.0,26568.9,26568.92,5.6,Commercial,,1266883200000.0,X,True,False,AREA OF MINIMAL FLOOD HAZARD,high,False,2.0,4.0,0.5,4.0,4.0,4.0,0.0849999999999999,16.912729263305664
dc_ee2c4724265a,Equinix DA7 - Dallas,TX,33.064858,-96.810993,contains,0.0,200.0,8,324590.3,0.0,,36744212.0,324590.3,324664.8,,Commercial,6653 PINECREST DRIVE,1673654400000.0,X,True,False,AREA OF MINIMAL FLOOD HAZARD,high,,4.0,,0.0,6.0,6.0,3.0,0.025,19.147722244262695
dc_3feab9bb27ef,Centersquare Chicago (ORD2),IL,41.99209,-87.958015,contains,0.0,200.0,8,299720.4,159.78184285312892,7.67,34581636.0,163901.7,163901.5,10.22,Industrial,2425 BUSSE ROAD,1321315200000.0,X,True,False,AREA OF MINIMAL FLOOD HAZARD,high,False,4.0,1.0,0.25,6.0,6.0,1.0,0.035,16.118194580078125
dc_95a460858bbe,Centersquare Columbus (CMH1),OH,40.16884,-83.010799,contains,0.0,200.0,17,322384.3,158.44018723647494,,333278.0,77901.1,78025.89,,Industrial,8180 GREEN MEADOWS DRIVE,1546646400000.0,X,True,False,AREA OF MINIMAL FLOOD HAZARD,high,,1.0,,0.0,6.0,6.0,1.0,0.035,15.455096244812012
dc_1fd168086757,Centersquare Northern Virginia (IAD1-A/F),VA,39.023339,-77.413194,contains,0.0,200.0,24,312769.1,180.68546853810088,,7948062.0,90584.4,90584.26,9.29,Commercial,45901 NOKES BOULEVARD,1205280000000.0,X,True,False,AREA OF MINIMAL FLOOD HAZARD,high,False,1.0,,0.0,6.0,6.0,1.0,0.055,13.613815307617188
dc_445dff13f0cb,EdgeConneX Madison (EDCMAD01),WI,43.04802,-89.297331,nearest,35.655040189957134,200.0,14,61380.5,35.655040189957134,5.28,10425511.0,61380.5,61384.28,5.28,Commercial,,1270771200000.0,X,True,False,AREA OF MINIMAL FLOOD HAZARD,high,False,2.0,1.0,0.5,1.0,6.0,2.0,0.015,9.417593955993652
dc_a57a479290da,EdgeConneX Minneapolis (EDCMSP01),MN,44.878844,-93.404156,contains,0.0,200.0,11,91088.9,198.6845762487078,6.81,11609223.0,33331.1,33305.21,4.73,Industrial,6875 SHADY OAK ROAD,1335744000000.0,X,True,False,AREA OF MINIMAL FLOOD HAZARD,high,False,2.0,,0.0,6.0,6.0,1.0,0.005,10.622698783874512
dc_528384267832,Centersquare Northern Virginia (IAD1-C/E),VA,39.025283,-77.413213,nearest,21.06465938535538,200.0,6,312769.1,60.34996360860281,,7948392.0,135274.8,135274.6,6.58,Commercial,21110 RIDGETOP CIRCLE,1205280000000.0,X,True,False,AREA OF MINIMAL FLOOD HAZARD,high,False,4.0,,0.0,6.0,6.0,1.0,0.055,13.613815307617188
dc_39d40801f80a,Centersquare Northern Virginia (IAD2),VA,38.984122,-77.423889,nearest,12.26949338208954,200.0,8,155035.0,186.02241975098713,,7934000.0,48812.7,48812.68,7.36,Commercial,22810 INTERNATIONAL DRIVE,1205280000000.0,X,True,False,AREA OF MINIMAL FLOOD HAZARD,high,False,2.0,,0.0,6.0,6.0,1.0,0.055,13.629328727722168
dc_fa631ad5684c,Centersquare Northern Virginia (IAD3),VA,38.980226,-77.443486,nearest,27.798798300759163,200.0,13,131498.8,27.798798300759163,6.77,7868505.0,131498.8,131498.6,6.77,Commercial,22995 WILDER COURT,1205280000000.0,X,True,False,AREA OF MINIMAL FLOOD HAZARD,high,False,2.0,,0.0,6.0,6.0,1.0,0.055,13.629328727722168
dc_ff3aba8fa11d,Centersquare Dallas (DFW1),TX,32.832607,-97.040726,contains,0.0,200.0,5,245162.7,0.0,10.9,30638892.0,245162.7,245162.4,10.9,Commercial,14901 FAA BLVD,1435708800000.0,X,True,False,AREA OF MINIMAL FLOOD HAZARD,high,False,3.0,,0.0,6.0,6.0,2.0,0.025,17.917001724243164
dc_837045fc5729,Centersquare Denver (DEN1),CO,39.550215,-105.033374,contains,0.0,200.0,14,133704.8,0.0,8.43,15035912.0,133704.8,133704.6,8.43,Unclassified,9110 COMMERCE CENTER CIRCLE,1337212800000.0,X,True,False,AREA OF MINIMAL FLOOD HAZARD,high,False,2.0,,0.0,6.0,6.0,4.0,0.045,8.949381828308105
dc_a8b860d92de2,Centersquare Denver (DEN2),CO,39.560863,-104.830727,contains,0.0,200.0,14,123418.3,166.95544014654192,,15045564.0,80416.5,80416.37,9.19,Unclassified,8534 CONCORD CENTER DRIVE,1337212800000.0,X,True,False,AREA OF MINIMAL FLOOD HAZARD,high,False,1.0,,0.0,6.0,6.0,3.0,0.045,10.969576835632324
dc_ec0b9c36f643,Centersquare Minneapolis (MSP1),MN,44.778828,-93.461982,contains,0.0,200.0,34,147183.8,105.67920352274771,,9078729.0,61756.9,61709.5,,Industrial,4450 DEAN LAKES BOULEVARD,1522540800000.0,X,True,False,AREA OF MINIMAL FLOOD HAZARD,high,,2.0,,0.0,6.0,6.0,3.0,0.005,10.622698783874512
dc_c1851f9d9727,Centersquare New Jersey (EWR2),NJ,40.76218,-74.024685,contains,0.0,200.0,14,274117.9,135.2772881918788,24.52,7696463.0,125262.9,125262.8,15.26,Unclassified,,1376524800000.0,X,True,False,AREA OF MINIMAL FLOOD HAZARD,high,True,2.0,4.0,0.5,4.0,6.0,4.0,0.105,7.277477264404297
dc_c7be2966c16a,Centersquare New Jersey (EWR3),NJ,40.553374,-74.459223,contains,0.0,200.0,13,338403.0,0.0,,6009074.0,338403.0,338038.5,,Industrial,1115 CENTENNIAL AVENUE,1464480000000.0,X,True,False,AREA OF MINIMAL FLOOD HAZARD,high,,2.0,,0.0,6.0,6.0,4.0,0.095,7.277477264404297
dc_634e7c426abd,Centersquare Los Angeles (LAX3),CA,33.687339,-117.848727,contains,0.0,200.0,13,406258.8,0.0,7.16,13709585.0,406258.8,406258.3,7.16,Industrial,,1350432000000.0,X,True,False,AREA OF MINIMAL FLOOD HAZARD,high,False,3.0,,0.0,6.0,6.0,,0.315,0.6565972566604614
dc_cfd86dec39d0,Centersquare Phoenix (PHX1),AZ,33.454411,-111.976435,contains,0.0,200.0,15,504268.8,0.0,12.13,11649208.0,504268.8,504268.4,12.13,Commercial,615 NORTH 48TH STREET,1412467200000.0,X,True,False,0.2 PCT ANNUAL CHANCE FLOOD HAZARD,high,True,4.0,3.0,0.25,6.0,6.0,4.0,0.025,7.883434772491455
dc_9a78859fa7f1,Centersquare Silicon Valley (SFO1),CA,37.371485,-121.969739,contains,0.0,200.0,11,176528.9,0.0,8.97,15732738.0,176528.9,176528.7,8.97,Unclassified,,1349049600000.0,X,True,False,0.2 PCT ANNUAL CHANCE FLOOD HAZARD,high,False,2.0,,0.0,6.0,6.0,,0.525,0.1221932545304298
dc_d290e4022b32,Centersquare Silicon Valley (SFO2),CA,37.398632,-121.980961,contains,0.0,200.0,15,129539.7,74.473342850559,5.83,15781396.0,96587.6,96587.51,4.5,Unclassified,,1349049600000.0,X,True,False,AREA WITH REDUCED FLOOD RISK DUE TO LEVEE,high,False,2.0,,0.0,6.0,6.0,3.0,0.505,0.1221932545304298
dc_b3f9e624dfec,Centersquare Seattle (SEA1-B),WA,47.491883,-122.289792,contains,0.0,200.0,11,400567.6,0.0,14.64,10090594.0,400567.6,400275.4,14.64,Industrial,,1273190400000.0,X,True,False,AREA OF MINIMAL FLOOD HAZARD,high,True,3.0,,0.0,6.0,6.0,1.0,0.345,0.4631632566452026
dc_90455f1b2274,Centersquare Silicon Valley (SFO3),CA,37.372078,-121.986073,contains,0.0,200.0,14,127873.5,115.90683565449362,9.73,15733763.0,69569.6,69569.51,11.88,Unclassified,,1349049600000.0,X,True,False,0.2 PCT ANNUAL CHANCE FLOOD HAZARD,high,False,1.0,,0.0,6.0,6.0,3.0,0.525,0.1221932545304298
dc_6ab52053e3ec,Centersquare Tampa (TPA1),FL,27.94551,-82.35121,contains,0.0,200.0,6,126670.9,171.40834700384235,,31390264.0,98195.6,98195.14,9.4,Industrial,9302 FLORIDA PALM RD,1340668800000.0,X,True,False,AREA OF MINIMAL FLOOD HAZARD,high,False,2.0,,0.0,6.0,6.0,3.0,0.005,28.616392135620117
dc_83495392fdac,NP Belle Plaine (MSP1),MN,44.6234,-93.75902,contains,0.0,200.0,62,24938.9,183.8874208792386,,4469902.0,12024.1,12015.52,,Government,700 MAIN STREET EAST,1560384000000.0,X,True,False,AREA OF MINIMAL FLOOD HAZARD,high,,1.0,,0.0,6.0,6.0,1.0,0.005,10.41598129272461
dc_3ef211afc81f,I-Evolve Technology Datacenter Amherst,NY,43.018107,-78.784612,contains,0.0,200.0,17,53831.8,141.446486690799,8.92,8040267.0,17119.6,17119.65,12.92,Commercial,501 JOHN JAMES AUDUBON PARKWAY,1427846400000.0,X,True,False,AREA OF MINIMAL FLOOD HAZARD,high,True,2.0,4.0,0.5,4.0,4.0,4.0,0.025,7.1311845779418945
dc_0889bebc1079,Lowest Host/Empire Technology,UT,40.7997,-111.946913,nearest,2.934100017967582,200.0,116,17138.3,145.7334487236801,5.65,3898133.0,494.8,494.4602,,Residential,1396 NORTH MORTON DRIVE,1566086400000.0,X,True,False,AREA WITH REDUCED FLOOD RISK DUE TO LEVEE,high,,1.0,,0.0,6.0,6.0,3.0,0.205,5.014902114868164
dc_577d0763b239,CoreSite - Reston (VA2),VA,38.94895,-77.364494,nearest,74.24155975080468,200.0,8,136878.0,108.94411738122076,8.76,7921384.0,20489.4,20489.35,17.1,Commercial,12030 SUNRISE VALLEY DRIVE,1205280000000.0,X,True,False,AREA OF MINIMAL FLOOD HAZARD,high,True,1.0,,0.0,6.0,6.0,1.0,0.055,13.629328727722168
dc_77d6c520b74a,Ascent - CH2,IL,41.920029,-87.912164,contains,0.0,200.0,9,249527.4,0.0,7.83,34539451.0,249527.4,249527.2,7.83,Industrial,,1321315200000.0,X,True,False,AREA OF MINIMAL FLOOD HAZARD,high,False,1.0,,0.0,6.0,6.0,1.0,0.035,16.118194580078125
dc_54191d9d0f70,MultaCom Main,CA,34.049219,-118.257002,contains,0.0,200.0,26,184955.8,164.77858514829208,42.16,14636914.0,24929.1,24929.08,193.38,Commercial,,1350432000000.0,X,True,False,1 PCT DEPTH LESS THAN 1 FOOT,high,True,1.0,,0.0,6.0,6.0,,0.445,0.5556319355964661
dc_815a4077d7c3,SDN Communications Campus Sioux Falls South Dakota,SD,43.546529,-96.764101,nearest,54.392914376037574,200.0,10,87701.6,183.2129362124211,,348514.0,5538.0,5538.052,,Commercial,2920 WEST 10TH STREET,1563408000000.0,X,True,False,AREA WITH REDUCED FLOOD RISK DUE TO LEVEE,high,,1.0,,0.0,6.0,6.0,2.0,0.015,15.18335247039795
dc_a4a29a509851,SDN Communication Mark Shlanta Technology Park,SD,43.60705,-96.80934,nearest,17.778514660868197,200.0,2,15625.7,17.778514660868197,,904949.0,15625.7,15625.18,,Utility and Misc,,1563408000000.0,X,True,False,AREA OF MINIMAL FLOOD HAZARD,high,,1.0,1.0,1.0,1.0,1.0,2.0,0.015,15.18335247039795
dc_a1d2bf1489bd,BESTNAP,TX,30.273541,-97.742861,nearest,37.08572816553822,200.0,26,42538.2,172.23791657884448,30.6,31040074.0,14957.6,14957.6,50.8,Unclassified,201 W 12TH ST,1311292800000.0,X,True,False,AREA OF MINIMAL FLOOD HAZARD,high,True,1.0,,0.0,6.0,6.0,3.0,0.015,13.630367279052734
dc_26db4d08cc6d,Evocative DA4,TX,32.837967,-96.878307,contains,0.0,200.0,8,108395.4,96.35876803727494,4.91,29789224.0,89703.5,89703.47,8.04,Commercial,1515 ROUND TABLE DR,1435708800000.0,X,True,False,AREA WITH REDUCED FLOOD RISK DUE TO LEVEE,high,False,2.0,2.0,0.5,2.0,6.0,2.0,0.025,18.841638565063477
dc_f27036f5aa1b,H5 Data Centers Silicon Valley,CA,37.372036,-121.987545,contains,0.0,200.0,16,96124.6,0.0,8.31,15734149.0,96124.6,96124.63,8.31,Industrial,,1349049600000.0,X,True,False,AREA WITH REDUCED FLOOD RISK DUE TO LEVEE,high,False,3.0,,0.0,6.0,6.0,3.0,0.515,0.1221932545304298
dc_1582bf9a4bfb,Digital Realty CHI (600-780 S Federal),IL,41.874224,-87.629937,contains,0.0,200.0,26,362171.4,151.3133113378835,46.17,34136315.0,70443.5,70443.47,30.01,Commercial,680 SOUTH FEDERAL STREET,1321315200000.0,X,True,False,AREA OF MINIMAL FLOOD HAZARD,high,True,2.0,,0.0,6.0,6.0,,0.035,16.118194580078125
dc_16d1c4c70378,Zayo Pittsburgh - 2500 Allegheny Center Mall,PA,40.451862,-80.006977,contains,0.0,200.0,28,424619.9,42.47570245630641,16.82,7370375.0,23910.4,23910.37,24.35,Residential,,1312502400000.0,X,True,False,AREA OF MINIMAL FLOOD HAZARD,high,True,3.0,,0.0,6.0,6.0,,0.025,11.686223030090332
dc_fa32d5b574b6,Zayo Nashville - 209 10th Ave. S,TN,36.155165,-86.782559,contains,0.0,200.0,15,126024.7,95.58043946549869,11.02,12215835.0,85302.6,85235.2,18.34,Commercial,209 10TH AVENUE SOUTH,1136073600000.0,X,True,False,AREA OF MINIMAL FLOOD HAZARD,high,True,2.0,,0.0,6.0,6.0,,0.0849999999999999,16.571094512939453
dc_76ee034b9cda,Zayo Cleveland - 1525 Rockwell Ave,OH,41.506167,-81.68395,contains,0.0,200.0,30,75759.6,167.96869696003614,16.85,9236193.0,73655.0,73654.91,20.22,Unclassified,1625 ROCKWELL AVENUE,1282003200000.0,X,True,False,AREA OF MINIMAL FLOOD HAZARD,high,True,2.0,,0.0,6.0,6.0,,0.035,14.61642074584961
dc_6408ea6661a1,Sungard AS Scottsdale,AZ,33.632423,-111.917795,contains,0.0,200.0,30,163448.6,156.45887345677593,7.34,11375226.0,99749.2,99749.09,8.78,Commercial,7499 EAST PARADISE LANE,1412467200000.0,X,True,False,0.2 PCT ANNUAL CHANCE FLOOD HAZARD,high,False,2.0,,0.0,6.0,6.0,4.0,0.025,7.846182823181152
dc_c5961d5d88a0,INAP Houston,TX,29.754104,-95.365803,nearest,9.668393494229164,200.0,12,619505.5,161.25062199434186,51.14,28491171.0,62217.7,62217.6,82.55,Commercial,1301 FANNIN ST,1264204800000.0,X,True,False,AREA OF MINIMAL FLOOD HAZARD,high,True,1.0,,0.0,6.0,6.0,,0.015,20.972787857055664
dc_3ad585b77fab,DataBank Chicago (ORD1),IL,41.874224,-87.629937,contains,0.0,200.0,26,362171.4,151.3133113378835,46.17,34136315.0,70443.5,70443.47,30.01,Commercial,680 SOUTH FEDERAL STREET,1321315200000.0,X,True,False,AREA OF MINIMAL FLOOD HAZARD,high,True,2.0,,0.0,6.0,6.0,,0.035,16.118194580078125
dc_bc06006b2111,Zayo Baltimore - 111 Market Pl,MD,39.287752,-76.60685,nearest,16.483992905816294,200.0,24,133440.1,43.47404743412703,29.61,7701329.0,97274.4,97274.32,29.67,Commercial,124 MARKET PLACE,1347494400000.0,AE,True,True,,high,True,2.0,,0.0,6.0,6.0,,0.055,14.052087783813477
dc_62a40204a545,DataBank Memphis (MEM1),TN,35.203086,-89.808615,contains,0.0,200.0,16,208067.8,97.58122514243878,,1092771.0,50065.4,50106.02,,Industrial,7620 APPLING CENTER DRIVE,1507852800000.0,X,True,False,AREA OF MINIMAL FLOOD HAZARD,high,,1.0,1.0,1.0,1.0,1.0,1.0,0.275,19.04093360900879
dc_55079160dfd9,Zayo Minneapolis - 10300 6th Ave N,MN,44.98646,-93.411433,contains,0.0,200.0,11,73122.3,86.51467888118334,6.94,11068834.0,22304.0,22286.71,4.68,Commercial,10300 6TH AVENUE NORTH,1335744000000.0,X,True,False,AREA OF MINIMAL FLOOD HAZARD,high,False,1.0,,0.0,6.0,6.0,2.0,0.005,10.622698783874512
dc_03a055ec8a9d,DataBank Chicago (ORD3),IL,42.078055,-87.923547,contains,0.0,200.0,9,170121.7,154.708515285836,7.05,34634126.0,77832.1,77832.05,5.93,Industrial,800 BUSINESS CENTER DRIVE,1321315200000.0,X,True,False,AREA OF MINIMAL FLOOD HAZARD,high,False,1.0,,0.0,6.0,6.0,,0.035,14.088419914245604
dc_e4341c36e064,"Roller Network (Reno, NV)",NV,39.469306,-119.76983,contains,0.0,200.0,21,396904.9,162.7026204969785,11.93,2534782.0,29652.1,29652.08,6.67,Industrial,,1412121600000.0,X,True,False,AREA OF MINIMAL FLOOD HAZARD,high,False,1.0,,0.0,6.0,6.0,2.0,0.275,1.7789788246154783
dc_53c76c4c9a51,Zayo Washington DC - 2100 M Street NW,DC,38.904888,-77.047082,contains,0.0,200.0,23,113265.1,0.0,27.62,16011380.0,113265.1,113262.5,27.62,Education,2121 L STREET NORTHWEST,1348531200000.0,X,True,False,AREA OF MINIMAL FLOOD HAZARD,high,True,2.0,,0.0,6.0,6.0,,0.055,13.629328727722168
dc_44e1452bfc28,DataBank Seattle (SEA2),WA,47.495027,-122.290569,contains,0.0,200.0,11,400567.6,78.05170033555751,14.64,10091102.0,108720.8,108641.5,8.67,Industrial,,1273190400000.0,X,True,False,AREA OF MINIMAL FLOOD HAZARD,high,False,1.0,,0.0,6.0,6.0,1.0,0.345,0.4631632566452026
dc_c9e0167855d2,1011 San Jacinto,TX,30.27167,-97.738559,contains,0.0,200.0,26,87674.5,84.2284680500725,13.9,31039772.0,8803.2,8803.177,21.5,Unclassified,1011 SAN JACINTO BLVD,1311292800000.0,X,True,False,AREA OF MINIMAL FLOOD HAZARD,high,True,2.0,,0.0,6.0,6.0,3.0,0.015,13.630367279052734
dc_939f4f8150c1,H5 Data Centers Cleveland,OH,41.506167,-81.68395,contains,0.0,200.0,30,75759.6,167.96869696003614,16.85,9236193.0,73655.0,73654.91,20.22,Unclassified,1625 ROCKWELL AVENUE,1282003200000.0,X,True,False,AREA OF MINIMAL FLOOD HAZARD,high,True,2.0,,0.0,6.0,6.0,,0.035,14.61642074584961
dc_60f5bc675bc3,Digital Realty CLT (125 N Myers St),NC,35.221491,-80.835817,nearest,1.2770129371261876,200.0,27,68187.7,64.12724104128444,37.2,15100289.0,23358.2,23358.15,10.8,Commercial,731 EAST TRADE STREET,1328745600000.0,X,True,False,AREA OF MINIMAL FLOOD HAZARD,high,False,4.0,,0.0,6.0,6.0,2.0,0.055,14.088505744934082
dc_9aa547ca020f,DataBank Denver (DEN1),CO,39.5608,-104.8653,nearest,91.28655676129732,200.0,13,96852.4,128.34536080260554,7.66,15045098.0,55327.3,55327.29,6.89,Education,373 INVERNESS PARKWAY,1337212800000.0,X,True,False,AREA OF MINIMAL FLOOD HAZARD,high,False,1.0,,0.0,6.0,6.0,3.0,0.045,10.969576835632324
dc_50f300dbed19,Alpheus Fort Worth (307 W 7th St),TX,32.751822,-97.331523,nearest,6.359134764912789,200.0,20,202015.4,188.43055248251144,41.5,29719740.0,128799.6,128799.5,41.39,Government,811 TAYLOR ST,1435708800000.0,X,True,False,AREA OF MINIMAL FLOOD HAZARD,high,True,4.0,,0.0,6.0,6.0,,0.025,17.917001724243164
dc_6c5c3de9236e,Digital Realty EWR (3 Corporate Pl),NJ,40.5537,-74.459,contains,0.0,200.0,13,338403.0,0.0,,6009074.0,338403.0,338038.5,,Industrial,1115 CENTENNIAL AVENUE,1464480000000.0,X,True,False,AREA OF MINIMAL FLOOD HAZARD,high,,2.0,,0.0,6.0,6.0,4.0,0.095,7.277477264404297
dc_c83ebcd9777a,DataBank Irvine (SNA1),CA,33.691369,-117.840359,nearest,19.829854725315045,200.0,19,175999.9,46.00871583013626,,462390.0,1484.4,1380.689,,Residential,,1534723200000.0,X,True,False,AREA OF MINIMAL FLOOD HAZARD,high,,1.0,,0.0,6.0,6.0,,0.315,0.6565972566604614
dc_7cc4b0b4fc96,Evocative EWR1,NJ,40.787662,-74.068015,contains,0.0,200.0,16,772371.8,193.50750646014043,9.62,7743298.0,101151.1,101151.0,13.29,Industrial,,1376524800000.0,X,True,False,AREA OF MINIMAL FLOOD HAZARD,high,True,2.0,,0.0,6.0,6.0,,0.105,7.277477264404297
dc_9dd5204cf104,TierPoint Chicago - West,IL,41.927017,-87.858028,contains,0.0,200.0,13,581123.7,187.11968174570384,10.09,34545731.0,269672.3,269672.2,11.1,Industrial,9333 GRAND AVENUE,1321315200000.0,X,True,False,AREA OF MINIMAL FLOOD HAZARD,high,False,3.0,,0.0,6.0,6.0,,0.035,16.118194580078125
dc_0e8f573507fc,US Signal - Oak Brook,IL,41.846308,-87.939656,contains,0.0,200.0,9,69743.2,101.99412598527331,8.25,35180041.0,33654.6,33654.58,8.28,Commercial,810 JORIE BOULEVARD,1321315200000.0,X,True,False,AREA OF MINIMAL FLOOD HAZARD,high,False,2.0,,0.0,6.0,6.0,1.0,0.035,16.118194580078125
dc_08c02a332e69,Evocative SEA1,WA,47.619446,-122.34811,contains,0.0,200.0,36,133280.4,166.7618249478677,11.51,10160622.0,44088.8,44056.16,23.01,Commercial,,1273190400000.0,X,True,False,AREA OF MINIMAL FLOOD HAZARD,high,True,1.0,,0.0,6.0,6.0,,0.345,0.6047859191894531
dc_c81ebd5c76fc,Evocative Virginia (VA1),VA,38.948869,-77.329428,contains,0.0,200.0,17,73412.6,144.26279203760367,17.63,7920957.0,19093.7,19093.69,7.11,Commercial,1807 MICHAEL FARADAY COURT,1205280000000.0,X,True,False,AREA OF MINIMAL FLOOD HAZARD,high,False,1.0,,0.0,6.0,6.0,1.0,0.055,13.629328727722168
dc_586f965d0e34,Long Lines Data Center,IA,42.479224,-96.346135,nearest,29.94482898035646,200.0,14,57996.0,98.82663104930292,,3699384.0,2768.0,2769.009,,Education,4801 STONE AVENUE,1531267200000.0,X,True,False,AREA OF MINIMAL FLOOD HAZARD,high,,1.0,,0.0,6.0,6.0,4.0,0.015,18.442840576171875
dc_202a2991c5a5,UnitedLayer Los Angeles,CA,34.048222,-118.254575,nearest,6.184215240643648,200.0,21,117377.0,6.184215240643648,49.83,14871969.0,117377.0,117376.9,49.83,Commercial,,1350432000000.0,X,True,False,1 PCT DEPTH LESS THAN 1 FOOT,high,True,2.0,,0.0,6.0,6.0,,0.445,0.5556319355964661
dc_1bdd34364619,TierPoint Philadelphia,PA,39.892465,-75.165482,contains,0.0,200.0,12,82707.7,199.76428127941244,,7833074.0,25724.0,25723.98,6.68,Commercial,,1348012800000.0,X,True,False,AREA OF MINIMAL FLOOD HAZARD,high,False,2.0,,0.0,6.0,6.0,3.0,0.075,9.466512680053713
dc_ddd97248cc7e,TierPoint Chicago - Polk,IL,41.871616,-87.642825,contains,0.0,200.0,27,218224.9,53.78437900568996,10.19,34135765.0,64476.5,64476.48,9.25,Commercial,601 WEST POLK STREET,1321315200000.0,X,True,False,AREA OF MINIMAL FLOOD HAZARD,high,False,2.0,,0.0,6.0,6.0,,0.035,16.118194580078125
dc_e2cb4bbef84e,H5 Data Centers Denver,CO,39.618102,-104.891509,contains,0.0,200.0,19,187176.9,168.35827216393363,14.6,15136636.0,83629.0,83628.92,11.03,Commercial,5350 SOUTH VALENTIA WAY,1337212800000.0,X,True,False,AREA OF MINIMAL FLOOD HAZARD,high,False,2.0,,0.0,6.0,6.0,3.0,0.045,10.969576835632324
dc_a99edebba530,H5 Data Centers Seattle,WA,47.619054,-122.336393,contains,0.0,200.0,29,88697.5,98.38819480551268,11.67,10160589.0,57562.8,57520.25,9.51,Industrial,,1273190400000.0,X,True,False,AREA OF MINIMAL FLOOD HAZARD,high,False,2.0,,0.0,6.0,6.0,,0.345,0.6047859191894531
dc_1f5c6ef67d69,H5 Data Centers Atlanta,GA,33.765199,-84.38365,contains,0.0,200.0,34,170924.2,178.43416209223307,14.73,17223075.0,74636.4,74636.3,20.65,Unclassified,,1351209600000.0,X,True,False,AREA OF MINIMAL FLOOD HAZARD,high,True,1.0,,0.0,6.0,6.0,1.0,0.055,16.562829971313477
dc_50cfa203d920,Amplex DC0,OH,41.48316,-83.4532,nearest,14.216870848208536,200.0,1,15324.9,14.216870848208536,,4538874.0,15324.9,15745.14,,Commercial,,1538179200000.0,X,True,False,AREA OF MINIMAL FLOOD HAZARD,high,,1.0,,0.0,6.0,6.0,1.0,0.045,18.347749710083008
dc_8e3b85f052e5,Markley Group Lowell,MA,42.6302,-71.3045,contains,0.0,200.0,86,185179.8,0.0,,6003965.0,185179.8,186535.9,,Industrial,2 PRINCE AVENUE,1527724800000.0,X,True,False,AREA OF MINIMAL FLOOD HAZARD,high,,2.0,,0.0,6.0,6.0,3.0,0.095,3.484011173248291
dc_6a78d9936b54,GIP Dallas,TX,32.783819,-96.79463,contains,0.0,200.0,5,293844.5,81.26139409322775,39.74,29799666.0,39811.4,39811.39,18.63,Commercial,2020 LIVE OAK ST,1435708800000.0,X,True,False,AREA OF MINIMAL FLOOD HAZARD,high,True,1.0,,0.0,6.0,6.0,2.0,0.025,18.841638565063477
dc_79dfa0f520ee,Enseva Cedar Rapids,IA,42.055307,-91.679646,nearest,30.27375558133441,200.0,10,109843.8,107.15369261283386,,724878.0,32717.3,32700.78,,Industrial,760 KACENA ROAD,1525651200000.0,X,True,False,AREA OF MINIMAL FLOOD HAZARD,high,,1.0,,0.0,6.0,6.0,1.0,0.015,8.404583930969238
dc_1381e04db5f3,Digital Realty SJC (1100 Space Park),CA,37.375823,-121.953325,contains,0.0,200.0,17,55596.6,0.0,14.62,15740644.0,55596.6,55596.56,14.62,Unclassified,,1349049600000.0,X,True,False,AREA WITH REDUCED FLOOD RISK DUE TO LEVEE,high,True,1.0,,0.0,6.0,6.0,,0.555,0.1221932545304298
dc_b5563d708045,CyrusOne Aurora I,IL,41.796754,-88.24276,contains,0.0,200.0,4,273933.8,0.0,,32005777.0,273933.8,273512.6,,Industrial,,1462406400000.0,X,True,False,AREA OF MINIMAL FLOOD HAZARD,high,,3.0,,0.0,6.0,6.0,1.0,0.035,17.22007942199707
dc_f41ce391bc3a,Optic Fusion - Perkins Building,WA,47.253338,-122.436709,contains,0.0,200.0,23,92056.9,63.72563768508965,,2444613.0,34572.9,34546.75,,Unclassified,,1560124800000.0,X,True,False,AREA OF MINIMAL FLOOD HAZARD,high,,1.0,,0.0,6.0,6.0,,0.345,0.4631632566452026
dc_b7fb6104e55f,Digital Realty HOU (12001 North Freeway),TX,29.943168,-95.416846,contains,0.0,200.0,13,247576.3,25.932080377502743,,1814555.0,7643.6,7588.189,,Industrial,12001 NORTH FREEWAY,1589068800000.0,X,True,False,AREA OF MINIMAL FLOOD HAZARD,high,,1.0,,0.0,6.0,6.0,1.0,0.015,20.972787857055664
dc_3c96251ce435,Tech Vault South Burlington,VT,44.45418,-73.141763,contains,0.0,200.0,13,38133.4,0.0,,93476.0,38133.4,38123.39,,Commercial,21 GREGORY DRIVE,1528416000000.0,X,True,False,AREA OF MINIMAL FLOOD HAZARD,high,,2.0,1.0,0.5,1.0,1.0,2.0,0.095,5.822917461395264
dc_5dcb98d9729e,Digital Realty Portland - PDX10,OR,45.547609,-122.892017,contains,0.0,200.0,8,116259.5,157.30028114449604,,3639014.0,55721.5,55677.0,,Industrial,,1564790400000.0,X,True,False,AREA OF MINIMAL FLOOD HAZARD,high,,2.0,,0.0,6.0,6.0,1.0,0.175,0.4918390810489654
dc_acacfb9245c6,Cologix MIN3,MN,44.971408,-93.25458,contains,0.0,200.0,17,88316.9,0.0,12.7,11071597.0,88316.9,88247.18,12.7,Commercial,511 11TH AVENUE SOUTH,1335744000000.0,X,True,False,AREA OF MINIMAL FLOOD HAZARD,high,True,1.0,,0.0,6.0,6.0,1.0,0.005,10.622698783874512
dc_7ab474505334,Cologix COL3,OH,40.116491,-83.001985,nearest,22.370732135813373,200.0,20,109123.7,153.96354088032464,9.04,283433.0,461.5,586.4561,,Industrial,7455 ALTA VIEW BOULEVARD,1546646400000.0,X,True,False,AREA OF MINIMAL FLOOD HAZARD,high,,1.0,,0.0,6.0,6.0,1.0,0.035,15.455096244812012
dc_b272dd406678,Consolidated - 811 Louisiana,TX,29.759292,-95.366313,contains,0.0,200.0,15,66529.1,177.79581295901687,25.91,28511391.0,62133.9,62133.79,57.35,Commercial,777 WALKER ST,1264204800000.0,X,True,False,AREA OF MINIMAL FLOOD HAZARD,high,True,2.0,,0.0,6.0,6.0,,0.015,20.972787857055664
dc_5d9780f4d912,Prov.net PVD1 (1155 Westminster),RI,41.817374,-71.427671,contains,0.0,200.0,140,36889.0,138.64742521351397,10.79,7127428.0,12760.7,12763.28,10.11,Industrial,1155 WESTMINSTER STREET,1314748800000.0,X,True,False,AREA OF MINIMAL FLOOD HAZARD,high,False,2.0,,0.0,6.0,6.0,,0.065,2.800774097442627
dc_21ebebf3dbbb,Prov.net PVD2 (304 Carpenter),RI,41.817622,-71.429267,nearest,9.20480269787326,200.0,153,36889.0,39.580059344909294,10.79,7127676.0,23929.9,23934.77,8.12,Industrial,304 CARPENTER STREET,1314748800000.0,X,True,False,AREA OF MINIMAL FLOOD HAZARD,high,False,2.0,,0.0,6.0,6.0,,0.065,2.800774097442627
dc_02dc64b737be,Prov.net CHF1 (Boston North),MA,42.597085,-71.331383,nearest,4.406369350584759,200.0,12,108705.8,206.13007870556655,,236562.0,52441.3,52041.01,,Industrial,187 BILLERICA ROAD,1527724800000.0,X,True,False,AREA OF MINIMAL FLOOD HAZARD,high,,2.0,,0.0,6.0,6.0,3.0,0.095,3.484011173248291
dc_0ba8bcd18eb0,QTS Princeton (PJC1),NJ,40.279249,-74.547551,contains,0.0,200.0,3,179925.6,0.0,,6002143.0,179925.6,180265.2,,Unclassified,,1444089600000.0,X,True,False,AREA OF MINIMAL FLOOD HAZARD,high,,4.0,3.0,0.5,3.0,6.0,4.0,0.0849999999999999,8.180803298950195
dc_347878620932,QTS Chicago (CHI1),IL,41.841895,-87.668306,contains,0.0,200.0,5,549235.6,108.8360836120501,11.32,34991138.0,237388.5,237388.3,12.92,Commercial,2800 SOUTH ASHLAND AVENUE,1321315200000.0,X,True,False,AREA OF MINIMAL FLOOD HAZARD,high,True,2.0,,0.0,6.0,6.0,,0.035,16.118194580078125
dc_85cad2201208,QTS Overland Park (OVP1),KS,38.89627,-94.673374,contains,0.0,200.0,7,22257.3,94.49620767606616,,482181.0,19553.5,19547.95,,Commercial,,1587427200000.0,X,True,False,AREA OF MINIMAL FLOOD HAZARD,high,,2.0,,0.0,6.0,6.0,2.0,0.025,20.538841247558594
dc_e37781a3945e,US Internet - Minnetonka,MN,44.972011,-93.436607,nearest,0.9965194540387516,200.0,9,66379.6,63.8000869822051,6.15,11039630.0,19729.2,19714.01,9.14,Commercial,12400 WAYZATA BOULEVARD,1335744000000.0,X,True,False,AREA OF MINIMAL FLOOD HAZARD,high,False,1.0,,0.0,6.0,6.0,2.0,0.005,10.622698783874512
dc_af69a6e28ad1,Everstream Parma Data Center,OH,41.407902,-81.780019,contains,0.0,200.0,11,69140.3,0.0,6.9,9503901.0,69140.3,69140.21,6.9,Commercial,12875 CORPORATE DRIVE,1282003200000.0,X,True,False,AREA OF MINIMAL FLOOD HAZARD,high,False,1.0,,0.0,6.0,6.0,1.0,0.035,14.31541633605957
dc_eca142e41806,LADC2 - 707 Wilshire Blvd,CA,34.049219,-118.257002,contains,0.0,200.0,26,184955.8,164.77858514829208,42.16,14636914.0,24929.1,24929.08,193.38,Commercial,,1350432000000.0,X,True,False,1 PCT DEPTH LESS THAN 1 FOOT,high,True,1.0,,0.0,6.0,6.0,,0.445,0.5556319355964661
dc_7569fa9635bc,LADC3 - 600 W 7th St,CA,34.047282,-118.256692,nearest,10.301109370075531,200.0,19,184955.8,136.0683175870119,42.16,14634908.0,68664.1,68664.0,35.53,Commercial,,1350432000000.0,X,True,False,1 PCT DEPTH LESS THAN 1 FOOT,high,True,2.0,,0.0,6.0,6.0,,0.445,0.5556319355964661
dc_ac067fc8caa1,LADC4 - 530 W 6th St,CA,34.048222,-118.254575,nearest,6.184215240643648,200.0,21,117377.0,6.184215240643648,49.83,14871969.0,117377.0,117376.9,49.83,Commercial,,1350432000000.0,X,True,False,1 PCT DEPTH LESS THAN 1 FOOT,high,True,2.0,,0.0,6.0,6.0,,0.445,0.5556319355964661
dc_c7aa0c4fe9d5,LADC5 - 650 S Grand Ave,CA,34.047741,-118.256095,nearest,8.783757604712656,200.0,24,184955.8,170.86288909732596,42.16,14871969.0,117377.0,117376.9,49.83,Commercial,,1350432000000.0,AE,True,True,,high,True,2.0,,0.0,6.0,6.0,,0.445,0.5556319355964661
dc_57acf1168596,SFDC1 - 200 Paul Ave,CA,37.724028,-122.397718,contains,0.0,200.0,31,111015.1,76.44536937627326,8.89,16176879.0,106161.3,106161.2,16.53,Industrial,,1349049600000.0,X,True,False,AREA OF MINIMAL FLOOD HAZARD,high,True,2.0,,0.0,6.0,6.0,2.0,0.535,0.0928128734230995
dc_be812f833558,NYDC1 - 60 Hudson Street,NY,40.717729,-74.008306,contains,0.0,200.0,25,66438.0,123.85934790097323,21.21,7730764.0,63885.5,63845.47,69.18,Commercial,60 HUDSON STREET,1376524800000.0,X,True,False,AREA OF MINIMAL FLOOD HAZARD,high,True,2.0,,0.0,6.0,6.0,4.0,0.095,7.277477264404297
dc_f6923d09cd62,NYDC2 - 111 8th ave,NY,40.741469,-74.003387,contains,0.0,200.0,25,330995.7,136.88880664767086,28.25,7732059.0,166489.6,166385.5,62.74,Industrial,76 9 AVENUE,1376524800000.0,X,True,False,AREA OF MINIMAL FLOOD HAZARD,high,True,4.0,,0.0,6.0,6.0,,0.095,7.277477264404297
dc_3cd8837b3e4f,NYDC3 - 11 skyline dr,NY,41.09095,-73.81383,nearest,16.53914775582314,200.0,13,75019.3,140.69583256744363,,4116824.0,12302.6,12295.73,,Commercial,7 SKYLINE DRIVE,1549411200000.0,X,True,False,AREA OF MINIMAL FLOOD HAZARD,high,,1.0,,0.0,6.0,6.0,4.0,0.095,6.558852672576904
dc_871585f535e8,NJDC1 - 100 Delawanna ave,NJ,40.829947,-74.126657,contains,0.0,200.0,59,341839.1,101.34341652533176,12.74,7821270.0,28470.8,28470.75,29.83,Industrial,100 DELAWANNA AVENUE,1376524800000.0,X,True,False,AREA OF MINIMAL FLOOD HAZARD,high,True,4.0,,0.0,6.0,6.0,3.0,0.105,7.277477264404297
dc_df65c9139bfb,NJDC2 - 300 J F Kennedy Blvd,NJ,40.777818,-74.075909,contains,0.0,200.0,7,432722.0,0.0,9.38,7726415.0,432722.0,432721.7,9.38,Industrial,,1376524800000.0,AE,True,True,,high,False,4.0,,0.0,6.0,6.0,3.0,0.105,7.277477264404297
dc_75f15cdb1182,BDC1 - 34 Saint Martin Dr,MA,42.312902,-71.579257,contains,0.0,200.0,4,192535.0,0.0,,6001963.0,192535.0,193921.9,,Industrial,34 SAINT MARTIN DRIVE,1570233600000.0,X,True,False,AREA OF MINIMAL FLOOD HAZARD,high,,4.0,3.0,0.5,3.0,6.0,3.0,0.075,3.984761238098145
dc_081751389720,PDC1 - 9999 Hamilton blvd,PA,40.544235,-75.655718,nearest,13.379555380051167,200.0,6,279955.6,13.379555380051167,,6010976.0,279955.6,283514.1,,Education,,1391731200000.0,X,True,False,AREA OF MINIMAL FLOOD HAZARD,high,,4.0,1.0,0.25,6.0,6.0,2.0,0.065,10.80161476135254
dc_c58b1b612021,PDC2 - 1000 Adams ave,PA,40.121801,-75.421011,contains,0.0,200.0,9,65639.4,0.0,8.35,7808993.0,65639.4,65639.3,8.35,Commercial,1000 ADAMS AVENUE,1348012800000.0,X,True,False,AREA OF MINIMAL FLOOD HAZARD,high,False,1.0,,0.0,6.0,6.0,1.0,0.075,10.887083053588867
dc_7efbc943a5b5,PDC3 - 3949 Schelden Cir,PA,40.675013,-75.378107,contains,0.0,200.0,11,95307.9,132.0687163138235,10.64,8178359.0,26137.4,26137.36,6.36,Industrial,,1415059200000.0,X,True,False,AREA OF MINIMAL FLOOD HAZARD,high,False,1.0,,0.0,6.0,6.0,3.0,0.065,10.55088996887207
dc_194539a143f0,CDC1 - 350 E Cermak Rd,IL,41.853701,-87.618252,contains,0.0,200.0,13,4249157.4,58.53358763039705,26.04,35011105.0,247826.3,247826.1,27.25,Commercial,2105 SOUTH PRAIRIE AVENUE,1321315200000.0,X,True,False,AREA OF MINIMAL FLOOD HAZARD,high,True,4.0,,0.0,6.0,6.0,,0.035,16.118194580078125
dc_ad43d4cf1b08,CDC2 - 600 S Federal st,IL,41.874224,-87.629937,contains,0.0,200.0,26,362171.4,151.3133113378835,46.17,34136315.0,70443.5,70443.47,30.01,Commercial,680 SOUTH FEDERAL STREET,1321315200000.0,X,True,False,AREA OF MINIMAL FLOOD HAZARD,high,True,2.0,,0.0,6.0,6.0,,0.035,16.118194580078125
dc_037586104f46,CDC3 - 800 E Business Center Dr,IL,42.078055,-87.923547,contains,0.0,200.0,9,170121.7,154.708515285836,7.05,34634126.0,77832.1,77832.05,5.93,Industrial,800 BUSINESS CENTER DRIVE,1321315200000.0,X,True,False,AREA OF MINIMAL FLOOD HAZARD,high,False,1.0,,0.0,6.0,6.0,,0.035,14.088419914245604
dc_6fa7f8a2244a,CDC4 - 1808 Swift Dr,IL,41.854051,-87.920916,contains,0.0,200.0,18,152406.4,0.0,8.52,35183751.0,152406.4,152406.2,8.52,Commercial,1808 SWIFT DRIVE,1321315200000.0,X,True,False,AREA OF MINIMAL FLOOD HAZARD,high,False,2.0,,0.0,6.0,6.0,1.0,0.035,16.118194580078125
dc_c160bcff218a,CDC5 - 2200 Busse Rd,IL,41.994269,-87.962053,contains,0.0,200.0,10,449220.2,0.0,8.81,34582515.0,449220.2,449219.8,8.81,Industrial,2200 BUSSE ROAD,1321315200000.0,X,True,False,AREA OF MINIMAL FLOOD HAZARD,high,False,4.0,,0.0,6.0,6.0,1.0,0.035,16.118194580078125
dc_ec7f3d892327,MDC1 - 36 NE 2nd St,FL,25.776033,-80.193092,nearest,0.7010647328960676,200.0,19,162425.1,0.7010647328960676,21.25,30407427.0,162425.1,162424.5,21.25,Education,36 NE 2 ST,1392508800000.0,X,True,False,AREA OF MINIMAL FLOOD HAZARD,high,True,4.0,,0.0,6.0,6.0,3.0,0.005,22.965288162231445
dc_41ca0ce0a509,HDC1 - 108 Bank St,CT,41.554386,-73.041037,nearest,8.107721975437183,200.0,24,299590.7,57.91950920928303,,6001486.0,90747.8,90734.73,,Commercial,96 BANK STREET,1564099200000.0,X,True,False,AREA OF MINIMAL FLOOD HAZARD,high,,3.0,,0.0,6.0,6.0,,0.075,6.144979953765869
dc_a9daac2a9bcf,"ColoSpace - Bedford, NH",NH,42.928233,-71.463933,contains,0.0,200.0,8,37852.3,0.0,,6000195.0,37852.3,37859.68,,Commercial,,1554249600000.0,X,True,False,AREA OF MINIMAL FLOOD HAZARD,high,,2.0,2.0,0.5,2.0,6.0,2.0,0.095,3.484011173248291
dc_9674a1042873,"ColoSpace - Waltham, MA",MA,42.399882,-71.253131,contains,0.0,200.0,30,25233.1,184.60616110596072,,91821.0,24705.8,24240.56,,Commercial,265 WINTER STREET,1572739200000.0,X,True,False,AREA OF MINIMAL FLOOD HAZARD,high,,4.0,1.0,0.25,6.0,1.0,3.0,0.0849999999999999,3.3172669410705566
dc_fe6a5082e1a4,"ColoSpace - Rockland, MA",MA,42.166264,-70.898347,contains,0.0,200.0,5,97402.1,102.60948170883375,6.32,7021123.0,12219.9,12219.94,12.4,Commercial,1050 HINGHAM STREET,1242864000000.0,X,True,False,AREA OF MINIMAL FLOOD HAZARD,high,True,1.0,,0.0,6.0,6.0,3.0,0.075,2.8466084003448486
dc_7371f6e88a78,"ColoSpace - Somerville, MA",MA,42.376703,-71.079763,contains,0.0,200.0,11,133359.2,0.0,12.43,7202925.0,133359.2,133359.0,12.43,Industrial,70 INNER BELT ROAD,1242864000000.0,X,True,False,AREA OF MINIMAL FLOOD HAZARD,high,True,2.0,,0.0,6.0,6.0,,0.0849999999999999,3.3172669410705566
dc_64078778e699,MI Tech - Main Campus,MI,47.119532,-88.551329,contains,0.0,200.0,45,40680.4,138.3765545431594,,12064882.0,15236.6,15229.59,,Education,,1521158400000.0,,False,,,high,,1.0,,0.0,6.0,6.0,1.0,0.005,2.242445945739746
dc_57096ce99736,Crown Castle Hartford (960 Main),CT,41.76818,-72.6726,contains,0.0,200.0,12,1370250.7,148.38289241059758,25.73,7213770.0,223457.6,223484.7,33.27,Residential,153 MARKET STREET,1345939200000.0,X,True,False,AREA OF MINIMAL FLOOD HAZARD,high,True,2.0,,0.0,6.0,6.0,,0.075,4.7566447257995605
dc_f386ecfb7f09,Crown Castle Boston (1 Summer),MA,42.354692,-71.060266,contains,0.0,200.0,20,268625.6,0.0,29.35,7041802.0,268625.6,268625.4,29.35,Commercial,474 WASHINGTON STREET,1242864000000.0,X,True,False,AREA OF MINIMAL FLOOD HAZARD,high,True,3.0,,0.0,6.0,6.0,3.0,0.0849999999999999,3.3172669410705566
dc_4de2dac0b961,Crown Castle Springfield (1 Federal),MA,42.109052,-72.576013,contains,0.0,200.0,21,204171.1,0.0,9.52,7398976.0,204171.1,204170.9,9.52,Education,65 LINCOLN STREET,1346112000000.0,X,True,False,AREA OF MINIMAL FLOOD HAZARD,high,False,2.0,,0.0,6.0,6.0,1.0,0.065,5.542868614196777
dc_c67379e56350,Crown Castle Newark (165 Halsey),NJ,40.736844,-74.173402,contains,0.0,200.0,25,89826.2,0.0,54.25,7652032.0,89826.2,89826.13,54.25,Education,111 MARKET STREET,1376524800000.0,X,True,False,AREA OF MINIMAL FLOOD HAZARD,high,True,2.0,,0.0,6.0,6.0,,0.105,7.277477264404297
dc_0697d50df413,Crown Castle Providence (235 Promenade),RI,41.828542,-71.41934,contains,0.0,200.0,7,1052678.2,142.1998581839578,31.45,7139338.0,206101.5,206141.5,16.5,Government,235 PROMENADE STREET,1314748800000.0,X,True,False,AREA WITH REDUCED FLOOD RISK DUE TO LEVEE,high,True,3.0,,0.0,6.0,6.0,,0.065,2.800774097442627
dc_3b40bd0e28a9,Crown Castle Chicago (725 S Wells),IL,41.872619,-87.633278,contains,0.0,200.0,19,362171.4,64.86089879084695,46.17,34136302.0,67510.9,67510.82,53.52,Residential,673 SOUTH WELLS STREET,1321315200000.0,X,True,False,AREA OF MINIMAL FLOOD HAZARD,high,True,3.0,,0.0,6.0,6.0,,0.035,16.118194580078125
dc_64fac6510bfa,Crown Castle Marlboro (34 St Martin),MA,42.313247,-71.578316,contains,0.0,200.0,3,192535.0,0.0,,6001963.0,192535.0,193921.9,,Industrial,34 SAINT MARTIN DRIVE,1570233600000.0,X,True,False,AREA OF MINIMAL FLOOD HAZARD,high,,4.0,3.0,0.5,3.0,6.0,3.0,0.075,3.984761238098145
dc_e7bcef4e6ef3,Crown Castle Worcester (474 Main),MA,42.262556,-71.802963,contains,0.0,200.0,22,107739.1,50.491576290407416,21.87,7308779.0,61605.1,61605.07,16.98,Residential,484 MAIN STREET,1249689600000.0,X,True,False,AREA OF MINIMAL FLOOD HAZARD,high,True,2.0,,0.0,6.0,6.0,,0.075,3.984761238098145
dc_f16231684f36,Crown Castle New York (111 8th),NY,40.741469,-74.003387,contains,0.0,200.0,25,330995.7,136.88880664767086,28.25,7732059.0,166489.6,166385.5,62.74,Industrial,76 9 AVENUE,1376524800000.0,X,True,False,AREA OF MINIMAL FLOOD HAZARD,high,True,4.0,,0.0,6.0,6.0,,0.095,7.277477264404297
dc_1976e66defac,Crown Castle Providence (300 Carpenter),RI,41.817911,-71.42888,contains,0.0,200.0,165,36889.0,21.835009928264345,10.79,7127676.0,23929.9,23934.77,8.12,Industrial,304 CARPENTER STREET,1314748800000.0,X,True,False,AREA OF MINIMAL FLOOD HAZARD,high,False,2.0,,0.0,6.0,6.0,,0.065,2.800774097442627
dc_caa1e331d330,Crown Castle Columbus (101 E Town),OH,39.958911,-82.996895,contains,0.0,200.0,27,241840.7,141.70842717296878,12.6,9758548.0,10774.3,10774.25,19.26,Education,101 TOWN STREET,1301616000000.0,X,True,False,AREA OF MINIMAL FLOOD HAZARD,high,True,1.0,,0.0,6.0,6.0,1.0,0.035,14.319350242614746
dc_8a0744087416,ManagedWay TYM1,MI,42.537158,-83.099861,contains,0.0,200.0,24,130828.3,154.52918188704388,,3324031.0,18214.1,18212.87,,Industrial,,1568764800000.0,X,True,False,AREA OF MINIMAL FLOOD HAZARD,high,,1.0,,0.0,6.0,6.0,1.0,0.025,19.28365898132324
dc_f1924a1f4658,ManagedWay TYM2,MI,42.540615,-83.098459,contains,0.0,200.0,27,47290.8,0.0,,3326903.0,47290.8,47287.48,,Industrial,,1568764800000.0,X,True,False,AREA OF MINIMAL FLOOD HAZARD,high,,4.0,,0.0,6.0,6.0,1.0,0.025,19.28365898132324
dc_83e9572d0746,ManagedWay BYK1,MI,42.825353,-85.672818,nearest,38.22968411312586,200.0,11,42100.7,151.20170229902487,,217743.0,25346.2,25333.24,,Commercial,,1552003200000.0,X,True,False,AREA OF MINIMAL FLOOD HAZARD,high,,2.0,,0.0,6.0,6.0,2.0,0.025,10.852680206298828
dc_e69a4d117f8d,ManagedWay SFJ1,MI,42.471634,-83.238056,contains,0.0,200.0,18,22787.8,0.0,27.67,14924324.0,22787.8,22788.52,27.67,Commercial,,1430438400000.0,X,True,False,AREA OF MINIMAL FLOOD HAZARD,high,True,3.0,,0.0,6.0,6.0,2.0,0.025,17.9299373626709
dc_f9b72dde45d8,ManagedWay SFJ2,MI,42.467059,-83.234759,contains,0.0,200.0,25,57602.4,153.24973920319374,6.7,14913597.0,9150.2,9150.495,7.43,Commercial,,1430438400000.0,X,True,False,AREA OF MINIMAL FLOOD HAZARD,high,False,1.0,,0.0,6.0,6.0,2.0,0.025,17.9299373626709
dc_b24968196134,NWT Data Center,FL,25.775583,-80.188189,contains,0.0,200.0,14,139158.7,71.3734899665476,8.32,30406134.0,38169.7,38169.52,50.12,Commercial,130 BISCAYNE BLVD,1392508800000.0,X,True,False,0.2 PCT ANNUAL CHANCE FLOOD HAZARD,high,True,1.0,,0.0,6.0,6.0,,0.005,22.965288162231445
dc_9ce7e28cd5d6,IM Datacenter,FL,25.776,-80.1931,contains,0.0,200.0,18,162425.1,0.0,21.25,30407427.0,162425.1,162424.5,21.25,Education,36 NE 2 ST,1392508800000.0,X,True,False,AREA OF MINIMAL FLOOD HAZARD,high,True,4.0,,0.0,6.0,6.0,3.0,0.005,22.965288162231445
dc_d76a427d377e,Patmos KC1,MO,39.097212,-94.567238,contains,0.0,200.0,21,52875.9,54.97210902434895,8.32,11226788.0,5646.7,5646.67,6.6,Industrial,1325 TRACY AVENUE,1329609600000.0,X,True,False,AREA OF MINIMAL FLOOD HAZARD,high,False,2.0,,0.0,6.0,6.0,,0.025,20.675199508666992
dc_3f97f56200be,CoreSite - Orlando (OR1),FL,28.427139,-81.419829,contains,0.0,200.0,5,163943.1,139.79792670169448,,30032849.0,133062.3,133061.8,6.17,Unclassified,9701 S JOHN YOUNG PKWY,1390608000000.0,X,True,False,AREA OF MINIMAL FLOOD HAZARD,high,False,2.0,,0.0,6.0,6.0,4.0,0.015,30.065410614013672
dc_c31443bd7e5d,"DartPoints Cincinnati, OH - CVG1",OH,39.098228,-84.517483,contains,0.0,200.0,17,1292940.8,150.91578738535875,27.78,10448593.0,35648.2,35648.14,29.61,Unclassified,,1425168000000.0,X,True,False,AREA OF MINIMAL FLOOD HAZARD,high,True,2.0,,0.0,6.0,6.0,,0.045,18.68988990783691
dc_487092045130,TierPoint Allentown-TekPark,PA,40.544235,-75.655718,nearest,13.379555380051167,200.0,6,279955.6,13.379555380051167,,6010976.0,279955.6,283514.1,,Education,,1391731200000.0,X,True,False,AREA OF MINIMAL FLOOD HAZARD,high,,4.0,1.0,0.25,6.0,6.0,2.0,0.065,10.80161476135254
dc_5e85cebf311b,TierPoint Lehigh Valley,PA,40.675013,-75.378107,contains,0.0,200.0,11,95307.9,132.0687163138235,10.64,8178359.0,26137.4,26137.36,6.36,Industrial,,1415059200000.0,X,True,False,AREA OF MINIMAL FLOOD HAZARD,high,False,1.0,,0.0,6.0,6.0,3.0,0.065,10.55088996887207
dc_03a4e256150f,"DartPoints Asheville, NC - AVL1",NC,35.488154,-82.558062,contains,0.0,200.0,7,56132.3,0.0,,50824522.0,56132.3,56114.9,,Commercial,100 TECHNOLOGY DRIVE,1581638400000.0,X,True,False,AREA OF MINIMAL FLOOD HAZARD,high,,2.0,2.0,0.5,2.0,6.0,4.0,0.0849999999999999,12.297951698303224
dc_5a60b2d9349b,"DartPoints Greenville, SC - GSP1",SC,34.807763,-82.34338,contains,0.0,200.0,5,306365.7,0.0,,51199704.0,306365.7,306234.3,,Education,,1591056000000.0,X,True,False,AREA OF MINIMAL FLOOD HAZARD,high,,3.0,3.0,0.6666666666666666,2.0,2.0,3.0,0.075,14.185957908630373
dc_6186c857fc4f,"DartPoints Columbia, SC - CAE1",SC,33.987661,-81.030715,contains,0.0,200.0,17,157719.9,112.30132144185414,15.54,10170621.0,88621.0,88620.92,6.65,Industrial,,1232668800000.0,X,True,False,AREA OF MINIMAL FLOOD HAZARD,high,False,4.0,,0.0,6.0,6.0,,0.095,18.71799087524414
dc_d6d98ef855f4,"DartPoints Charleston, SC - CHS1",SC,32.96496,-80.1013,contains,0.0,200.0,6,544846.6,199.62094891437107,,51476504.0,16479.1,16468.74,,Commercial,,1588550400000.0,X,True,False,AREA OF MINIMAL FLOOD HAZARD,high,,2.0,4.0,0.5,4.0,6.0,4.0,0.455,18.32156753540039
dc_85dc506fa124,Hosted Backbone Richmond1,VA,37.646784,-77.438443,nearest,7.102424170440227,200.0,9,72782.8,116.28865512470044,,50983154.0,43470.0,43484.79,,Commercial,8851 PARK CENTRAL DRIVE,1630800000000.0,X,True,False,AREA OF MINIMAL FLOOD HAZARD,high,,1.0,,0.0,6.0,6.0,2.0,0.105,13.578962326049805
dc_5410c3966313,T5@Dallas,TX,33.064858,-96.810993,contains,0.0,200.0,8,324590.3,0.0,,36744212.0,324590.3,324664.8,,Commercial,6653 PINECREST DRIVE,1673654400000.0,X,True,False,AREA OF MINIMAL FLOOD HAZARD,high,,4.0,,0.0,6.0,6.0,3.0,0.025,19.147722244262695
dc_6b2ef030c33c,Digital Realty ATL (250 Williams),GA,33.761611,-84.391309,contains,0.0,200.0,13,1553498.9,0.0,30.27,17217821.0,1553498.9,1553498.0,30.27,Utility and Misc,,1351209600000.0,X,True,False,AREA OF MINIMAL FLOOD HAZARD,high,True,10.0,,0.0,6.0,6.0,,0.055,16.562829971313477
dc_3c15e6d243fd,Anexio NJ1,NJ,40.55734,-74.4844,contains,0.0,200.0,6,350494.8,0.0,,6003326.0,350494.8,352964.5,,Industrial,101 POSSUMTOWN ROAD,1508371200000.0,X,True,False,AREA OF MINIMAL FLOOD HAZARD,high,,3.0,2.0,0.3333333333333333,6.0,6.0,4.0,0.095,7.277477264404297
dc_2e8f81227e3c,Anexio ACC5,VA,39.020131,-77.463206,contains,0.0,200.0,6,300087.4,0.0,8.59,7873501.0,300087.4,300087.1,8.59,Commercial,44521 HASTINGS DRIVE,1205280000000.0,X,True,False,AREA OF MINIMAL FLOOD HAZARD,high,False,4.0,,0.0,6.0,6.0,1.0,0.055,13.613815307617188
dc_d5bc37668c90,Aecero - Orange County (SNA1),CA,33.848958,-117.971033,contains,0.0,200.0,24,99928.5,0.0,10.88,13970320.0,99928.5,99928.41,10.88,Industrial,,1350432000000.0,X,True,False,0.2 PCT ANNUAL CHANCE FLOOD HAZARD,high,False,2.0,,0.0,6.0,6.0,,0.375,0.6565972566604614
dc_7259ff26155b,QuadraNet LAX,CA,33.9464,-118.3936,nearest,0.7470279172203294,200.0,19,330442.8,163.07253963148773,16.98,14070202.0,16540.7,16540.7,19.71,Residential,,1350432000000.0,X,True,False,AREA OF MINIMAL FLOOD HAZARD,high,True,2.0,,0.0,6.0,6.0,,0.395,0.3717229962348938
dc_ffd700f6d2ef,DataBank Atlanta (ATL2),GA,33.733895,-84.425712,contains,0.0,200.0,48,283570.7,53.12719010960435,8.37,17173675.0,69729.3,69729.17,7.54,Industrial,,1351209600000.0,X,True,False,AREA OF MINIMAL FLOOD HAZARD,high,False,3.0,,0.0,6.0,6.0,3.0,0.055,16.562829971313477
dc_a8fff910467b,FirstLight Regen Hut,ME,43.658074,-70.29982,nearest,11.194234588743129,200.0,36,97560.6,132.36250706540298,,272405.0,1187.4,1186.74,,Commercial,9 WESTLAND AVENUE,1490486400000.0,X,True,False,AREA OF MINIMAL FLOOD HAZARD,high,,1.0,,0.0,6.0,6.0,3.0,0.075,2.118645191192627
dc_2d83d46863fc,Opus Interactive Portland (PDX01),OR,45.52306,-122.683661,contains,0.0,200.0,24,41361.7,87.10530982446923,16.44,8137199.0,40053.8,40022.4,19.37,Commercial,,1285027200000.0,X,True,False,AREA OF MINIMAL FLOOD HAZARD,high,True,2.0,,0.0,6.0,6.0,,0.165,0.4918390810489654
dc_58ce7a0aa27d,Opus Interactive Hillsboro (HIO01),OR,45.5472,-122.89725,contains,0.0,200.0,6,211668.9,0.0,,5000814.0,211668.9,211499.9,,Commercial,,1564790400000.0,X,True,False,AREA OF MINIMAL FLOOD HAZARD,high,,4.0,,0.0,6.0,6.0,1.0,0.175,0.4918390810489654
dc_64a01d02406b,Opus Interactive Dallas (DTX01),TX,32.778287,-96.7984,nearest,41.262900354715235,200.0,14,67755.8,75.51791431872684,34.51,29766705.0,40184.2,40184.14,56.49,Commercial,308 S AKARD ST,1435708800000.0,X,True,False,AREA OF MINIMAL FLOOD HAZARD,high,True,2.0,,0.0,6.0,6.0,2.0,0.025,18.841638565063477
dc_bb41f7c6272c,Opus Interactive Silicon Valley (SJC01),CA,37.402591,-121.893199,contains,0.0,200.0,21,80178.2,0.0,8.03,15790890.0,80178.2,80178.11,8.03,Unclassified,,1349049600000.0,AO,True,True,,high,False,2.0,,0.0,6.0,6.0,,0.645,0.1221932545304298
dc_2c9f0fdd6bd5,WhiteLabelITSolutions,NJ,40.883258,-74.050276,contains,0.0,200.0,77,98264.3,0.0,,6007295.0,98264.3,99108.94,,Industrial,123 RAILROAD AVENUE,1550534400000.0,X,True,False,AREA OF MINIMAL FLOOD HAZARD,high,,4.0,,0.0,6.0,6.0,,0.105,7.277477264404297
dc_5453a4c127bb,Bresco Broadband Data Center,OH,39.959803,-82.988601,contains,0.0,200.0,38,212884.3,170.73554323803597,20.88,9759830.0,4353.1,4353.071,6.99,Commercial,423 TOWN STREET,1301616000000.0,X,True,False,AREA OF MINIMAL FLOOD HAZARD,high,False,2.0,,0.0,6.0,6.0,1.0,0.035,14.319350242614746
dc_ca9d0ab87d83,Continental Plaza,OH,39.962785,-82.996184,nearest,22.799293496466564,200.0,26,110860.4,191.76916911646632,26.7,9765568.0,36355.1,36355.08,22.04,Assembly,100 BROAD STREET,1301616000000.0,X,True,False,AREA OF MINIMAL FLOOD HAZARD,high,True,1.0,,0.0,6.0,6.0,1.0,0.035,14.319350242614746
dc_7fabd1d8f84d,H5 Data Centers Secaucus (NJ01),NJ,40.78387,-74.07545,contains,0.0,200.0,8,246933.2,0.0,7.81,7736171.0,246933.2,246933.0,7.81,Industrial,,1376524800000.0,AE,True,True,,high,False,4.0,,0.0,6.0,6.0,4.0,0.105,7.277477264404297
dc_8d25991bfa8d,Element Critical  Austin AUS1,TX,30.3428,-97.6964,contains,0.0,200.0,25,63538.7,0.0,6.61,28073211.0,63538.7,63538.67,6.61,Commercial,8025 N IH 35 SVRD NB,1167609600000.0,X,True,False,AREA OF MINIMAL FLOOD HAZARD,high,False,1.0,,0.0,6.0,6.0,3.0,0.015,13.630367279052734
dc_4c67f29cb099,Tech Mahindra Cleveland,OH,41.49786,-81.693321,contains,0.0,200.0,13,765131.2,182.22188655025553,19.58,9228846.0,229209.2,229208.9,47.65,Industrial,24 PUBLIC SQUARE,1282003200000.0,X,True,False,AREA OF MINIMAL FLOOD HAZARD,high,True,2.0,,0.0,6.0,6.0,1.0,0.035,14.31541633605957
dc_2c7c11ab382b,Cologix MIN4,MN,44.971408,-93.25458,contains,0.0,200.0,17,88316.9,0.0,12.7,11071597.0,88316.9,88247.18,12.7,Commercial,511 11TH AVENUE SOUTH,1335744000000.0,X,True,False,AREA OF MINIMAL FLOOD HAZARD,high,True,1.0,,0.0,6.0,6.0,1.0,0.005,10.622698783874512
dc_1e39597e7669,H5 Data Centers Nashville (TN01),TN,36.162621,-86.776316,contains,0.0,200.0,24,196927.6,64.10266580966875,17.96,12127628.0,23716.7,23697.94,44.87,Commercial,211 COMMERCE STREET,1136073600000.0,X,True,False,AREA OF MINIMAL FLOOD HAZARD,high,True,1.0,,0.0,6.0,6.0,,0.0849999999999999,16.571094512939453
dc_667b43557d64,75 Broad Street,NY,40.704435,-74.01149,nearest,3.148327476479643,200.0,27,124072.5,181.0580239380967,104.35,7730281.0,52657.0,52623.87,57.03,Education,10 SOUTH WILLIAM STREET,1376524800000.0,AE,True,True,,high,True,2.0,,0.0,6.0,6.0,,0.095,7.277477264404297
dc_79d66f4fbbef,H5 Data Centers St. Louis (MO01),MO,38.632728,-90.195813,contains,0.0,200.0,22,96543.4,181.92059256267828,40.06,11513507.0,86452.6,86452.56,31.33,Education,,1352419200000.0,X,True,False,AREA OF MINIMAL FLOOD HAZARD,high,True,2.0,,0.0,6.0,6.0,,0.165,15.06376838684082
dc_4485a73fc1d8,vXchnge Raleigh-Durham (NC01),NC,35.895769,-78.849214,nearest,7.06843694733603,200.0,15,21424.2,58.94945422582096,,9900787.0,14584.9,15171.44,,Commercial,4518 SOUTH MIAMI BOULEVARD,1510790400000.0,X,True,False,AREA OF MINIMAL FLOOD HAZARD,high,,1.0,,0.0,6.0,6.0,3.0,0.035,15.275832176208496
dc_67ff6b9472eb,Evocative New York (JFK2),NY,41.18114,-73.75511,contains,0.0,200.0,5,139217.0,0.0,,6012241.0,139217.0,139143.0,,Unclassified,,1478476800000.0,X,True,False,AREA OF MINIMAL FLOOD HAZARD,high,,2.0,,0.0,6.0,6.0,4.0,0.095,6.558852672576904
dc_3ca280f35beb,H5 Data Centers Pittsburgh (PA02),PA,40.452053,-79.980564,contains,0.0,200.0,21,57713.8,0.0,9.68,7504862.0,57713.8,57713.71,9.68,Industrial,,1312502400000.0,X,True,False,AREA OF MINIMAL FLOOD HAZARD,high,False,3.0,,0.0,6.0,6.0,1.0,0.025,12.35747528076172
dc_5a561854a759,Verizon Atlanta,GA,33.727965,-84.417833,contains,0.0,200.0,32,238659.5,66.17962117427228,8.64,17163938.0,86264.2,86264.18,6.22,Industrial,,1351209600000.0,X,True,False,AREA OF MINIMAL FLOOD HAZARD,high,False,4.0,,0.0,6.0,6.0,3.0,0.055,16.562829971313477
dc_739935478bcb,Centersquare Albuquerque (ABQ1),NM,35.08659,-106.651287,nearest,16.633437084007806,200.0,21,116370.4,130.3829476277708,,12066636.0,97564.0,97540.48,,Commercial,201 3RD STREET NORTHWEST,1314835200000.0,X,True,False,AREA OF MINIMAL FLOOD HAZARD,high,,2.0,,0.0,6.0,6.0,,0.055,9.913078308105469
dc_583b75cdc1d2,Centersquare Atlanta (ATL1-A/B/C),GA,33.744284,-84.581404,contains,0.0,200.0,2,251657.1,0.0,9.03,17185567.0,251657.1,251656.8,9.03,Industrial,,1351209600000.0,X,True,False,AREA OF MINIMAL FLOOD HAZARD,high,False,3.0,3.0,0.3333333333333333,6.0,6.0,3.0,0.055,17.153179168701172
dc_e7c1247bfe63,Centersquare Boston (BOS1-A),MA,42.396785,-71.267452,contains,0.0,200.0,8,71792.4,0.0,,6002916.0,71792.4,70510.25,,Industrial,580 WINTER STREET,1572739200000.0,X,True,False,AREA OF MINIMAL FLOOD HAZARD,high,,2.0,,0.0,6.0,6.0,3.0,0.0849999999999999,3.3172669410705566
dc_8d868acd51ee,Consolidated - 770 Elm St.,NH,42.989023,-71.46365,contains,0.0,200.0,34,194914.2,60.04161646408168,,83574.0,28344.0,28349.49,,Commercial,,1569110400000.0,X,True,False,AREA OF MINIMAL FLOOD HAZARD,high,,1.0,,0.0,6.0,6.0,,0.095,3.484011173248291
dc_4290cc221459,Consolidated - 266 Main St.,VT,44.476496,-73.208582,contains,0.0,200.0,66,31573.0,141.15354120390998,,173391.0,18383.2,18377.68,,Government,266 MAIN STREET,1528416000000.0,X,True,False,AREA OF MINIMAL FLOOD HAZARD,high,,1.0,,0.0,6.0,6.0,1.0,0.095,5.822917461395264
dc_81e63f1a603e,Consolidated - 45 Forest Ave.,ME,43.66578,-70.27613,nearest,24.36864494789037,200.0,106,67844.5,176.75029614271324,,275628.0,3644.5,3642.565,,Commercial,430 FOREST AVENUE,1490486400000.0,X,True,False,AREA OF MINIMAL FLOOD HAZARD,high,,1.0,,0.0,6.0,6.0,3.0,0.075,2.118645191192627
dc_713ae9ff9f61,Switch Tahoe Reno,NV,39.5141,-119.4738,contains,0.0,200.0,1,367504.5,0.0,,900768.0,367504.5,367503.6,,Industrial,,1474329600000.0,X,True,False,AREA OF MINIMAL FLOOD HAZARD,high,,4.0,,0.0,6.0,6.0,4.0,0.205,1.336833119392395
dc_7bac40f4748e,Sabey Intergate East Building 4,WA,47.493087,-122.293706,contains,0.0,200.0,13,38579.1,47.661698297441575,9.87,10090064.0,19540.8,19526.52,18.86,Commercial,,1273190400000.0,X,True,False,AREA OF MINIMAL FLOOD HAZARD,high,True,2.0,,0.0,6.0,6.0,1.0,0.345,0.4631632566452026
dc_740a1ee8d789,Verus Corportation,MN,45.124986,-93.2728,contains,0.0,200.0,10,197699.4,176.5565002995807,6.64,11349566.0,9770.6,9762.912,3.3,Commercial,201 85TH AVENUE NORTHWEST,1335744000000.0,X,True,False,AREA OF MINIMAL FLOOD HAZARD,high,False,1.0,,0.0,6.0,6.0,2.0,0.005,10.388507843017578
dc_95ab7384a93f,DataBank Dallas (DFW3),TX,33.085202,-96.812385,nearest,71.26305505100378,200.0,3,122150.1,71.26305505100378,,31731699.0,122150.1,122177.6,,Commercial,5501 HEADQUARTERS DRIVE,1673654400000.0,X,True,False,AREA OF MINIMAL FLOOD HAZARD,high,,2.0,,0.0,6.0,6.0,2.0,0.025,19.147722244262695
dc_e3304d66630f,DataBank Minneapolis (MSP1),MN,44.862766,-93.330405,contains,0.0,200.0,10,87462.1,0.0,12.74,11586438.0,87462.1,87393.6,12.74,Commercial,7700 FRANCE AVENUE SOUTH,1335744000000.0,X,True,False,AREA OF MINIMAL FLOOD HAZARD,high,True,2.0,,0.0,6.0,6.0,1.0,0.005,10.622698783874512
dc_04ef3d9451a0,DataBank Minneapolis (MSP2),MN,44.838484,-93.145777,contains,0.0,200.0,9,229185.3,187.7213323845721,8.99,11555985.0,87721.3,87651.4,9.88,Industrial,3255 NEIL ARMSTRONG BOULEVARD,1335744000000.0,X,True,False,AREA OF MINIMAL FLOOD HAZARD,high,False,1.0,,0.0,6.0,6.0,1.0,0.005,10.622698783874512
dc_80da332f0c37,DataBank Kansas City (MCI2),KS,38.97526,-94.70892,contains,0.0,200.0,36,63192.8,62.78669725601949,,4208548.0,31837.4,31829.09,4.71,Commercial,,1329609600000.0,X,True,False,AREA OF MINIMAL FLOOD HAZARD,high,False,2.0,,0.0,6.0,6.0,1.0,0.025,20.538841247558594
dc_1b4424f5d12f,DataBank Cleveland (CLE1),OH,41.500691,-81.684135,nearest,8.911229559955634,200.0,11,397126.6,102.91742077667894,22.88,9231803.0,84954.5,84954.46,23.53,Commercial,1807 EAST 12 STREET,1282003200000.0,X,True,False,AREA OF MINIMAL FLOOD HAZARD,high,True,1.0,,0.0,6.0,6.0,1.0,0.035,14.61642074584961
dc_c6a7708cb1fd,DataBank Pittsburgh (PIT1),PA,40.451325,-80.005712,contains,0.0,200.0,22,424619.9,0.0,16.82,7370318.0,424619.9,424619.4,16.82,Commercial,,1312502400000.0,X,True,False,AREA OF MINIMAL FLOOD HAZARD,high,True,3.0,,0.0,6.0,6.0,1.0,0.025,11.686223030090332
dc_f2375e9e8272,DataBank Salt Lake City (SLC1),UT,40.768287,-111.885994,nearest,4.731225058369766,200.0,30,62887.3,4.731225058369766,23.42,16194562.0,62887.3,62845.67,23.42,Commercial,143 EAST SOCIAL HALL AVENUE,1284768000000.0,X,True,False,AREA OF MINIMAL FLOOD HAZARD,high,True,2.0,,0.0,6.0,6.0,,0.195,5.014902114868164
dc_5cb21e4f1f61,DataBank Salt Lake City (SLC2),UT,40.480032,-111.904533,contains,0.0,200.0,11,84675.2,65.38349147254273,,13000531.0,75917.4,75867.7,,Commercial,14944 SOUTH PONY EXPRESS ROAD,1566086400000.0,X,True,False,AREA OF MINIMAL FLOOD HAZARD,high,,2.0,,0.0,6.0,6.0,3.0,0.165,4.538047790527344
dc_89b2b8fe4327,DataBank Salt Lake City (SLC3),UT,40.479891,-111.905781,contains,0.0,200.0,20,84675.2,0.0,,3383133.0,84675.2,84619.75,,Commercial,14926 SOUTH PONY EXPRESS ROAD,1566086400000.0,X,True,False,AREA OF MINIMAL FLOOD HAZARD,high,,2.0,2.0,0.5,2.0,6.0,2.0,0.165,4.538047790527344
dc_a1a5838a60ca,Smartcom Telephone (MCAL2),TX,26.203611,-98.225848,contains,0.0,200.0,82,19752.1,137.22074800090155,9.4,673615.0,5805.6,6240.002,,Commercial,601 BEECH AVE,1584576000000.0,,False,,,high,,1.0,,0.0,6.0,6.0,,0.015,9.652347564697266
dc_93c731f0d49a,Smartcom Telephone (MCAL1),TX,26.203638,-98.225835,contains,0.0,200.0,83,19752.1,138.6848903747081,9.4,673615.0,5805.6,6240.002,,Commercial,601 BEECH AVE,1584576000000.0,,False,,,high,,1.0,,0.0,6.0,6.0,,0.015,9.652347564697266
dc_7aae4d4abf47,TierPoint Dallas2 - Allen,TX,33.13593,-96.66089,contains,0.0,200.0,5,346020.4,199.6324117968033,,31616094.0,172500.4,172564.8,,Commercial,2260 CHELSEA BLVD,1654992000000.0,X,True,False,AREA OF MINIMAL FLOOD HAZARD,high,,1.0,,0.0,6.0,6.0,2.0,0.025,19.147722244262695
dc_e815cc10857f,TierPoint Jacksonville,FL,30.216587,-81.581459,contains,0.0,200.0,19,130089.4,0.0,,22105354.0,130089.4,129035.4,,Utility and Misc,8324 BAYMEADOWS WAY,1490140800000.0,X,True,False,AREA OF MINIMAL FLOOD HAZARD,high,,2.0,,0.0,6.0,6.0,3.0,0.025,23.808124542236328
dc_165b15e48a25,Equinix DE1 - Denver,CO,39.58737,-104.8763,contains,0.0,200.0,13,92855.2,124.6194202602209,9.55,15080824.0,30188.2,30188.21,5.78,Industrial,9706 EAST EASTER AVENUE,1337212800000.0,X,True,False,AREA OF MINIMAL FLOOD HAZARD,high,False,1.0,,0.0,6.0,6.0,3.0,0.045,10.969576835632324
dc_d62273c68978,EDCDET01,MI,42.448537,-83.261226,nearest,9.90995645281678,200.0,8,66205.5,98.61143412029058,7.09,14871838.0,51306.8,51309.45,7.15,Commercial,,1430438400000.0,X,True,False,AREA OF MINIMAL FLOOD HAZARD,high,False,1.0,,0.0,6.0,6.0,2.0,0.025,17.9299373626709
dc_e1ff79fe6a61,Fireline Broadband,CA,33.94835,-118.07316,contains,0.0,200.0,15,221940.4,191.93944955892465,11.78,14912427.0,25644.5,25644.46,6.29,Industrial,,1350432000000.0,X,True,False,AREA OF MINIMAL FLOOD HAZARD,high,False,1.0,,0.0,6.0,6.0,3.0,0.435,0.3717229962348938
dc_551d1055ddc3,LightEdge Kansas City Subtropolis (KCI1),MO,39.159195,-94.471237,nearest,134.2903652438289,200.0,7,30952.5,156.0710861188321,6.64,11255486.0,673.0,673.011,3.1,Commercial,9101 NORTHEAST BIRMINGHAM ROAD,1329609600000.0,X,True,False,AREA OF MINIMAL FLOOD HAZARD,high,False,1.0,,0.0,6.0,1.0,2.0,0.025,19.850067138671875
dc_c71975653c6c,LightEdge Omaha (OMA1),NE,41.158303,-96.026596,contains,0.0,200.0,3,176847.1,155.29935778081875,4.53,3029324.0,36327.2,36353.82,4.94,Commercial,1102 EAST 1ST STREET,1366848000000.0,X,True,False,AREA OF MINIMAL FLOOD HAZARD,high,False,1.0,,0.0,6.0,6.0,3.0,0.015,15.336313247680664
dc_9b54779dc33d,Quest Roseville,CA,38.791,-121.317,contains,0.0,200.0,5,349189.6,0.0,,2365159.0,349189.6,347495.2,,Industrial,,1474502400000.0,X,True,False,AREA OF MINIMAL FLOOD HAZARD,high,,4.0,3.0,0.25,6.0,6.0,3.0,0.1149999999999999,0.568257212638855
dc_7019d4a4257b,MDC Laredo,TX,27.690636,-99.450354,contains,0.0,200.0,2,9435.0,0.0,,10035308.0,9435.0,9236.414,,Commercial,13619 CABEZUT DRIVE,1528243200000.0,A,True,True,,high,,1.0,,0.0,6.0,6.0,1.0,0.015,10.668778419494627
dc_90539e96965d,Cogent New York 1,NY,40.705,-74.014,nearest,8.832812071997951,200.0,17,104602.4,64.73901703083777,73.26,7730300.0,94053.8,93994.66,64.29,Industrial,11 GREENWICH STREET,1376524800000.0,X,True,False,AREA OF MINIMAL FLOOD HAZARD,high,True,2.0,,0.0,6.0,6.0,,0.095,7.277477264404297
dc_374a8dbdef04,CyrusOne Sterling V,VA,39.027202,-77.435827,nearest,33.7883705277225,200.0,5,95371.4,132.95201426745362,,2986761.0,15258.1,15316.12,,Unclassified,,1467417600000.0,AE,True,True,,high,,1.0,1.0,1.0,1.0,1.0,1.0,0.055,13.613815307617188
dc_1c34e69b8d80,Coloblox Data Centers ATL2,GA,33.755474,-84.391094,nearest,15.942834516843853,200.0,25,136014.5,76.12741511725427,28.02,17206825.0,15776.9,15776.92,37.45,Commercial,,1351209600000.0,X,True,False,AREA OF MINIMAL FLOOD HAZARD,high,True,1.0,,0.0,6.0,6.0,,0.055,16.562829971313477
dc_5108e71bb3f6,"Equinix BO2 - Boston, Billerica",MA,42.551527,-71.217522,nearest,1.4725061753187467,200.0,18,65004.9,1.4725061753187467,,222640.0,65004.9,65949.56,,Industrial,19 ALEXANDER ROAD,1527724800000.0,X,True,False,AREA OF MINIMAL FLOOD HAZARD,high,,1.0,,0.0,6.0,6.0,3.0,0.095,3.484011173248291
dc_8454f89ad7f5,Digital Realty SJC (3205 Alfred St),CA,37.379576,-121.958562,nearest,14.962975364693918,200.0,23,68510.5,196.77492748266988,8.01,15747091.0,1958.8,1958.825,5.05,Industrial,,1349049600000.0,AH,True,True,,high,False,1.0,,0.0,6.0,6.0,,0.545,0.1221932545304298
dc_5901d49adbc4,Digital Realty SJC (3105 Alfred St),CA,37.378271,-121.958112,contains,0.0,200.0,18,95002.4,99.1883559240585,5.29,15744977.0,52129.7,52129.61,8.41,Unclassified,,1349049600000.0,AH,True,True,,high,False,2.0,,0.0,6.0,6.0,,0.545,0.1221932545304298
dc_67ad37b81af1,Digital Realty SJC (3011 Lafayette St),CA,37.376362,-121.948543,contains,0.0,200.0,38,47541.6,0.0,11.64,15741522.0,47541.6,47541.51,11.64,Unclassified,,1349049600000.0,X,True,False,AREA WITH REDUCED FLOOD RISK DUE TO LEVEE,high,False,2.0,,0.0,6.0,6.0,,0.565,0.1221932545304298
dc_ad3f1c9b17f1,Digital Realty SJC (1725 Comstock St),CA,37.375034,-121.958096,contains,0.0,200.0,16,51501.9,160.85220837454293,4.42,15739012.0,39991.6,39991.59,7.01,Industrial,,1349049600000.0,X,True,False,0.2 PCT ANNUAL CHANCE FLOOD HAZARD,high,False,1.0,,0.0,6.0,6.0,,0.545,0.1221932545304298
dc_d677d70d3c7b,Digital Realty SJC (1525 Comstock St),CA,37.37493,-121.956008,contains,0.0,200.0,17,710884.7,203.59412601546356,9.26,15738809.0,42828.6,42828.62,7.26,Unclassified,,1349049600000.0,X,True,False,0.2 PCT ANNUAL CHANCE FLOOD HAZARD,high,False,2.0,,0.0,6.0,6.0,,0.555,0.1221932545304298
dc_6db1673e46d6,Digital Realty SJC (1500 Space Park Dr),CA,37.375801,-121.955182,contains,0.0,200.0,19,55596.6,120.18169291004072,14.62,15740490.0,28105.6,28105.52,10.57,Unclassified,,1349049600000.0,X,True,False,AREA WITH REDUCED FLOOD RISK DUE TO LEVEE,high,False,1.0,,0.0,6.0,6.0,,0.555,0.1221932545304298
dc_e3eb86c1081a,Digital Realty SJC (1201 Comstock St),CA,37.37498,-121.954079,contains,0.0,200.0,14,710884.7,145.89561263190697,9.26,15739006.0,24212.9,24212.93,7.42,Unclassified,,1349049600000.0,X,True,False,0.2 PCT ANNUAL CHANCE FLOOD HAZARD,high,False,2.0,,0.0,6.0,6.0,,0.555,0.1221932545304298
dc_73878c244253,Digital Realty IAD (44100 Digital Loudoun),VA,39.001128,-77.479043,contains,0.0,200.0,6,255516.3,50.2016128110937,,51676699.0,132202.4,132246.6,,Commercial,43780 DIGITAL LOUDOUN PLAZA,1710374400000.0,X,True,False,AREA OF MINIMAL FLOOD HAZARD,high,,2.0,,0.0,6.0,6.0,1.0,0.055,13.613815307617188
dc_864daa63b839,H5 Data Centers Virginia (4030),VA,38.910141,-77.472549,contains,0.0,200.0,7,76254.3,166.1054793063132,4.88,7861947.0,72631.5,72631.48,6.7,Industrial,4030 LAFAYETTE CENTER DRIVE,1205280000000.0,X,True,False,AREA OF MINIMAL FLOOD HAZARD,high,False,2.0,,0.0,6.0,6.0,1.0,0.065,13.629328727722168
dc_9b958c018393,43915 Devin Shafron,VA,39.002814,-77.481851,contains,0.0,200.0,6,255516.3,152.53221374853044,,51079901.0,151885.4,151936.5,,Commercial,43915 DEVIN SHAFRON DRIVE,1710374400000.0,X,True,False,AREA OF MINIMAL FLOOD HAZARD,high,,4.0,,0.0,6.0,6.0,1.0,0.055,13.613815307617188
dc_7538b0a42bca,Digital Realty IAD (43881 Devin Shafron),VA,39.002034,-77.483444,contains,0.0,200.0,7,255516.3,188.13191034932296,,7871060.0,179301.5,179301.3,8.91,Commercial,43881 DEVIN SHAFRON DRIVE,1205280000000.0,X,True,False,AREA OF MINIMAL FLOOD HAZARD,high,False,1.0,,0.0,6.0,6.0,1.0,0.055,13.613815307617188
dc_54b013b60906,Digital Realty IAD (43791 Devin Shafron),VA,39.003285,-77.487214,contains,0.0,200.0,7,170965.9,144.76783343489308,,7871173.0,135932.3,135932.1,8.84,Commercial,43791 DEVIN SHAFRON DRIVE,1205280000000.0,X,True,False,AREA OF MINIMAL FLOOD HAZARD,high,False,4.0,1.0,0.25,6.0,6.0,1.0,0.055,13.613815307617188
dc_64527d47d8c6,Digital Realty IAD (43830 Devin Shafron),VA,39.004182,-77.484108,contains,0.0,200.0,6,179301.5,160.6232485837841,8.91,51082965.0,118843.7,118883.9,,Unclassified,43830 DEVIN SHAFRON DRIVE,1710374400000.0,X,True,False,AREA OF MINIMAL FLOOD HAZARD,high,,2.0,,0.0,6.0,6.0,1.0,0.055,13.613815307617188
dc_bdff878de982,Digital Realty IAD (44060 Digital Loudoun),VA,39.001795,-77.47841,nearest,15.589559522958837,200.0,5,255516.3,137.84061530865245,,51676699.0,132202.4,132246.6,,Commercial,43780 DIGITAL LOUDOUN PLAZA,1710374400000.0,X,True,False,AREA OF MINIMAL FLOOD HAZARD,high,,2.0,,0.0,6.0,6.0,1.0,0.055,13.613815307617188
dc_33e94a939c1b,Digital Realty IAD (44490 Chilum),VA,39.021667,-77.459578,contains,0.0,200.0,14,300087.4,177.30709596230164,8.59,7873972.0,187271.2,187271.1,7.46,Unclassified,44470 CHILUM PLACE,1205280000000.0,X,True,False,AREA OF MINIMAL FLOOD HAZARD,high,False,4.0,,0.0,6.0,6.0,1.0,0.055,13.613815307617188
dc_f2ddfa4dc87b,Digital Realty IAD (44520 Hastings),VA,39.020372,-77.459125,contains,0.0,200.0,14,300087.4,174.70681155315287,8.59,7873423.0,150946.5,150946.4,7.06,Unclassified,44520 HASTINGS DRIVE,1205280000000.0,X,True,False,AREA OF MINIMAL FLOOD HAZARD,high,False,2.0,1.0,0.5,1.0,6.0,1.0,0.055,13.613815307617188
dc_af951740e7e1,Digital Realty IAD (21625 Gresham),VA,39.017522,-77.465676,contains,0.0,200.0,4,435356.1,0.0,,50998257.0,435356.1,435496.0,,Commercial,21625 GRESHAM DRIVE,1710374400000.0,X,True,False,AREA OF MINIMAL FLOOD HAZARD,high,,4.0,,0.0,6.0,6.0,1.0,0.055,13.613815307617188
dc_f173d04f46e2,Digital Realty IAD (21745 Sir Timothy),VA,39.014286,-77.466327,nearest,7.9392745227640384,200.0,4,435356.1,195.16176001567663,,50996419.0,347124.5,347236.8,,Commercial,21745 SIR TIMOTHY DRIVE,1710374400000.0,X,True,False,AREA OF MINIMAL FLOOD HAZARD,high,,4.0,,0.0,6.0,6.0,1.0,0.055,13.613815307617188
dc_1e1101b5f2d2,Digital Realty IAD (1780 Business Center),VA,38.948482,-77.327203,contains,0.0,200.0,13,73412.6,0.0,17.63,7920956.0,73412.6,73412.5,17.63,Commercial,1780 BUSINESS CENTER DRIVE,1205280000000.0,X,True,False,AREA OF MINIMAL FLOOD HAZARD,high,True,1.0,,0.0,6.0,6.0,1.0,0.055,13.629328727722168
dc_d0750011f8b2,Digital Realty GNV (8217 Linton Hall),VA,38.77782,-77.59529,contains,0.0,200.0,4,229236.6,0.0,6.75,7690911.0,229236.6,229236.5,6.75,Commercial,8217 LINTON HALL ROAD,1205280000000.0,X,True,False,AREA OF MINIMAL FLOOD HAZARD,high,False,1.0,,0.0,6.0,6.0,2.0,0.065,12.71955680847168
dc_7dd700f2302b,Digital Realty CLT (113 N Myers St),NC,35.221402,-80.835538,contains,0.0,200.0,26,68187.7,74.64563322815869,37.2,15099864.0,8793.3,8793.237,6.9,Commercial,811 EAST TRADE STREET,1328745600000.0,X,True,False,AREA OF MINIMAL FLOOD HAZARD,high,False,1.0,,0.0,6.0,6.0,2.0,0.055,14.088505744934082
dc_879b2f39f650,Digital Realty EWR (2 Peekay),NJ,40.832,-74.1237,contains,0.0,200.0,12,269990.2,82.71722905663432,5.78,7824879.0,68345.8,68345.72,5.52,Industrial,,1376524800000.0,X,True,False,AREA OF MINIMAL FLOOD HAZARD,high,False,2.0,,0.0,6.0,6.0,,0.105,7.277477264404297
dc_7f78d28d21cc,Aphorio Carter Trumbull Data Center,CT,41.240684,-73.147321,contains,0.0,200.0,9,176240.9,72.03861599405022,7.7,7086679.0,133791.9,133764.2,9.53,Utility and Misc,80 MERRITT BOULEVARD,1345766400000.0,X,True,False,AREA OF MINIMAL FLOOD HAZARD,high,False,2.0,,0.0,6.0,6.0,3.0,0.075,5.519350051879883
dc_46a9ac21e607,Digital Realty Boston BOS13 (closed),MA,42.51235,-71.236851,nearest,14.722968955235524,200.0,13,50104.3,153.14484648930866,,211883.0,25826.9,25962.72,,Industrial,55 MIDDLESEX TURNPIKE,1527724800000.0,X,True,False,AREA OF MINIMAL FLOOD HAZARD,high,,2.0,,0.0,6.0,6.0,3.0,0.095,3.484011173248291
dc_7a668eda7453,Digital Realty AUS (7500 Metro Center Dr),TX,30.212217,-97.695701,contains,0.0,200.0,2,180106.3,176.65461853546242,11.4,31046393.0,74757.8,74757.76,12.5,Commercial,7500 METRO CENTER DR,1311292800000.0,X,True,False,AREA OF MINIMAL FLOOD HAZARD,high,True,2.0,,0.0,6.0,6.0,3.0,0.015,13.630367279052734
dc_1040e7bc3ee5,Jaguar Communications,MN,44.083125,-93.228236,contains,0.0,200.0,72,54104.5,136.90287317441562,,4494820.0,6169.2,6164.368,,Commercial,,1522540800000.0,X,True,False,AREA OF MINIMAL FLOOD HAZARD,high,,1.0,,0.0,6.0,6.0,1.0,0.005,10.475512504577637
dc_0f8e04f8093f,Cogent Seattle,WA,47.31176,-122.294551,contains,0.0,200.0,3,117208.4,0.0,,7002215.0,117208.4,117122.8,,Commercial,,1565740800000.0,X,True,False,AREA OF MINIMAL FLOOD HAZARD,high,,1.0,,0.0,6.0,6.0,1.0,0.335,0.4631632566452026
dc_5dc1ed2d15ae,Cogent Herndon,VA,38.962883,-77.380442,contains,0.0,200.0,23,76415.2,181.78499326227663,6.57,7925040.0,26956.2,26956.19,4.67,Commercial,520 HUNTMAR PARK DRIVE,1205280000000.0,X,True,False,AREA OF MINIMAL FLOOD HAZARD,high,False,1.0,,0.0,6.0,6.0,1.0,0.055,13.629328727722168
dc_65708f50b372,Burbank Water and Power,CA,34.17856,-118.316386,nearest,21.47258231853077,200.0,64,77462.9,199.8944760924772,5.45,14806112.0,20730.8,20730.76,7.81,Commercial,,1350432000000.0,X,True,False,AREA OF MINIMAL FLOOD HAZARD,high,False,1.0,,0.0,6.0,6.0,3.0,0.475,0.5556319355964661
dc_d6b549083307,Flexential - Atlanta/Alpharetta (ATL3/4),GA,34.08716,-84.252346,contains,0.0,200.0,3,85409.8,0.0,,16016048.0,85409.8,86141.91,,Commercial,,1543363200000.0,X,True,False,AREA OF MINIMAL FLOOD HAZARD,high,,1.0,,0.0,6.0,6.0,3.0,0.065,16.0975399017334
dc_f90876e9d8ae,Flexential - Louisville/Downtown (LOU02/03/04),KY,38.242458,-85.733412,contains,0.0,200.0,61,179522.9,84.2252417273215,12.53,14255239.0,36288.0,36269.94,8.17,Commercial,752 BARRET AVENUE,1309910400000.0,X,True,False,AREA OF MINIMAL FLOOD HAZARD,high,False,1.0,,0.0,6.0,6.0,1.0,0.065,13.915719032287598
dc_2d3d06e9ea7a,Flexential - Louisville/East (LOU5),KY,38.275674,-85.507183,nearest,41.93738507082494,200.0,8,129764.7,194.63006257890024,,12337600.0,68493.3,68467.28,,Commercial,2055 NELSON MILLER PARKWAY,1403827200000.0,X,True,False,AREA OF MINIMAL FLOOD HAZARD,high,,2.0,1.0,0.5,1.0,6.0,1.0,0.065,13.915719032287598
dc_5057b853b06b,Flexential - Nashville/Brentwood (NAS01/04),TN,35.972453,-86.808748,contains,0.0,200.0,6,164046.1,0.0,,11003848.0,164046.1,163916.1,,Commercial,7100 COMMERCE WAY,1521072000000.0,X,True,False,AREA OF MINIMAL FLOOD HAZARD,high,,2.0,,0.0,6.0,6.0,1.0,0.0849999999999999,16.486181259155273
dc_03c1a9199b8c,Flexential - Nashville/Cool Springs (NAS02/03),TN,35.951091,-86.833251,contains,0.0,200.0,10,168994.8,181.4104262709102,,11003782.0,73025.0,72966.97,,Industrial,425 DUKE DRIVE,1521072000000.0,X,True,False,AREA OF MINIMAL FLOOD HAZARD,high,,3.0,1.0,0.3333333333333333,6.0,6.0,1.0,0.0849999999999999,16.486181259155273
dc_5b48930dcb41,Flexential - Nashville/Franklin (NAS05/06),TN,35.92028,-86.815618,contains,0.0,200.0,7,77660.0,0.0,,5553293.0,77660.0,77598.4,,Commercial,4600 CAROTHERS PARKWAY,1521072000000.0,X,True,False,AREA OF MINIMAL FLOOD HAZARD,high,,4.0,1.0,0.5,1.0,6.0,1.0,0.0849999999999999,16.486181259155273
dc_19f4861e9a91,Flexential - Raleigh (RAL01/02/03),NC,35.84984,-78.829017,contains,0.0,200.0,6,143356.7,0.0,5.8,15359568.0,143356.7,143356.5,5.8,Commercial,5150 MCCRIMMON PKWY,1267488000000.0,X,True,False,AREA OF MINIMAL FLOOD HAZARD,high,False,2.0,,0.0,6.0,6.0,3.0,0.035,15.275832176208496
dc_5998861d7b2d,Flexential - Tampa/West (TPA01/02),FL,28.03698,-82.54105,contains,0.0,200.0,7,70234.1,80.0980995320406,9.2,31489880.0,69327.8,69327.47,9.0,Industrial,9423 ANDERSON RD,1340668800000.0,X,True,False,AREA OF MINIMAL FLOOD HAZARD,high,False,2.0,3.0,0.5,3.0,6.0,3.0,0.005,24.239770889282227
dc_6cd417b4303c,Flexential - Tampa/North (TPA03),FL,28.074222,-82.368201,nearest,13.95757007232002,200.0,1,34233.3,13.95757007232002,,35518520.0,34233.3,34221.14,,Commercial,8350 PARKEDGE DR,1676246400000.0,X,True,False,AREA OF MINIMAL FLOOD HAZARD,high,,2.0,3.0,1.0,3.0,3.0,4.0,0.005,28.979448318481445
dc_70517ce6c585,Colocation Northwest - Tacoma,WA,47.253339,-122.436765,contains,0.0,200.0,23,92056.9,60.06635369487973,,2444613.0,34572.9,34546.75,,Unclassified,,1560124800000.0,X,True,False,AREA OF MINIMAL FLOOD HAZARD,high,,1.0,,0.0,6.0,6.0,,0.345,0.4631632566452026
dc_5721d1182d99,"702 Communications - Moorhead, MN",MN,46.874078,-96.769171,contains,0.0,200.0,41,288383.3,187.4146812069733,,1431037.0,20868.3,20866.47,,Commercial,,1528848000000.0,X,True,False,0.2 PCT ANNUAL CHANCE FLOOD HAZARD,high,,1.0,,0.0,6.0,6.0,1.0,0.005,7.952457904815674
dc_c481a23e5621,Data Center West Medford,OR,42.332451,-122.880416,contains,0.0,200.0,109,42211.7,67.59916017643391,,1698607.0,9006.5,8999.319,,Commercial,,1536451200000.0,X,True,False,AREA OF MINIMAL FLOOD HAZARD,high,,1.0,,0.0,6.0,6.0,4.0,0.105,1.3978122472763062
dc_7f5f90e935c4,H5 Data Centers Albuquerque,NM,35.088399,-106.65223,nearest,8.551680696080004,200.0,30,80247.6,42.45279364035796,,12070108.0,31685.0,31677.39,,Industrial,505 MARQUETTE AVENUE NORTHWEST,1314835200000.0,X,True,False,AREA OF MINIMAL FLOOD HAZARD,high,,2.0,,0.0,6.0,6.0,,0.055,9.913078308105469
dc_732615ae8393,EdgeConneX Miami (EDCMIA02),FL,25.945524,-80.191391,contains,0.0,200.0,18,226917.6,191.98011636767535,8.76,30604377.0,64486.8,64486.58,8.29,Unclassified,475 NE 185 ST,1392508800000.0,AE,True,True,,high,False,1.0,,0.0,6.0,6.0,2.0,0.005,22.965288162231445
dc_4ee36820cdbd,QTS Ashburn (ASH1),VA,38.99957,-77.45017,contains,0.0,200.0,8,173244.0,0.0,,51497338.0,173244.0,173297.5,,Commercial,22271 BRODERICK DRIVE,1710374400000.0,X,True,False,AREA OF MINIMAL FLOOD HAZARD,high,,2.0,,0.0,6.0,6.0,1.0,0.055,13.629328727722168
dc_1cab594215d1,WowRack,WA,47.49312,-122.293712,contains,0.0,200.0,13,400567.6,199.17658693852903,14.64,10090064.0,19540.8,19526.52,18.86,Commercial,,1273190400000.0,X,True,False,AREA OF MINIMAL FLOOD HAZARD,high,True,2.0,,0.0,6.0,6.0,1.0,0.345,0.4631632566452026
dc_5fef38fd6a16,Digital Realty IAD 39 (44274 Round Table),TX,39.0076364,-77.4674725,contains,0.0,200.0,3,587139.7,0.0,,50990386.0,587139.7,587329.5,,Commercial,44274 ROUND TABLE PLAZA,1710374400000.0,X,True,False,AREA OF MINIMAL FLOOD HAZARD,high,,4.0,,0.0,6.0,6.0,1.0,0.055,13.613815307617188
dc_50b6ee35fe1a,CyrusOne Dallas (Allen),TX,33.13863,-96.65976,contains,0.0,200.0,4,346020.4,0.0,,31616097.0,346020.4,346150.0,,Commercial,2300 CHELSEA BOULEVARD,1654992000000.0,X,True,False,AREA OF MINIMAL FLOOD HAZARD,high,,4.0,2.0,0.25,6.0,6.0,2.0,0.025,19.147722244262695
dc_93e321876bc3,"Lawton Information Services, LLC",FL,27.958465,-81.965329,contains,0.0,200.0,18,32420.4,0.0,,34870655.0,32420.4,32401.67,,Government,6000 S FLORIDA AVE,1706313600000.0,X,True,False,AREA OF MINIMAL FLOOD HAZARD,high,,1.0,,0.0,6.0,6.0,4.0,0.005,32.345985412597656
dc_2dcf536a9c38,CentriLogic Rochester (ROC),NY,43.167127,-77.673029,contains,0.0,200.0,19,533947.7,102.50081759472828,,3097419.0,17810.9,17817.33,,Commercial,28 MANSFIELD STREET,1564704000000.0,X,True,False,AREA OF MINIMAL FLOOD HAZARD,high,,1.0,,0.0,6.0,6.0,3.0,0.035,5.931025981903076
dc_81488b0d568f,CentriLogic Buffalo (BUF),NY,42.884112,-78.875431,contains,0.0,200.0,17,326928.2,0.0,29.05,8162722.0,326928.2,326908.8,29.05,Government,400 MAIN STREET,1427846400000.0,X,True,False,AREA OF MINIMAL FLOOD HAZARD,high,True,3.0,,0.0,6.0,6.0,,0.025,8.291032791137695
dc_d26ec4045e7e,X2nSat Petaluma,CA,38.275227,-122.666142,nearest,27.6731082780718,200.0,17,62335.0,60.58242455565296,,6289885.0,38499.6,40071.05,,Industrial,,1504224000000.0,AE,True,True,,high,,3.0,,0.0,6.0,6.0,3.0,0.485,0.0972735360264778
dc_ba3321bb1d05,TRG Datacenters Houston (HOU1) (HOU2),TX,30.065987,-95.459024,contains,0.0,200.0,13,22287.4,0.0,,1626011.0,22287.4,22089.67,,Industrial,2632 SPRING CYPRESS ROAD,1573344000000.0,X,True,False,AREA OF MINIMAL FLOOD HAZARD,high,,1.0,,0.0,6.0,6.0,3.0,0.015,22.235015869140625
dc_9bae8815eb40,TierPoint St. Louis - Walnut,MO,38.625536,-90.195238,contains,0.0,200.0,9,184128.3,44.330311490914575,26.35,11507567.0,18367.4,18367.43,24.34,Commercial,,1352419200000.0,X,True,False,AREA OF MINIMAL FLOOD HAZARD,high,True,1.0,,0.0,6.0,6.0,1.0,0.165,15.06376838684082
dc_cd1b4830cc8b,Wave Data Centers San Francisco,CA,37.72386,-122.3978,contains,0.0,200.0,35,111015.1,80.88326068209864,8.89,16176879.0,106161.3,106161.2,16.53,Industrial,,1349049600000.0,X,True,False,AREA OF MINIMAL FLOOD HAZARD,high,True,2.0,,0.0,6.0,6.0,2.0,0.535,0.0928128734230995
dc_a0ba79ee7b3b,Equinix HO1 - Houston,TX,29.9358,-95.36435,contains,0.0,200.0,18,108263.6,172.71577987560153,4.35,28643823.0,107409.3,107409.3,6.54,Industrial,1515 ALDINE MEADOWS RD,1264204800000.0,AE,True,True,,high,False,1.0,,0.0,6.0,6.0,2.0,0.015,20.972787857055664
dc_e2ea0f2d5fa5,TierPoint Baltimore,MD,39.27541,-76.625461,contains,0.0,200.0,14,57137.7,67.17731170522528,9.78,7692111.0,28344.2,28344.18,7.64,Unclassified,1401 RUSSELL STREET,1347494400000.0,X,True,False,0.2 PCT ANNUAL CHANCE FLOOD HAZARD,high,False,1.0,,0.0,6.0,6.0,1.0,0.055,14.052087783813477
dc_630579405647,Aunalytics Kalamazoo Datacenter,MI,42.246545,-85.675111,contains,0.0,200.0,7,87680.3,186.8194969274664,,4718694.0,63290.8,63258.78,,Industrial,,1466208000000.0,X,True,False,AREA OF MINIMAL FLOOD HAZARD,high,,2.0,,0.0,6.0,6.0,2.0,0.025,13.854702949523926
dc_bac0d40c168b,Serverfarm ATL1 Atlanta,GA,34.036063,-84.063817,contains,0.0,200.0,6,323613.3,139.7872808037658,,9093249.0,151203.4,153074.6,,Industrial,,1543363200000.0,X,True,False,AREA OF MINIMAL FLOOD HAZARD,high,,1.0,,0.0,6.0,6.0,3.0,0.065,16.0975399017334
dc_3e26e88eb51b,ScaleMatrix Charlotte Data Center US-East 01,NC,35.173088,-80.927807,contains,0.0,200.0,11,119716.5,141.6123839421044,8.0,15054793.0,59534.4,59534.28,7.2,Industrial,1805 CENTER PARK DRIVE,1328745600000.0,X,True,False,AREA OF MINIMAL FLOOD HAZARD,high,False,2.0,,0.0,6.0,6.0,4.0,0.065,14.088505744934082
dc_3e5cc95a0f6d,Serverfarm TiTAN Moses Lake,WA,47.181497,-119.3215,nearest,7.2695906406217325,200.0,10,34432.7,154.98527763772017,,895298.0,8472.2,8471.869,,Commercial,,1546214400000.0,X,True,False,AREA OF MINIMAL FLOOD HAZARD,high,,1.0,,0.0,6.0,6.0,2.0,0.065,1.351249098777771
dc_0a9668a7af4c,Serverfarm CH2 Oak Brook / Chicago,IL,41.845343,-87.941522,contains,0.0,200.0,7,69743.2,0.0,8.25,35179775.0,69743.2,69743.14,8.25,Residential,800 JORIE BOULEVARD,1321315200000.0,X,True,False,AREA OF MINIMAL FLOOD HAZARD,high,False,3.0,,0.0,6.0,6.0,1.0,0.035,16.118194580078125
dc_37ea6db27be4,ServerFarm SC1,CA,37.407382,-121.965885,contains,0.0,200.0,23,30282.2,181.15172359897377,5.02,15796359.0,26699.6,26699.57,6.89,Unclassified,,1349049600000.0,X,True,False,AREA WITH REDUCED FLOOD RISK DUE TO LEVEE,high,False,1.0,,0.0,6.0,6.0,3.0,0.525,0.1221932545304298
dc_bfc2d08370f4,CoreSite - Reston (VA3),VA,38.948941,-77.371495,nearest,0.0244829680981973,200.0,19,137229.8,0.0244829680981973,5.51,7921284.0,137229.8,137229.8,5.51,Commercial,12369 SUNRISE VALLEY DRIVE,1205280000000.0,X,True,False,AREA OF MINIMAL FLOOD HAZARD,high,False,1.0,,0.0,6.0,6.0,1.0,0.055,13.629328727722168
dc_f8e77a5485b8,Peace Communications NSH2,TN,36.103326,-86.668932,nearest,12.648311223380354,200.0,11,35941.8,47.4670015194352,4.73,12143977.0,18365.7,18351.41,4.9,Commercial,1661 MURFREESBORO PIKE,1136073600000.0,X,True,False,AREA OF MINIMAL FLOOD HAZARD,high,False,1.0,,0.0,6.0,6.0,1.0,0.0849999999999999,16.571094512939453
dc_74a33a13576f,INOC Albany (11 North Pearl St),NY,42.650137,-73.752435,nearest,10.030083503934266,200.0,31,220571.1,185.15370077708653,23.43,7264382.0,42010.4,41987.56,36.41,Commercial,17 NORTH PEARL STREET,1347321600000.0,X,True,False,AREA OF MINIMAL FLOOD HAZARD,high,True,2.0,,0.0,6.0,6.0,3.0,0.055,8.666078567504883
dc_257a1a9f40c2,INOC Albany (4 Tower Pl),NY,42.686106,-73.84255,contains,0.0,200.0,15,198480.9,176.91457069410208,5.06,7287890.0,17480.0,17469.92,39.99,Education,4 TOWER PLACE,1347321600000.0,X,True,False,AREA OF MINIMAL FLOOD HAZARD,high,True,2.0,3.0,0.5,3.0,3.0,4.0,0.055,8.666078567504883
dc_23e3d9344ea5,OzarksGo Fayetteville,AR,36.077952,-94.212464,contains,0.0,200.0,15,61889.2,0.0,,2090884.0,61889.2,61552.92,,Government,3641 WEST WEDINGTON DRIVE,1497052800000.0,X,True,False,AREA OF MINIMAL FLOOD HAZARD,high,,2.0,2.0,0.5,2.0,2.0,2.0,0.055,21.55832290649414
dc_5801df70eb41,Subrigo LAX11,CA,34.047741,-118.256095,nearest,8.783757604712656,200.0,24,184955.8,170.86288909732596,42.16,14871969.0,117377.0,117376.9,49.83,Commercial,,1350432000000.0,AE,True,True,,high,True,2.0,,0.0,6.0,6.0,,0.445,0.5556319355964661
dc_828f6330155e,Subrigo DET11,MI,42.471612,-83.238138,contains,0.0,200.0,18,22787.8,0.0,27.67,14924324.0,22787.8,22788.52,27.67,Commercial,,1430438400000.0,X,True,False,AREA OF MINIMAL FLOOD HAZARD,high,True,3.0,,0.0,6.0,6.0,2.0,0.025,17.9299373626709
dc_fb7b3b72a5bc,JAX NAP,FL,30.331375,-81.662322,contains,0.0,200.0,23,122151.3,123.36226830775902,20.0,31843070.0,25961.4,25961.37,30.5,Residential,421 W CHURCH ST,1267660800000.0,X,True,False,AREA OF MINIMAL FLOOD HAZARD,high,True,1.0,,0.0,6.0,6.0,,0.025,23.808124542236328
dc_f7c3855e08a9,Simple Helix,AL,34.745454,-86.691888,contains,0.0,200.0,12,37098.2,143.89795677135254,4.58,14065383.0,14696.8,14696.83,5.11,Commercial,,1234051200000.0,,False,,,high,False,1.0,1.0,1.0,1.0,1.0,2.0,0.0849999999999999,18.687423706054688
dc_36a3c1c1f362,RACK59 Data Center,OK,35.466279,-97.64893,contains,0.0,200.0,5,1426957.2,0.0,10.24,7367231.0,1426957.2,1426956.0,10.24,Industrial,,1375142400000.0,X,True,False,AREA OF MINIMAL FLOOD HAZARD,high,False,6.0,,0.0,6.0,6.0,1.0,0.045,18.828590393066406
dc_b013e69db6d4,IP Pathways DSM1,IA,41.627549,-93.767761,contains,0.0,200.0,9,50805.7,90.78853464832072,6.56,7097052.0,38678.1,38651.05,5.89,Unclassified,3660 109TH STREET,1248652800000.0,X,True,False,AREA OF MINIMAL FLOOD HAZARD,high,False,2.0,,0.0,6.0,6.0,1.0,0.015,14.173967361450195
dc_be110fe76f32,TulsaConnect DC3,OK,36.098083,-95.839889,contains,0.0,200.0,4,367324.0,0.0,7.5,7143964.0,367324.0,367323.7,7.5,Commercial,,1222992000000.0,X,True,False,AREA OF MINIMAL FLOOD HAZARD,high,False,4.0,,0.0,6.0,6.0,1.0,0.035,21.064456939697266
dc_50d4b0564dea,QX.Net Lexington,KY,38.04783,-84.500067,nearest,11.981109347274968,200.0,24,649280.8,11.981109347274968,23.18,14087152.0,649280.8,649530.3,23.18,Assembly,401 WEST MAIN STREET,1308182400000.0,X,True,False,AREA OF MINIMAL FLOOD HAZARD,high,True,6.0,,0.0,6.0,6.0,1.0,0.055,12.141342163085938
dc_81bf17999a6f,Evocative ATL1,GA,33.761505,-84.39141,contains,0.0,200.0,13,1553498.9,0.0,30.27,17217821.0,1553498.9,1553498.0,30.27,Utility and Misc,,1351209600000.0,X,True,False,AREA OF MINIMAL FLOOD HAZARD,high,True,10.0,,0.0,6.0,6.0,,0.055,16.562829971313477
dc_984b3aec7ac9,NJFX,NJ,40.16059,-74.052962,contains,0.0,200.0,29,53733.5,0.0,,5093129.0,53733.5,53495.97,,Unclassified,1400 WALL CHURCH ROAD,1375142400000.0,X,True,False,AREA OF MINIMAL FLOOD HAZARD,high,,2.0,3.0,0.5,3.0,6.0,4.0,0.075,6.169474124908447
dc_a0de6177fed5,LightWave Networks,MA,42.302267,-71.219577,contains,0.0,200.0,21,216802.7,205.4642246951624,,1232456.0,51373.9,51059.43,,Industrial,105 CABOT STREET,1554940800000.0,X,True,False,AREA OF MINIMAL FLOOD HAZARD,high,,1.0,,0.0,6.0,6.0,3.0,0.075,3.3172669410705566
dc_d74048d15a6b,LightEdge Austin 2 (AUS2),TX,30.20048,-97.70727,contains,0.0,200.0,4,87824.1,82.87013788709228,9.8,31045989.0,86665.2,86665.08,9.6,Industrial,6900 BURLESON RD,1311292800000.0,X,True,False,AREA OF MINIMAL FLOOD HAZARD,high,False,2.0,,0.0,6.0,6.0,3.0,0.015,13.630367279052734
dc_8ce3e4ffe880,Coloblox Data Centers ATL3,GA,33.887451,-84.467834,contains,0.0,200.0,7,179731.3,0.0,15.54,17381624.0,179731.3,179731.1,15.54,Industrial,,1351209600000.0,X,True,False,AREA OF MINIMAL FLOOD HAZARD,high,True,2.0,,0.0,6.0,6.0,3.0,0.065,16.562829971313477
dc_6450f5a2d7fb,InterConnX Realty,TX,29.754605,-95.369869,contains,0.0,200.0,15,352782.7,193.95326576252083,51.74,28495302.0,26024.3,26024.3,112.22,Commercial,1415 LOUISIANA ST,1264204800000.0,X,True,False,AREA OF MINIMAL FLOOD HAZARD,high,True,2.0,,0.0,6.0,6.0,,0.015,20.972787857055664
dc_9c88fb61b0b7,NYI NY2 (60 Hudson Street),NY,40.717729,-74.008306,contains,0.0,200.0,25,66438.0,123.85934790097323,21.21,7730764.0,63885.5,63845.47,69.18,Commercial,60 HUDSON STREET,1376524800000.0,X,True,False,AREA OF MINIMAL FLOOD HAZARD,high,True,2.0,,0.0,6.0,6.0,4.0,0.095,7.277477264404297
dc_398612fa21ca,365 Data Centers Bridgewater (BW1),NJ,40.58144,-74.573881,contains,0.0,200.0,2,92272.4,44.020333344935715,,1245441.0,30284.7,29397.45,,Residential,,1508371200000.0,X,True,False,AREA OF MINIMAL FLOOD HAZARD,high,,1.0,4.0,1.0,4.0,4.0,4.0,0.095,8.329419136047363
dc_c2fe624e0003,COPT DC-6,VA,38.747611,-77.53198,contains,0.0,200.0,13,116138.2,0.0,13.77,7677962.0,116138.2,116138.1,13.77,Commercial,9651 HORNBAKER ROAD,1205280000000.0,X,True,False,AREA OF MINIMAL FLOOD HAZARD,high,True,2.0,1.0,0.5,1.0,6.0,2.0,0.065,12.71955680847168
dc_b0c57c44b511,Encompass New York 111 8th Ave,NY,40.741469,-74.003387,contains,0.0,200.0,25,330995.7,136.88880664767086,28.25,7732059.0,166489.6,166385.5,62.74,Industrial,76 9 AVENUE,1376524800000.0,X,True,False,AREA OF MINIMAL FLOOD HAZARD,high,True,4.0,,0.0,6.0,6.0,,0.095,7.277477264404297
dc_d4f724bf0b85,Element Critical Northern Virginia VA1,VA,38.908613,-77.220473,contains,0.0,200.0,24,105569.8,0.0,9.74,7899170.0,105569.8,105569.7,9.74,Commercial,7990 QUANTUM DRIVE,1205280000000.0,X,True,False,AREA OF MINIMAL FLOOD HAZARD,high,False,4.0,1.0,0.25,6.0,6.0,1.0,0.055,13.629328727722168
dc_f58af64586a4,Cloudpath CT1 (26 Fahey St),CT,41.091604,-73.516758,contains,0.0,200.0,54,80137.1,45.67808846188026,,903544.0,33885.2,33871.01,,Industrial,26 FAHEY STREET,1541289600000.0,X,True,False,AREA OF MINIMAL FLOOD HAZARD,high,,1.0,,0.0,6.0,6.0,4.0,0.0849999999999999,6.558852672576904
dc_3afc967d9d1a,365 Data Centers Herndon (VA1),VA,38.9328,-77.4273,nearest,0.4280605933887149,200.0,5,188725.0,0.4280605933887149,14.07,7915226.0,188725.0,188724.8,14.07,Residential,13871 PARK CENTER ROAD,1205280000000.0,X,True,False,AREA OF MINIMAL FLOOD HAZARD,high,True,4.0,1.0,0.25,6.0,6.0,1.0,0.055,13.629328727722168
dc_6306dacb193a,Iron Mountain Data Center - Boston (BOS-1),MA,42.340622,-71.639811,contains,0.0,200.0,13,557968.1,181.24972253623352,,994284.0,20496.5,21124.92,,Unclassified,171 BEARFOOT ROAD,1554508800000.0,X,True,False,AREA OF MINIMAL FLOOD HAZARD,high,,2.0,,0.0,6.0,6.0,3.0,0.075,3.984761238098145
dc_69e23360ffac,Iron Mountain Data Center - Western Pennsylvania (WPA-1),PA,41.092096,-79.912188,nearest,98.19779629649838,200.0,5,3166.5,141.58618138184,,1701317.0,1946.1,1854.354,,Residential,,1268092800000.0,X,True,False,AREA OF MINIMAL FLOOD HAZARD,high,,1.0,1.0,1.0,1.0,1.0,1.0,0.025,11.683257102966309
dc_f7e77aebe39c,Iron Mountain Data Center - Kansas City (KCM-1),MO,39.010862,-94.501281,contains,0.0,200.0,6,121655.8,0.0,5.93,11134249.0,121655.8,121655.7,5.93,Commercial,6301 WINCHESTER AVENUE,1329609600000.0,X,True,False,AREA OF MINIMAL FLOOD HAZARD,high,False,1.0,,0.0,6.0,6.0,3.0,0.025,20.675199508666992
dc_ea29c9c9ca57,Iron Mountain Data Center - Manassas (VA-2),VA,38.77323,-77.5418,nearest,190.86329593174244,200.0,1,1495.8,190.86329593174244,5.53,7688578.0,1495.8,1495.786,5.53,Commercial,11600 HAYDEN ROAD,1205280000000.0,X,True,False,AREA OF MINIMAL FLOOD HAZARD,high,False,1.0,,0.0,6.0,1.0,2.0,0.065,12.71955680847168
dc_5454e38d3adb,SFN MN-Albert Lea,MN,43.633435,-93.383825,nearest,15.4136949780122,200.0,21,55670.8,139.81321855172447,,6072287.0,1583.5,1582.291,,Commercial,,1567036800000.0,X,True,False,AREA OF MINIMAL FLOOD HAZARD,high,,1.0,,0.0,6.0,6.0,2.0,0.015,10.165365219116213
dc_b0e5e2338d19,H5 Data Centers Cincinnati,OH,39.097935,-84.524095,contains,0.0,200.0,10,65110.2,0.0,7.14,10448283.0,65110.2,65110.14,7.14,Unclassified,,1425168000000.0,X,True,False,AREA OF MINIMAL FLOOD HAZARD,high,False,2.0,,0.0,6.0,6.0,1.0,0.045,18.68988990783691
dc_6fdf64f1f69a,ColoCrossing BUF1,NY,42.893049,-78.875318,contains,0.0,200.0,42,151972.6,180.20427327457747,15.73,8169827.0,29235.2,29233.51,12.94,Commercial,325 DELAWARE AVENUE,1427846400000.0,X,True,False,AREA OF MINIMAL FLOOD HAZARD,high,True,1.0,,0.0,6.0,6.0,3.0,0.025,8.291032791137695
dc_59230c71f261,ColoCrossing SJ1,CA,37.334508,-121.89143,nearest,9.983881229183318,200.0,29,115479.9,136.39405465959078,13.07,15648160.0,59302.9,59302.88,31.09,Utility and Misc,,1349049600000.0,D,True,False,,high,True,4.0,,0.0,6.0,6.0,4.0,0.655,0.1221932545304298
dc_6be6451b0bd2,ColoCrossing SEA1,WA,47.49312,-122.293712,contains,0.0,200.0,13,400567.6,199.17658693852903,14.64,10090064.0,19540.8,19526.52,18.86,Commercial,,1273190400000.0,X,True,False,AREA OF MINIMAL FLOOD HAZARD,high,True,2.0,,0.0,6.0,6.0,1.0,0.345,0.4631632566452026
dc_9277151d2171,ColoCrossing NJ1,NJ,40.558035,-74.48942,nearest,135.1631039444187,200.0,2,134860.5,135.1631039444187,,6009080.0,134860.5,135603.4,,Industrial,120 CIRCLE DRIVE NORTH,1508371200000.0,X,True,False,AREA OF MINIMAL FLOOD HAZARD,high,,1.0,,0.0,6.0,2.0,4.0,0.095,7.277477264404297
dc_1419d45e56a4,ColoCrossing LA1,CA,34.048222,-118.254575,nearest,6.184215240643648,200.0,21,117377.0,6.184215240643648,49.83,14871969.0,117377.0,117376.9,49.83,Commercial,,1350432000000.0,X,True,False,1 PCT DEPTH LESS THAN 1 FOOT,high,True,2.0,,0.0,6.0,6.0,,0.445,0.5556319355964661
dc_e6c4c8934f01,ColoCrossing DFW1,TX,32.807888,-96.857296,contains,0.0,200.0,12,72632.8,153.23052404433437,6.41,29947292.0,71792.2,71792.1,5.58,Commercial,3000 IRVING BLVD,1435708800000.0,X,True,False,AREA WITH REDUCED FLOOD RISK DUE TO LEVEE,high,False,2.0,,0.0,6.0,6.0,2.0,0.025,18.841638565063477
dc_c0dc6dafc51e,ColoCrossing CHI1,IL,41.994256,-87.961965,contains,0.0,200.0,10,449220.2,0.0,8.81,34582515.0,449220.2,449219.8,8.81,Industrial,2200 BUSSE ROAD,1321315200000.0,X,True,False,AREA OF MINIMAL FLOOD HAZARD,high,False,4.0,,0.0,6.0,6.0,1.0,0.035,16.118194580078125
dc_7284cc251f4e,Peer-Point Colocation,FL,25.767923,-80.19032,nearest,28.181460956505024,200.0,16,143603.3,86.28150073558726,91.38,30392573.0,48138.1,48137.92,94.48,Commercial,35 SE 6 ST,1392508800000.0,AE,True,True,,high,True,1.0,,0.0,6.0,6.0,3.0,0.005,22.965288162231445
dc_ddb7e68d3679,Heyburn Building,KY,38.245944,-85.757291,nearest,19.105998364456894,200.0,21,162309.7,166.64234164447393,14.88,14259788.0,124867.3,124803.8,19.06,Residential,667 S 4TH STREET,1309910400000.0,X,True,False,AREA OF MINIMAL FLOOD HAZARD,high,True,2.0,,0.0,6.0,6.0,,0.065,13.915719032287598
dc_2f27232ab9dd,Lunavi - Cheyenne,WY,41.129714,-104.741612,contains,0.0,200.0,7,38994.8,0.0,,4166290.0,38994.8,38964.09,,Commercial,340 PROGRESS CIRCLE,1595116800000.0,X,True,False,AREA OF MINIMAL FLOOD HAZARD,high,,1.0,1.0,1.0,1.0,1.0,2.0,0.045,9.38316249847412
dc_8ab8ca86bd41,SFN IA-Emery,IA,43.132695,-93.27891,contains,0.0,200.0,4,50557.9,0.0,,3132313.0,50557.9,50518.08,,Commercial,16455 LARK AVENUE,1567036800000.0,X,True,False,AREA OF MINIMAL FLOOD HAZARD,high,,2.0,1.0,0.5,1.0,1.0,1.0,0.015,8.832541465759277
dc_9bfe6733e707,UPX Miami,FL,25.932848,-80.121136,nearest,38.106655731306766,200.0,16,74895.8,198.99813883209063,46.2,30589402.0,65816.9,65816.65,54.41,Unclassified,17001 COLLINS AVE 4701,1392508800000.0,X,True,False,AREA OF MINIMAL FLOOD HAZARD,high,True,4.0,,0.0,6.0,7.0,2.0,0.005,22.965288162231445
dc_4c9033aaa0e5,AiNET WDC11,MD,39.101551,-76.84789,nearest,4.624624229398265,200.0,79,22063.9,58.595357354307616,8.96,7481561.0,6954.7,6954.701,6.63,Commercial,312 LAUREL AVENUE,1205280000000.0,X,True,False,AREA OF MINIMAL FLOOD HAZARD,high,False,1.0,,0.0,6.0,6.0,1.0,0.055,14.052087783813477
dc_dd717d06043b,AiNET MD-300L,MD,39.291653,-76.619739,contains,0.0,200.0,34,121793.6,128.91386842935856,14.13,7704904.0,93212.2,93212.16,25.96,Government,222 NORTH HOWARD STREET NORTH,1347494400000.0,X,True,False,AREA OF MINIMAL FLOOD HAZARD,high,True,4.0,,0.0,6.0,6.0,,0.055,14.052087783813477
dc_d7293cd91449,AiNET MD-790R,MD,39.13848,-76.605528,contains,0.0,200.0,1,610614.2,0.0,10.69,7548956.0,610614.2,610613.8,10.69,Unclassified,7900 RITCHIE HIGHWAY,1205280000000.0,X,True,False,AREA OF MINIMAL FLOOD HAZARD,high,False,5.0,1.0,0.2,6.0,6.0,1.0,0.055,14.052087783813477
dc_857c2235de8a,AiNET DC-900S,DC,38.90101,-77.003861,contains,0.0,200.0,26,165235.3,108.9874300037888,32.47,16010497.0,28216.3,28214.69,13.19,Commercial,900 2ND STREET NORTHEAST,1348531200000.0,X,True,False,AREA OF MINIMAL FLOOD HAZARD,high,True,1.0,,0.0,6.0,6.0,,0.055,13.629328727722168
dc_f34b6043d4fd,RagingWire VA3 - NTT,VA,39.019293,-77.470655,nearest,68.29322812594657,200.0,9,252896.4,118.0932771267821,,7873230.0,2838.7,2838.754,4.39,Commercial,44245 ICE RINK PLAZA,1205280000000.0,X,True,False,AREA OF MINIMAL FLOOD HAZARD,high,False,1.0,,0.0,6.0,6.0,1.0,0.055,13.613815307617188
dc_8e268643b2bf,RagingWire VA2 - NTT,VA,39.02489,-77.457559,contains,0.0,200.0,14,94777.7,0.0,,50983676.0,94777.7,94807.41,,Commercial,44610 GUILFORD DRIVE,1710374400000.0,X,True,False,AREA OF MINIMAL FLOOD HAZARD,high,,1.0,,0.0,6.0,6.0,1.0,0.055,13.613815307617188
dc_b9ee518385d3,Colocation Northwest - Bellevue,WA,47.583534,-122.134492,contains,0.0,200.0,11,35362.5,50.41762484762422,,3991843.0,23800.5,23783.88,,Commercial,,1565740800000.0,X,True,False,AREA OF MINIMAL FLOOD HAZARD,high,,1.0,,0.0,6.0,6.0,1.0,0.325,0.6047859191894531
dc_122d26c60fe0,Colocation Northwest - Redmond,WA,47.632512,-122.138538,contains,0.0,200.0,19,112206.9,80.23045181071066,,4051982.0,13475.4,13465.98,,Commercial,,1565740800000.0,X,True,False,AREA OF MINIMAL FLOOD HAZARD,high,,1.0,,0.0,6.0,6.0,1.0,0.315,0.6047859191894531
dc_3dc0f4451cf1,Colocation Northwest - Seattle,WA,47.614347,-122.338883,contains,0.0,200.0,27,139990.0,0.0,47.9,10158492.0,139990.0,139886.5,47.9,Industrial,,1273190400000.0,X,True,False,AREA OF MINIMAL FLOOD HAZARD,high,True,2.0,,0.0,6.0,6.0,,0.345,0.6047859191894531
dc_3c06c3237ab7,Colocation Northwest - South Hill,WA,47.1554,-122.28017,contains,0.0,200.0,10,34060.6,114.08829825498728,,4879170.0,31058.6,31036.05,,Commercial,,1565740800000.0,X,True,False,AREA OF MINIMAL FLOOD HAZARD,high,,1.0,,0.0,6.0,6.0,2.0,0.305,0.4631632566452026
dc_63d292808da8,Digital Realty CHI (505 N Railroad),IL,41.920267,-87.912334,contains,0.0,200.0,12,249527.4,0.0,7.83,34539451.0,249527.4,249527.2,7.83,Industrial,,1321315200000.0,X,True,False,AREA OF MINIMAL FLOOD HAZARD,high,False,1.0,,0.0,6.0,6.0,1.0,0.035,16.118194580078125
dc_ec4c14283b81,Wnet Telecom USA,NY,40.597568,-73.994831,nearest,11.431635341843045,200.0,216,15065.3,169.5502847709179,18.91,7803881.0,1141.5,1140.781,8.64,Residential,8752 23 AVENUE,1376524800000.0,X,True,False,AREA OF MINIMAL FLOOD HAZARD,high,False,1.0,,0.0,6.0,6.0,,0.095,6.484174728393555
dc_3b978cea1326,CoreSite - Atlanta (AT2),GA,33.925548,-84.481654,contains,0.0,200.0,16,77650.3,0.0,5.89,17420501.0,77650.3,77650.2,5.89,Commercial,,1351209600000.0,X,True,False,AREA OF MINIMAL FLOOD HAZARD,high,False,1.0,,0.0,6.0,6.0,3.0,0.065,16.562829971313477
dc_205214f38282,Centersquare Los Angeles (LAX4),CA,33.92441,-118.32016,contains,0.0,200.0,29,295317.1,0.0,7.04,13244986.0,295317.1,295316.9,7.04,Industrial,,1350432000000.0,X,True,False,AREA OF MINIMAL FLOOD HAZARD,high,False,3.0,,0.0,6.0,6.0,3.0,0.395,0.3717229962348938
dc_5155a7762cb7,Centersquare Los Angeles (LAX5),CA,33.68484,-117.83684,contains,0.0,200.0,21,149420.3,0.0,8.35,13705099.0,149420.3,149420.1,8.35,Industrial,,1350432000000.0,X,True,False,AREA OF MINIMAL FLOOD HAZARD,high,False,2.0,,0.0,6.0,6.0,2.0,0.315,0.6565972566604614
dc_14483ad203a0,Centersquare Atlanta (ATL1-D),GA,33.744326,-84.581852,nearest,7.111101814741932,200.0,2,251657.1,7.111101814741932,9.03,17185567.0,251657.1,251656.8,9.03,Industrial,,1351209600000.0,X,True,False,AREA OF MINIMAL FLOOD HAZARD,high,False,3.0,3.0,0.3333333333333333,6.0,6.0,3.0,0.055,17.153179168701172
dc_2f5dcb1f11e8,Centersquare Chicago (ORD4),IL,41.802407,-88.094656,contains,0.0,200.0,24,388075.0,0.0,,32003102.0,388075.0,386983.3,,Industrial,4513 WESTERN AVENUE,1442793600000.0,X,True,False,AREA OF MINIMAL FLOOD HAZARD,high,,4.0,,0.0,6.0,6.0,1.0,0.035,17.22007942199707
dc_5c57ba7c00e3,Centersquare Boston (BOS4-A),MA,42.365768,-71.158084,nearest,40.160511516307125,200.0,29,276338.7,77.23188548460082,7.31,111111.0,7680.9,7359.038,,Industrial,,1573257600000.0,X,True,False,AREA OF MINIMAL FLOOD HAZARD,high,,1.0,,0.0,6.0,6.0,2.0,0.0849999999999999,3.3172669410705566
dc_ca70c0deb389,Centersquare Dallas (DFW2),TX,42.4731,-96.6837,nearest,435.6702810310527,800.0,3,3576.3,790.2169552242002,,1892491.0,1318.5,1318.581,,Residential,1823 HWY 20,1587168000000.0,X,True,False,AREA OF MINIMAL FLOOD HAZARD,low,,1.0,,0.0,6.0,6.0,4.0,0.015,16.473613739013672
dc_68edd4e8e2ac,Centersquare Dallas (DFW3),TX,32.91035,-96.87404,contains,0.0,200.0,14,96088.5,0.0,11.29,30639473.0,96088.5,96088.45,11.29,Commercial,11945 WEBB CHAPEL ROAD,1435708800000.0,X,True,False,AREA OF MINIMAL FLOOD HAZARD,high,False,2.0,,0.0,6.0,6.0,2.0,0.025,18.841638565063477
dc_8a7de1e6b962,Centersquare Northern Virginia (IAD4),VA,39.021941,-77.453284,nearest,4.397860464705147,200.0,8,154159.4,136.3256566480932,,7873684.0,1414.8,1414.839,6.87,Commercial,21571 BEAUMEADE CIRCLE,1205280000000.0,X,True,False,AREA OF MINIMAL FLOOD HAZARD,high,False,1.0,,0.0,6.0,6.0,1.0,0.055,13.613815307617188
dc_7aabaf75c3ad,UnReal Servers,MO,39.132777,-94.580381,nearest,4.086770969821538,200.0,23,121961.2,197.93912858813712,7.47,11251891.0,86418.0,86417.93,5.82,Commercial,,1329609600000.0,X,True,False,AREA WITH REDUCED FLOOD RISK DUE TO LEVEE,high,False,2.0,,0.0,6.0,6.0,2.0,0.025,20.675199508666992
dc_1d1ff5972873,Level(3) Raleigh,NC,35.854381,-78.597011,contains,0.0,200.0,15,122109.4,58.16649333935203,8.8,15364498.0,84599.4,84599.27,7.9,Industrial,5301 DEPARTURE DRIVE,1267488000000.0,X,True,False,AREA OF MINIMAL FLOOD HAZARD,high,False,2.0,,0.0,6.0,6.0,3.0,0.035,15.275832176208496
dc_b2f8b3f3db48,Border Crossing Pop 1,CA,32.544028,-117.027372,nearest,91.92188350068211,200.0,10,149210.6,137.59425966552973,8.04,17883556.0,2591.3,2591.344,5.29,Unclassified,,1167609600000.0,X,True,False,AREA OF MINIMAL FLOOD HAZARD,high,False,1.0,3.0,1.0,3.0,3.0,3.0,0.225,0.6888867616653442
dc_6c109172a8d5,Lincoln Rackhouse Dallas,TX,33.015496,-96.766132,contains,0.0,200.0,22,226279.3,29.521615999517213,12.28,30288229.0,15470.1,15470.12,7.82,Commercial,1004 COIT ROAD,1435708800000.0,X,True,False,AREA OF MINIMAL FLOOD HAZARD,high,False,2.0,,0.0,6.0,6.0,2.0,0.025,19.147722244262695
dc_6d88b75bdb12,Lincoln Rackhouse Silver Spring,MD,39.058289,-76.964548,contains,0.0,200.0,14,146868.0,0.0,6.75,7332777.0,146868.0,146867.9,6.75,Commercial,,1205280000000.0,X,True,False,AREA OF MINIMAL FLOOD HAZARD,high,False,2.0,,0.0,6.0,6.0,1.0,0.055,14.052087783813477
dc_35337c131c2a,Smart City Telecom Maitland Colo,FL,28.638819,-81.39965,contains,0.0,200.0,13,227606.6,200.12352394462968,14.98,30174050.0,85902.4,85902.05,8.09,Industrial,1101 N KELLER RD,1390608000000.0,X,True,False,AREA OF MINIMAL FLOOD HAZARD,high,False,1.0,,0.0,6.0,6.0,3.0,0.015,28.079456329345703
dc_2d29a4e427b4,Volt Modesto,CA,37.641953,-121.00224,contains,0.0,200.0,24,180406.4,0.0,13.21,17623132.0,180406.4,180406.3,13.21,Residential,,1266364800000.0,X,True,False,AREA OF MINIMAL FLOOD HAZARD,high,True,4.0,,0.0,6.0,6.0,3.0,0.175,0.3192858695983886
dc_ebb75c83c360,Lumen Norfolk,VA,36.878851,-76.221387,contains,0.0,200.0,12,201063.8,75.94409209420499,9.7559,7162131.0,58075.2,58075.18,5.3529,Commercial,2600 ELTHAM AVENUE,1364774400000.0,X,True,False,AREA OF MINIMAL FLOOD HAZARD,high,False,1.0,,0.0,6.0,6.0,1.0,0.035,11.459922790527344
dc_2457668a558c,Globalinx Virginia Beach CLS,VA,36.785084,-76.008306,nearest,4.220981147302507,200.0,7,34110.3,4.220981147302507,5.2008,7412408.0,34110.3,34110.3,5.2008,Industrial,1600 CORPORATE LANDING PARKWAY,1364774400000.0,X,True,False,AREA OF MINIMAL FLOOD HAZARD,high,False,2.0,,0.0,6.0,6.0,2.0,0.025,11.459922790527344
dc_38197c1f3767,"Equinix SE4 - Seattle, Kent",WA,47.420105,-122.248282,contains,0.0,200.0,6,144109.2,146.4181442247117,,5215705.0,73596.8,73543.75,,Industrial,,1565740800000.0,AE,True,True,,high,,1.0,,0.0,6.0,6.0,,0.345,0.4631632566452026
dc_66e8fa6175af,Evocative DAL6,TX,33.0156,-96.76844,contains,0.0,200.0,14,104965.1,0.0,7.37,30288342.0,104965.1,104965.0,7.37,Commercial,1221 COIT ROAD,1435708800000.0,X,True,False,AREA OF MINIMAL FLOOD HAZARD,high,False,2.0,,0.0,6.0,6.0,2.0,0.025,19.147722244262695
dc_9a635f7f4c1f,WēConnect Westerville,OH,40.123627,-82.943999,nearest,12.042191898720468,200.0,17,71047.4,68.50271832066173,,299264.0,62013.9,61976.57,,Industrial,39 COLLEGEVIEW ROAD,1546646400000.0,X,True,False,AREA OF MINIMAL FLOOD HAZARD,high,,1.0,,0.0,6.0,6.0,1.0,0.035,14.810942649841309
dc_1459b4e7eef5,TSR Solutions Data Center,WI,43.0389885,-87.9069379,contains,0.0,200.0,28,100897.2,60.384865655571154,37.53,10206468.0,39262.2,39236.06,28.99,Commercial,,1351900800000.0,X,True,False,AREA OF MINIMAL FLOOD HAZARD,high,True,1.0,,0.0,6.0,6.0,1.0,0.015,8.040300369262695
dc_9b95847ef56f,DC BLOX HSV1 - DCBLOX Huntsville,AL,34.7098,-86.6929,nearest,110.4737371867623,200.0,3,271914.5,135.7390754248814,8.27,14666859.0,87013.4,86945.4,,Unclassified,,1489881600000.0,,False,,,high,,2.0,,0.0,6.0,6.0,2.0,0.0849999999999999,18.687423706054688
dc_4d97600c0104,DC BLOX BHM1 - DCBLOX Birmingham,AL,33.500687,-86.821105,contains,0.0,200.0,26,291974.0,138.76367202913204,6.93,15545766.0,27701.0,27679.0,,Unclassified,,1646092800000.0,X,True,False,AREA OF MINIMAL FLOOD HAZARD,high,,2.0,,0.0,6.0,6.0,3.0,0.065,19.82418632507324
dc_faf2065fd962,DC BLOX ATL1 - DCBLOX Atlanta,GA,33.832314,-84.339042,nearest,42.674710584747885,200.0,21,29949.2,76.42653807983402,3.31,17315224.0,4027.6,4027.635,6.96,Commercial,,1351209600000.0,X,True,False,AREA OF MINIMAL FLOOD HAZARD,high,False,1.0,,0.0,6.0,6.0,3.0,0.055,16.562829971313477
dc_2546bb57a1b3,TurnKey Internet - CA,CA,34.048222,-118.254575,nearest,6.184215240643648,200.0,21,117377.0,6.184215240643648,49.83,14871969.0,117377.0,117376.9,49.83,Commercial,,1350432000000.0,X,True,False,1 PCT DEPTH LESS THAN 1 FOOT,high,True,2.0,,0.0,6.0,6.0,,0.445,0.5556319355964661
dc_d3a8a17157cf,TurnKey Internet - DR,NY,42.64957,-73.75262,nearest,5.756004440436387,200.0,31,220571.1,127.81381687581624,23.43,7263766.0,60325.5,60292.73,30.64,Commercial,74 STATE STREET,1347321600000.0,X,True,False,AREA OF MINIMAL FLOOD HAZARD,high,True,4.0,,0.0,6.0,6.0,3.0,0.055,8.666078567504883
dc_7d3c86a321c9,Cogent Albany,NY,42.64957,-73.75262,nearest,5.756004440436387,200.0,31,220571.1,127.81381687581624,23.43,7263766.0,60325.5,60292.73,30.64,Commercial,74 STATE STREET,1347321600000.0,X,True,False,AREA OF MINIMAL FLOOD HAZARD,high,True,4.0,,0.0,6.0,6.0,3.0,0.055,8.666078567504883
dc_b21478932c0d,Lumen New York,NY,40.751657,-74.007158,contains,0.0,200.0,12,215817.9,32.09128110171567,20.09,7732728.0,118907.2,118832.6,63.45,Industrial,601 WEST 26 STREET,1376524800000.0,AE,True,True,,high,True,3.0,,0.0,6.0,6.0,,0.105,7.277477264404297
dc_b630100d026f,TierPoint Omaha - Bellevue,NE,41.178209,-95.924766,contains,0.0,200.0,9,262426.9,0.0,8.67,3046372.0,262426.9,262605.9,8.67,Education,1001 FORT CROOK ROAD NORTH,1366848000000.0,X,True,False,AREA OF MINIMAL FLOOD HAZARD,high,False,2.0,,0.0,6.0,6.0,2.0,0.015,17.158601760864258
dc_cb3651da3ba0,Planet Networks Newton Datacenter,NJ,41.058209,-74.75396,contains,0.0,200.0,43,161801.9,88.33223033311484,,211787.0,4156.8,4451.8,,Commercial,4 PARK PLACE,1435881600000.0,X,True,False,AREA OF MINIMAL FLOOD HAZARD,high,,1.0,,0.0,6.0,6.0,4.0,0.075,8.918730735778809
dc_3c91f82abab9,Xfernet LAX01,CA,34.06172,-118.29302,nearest,9.927394307870868,200.0,31,82322.5,71.05355225014982,29.63,14647816.0,56245.5,56245.54,34.77,Commercial,,1350432000000.0,X,True,False,AREA OF MINIMAL FLOOD HAZARD,high,True,2.0,,0.0,6.0,6.0,,0.435,0.5556319355964661
dc_cfa299c09d66,SFN IA-IowaFalls,IA,42.55655,-93.25919,contains,0.0,200.0,1,18590.1,0.0,,2984227.0,18590.1,18575.49,,Commercial,,1427414400000.0,X,True,False,AREA OF MINIMAL FLOOD HAZARD,high,,1.0,1.0,1.0,1.0,1.0,1.0,0.015,9.590970039367676
dc_1e995f203458,"702 Communications - Fargo, ND",ND,46.864784,-96.832308,contains,0.0,200.0,29,42084.7,153.94829549677254,,484435.0,8703.7,8702.611,,Industrial,3301 FIECHTNER DRIVE SOUTH,1528848000000.0,X,True,False,AREA OF MINIMAL FLOOD HAZARD,high,,1.0,,0.0,6.0,6.0,,0.005,7.952457904815674
dc_a7acec8d7af4,NYI CH1 (800 Jorie Blvd),IL,41.845343,-87.941522,contains,0.0,200.0,7,69743.2,0.0,8.25,35179775.0,69743.2,69743.14,8.25,Residential,800 JORIE BOULEVARD,1321315200000.0,X,True,False,AREA OF MINIMAL FLOOD HAZARD,high,False,3.0,,0.0,6.0,6.0,1.0,0.035,16.118194580078125
dc_0378cf1ad710,Neutron - Spokane,WA,47.6583,-117.4191,contains,0.0,200.0,18,773994.2,0.0,24.68,10412708.0,773994.2,773394.3,24.68,Education,,1225324800000.0,X,True,False,AREA OF MINIMAL FLOOD HAZARD,high,True,6.0,,0.0,6.0,6.0,3.0,0.035,2.4368741512298584
dc_03a9959da784,EdgeConneX Hillsboro (EDCPOR02),OR,45.548296,-122.907473,nearest,39.65290948062022,200.0,15,96547.8,39.65290948062022,,3639727.0,96547.8,96470.66,,Government,,1564790400000.0,X,True,False,AREA OF MINIMAL FLOOD HAZARD,high,,2.0,,0.0,6.0,6.0,1.0,0.175,0.4918390810489654
dc_924c700670ac,EdgeConneX Atlanta (EDCATL02),GA,33.731803,-84.423585,contains,0.0,200.0,46,95100.5,0.0,8.73,17170134.0,95100.5,95100.38,8.73,Commercial,,1351209600000.0,X,True,False,AREA OF MINIMAL FLOOD HAZARD,high,False,2.0,,0.0,6.0,6.0,3.0,0.055,16.562829971313477
dc_88c1a3921ea5,Racksquared Data Centers,OH,39.9669,-82.9928,nearest,2.7647929129796545,200.0,42,103357.3,157.23592662635494,11.87,9769485.0,16868.3,16868.25,4.26,Industrial,162 6TH STREET,1301616000000.0,X,True,False,AREA OF MINIMAL FLOOD HAZARD,high,False,1.0,,0.0,6.0,6.0,1.0,0.035,14.319350242614746
dc_3c5de49118a8,Unwired FAT1 - Fresno Colocation,CA,36.846165,-119.799363,nearest,1.9353040933430752,200.0,45,31217.8,198.9812744412552,4.69,16863056.0,8079.7,8079.688,4.63,Industrial,,1336176000000.0,X,True,False,AREA OF MINIMAL FLOOD HAZARD,high,False,1.0,3.0,1.0,3.0,3.0,3.0,0.175,0.5898231267929077
dc_1b48e32e32a9,RagingWire VA4 - NTT,VA,39.019293,-77.470655,nearest,68.29322812594657,200.0,9,252896.4,118.0932771267821,,7873230.0,2838.7,2838.754,4.39,Commercial,44245 ICE RINK PLAZA,1205280000000.0,X,True,False,AREA OF MINIMAL FLOOD HAZARD,high,False,1.0,,0.0,6.0,6.0,1.0,0.055,13.613815307617188
dc_63477d7fddc5,SFN IA-Davenport,IA,41.548129,-90.621185,nearest,9.319702091401298,200.0,50,12952.9,195.358509037743,,483600.0,8898.9,8900.43,,Industrial,2728 NORTH CLARK STREET,1556928000000.0,X,True,False,AREA OF MINIMAL FLOOD HAZARD,high,,2.0,1.0,1.0,1.0,1.0,1.0,0.025,10.213614463806152
dc_020b4e91299a,SFN IA-Waterloo,IA,42.488836,-92.330614,nearest,2.6591006171206724,200.0,89,26126.8,160.42256552229736,,1821330.0,494.8,494.4679,,Unclassified,1426 COMMERCIAL STREET,1492819200000.0,X,True,False,AREA WITH REDUCED FLOOD RISK DUE TO LEVEE,high,,1.0,,0.0,6.0,6.0,1.0,0.015,9.094491958618164
dc_e0deb5a5797a,"DartPoints Spartanburg, SC - SPA1",SC,34.99596,-82.03468,contains,0.0,200.0,5,599933.1,191.44930238578536,,50058126.0,59291.7,59257.3,,Unclassified,,1625443200000.0,X,True,False,AREA OF MINIMAL FLOOD HAZARD,high,,2.0,3.0,0.5,3.0,6.0,3.0,0.075,14.185957908630373
dc_b0bc13ad8190,"DartPoints Columbus, IN - CLU1",IN,39.182499,-85.895227,contains,0.0,200.0,16,58446.8,94.51781866853106,,9482776.0,58116.8,56940.04,,Industrial,2555 EAST TECHNOLOGY BOULEVARD,1447545600000.0,X,True,False,AREA OF MINIMAL FLOOD HAZARD,high,,2.0,,0.0,6.0,6.0,1.0,0.065,20.845558166503903
dc_90a6d53a922b,Citynet Charleston,WV,38.352874,-81.640475,nearest,19.031286270804703,200.0,21,898628.6,134.68386002988638,14.15,7019867.0,28414.7,28394.1,14.05,Assembly,,1237334400000.0,X,True,False,0.2 PCT ANNUAL CHANCE FLOOD HAZARD,high,True,2.0,,0.0,6.0,6.0,1.0,0.045,10.213679313659668
dc_d1f55f9f8389,Citynet Bridgeport,WV,39.276713,-80.270157,contains,0.0,200.0,2,16032.0,0.0,,249257.0,16032.0,16020.75,,Industrial,,1477958400000.0,X,True,False,AREA OF MINIMAL FLOOD HAZARD,high,,1.0,1.0,1.0,1.0,1.0,3.0,0.035,10.059993743896484
dc_0be54ba06f42,Centersquare Silicon Valley (SFO4-A),CA,37.375719,-121.955154,contains,0.0,200.0,20,55596.6,117.6266781839994,14.62,15740490.0,28105.6,28105.52,10.57,Unclassified,,1349049600000.0,X,True,False,AREA WITH REDUCED FLOOD RISK DUE TO LEVEE,high,False,1.0,,0.0,6.0,6.0,,0.555,0.1221932545304298
dc_e8f9e82ff0a7,Aligned Ashburn (IAD-01),VA,39.014003,-77.469729,contains,0.0,200.0,9,347124.5,195.2764975836564,,50987110.0,157848.9,157900.5,,Commercial,21890 UUNET DRIVE,1710374400000.0,X,True,False,AREA OF MINIMAL FLOOD HAZARD,high,,2.0,,0.0,6.0,6.0,1.0,0.055,13.613815307617188
dc_00764728680d,Aligned Dallas (DFW-01),TX,33.009295,-96.676434,contains,0.0,200.0,9,108447.7,0.0,8.63,30281855.0,108447.7,108447.5,8.63,Commercial,2800 SUMMIT AVENUE,1435708800000.0,X,True,False,AREA OF MINIMAL FLOOD HAZARD,high,False,2.0,2.0,0.5,2.0,6.0,2.0,0.025,19.147722244262695
dc_7afb9b268c71,Aligned Phoenix (PHX-01),AZ,33.658881,-112.110606,contains,0.0,200.0,7,516298.6,0.0,7.63,11322460.0,516298.6,516298.2,7.63,Commercial,19200 NORTH 23RD AVENUE,1412467200000.0,X,True,False,0.2 PCT ANNUAL CHANCE FLOOD HAZARD,high,False,4.0,,0.0,6.0,6.0,,0.025,7.146243572235107
dc_ffcac70d833e,Aligned Salt Lake (SLC-02),UT,40.585936,-111.969762,contains,0.0,200.0,4,274042.7,0.0,,13000723.0,274042.7,273868.9,,Commercial,3333 WEST 9000 SOUTH,1566086400000.0,X,True,False,AREA OF MINIMAL FLOOD HAZARD,high,,1.0,,0.0,6.0,6.0,2.0,0.175,5.014902114868164
dc_41b7b98857a3,Aligned Salt Lake (SLC-01),UT,40.585936,-111.969762,contains,0.0,200.0,4,274042.7,0.0,,13000723.0,274042.7,273868.9,,Commercial,3333 WEST 9000 SOUTH,1566086400000.0,X,True,False,AREA OF MINIMAL FLOOD HAZARD,high,,1.0,,0.0,6.0,6.0,2.0,0.175,5.014902114868164
dc_bb6acbbe7a18,QTS Hillsboro (HIL1),OR,45.5568,-122.9316,nearest,186.9593473397948,200.0,1,1979.5,186.9593473397948,,3643122.0,1979.5,1977.876,,Residential,,1564790400000.0,X,True,False,AREA OF MINIMAL FLOOD HAZARD,high,,1.0,,0.0,6.0,6.0,1.0,0.175,0.4918390810489654
dc_1c5529fb9a1a,QTS Manassas (MAN1),VA,38.7534,-77.5128,nearest,0.6375565080024149,200.0,8,134335.4,167.59737908708033,,50232405.0,129903.1,129951.8,,Commercial,9400 GODWIN DRIVE,1654387200000.0,X,True,False,AREA OF MINIMAL FLOOD HAZARD,high,,2.0,,0.0,6.0,6.0,1.0,0.065,12.71955680847168
dc_6f3dc8f369c9,QTS Fort Worth (FTW1),TX,32.988738,-97.258448,contains,0.0,200.0,8,691151.3,164.50701527761555,,31063569.0,142886.6,142886.5,8.4,Commercial,14100 PARK VISTA BLVD,1241136000000.0,X,True,False,AREA OF MINIMAL FLOOD HAZARD,high,False,2.0,,0.0,6.0,6.0,3.0,0.025,17.917001724243164
dc_b3c70d75bf1a,CENTRA CLT01 - Charlotte NC (701 E Trade),NC,35.22222,-80.83651,contains,0.0,200.0,23,76415.4,182.98454025043293,15.3,15100708.0,16205.9,16205.83,7.6,Commercial,701 EAST TRADE STREET,1328745600000.0,X,True,False,AREA OF MINIMAL FLOOD HAZARD,high,False,1.0,,0.0,6.0,6.0,,0.055,14.088505744934082
dc_01f9f53c2eac,Coloblox Data Centers ATL1,GA,33.889646,-84.465365,contains,0.0,200.0,5,226971.1,0.0,22.23,17384509.0,226971.1,226970.8,22.23,Industrial,,1351209600000.0,X,True,False,AREA OF MINIMAL FLOOD HAZARD,high,True,3.0,,0.0,6.0,6.0,3.0,0.065,16.562829971313477
dc_65462e0cdff1,The Garland Center / West 7 Center,CA,34.051411,-118.265796,nearest,11.617210609579828,200.0,33,127250.2,83.09505615554919,19.16,14639335.0,99998.6,99998.5,30.89,Commercial,,1350432000000.0,X,True,False,AREA OF MINIMAL FLOOD HAZARD,high,True,1.0,,0.0,6.0,6.0,,0.445,0.5556319355964661
dc_ccc53908a275,Bluebird Underground Data Center,MO,37.231398,-93.212181,nearest,239.69094420007633,800.0,116,33254.6,792.951833838924,,818932.0,2309.3,2309.332,,Industrial,2070 NORTH LE COMPTE,1505260800000.0,X,True,False,AREA OF MINIMAL FLOOD HAZARD,low,,1.0,,0.0,6.0,6.0,1.0,0.065,18.368181228637695
dc_9d948b20f397,Stream Data Centers - DFW VII,TX,32.981,-96.6594,nearest,180.27399632377097,200.0,2,22836.3,180.27399632377097,8.8,30204113.0,22836.3,22836.29,8.8,Commercial,5535 NORTHMOOR DR,1435708800000.0,X,True,False,AREA OF MINIMAL FLOOD HAZARD,high,False,2.0,,0.0,6.0,6.0,2.0,0.025,18.841638565063477
dc_64c7a0c8382c,Stream Data Centers - MN I,MN,44.8084,-93.6341,contains,0.0,200.0,4,256683.3,0.0,6.97,11514973.0,256683.3,256493.9,6.97,Industrial,1707 WEST CREEK LANE,1335744000000.0,X,True,False,AREA OF MINIMAL FLOOD HAZARD,high,False,2.0,,0.0,6.0,6.0,1.0,0.005,10.41598129272461
dc_e7e81b57c81b,DQE Communications (Downtown Pittsburgh),PA,40.439169,-80.000902,contains,0.0,200.0,28,238341.7,138.57644037858418,40.83,7490120.0,41586.1,41586.06,49.68,Residential,,1312502400000.0,X,True,False,AREA OF MINIMAL FLOOD HAZARD,high,True,2.0,,0.0,6.0,6.0,1.0,0.025,11.686223030090332
dc_904d1fe660bd,DQE Communications (Butler),PA,40.860587,-79.907512,contains,0.0,200.0,153,241096.5,126.7863696663436,,1664119.0,2968.5,2953.783,,Commercial,,1563148800000.0,X,True,False,AREA OF MINIMAL FLOOD HAZARD,high,,1.0,,0.0,6.0,6.0,1.0,0.025,12.542291641235352
dc_9a27ff212d93,DQE Communications (Allegheny Center Mall),PA,40.450158,-80.006045,nearest,5.984603471782385,200.0,17,424619.9,5.984603471782385,16.82,7370318.0,424619.9,424619.4,16.82,Commercial,,1312502400000.0,X,True,False,AREA OF MINIMAL FLOOD HAZARD,high,True,3.0,,0.0,6.0,6.0,1.0,0.025,11.686223030090332
dc_a6deac218790,Data102 - COS01,CO,38.832108,-104.82403,contains,0.0,200.0,16,201186.0,155.95103228257574,22.25,15787825.0,13683.1,13683.1,46.89,Commercial,,1337558400000.0,X,True,False,AREA OF MINIMAL FLOOD HAZARD,high,True,2.0,,0.0,6.0,6.0,,0.035,11.859444618225098
dc_61349568f7bb,Data102 - COS02,CO,38.832108,-104.82403,contains,0.0,200.0,16,201186.0,155.95103228257574,22.25,15787825.0,13683.1,13683.1,46.89,Commercial,,1337558400000.0,X,True,False,AREA OF MINIMAL FLOOD HAZARD,high,True,2.0,,0.0,6.0,6.0,,0.035,11.859444618225098
dc_307abcbb36ae,Frontier Tampa Main Tandem Office,FL,27.950142,-82.456179,nearest,5.867733881840195,200.0,29,79213.4,198.05829287045145,25.6,31394092.0,42010.9,42010.74,38.3,Commercial,610 N MORGAN ST,1340668800000.0,X,True,False,AREA OF MINIMAL FLOOD HAZARD,high,True,3.0,,0.0,6.0,6.0,3.0,0.005,28.616392135620117
dc_8d1d5560f657,Navégalo Data Center Miami (MI1),FL,25.776033,-80.193092,nearest,0.7010647328960676,200.0,19,162425.1,0.7010647328960676,21.25,30407427.0,162425.1,162424.5,21.25,Education,36 NE 2 ST,1392508800000.0,X,True,False,AREA OF MINIMAL FLOOD HAZARD,high,True,4.0,,0.0,6.0,6.0,3.0,0.005,22.965288162231445
dc_5682de2fcd5d,Agile Aurora,IL,41.772203,-88.217055,contains,0.0,200.0,6,81466.9,154.38208677238674,,32005729.0,78053.2,78843.18,,Industrial,,1462406400000.0,X,True,False,AREA OF MINIMAL FLOOD HAZARD,high,,2.0,,0.0,6.0,6.0,1.0,0.035,17.22007942199707
dc_b2ab8aee8632,FIBERTOWN Houston Data Center,TX,29.943078,-95.417308,contains,0.0,200.0,13,247576.3,0.0,,37930683.0,247576.3,248109.2,,Industrial,12009 NORTH FREEWAY,1668297600000.0,X,True,False,AREA OF MINIMAL FLOOD HAZARD,high,,3.0,,0.0,6.0,6.0,1.0,0.015,20.972787857055664
dc_c81618121941,FIBERTOWN Bryan Data Center,TX,30.674256,-96.373773,contains,0.0,200.0,35,37847.3,93.5235961995867,,35375864.0,27316.2,27336.94,,Government,,1571702400000.0,X,True,False,AREA OF MINIMAL FLOOD HAZARD,high,,1.0,,0.0,6.0,6.0,,0.015,18.535303115844727
dc_0725a2d5f792,Quasar Data Center,TX,29.760061,-95.362102,contains,0.0,200.0,23,131021.7,77.04385584151493,,28512891.0,61540.5,61540.45,23.78,Commercial,1000 PRAIRIE STREET,1264204800000.0,X,True,False,AREA OF MINIMAL FLOOD HAZARD,high,True,2.0,,0.0,6.0,6.0,,0.015,20.972787857055664
dc_62d3d21ff61d,"ark data centers - Tucson, AZ",AZ,32.1723,-110.95415,contains,0.0,200.0,29,52322.1,152.19283855444493,5.7,11829432.0,40319.2,40319.14,6.29,Industrial,1215 EAST PENNSYLVANIA STREET,1156636800000.0,X,True,False,AREA OF MINIMAL FLOOD HAZARD,high,False,2.0,,0.0,6.0,6.0,3.0,0.015,9.74954605102539
dc_bf71e65b6afd,"ark data centers - Akron,OH",OH,41.057108,-81.522183,contains,0.0,200.0,35,84765.2,139.48249531619803,7.77,4724149.0,32197.5,31356.8,,Unclassified,191 EAST MILLER AVENUE,1445817600000.0,X,True,False,AREA OF MINIMAL FLOOD HAZARD,high,,2.0,,0.0,6.0,6.0,,0.025,14.31541633605957
dc_9cbf0a55e19a,"ark data centers - Cedar Rapids ,IA",IA,42.052632,-91.554004,nearest,14.752879235238357,200.0,5,28032.3,179.0645173122189,,722949.0,20727.5,20718.2,,Commercial,5055 REC DRIVE,1525651200000.0,X,True,False,AREA OF MINIMAL FLOOD HAZARD,high,,1.0,1.0,1.0,1.0,1.0,1.0,0.025,8.404583930969238
dc_868fa144afdf,PhoenixNAP ASHBURN,VA,39.015966,-77.48158,contains,0.0,200.0,10,218526.7,133.30630205044915,,7872779.0,71742.8,71742.77,6.04,Commercial,21635 RED RUM DRIVE,1205280000000.0,X,True,False,AREA OF MINIMAL FLOOD HAZARD,high,False,2.0,,0.0,6.0,6.0,1.0,0.055,13.613815307617188
dc_363c889003c4,PhoenixNAP ATLANTA,GA,33.927915,-84.481824,contains,0.0,200.0,11,52497.2,112.56992681693272,8.62,17422425.0,37688.3,37688.22,12.16,Commercial,,1351209600000.0,AE,True,True,,high,True,2.0,3.0,0.5,3.0,6.0,3.0,0.065,16.562829971313477
dc_23e2d561cf0c,Cologix DAL3,TX,32.800748,-96.819412,contains,0.0,200.0,10,243138.7,0.0,32.91,29902135.0,243138.7,243138.4,32.91,Education,1950 N STEMMONS FWY,1435708800000.0,X,True,False,AREA WITH REDUCED FLOOD RISK DUE TO LEVEE,high,True,4.0,,0.0,6.0,6.0,3.0,0.025,18.841638565063477
dc_22d8db7b360c,T5@Chicago,IL,42.023151,-122.975114,none,,200.0,0,,,,,,,,,,,,False,,,,,,,,,4.0,5.0,0.125,1.3978122472763062
dc_4b2fdcc8f1c8,Expedient Indianapolis,IN,39.963184,-86.145575,contains,0.0,200.0,7,105072.2,167.9964043079973,7.08,18403056.0,58060.8,58060.8,5.87,Unclassified,701 CONGRESSIONAL BOULEVARD,1314230400000.0,X,True,False,AREA OF MINIMAL FLOOD HAZARD,high,False,2.0,1.0,0.5,1.0,1.0,1.0,0.055,26.43269920349121
dc_3dc0908f81e0,ORI.NET Noblesville,IN,40.04555,-86.01401,nearest,5.645470361387542,200.0,37,82446.3,60.48424805103171,,2273380.0,42154.9,41245.77,,Unclassified,817 CONNER STREET,1479254400000.0,X,True,False,AREA OF MINIMAL FLOOD HAZARD,high,,1.0,,0.0,6.0,6.0,1.0,0.055,23.24394798278809
dc_42f11cbcfcbf,Expedient Cleveland - 151 NEO,OH,41.428228,-81.573952,contains,0.0,200.0,20,55302.6,197.24210835502612,5.62,9315493.0,43373.5,43373.41,5.09,Industrial,15166 NEO PARKWAY,1282003200000.0,X,True,False,AREA OF MINIMAL FLOOD HAZARD,high,False,2.0,,0.0,6.0,6.0,1.0,0.025,14.31541633605957
dc_b64820074b60,Expedient Boston,MA,42.405414,-71.074978,contains,0.0,200.0,11,118649.1,89.47233018839866,,7230528.0,88623.1,88623.09,18.66,Commercial,1 CABOT ROAD,1242864000000.0,X,True,False,AREA OF MINIMAL FLOOD HAZARD,high,True,2.0,,0.0,6.0,6.0,3.0,0.0849999999999999,3.3172669410705566
dc_ee22854729f6,Expedient Cleveland - 152 NEO,OH,41.429415,-81.574072,contains,0.0,200.0,16,55302.6,65.29979759857713,5.62,9315787.0,43775.1,43775.09,5.63,Unclassified,15264 NEO PARKWAY,1282003200000.0,X,True,False,AREA OF MINIMAL FLOOD HAZARD,high,False,2.0,,0.0,6.0,6.0,1.0,0.025,14.31541633605957
dc_db838b27c2aa,Expedient Columbus - Dublin,OH,40.091865,-83.143709,nearest,204.5540416802803,800.0,316,150486.4,716.532543451327,13.45,9916457.0,1277.0,1276.966,3.58,Commercial,5729 SHIER RINGS ROAD,1301616000000.0,X,True,False,AREA OF MINIMAL FLOOD HAZARD,low,False,2.0,1.0,0.5,1.0,1.0,1.0,0.035,15.455096244812012
dc_878c140caab9,Expedient Columbus - Upper Arlington,OH,40.057853,-83.0785,contains,0.0,200.0,18,99347.4,0.0,8.61,9877044.0,99347.4,99347.28,8.61,Commercial,4640 ARLINGTON CENTRE LOOP,1301616000000.0,X,True,False,AREA OF MINIMAL FLOOD HAZARD,high,False,3.0,,0.0,6.0,6.0,1.0,0.035,15.455096244812012
dc_f9b2b8a754f1,Expedient Memphis,TN,35.062965,-89.786143,contains,0.0,200.0,21,91848.6,71.31729117452133,,402765.0,37006.3,37035.57,,Commercial,3180 PLAYERS LANE,1507852800000.0,X,True,False,AREA OF MINIMAL FLOOD HAZARD,high,,1.0,,0.0,6.0,6.0,2.0,0.235,19.04093360900879
dc_3511a00a4df6,Expedient Phoenix,AZ,33.41601,-112.009445,contains,0.0,200.0,30,122254.4,147.91326024163962,6.94,11559737.0,79846.3,79846.24,10.41,Commercial,3402 EAST UNIVERSITY DRIVE,1412467200000.0,X,True,False,0.2 PCT ANNUAL CHANCE FLOOD HAZARD,high,False,2.0,,0.0,6.0,6.0,4.0,0.025,7.057002544403076
dc_9d41992d9e6f,Expedient Pittsburgh - Nova Place,PA,40.452,-80.0045,nearest,14.69676751636647,200.0,19,424619.9,14.69676751636647,16.82,7370318.0,424619.9,424619.4,16.82,Commercial,,1312502400000.0,X,True,False,AREA OF MINIMAL FLOOD HAZARD,high,True,3.0,,0.0,6.0,6.0,1.0,0.025,11.686223030090332
dc_09dea9d939e5,Databank Atlanta (ATL1),GA,33.775782,-84.386765,contains,0.0,200.0,23,91155.5,0.0,21.38,17239442.0,91155.5,91155.38,21.38,Commercial,,1351209600000.0,X,True,False,AREA OF MINIMAL FLOOD HAZARD,high,True,4.0,,0.0,6.0,6.0,,0.055,16.562829971313477
dc_8f85055bfe5d,365 Data Centers Commack (CNY),NY,40.822677,-73.291647,contains,0.0,200.0,5,359598.1,0.0,,6014427.0,359598.1,359494.0,,Industrial,500 COMMACK ROAD,1552435200000.0,X,True,False,AREA OF MINIMAL FLOOD HAZARD,high,,3.0,3.0,0.3333333333333333,6.0,6.0,4.0,0.075,5.004805088043213
dc_41bc53d197ab,FairlawnGig Service Center,OH,41.133097,-81.629367,contains,0.0,200.0,18,126593.7,197.03348411915235,,5303337.0,47371.7,47022.82,,Commercial,,1445817600000.0,X,True,False,AREA OF MINIMAL FLOOD HAZARD,high,,2.0,1.0,0.5,1.0,1.0,1.0,0.025,14.31541633605957
dc_6c5747e8ee21,Cogent Tampa,FL,27.947439,-82.458855,nearest,9.646578821188646,200.0,26,76420.2,114.06673835050113,21.8,31392037.0,42422.4,42422.25,76.0,Commercial,400 N TAMPA ST,1340668800000.0,X,True,False,0.2 PCT ANNUAL CHANCE FLOOD HAZARD IN COASTAL ZONE,high,True,2.0,,0.0,6.0,6.0,2.0,0.005,28.616392135620117
dc_84946db8ccde,Senawave,UT,40.711882,-111.964741,nearest,0.6569986053212665,200.0,41,326323.1,84.36168490371801,11.52,16152229.0,60212.7,60174.41,8.84,Industrial,3039 WEST PARKWAY BOULEVARD,1284768000000.0,X,True,False,AREA OF MINIMAL FLOOD HAZARD,high,False,2.0,,0.0,6.0,6.0,1.0,0.195,5.014902114868164
dc_23f3922163d5,Corepacket PDX-1,OR,45.52076,-122.678985,nearest,13.18112293780395,200.0,27,42317.4,96.39846810960675,33.71,8132834.0,40961.5,40929.33,24.0,Commercial,,1285027200000.0,X,True,False,AREA OF MINIMAL FLOOD HAZARD,high,True,1.0,,0.0,6.0,6.0,,0.165,0.4918390810489654
dc_1a15871c8912,TierPoint Baltimore – BWI,MD,39.21345,-76.68286,contains,0.0,200.0,6,49064.8,64.28523683300718,,460888.0,33369.4,32975.57,,Industrial,813 PINNACLE DRIVE,1570665600000.0,X,True,False,AREA OF MINIMAL FLOOD HAZARD,high,,2.0,1.0,0.5,1.0,6.0,1.0,0.055,14.052087783813477
dc_cbc49ed43b20,TierPoint Charlotte - North Myers,NC,35.221531,-80.835807,contains,0.0,200.0,27,68187.7,67.57948688853499,37.2,15100289.0,23358.2,23358.15,10.8,Commercial,731 EAST TRADE STREET,1328745600000.0,X,True,False,AREA OF MINIMAL FLOOD HAZARD,high,False,4.0,,0.0,6.0,6.0,2.0,0.055,14.088505744934082
dc_b493d7002b92,TierPoint Tulsa-State Farm,OK,36.096334,-95.840438,nearest,172.7078815351424,200.0,2,367324.0,172.7078815351424,7.5,7143964.0,367324.0,367323.7,7.5,Commercial,,1222992000000.0,X,True,False,AREA OF MINIMAL FLOOD HAZARD,high,False,4.0,,0.0,6.0,6.0,1.0,0.035,21.064456939697266
dc_2fbb14b41636,TierPoint Oklahoma City,OK,35.514225,-97.596767,contains,0.0,200.0,56,65229.9,124.70554023308992,,7430196.0,23710.2,23710.21,6.82,Industrial,,1375142400000.0,X,True,False,AREA OF MINIMAL FLOOD HAZARD,high,False,1.0,,0.0,6.0,6.0,1.0,0.045,19.379959106445312
dc_6f67b70fb02b,TierPoint Raleigh – RTP,NC,35.896667,-78.878838,contains,0.0,200.0,5,27934.5,0.0,,9902108.0,27934.5,27395.19,,Commercial,99 T W ALEXANDER DRIVE,1510790400000.0,X,True,False,AREA OF MINIMAL FLOOD HAZARD,high,,2.0,,0.0,6.0,6.0,3.0,0.035,15.275832176208496
dc_e247d5484e1d,TierPoint Seattle,WA,47.619446,-122.34811,contains,0.0,200.0,36,133280.4,166.7618249478677,11.51,10160622.0,44088.8,44056.16,23.01,Commercial,,1273190400000.0,X,True,False,AREA OF MINIMAL FLOOD HAZARD,high,True,1.0,,0.0,6.0,6.0,,0.345,0.6047859191894531
dc_ac30ac8e4a4e,TierPoint Sioux Falls - East,SD,43.596146,-96.716872,nearest,13.385531046139176,200.0,4,250142.4,101.59601412970606,,372876.0,80100.8,80103.65,,Industrial,700 EAST 54TH STREET NORTH,1563408000000.0,X,True,False,AREA WITH REDUCED FLOOD RISK DUE TO LEVEE,high,,4.0,1.0,0.25,6.0,6.0,1.0,0.015,15.18335247039795
dc_68d97fc661d5,TierPoint Sioux Falls - West,SD,43.607,-96.80965,nearest,39.07557830386076,200.0,2,15625.7,39.07557830386076,,904949.0,15625.7,15625.18,,Utility and Misc,,1563408000000.0,X,True,False,AREA OF MINIMAL FLOOD HAZARD,high,,1.0,1.0,1.0,1.0,1.0,2.0,0.015,15.18335247039795
dc_686de1690128,TierPoint Raleigh,NC,35.854381,-78.597011,contains,0.0,200.0,15,122109.4,58.16649333935203,8.8,15364498.0,84599.4,84599.27,7.9,Industrial,5301 DEPARTURE DRIVE,1267488000000.0,X,True,False,AREA OF MINIMAL FLOOD HAZARD,high,False,2.0,,0.0,6.0,6.0,3.0,0.035,15.275832176208496
dc_50e9c91a244c,TierPoint Waterbury,CT,41.554386,-73.041037,nearest,8.107721975437183,200.0,24,299590.7,57.91950920928303,,6001486.0,90747.8,90734.73,,Commercial,96 BANK STREET,1564099200000.0,X,True,False,AREA OF MINIMAL FLOOD HAZARD,high,,3.0,,0.0,6.0,6.0,,0.075,6.144979953765869
dc_b882f44c45b0,BlueBridge Networks | Downtown Cleveland,OH,41.500747,-81.683704,nearest,6.700397565278645,200.0,13,397126.6,66.06375255925236,22.88,9231039.0,43734.7,43734.68,25.71,Government,1275 EUCLID AVENUE,1282003200000.0,X,True,False,AREA OF MINIMAL FLOOD HAZARD,high,True,2.0,,0.0,6.0,6.0,1.0,0.035,14.61642074584961
dc_5201629a2721,BlueBridge Networks |  Mayfield Heights Data Center,OH,41.50198,-81.47152,nearest,58.82983640216993,200.0,32,31214.1,58.82983640216993,5.74,9231505.0,31214.1,31214.06,5.74,Government,5815 LANDERBROOK DRIVE,1282003200000.0,X,True,False,AREA OF MINIMAL FLOOD HAZARD,high,False,1.0,,0.0,6.0,6.0,1.0,0.025,12.655085563659668
dc_63bb73652979,Fortress SF1,CA,37.782608,-122.391772,contains,0.0,200.0,24,184749.5,31.741048732551363,17.56,16270814.0,19733.7,19733.71,23.26,Industrial,,1349049600000.0,X,True,False,AREA OF MINIMAL FLOOD HAZARD,high,True,1.0,,0.0,6.0,6.0,,0.475,0.0928128734230995
dc_7f9a84f2ffad,bigbyte.cc,NM,35.084508,-106.648933,contains,0.0,200.0,18,231960.9,194.2970173207136,,12064596.0,16039.2,16035.29,,Commercial,123 CENTRAL AVENUE NORTHWEST,1314835200000.0,X,True,False,AREA OF MINIMAL FLOOD HAZARD,high,,1.0,,0.0,6.0,6.0,,0.055,9.913078308105469
dc_0b62aed251e8,InterServer Teb2,NJ,40.78606,-74.073757,contains,0.0,200.0,9,772371.8,70.86468547525605,9.62,7739665.0,40279.8,40279.78,9.75,Commercial,,1376524800000.0,X,True,False,0.2 PCT ANNUAL CHANCE FLOOD HAZARD,high,False,4.0,,0.0,6.0,6.0,4.0,0.105,7.277477264404297
dc_ad5acf412ac8,InterServer Teb4,NJ,40.785251,-74.074991,contains,0.0,200.0,7,772371.8,192.26133196144383,9.62,7738034.0,50467.4,50467.3,8.92,Commercial,,1376524800000.0,X,True,False,AREA OF MINIMAL FLOOD HAZARD,high,False,2.0,,0.0,6.0,6.0,4.0,0.105,7.277477264404297
dc_cd5551c92afa,mindSHIFT Ashburn,VA,39.01505,-77.45879,nearest,10.147825167168852,200.0,18,194683.4,196.40609652684896,9.79,7872679.0,60507.4,60507.3,8.62,Commercial,21731 FILIGREE COURT,1205280000000.0,X,True,False,AREA OF MINIMAL FLOOD HAZARD,high,False,2.0,,0.0,6.0,6.0,1.0,0.055,13.613815307617188
dc_d1996798840c,mindSHIT Commack,NY,40.822677,-73.291647,contains,0.0,200.0,5,359598.1,0.0,,6014427.0,359598.1,359494.0,,Industrial,500 COMMACK ROAD,1552435200000.0,X,True,False,AREA OF MINIMAL FLOOD HAZARD,high,,3.0,3.0,0.3333333333333333,6.0,6.0,4.0,0.075,5.004805088043213
dc_8e8dd43b1c7e,mindSHIFT Minneapolis,MN,44.971408,-93.25458,contains,0.0,200.0,17,88316.9,0.0,12.7,11071597.0,88316.9,88247.18,12.7,Commercial,511 11TH AVENUE SOUTH,1335744000000.0,X,True,False,AREA OF MINIMAL FLOOD HAZARD,high,True,1.0,,0.0,6.0,6.0,1.0,0.005,10.622698783874512
dc_92574408e089,Synergy Fiber,MI,42.241964,-83.739113,nearest,91.167900005196,200.0,11,50462.1,122.12042729727273,,9549271.0,37035.1,37052.14,,Commercial,,1553558400000.0,X,True,False,AREA OF MINIMAL FLOOD HAZARD,high,,1.0,,0.0,6.0,6.0,1.0,0.035,16.757904052734375
dc_795295307718,INAP Phoenix,AZ,33.298287,-112.053638,nearest,16.94737911955985,200.0,123,4723.3,172.4602369476878,4.38,11396172.0,2365.3,2365.308,5.32,Residential,1309 EAST FRYE ROAD,1412467200000.0,X,True,False,0.2 PCT ANNUAL CHANCE FLOOD HAZARD,high,False,1.0,,0.0,6.0,6.0,4.0,0.025,7.057002544403076
dc_a6a8876c4b50,Evocative LAX14,CA,33.89075,-118.3708,contains,0.0,200.0,20,400508.5,82.25189110192906,13.53,13192721.0,117053.8,117053.8,24.15,Industrial,,1350432000000.0,X,True,False,AREA OF MINIMAL FLOOD HAZARD,high,True,1.0,,0.0,6.0,6.0,,0.385,0.3717229962348938
dc_4c0328a22c39,Southwest Cyberport Albuquerque,NM,35.10196,-106.589328,nearest,33.34107135554684,200.0,72,49266.3,33.34107135554684,,12089738.0,49266.3,49252.33,,Education,5041 INDIAN SCHOOL ROAD NORTHEAST,1314835200000.0,X,True,False,AREA OF MINIMAL FLOOD HAZARD,high,,1.0,,0.0,6.0,6.0,,0.055,9.913078308105469
dc_22b86260251c,Digital Realty CHI (2299 Busse Road),IL,41.99418,-87.957678,contains,0.0,200.0,5,299720.4,0.0,7.67,34582624.0,299720.4,299720.2,7.67,Commercial,2299 BUSSE ROAD,1321315200000.0,X,True,False,AREA OF MINIMAL FLOOD HAZARD,high,False,4.0,,0.0,6.0,6.0,1.0,0.035,16.118194580078125
dc_f66893ce1d98,Digital Realty CHI (1400 East Devon Ave),IL,41.993346,-87.964112,nearest,0.3797178082499826,200.0,24,449220.2,41.62631911858564,8.81,34582414.0,143304.3,143304.2,7.62,Commercial,1500 EAST DEVON AVENUE,1321315200000.0,X,True,False,AREA OF MINIMAL FLOOD HAZARD,high,False,4.0,,0.0,6.0,6.0,1.0,0.035,16.118194580078125
dc_ae8edb4e2092,Digital Realty DFW (4025 Midway Road),TX,33.021665,-96.844728,contains,0.0,200.0,17,121478.5,129.0428953915077,,30299151.0,52860.2,52860.2,9.64,Commercial,,1435708800000.0,X,True,False,AREA OF MINIMAL FLOOD HAZARD,high,False,4.0,,0.0,6.0,6.0,2.0,0.025,19.147722244262695
dc_190020b3e447,Digital Realty DFW (2440 Marsh Lane),TX,32.980107,-96.853694,contains,0.0,200.0,16,133319.5,0.0,7.59,30189561.0,133319.5,133319.4,7.59,Commercial,5535 NORTHMOOR DR,1435708800000.0,X,True,False,AREA OF MINIMAL FLOOD HAZARD,high,False,2.0,,0.0,6.0,6.0,2.0,0.025,18.841638565063477
dc_86494a18d241,"Equinix MI6 - Miami, Doral",FL,25.787849,-80.354555,contains,0.0,200.0,12,147983.0,140.70045447809682,9.47,30416532.0,109363.9,109363.4,6.34,Industrial,1525 NW 98 CT,1392508800000.0,X,True,False,AREA OF MINIMAL FLOOD HAZARD,high,False,2.0,,0.0,6.0,6.0,3.0,0.005,22.965288162231445
dc_13696f488c53,Telxius Boca Raton DC,FL,26.405641,-80.114041,contains,0.0,200.0,26,74242.4,71.05592992771211,,36607062.0,23185.4,23171.31,,Commercial,6503 W ROGERS CIR,1673913600000.0,X,True,False,AREA OF MINIMAL FLOOD HAZARD,high,,1.0,,0.0,6.0,6.0,1.0,0.005,26.05278587341309
dc_67636ae84300,NOLA BROADBAND,LA,29.901419,-90.041661,nearest,12.14651896889619,200.0,51,33085.1,171.3717087201283,6.7,10061963.0,5498.2,5498.232,4.0,Unclassified,,1343865600000.0,AE,True,True,,high,False,1.0,,0.0,6.0,6.0,1.0,0.025,26.341787338256836
dc_3d42335bad72,1530 SWIFT - NOCIX,MO,39.1361,-94.5779,contains,0.0,200.0,25,254256.1,0.0,6.71,11252558.0,254256.1,254255.9,6.71,Industrial,,1329609600000.0,X,True,False,AREA WITH REDUCED FLOOD RISK DUE TO LEVEE,high,False,2.0,,0.0,6.0,6.0,,0.025,20.675199508666992
dc_94004336071b,NOCIX Clay Facility,MO,39.137768,-94.578826,nearest,7.1112740667452625,200.0,21,254256.1,51.11912712437137,6.71,11252559.0,22150.5,22150.52,5.32,Industrial,,1329609600000.0,X,True,False,AREA WITH REDUCED FLOOD RISK DUE TO LEVEE,high,False,1.0,,0.0,6.0,6.0,,0.025,20.675199508666992
dc_5fc5932e2fa1,Aunalytics South Bend Datacenter (AUSB),IN,41.66226,-86.25609,contains,0.0,200.0,6,72969.0,47.36256653785337,,10189654.0,54627.7,54906.13,,Industrial,460 STULL STREET,1537660800000.0,X,True,False,AREA OF MINIMAL FLOOD HAZARD,high,,1.0,,0.0,6.0,6.0,,0.035,14.747052192687988
dc_a3de0719d6f7,Jackson Technical Datacenter,OK,36.151937,-95.984342,nearest,1.6086170698044884,200.0,24,59983.5,167.12432420503742,17.1,7105001.0,1166.6,1166.627,4.3,Residential,,1222992000000.0,X,True,False,AREA OF MINIMAL FLOOD HAZARD,high,False,1.0,,0.0,6.0,6.0,,0.035,21.064456939697266
dc_ac3f561a257b,123.NET - DC4 - 400 76th St SW,MI,42.825389,-85.672784,nearest,43.05903827734501,200.0,11,42100.7,148.23314191332963,,217743.0,25346.2,25333.24,,Commercial,,1552003200000.0,X,True,False,AREA OF MINIMAL FLOOD HAZARD,high,,2.0,,0.0,6.0,6.0,2.0,0.025,10.852680206298828
dc_183f43223ec1,123.NET - DC2 - 24275 Northwestern Hwy.,MI,42.46701,-83.23484,contains,0.0,200.0,26,57602.4,160.94417005086456,6.7,14913597.0,9150.2,9150.495,7.43,Commercial,,1430438400000.0,X,True,False,AREA OF MINIMAL FLOOD HAZARD,high,False,1.0,,0.0,6.0,6.0,2.0,0.025,17.9299373626709
dc_7afdfff73d8e,"DartPoints Dublin, OH - CMH1",OH,40.093185,-83.133589,contains,0.0,200.0,5,33063.6,66.72424665939444,16.62,9915998.0,31163.1,31163.1,17.01,Commercial,565 METRO PLACE SOUTH,1301616000000.0,X,True,False,AREA OF MINIMAL FLOOD HAZARD,high,True,1.0,,0.0,6.0,6.0,1.0,0.035,15.455096244812012
dc_ffc36ba64dc4,TunBroker Baltimore,MD,39.21362,-76.68284,nearest,3.064868638024877,200.0,6,49064.8,80.90709581000584,,460888.0,33369.4,32975.57,,Industrial,813 PINNACLE DRIVE,1570665600000.0,X,True,False,AREA OF MINIMAL FLOOD HAZARD,high,,2.0,1.0,0.5,1.0,6.0,1.0,0.055,14.052087783813477
dc_4ca5071fffcd,123.NET - DC3 - 24245 Northwestern Hwy.,MI,42.466911,-83.234976,contains,0.0,200.0,27,57602.4,174.5589710772795,6.7,14913597.0,9150.2,9150.495,7.43,Commercial,,1430438400000.0,X,True,False,AREA OF MINIMAL FLOOD HAZARD,high,False,1.0,,0.0,6.0,6.0,2.0,0.025,17.9299373626709
dc_70f64e34b56c,QTS Ashburn (ASH3),VA,39.0024,-77.4725,contains,0.0,200.0,3,440153.4,0.0,,51660440.0,440153.4,440297.3,,Commercial,,1710374400000.0,X,True,False,AREA OF MINIMAL FLOOD HAZARD,high,,3.0,1.0,1.0,1.0,1.0,1.0,0.055,13.613815307617188
dc_cdfdfa748122,Colo Solutions Downtown Orlando,FL,28.534183,-81.379805,nearest,6.826467435808246,200.0,22,46052.9,102.34037612335294,22.86,30095315.0,10401.7,10401.65,8.36,Commercial,80 S LUCERNE CIR W,1390608000000.0,X,True,False,AREA OF MINIMAL FLOOD HAZARD,high,False,2.0,,0.0,6.0,7.0,3.0,0.015,28.079456329345703
dc_becc51ab069d,Evocative BOS1,MA,42.377932,-71.080419,contains,0.0,200.0,13,192407.8,136.4532505142698,7.84,7204099.0,41148.4,41148.36,8.28,Commercial,50 INNER BELT ROAD,1242864000000.0,X,True,False,AREA OF MINIMAL FLOOD HAZARD,high,False,2.0,,0.0,6.0,6.0,,0.0849999999999999,3.3172669410705566
dc_cb5e2d785f37,Neutron - Coeur d'Alene,ID,47.700339,-116.794444,contains,0.0,200.0,35,64579.2,27.29444822641017,,1910730.0,7917.8,7869.043,,Commercial,,1498176000000.0,X,True,False,AREA OF MINIMAL FLOOD HAZARD,high,,3.0,,0.0,6.0,6.0,2.0,0.035,2.6981990337371826
dc_9641538f7308,Prov.net 935,RI,41.81734,-71.424019,nearest,5.636854043773174,200.0,49,121144.3,129.4137831453717,13.47,7127607.0,18977.9,18981.64,5.11,Commercial,444 WASHINGTON STREET,1314748800000.0,X,True,False,AREA OF MINIMAL FLOOD HAZARD,high,False,1.0,,0.0,6.0,6.0,,0.065,2.800774097442627
dc_cc078a791020,Cogent Atlanta,GA,33.755474,-84.391094,nearest,15.942834516843853,200.0,25,136014.5,76.12741511725427,28.02,17206825.0,15776.9,15776.92,37.45,Commercial,,1351209600000.0,X,True,False,AREA OF MINIMAL FLOOD HAZARD,high,True,1.0,,0.0,6.0,6.0,,0.055,16.562829971313477
dc_774234c34888,200 South Virginia - Reno,NV,39.522999,-119.811358,contains,0.0,200.0,40,75561.7,136.36428074788253,20.89,2566057.0,17319.3,17319.23,37.89,Government,,1412121600000.0,X,True,False,AREA OF MINIMAL FLOOD HAZARD,high,True,1.0,,0.0,6.0,6.0,,0.275,1.7456742525100708
dc_810fb2f8aacf,"CoreSite - Washington,DC (DC2)",DC,38.903404,-77.031169,contains,0.0,200.0,25,141776.0,192.4723766498292,36.05,16010967.0,58145.0,58142.91,36.17,Commercial,1099 14TH STREET NORTHWEST,1348531200000.0,X,True,False,AREA OF MINIMAL FLOOD HAZARD,high,True,1.0,,0.0,6.0,6.0,1.0,0.055,13.629328727722168
dc_5809c849162d,CoreSite - Los Angeles (LA3),CA,34.058703,-118.235929,nearest,19.274459262120768,200.0,18,96193.6,19.274459262120768,22.86,14645058.0,96193.6,96193.51,22.86,Assembly,,1350432000000.0,X,True,False,AREA OF MINIMAL FLOOD HAZARD,high,True,2.0,,0.0,6.0,6.0,,0.445,0.5556319355964661
dc_6c962e9b59d5,SecureData 365,OH,40.832529,-81.431933,contains,0.0,200.0,12,38070.2,35.9120536578273,,1632648.0,18276.4,18576.03,,Commercial,4726 HILLS DALES ROAD NORTHWEST,1525046400000.0,X,True,False,AREA OF MINIMAL FLOOD HAZARD,high,,2.0,1.0,0.5,1.0,1.0,1.0,0.025,12.362462997436523
dc_f0eb87bf240c,DNSnetworks IDC4,FL,25.776033,-80.193092,nearest,0.7010647328960676,200.0,19,162425.1,0.7010647328960676,21.25,30407427.0,162425.1,162424.5,21.25,Education,36 NE 2 ST,1392508800000.0,X,True,False,AREA OF MINIMAL FLOOD HAZARD,high,True,4.0,,0.0,6.0,6.0,3.0,0.005,22.965288162231445
dc_3485d6a6a465,Globenet Boca Raton CLS,FL,26.344915,-80.08815,contains,0.0,200.0,35,73010.4,161.79158003877964,,8319165.0,16821.9,18120.44,,Commercial,500 S DIXIE HWY,1534896000000.0,X,True,False,AREA OF MINIMAL FLOOD HAZARD,high,,2.0,,0.0,6.0,6.0,1.0,0.005,26.05278587341309
dc_861ef818508f,AISO Data Center,CA,33.74821,-117.152165,contains,0.0,200.0,43,6284.7,0.0,,6095824.0,6284.7,6619.451,,Residential,,1534204800000.0,X,True,False,AREA OF MINIMAL FLOOD HAZARD,high,,1.0,4.0,1.0,4.0,4.0,4.0,0.425,1.0119638442993164
dc_c7c6e35626c1,Connect Des Moines,IA,41.58568,-93.6254,nearest,7.505073665506858,200.0,7,2712553.5,7.505073665506858,27.37,7048353.0,2712553.5,2710566.0,27.37,Residential,601 GRAND AVENUE,1248652800000.0,X,True,False,AREA OF MINIMAL FLOOD HAZARD,high,True,17.0,,0.0,6.0,6.0,1.0,0.015,14.173967361450195
dc_a2905edeca9d,Tonaquint Data Center - Boise ID,ID,43.60801,-116.310153,contains,0.0,200.0,14,62166.0,141.2895203865818,6.76,3058498.0,47073.9,47073.88,5.2,Commercial,,1362787200000.0,X,True,False,AREA OF MINIMAL FLOOD HAZARD,high,False,1.0,1.0,1.0,1.0,1.0,2.0,0.035,3.1638710498809814
dc_0f72f668a2e1,T5@Cleveland,OH,41.442224,-81.801833,contains,0.0,200.0,14,256737.7,159.9366207144234,6.09,9576914.0,237985.0,237984.8,9.36,Commercial,4100 WEST 150 STREET,1282003200000.0,X,True,False,AREA OF MINIMAL FLOOD HAZARD,high,False,2.0,,0.0,6.0,6.0,1.0,0.035,14.31541633605957
dc_7085de572f71,T5@Cincinnati,OH,39.10585,-84.536559,nearest,0.0626940142371959,200.0,19,91181.2,0.0626940142371959,7.79,10454887.0,91181.2,91181.14,7.79,Industrial,,1425168000000.0,X,True,False,AREA WITH REDUCED FLOOD RISK DUE TO LEVEE,high,False,2.0,,0.0,6.0,6.0,1.0,0.045,18.68988990783691
dc_88f0f2bd808e,T5@Minneapolis,MN,44.971526,-93.270339,contains,0.0,200.0,16,6722175.9,73.4355165801191,38.81,11068538.0,94203.2,94128.95,28.26,Commercial,327 10TH STREET SOUTH,1335744000000.0,X,True,False,AREA OF MINIMAL FLOOD HAZARD,high,True,2.0,,0.0,6.0,6.0,1.0,0.005,10.622698783874512
dc_1afe434bec86,AceHost Tampa,FL,27.948986,-82.457025,contains,0.0,200.0,31,50017.9,127.05485074348846,33.9,31392996.0,18993.3,18993.23,40.8,Commercial,412 E MADISON ST,1340668800000.0,X,True,False,AREA OF MINIMAL FLOOD HAZARD,high,True,2.0,,0.0,6.0,6.0,,0.005,28.616392135620117
dc_64fcb38e770e,Alpha Technologies DC1,WV,38.353059,-81.696117,contains,0.0,200.0,5,53967.9,131.85675687823078,13.07,7020151.0,44075.7,44044.47,11.04,Education,,1237334400000.0,X,True,False,AREA OF MINIMAL FLOOD HAZARD,high,False,1.0,1.0,1.0,1.0,1.0,3.0,0.045,10.213679313659668
dc_5c4333eac436,Direct LTx Reading,PA,40.38115,-75.98237,nearest,6.0203310873962295,200.0,4,96861.2,6.0203310873962295,,6010599.0,96861.2,97102.56,,Government,,1445212800000.0,X,True,False,AREA OF MINIMAL FLOOD HAZARD,high,,4.0,1.0,0.25,6.0,6.0,2.0,0.075,11.82085418701172
dc_45aede10d770,Lincoln Rackhouse Atlanta,GA,33.92663,-84.326708,contains,0.0,200.0,39,121595.4,149.70286868004962,14.28,17424939.0,46582.2,46582.11,9.12,Commercial,,1351209600000.0,X,True,False,AREA OF MINIMAL FLOOD HAZARD,high,False,1.0,,0.0,6.0,6.0,3.0,0.065,16.562829971313477
dc_854a45524688,Victory Technology Center,NY,42.82679,-78.82128,contains,0.0,200.0,77,97565.5,0.0,16.39,8120484.0,97565.5,97563.55,16.39,Residential,,1427846400000.0,X,True,False,AREA OF MINIMAL FLOOD HAZARD,high,True,2.0,,0.0,6.0,6.0,4.0,0.025,8.291032791137695
dc_2b2238a314f7,Heartland Technology Data Center,IA,42.471271,-92.054083,nearest,76.04473822265889,200.0,6,130327.6,87.1936498561201,,113720.0,8576.4,8570.775,,Commercial,1241 12TH STREET,1473638400000.0,X,True,False,AREA OF MINIMAL FLOOD HAZARD,high,,1.0,1.0,1.0,1.0,1.0,1.0,0.015,9.094491958618164
dc_7d30ac8ea42e,365 Data Centers New Jersey (NJ1),NJ,40.58144,-74.573881,contains,0.0,200.0,2,92272.4,44.020333344935715,,1245441.0,30284.7,29397.45,,Residential,,1508371200000.0,X,True,False,AREA OF MINIMAL FLOOD HAZARD,high,,1.0,4.0,1.0,4.0,4.0,4.0,0.095,8.329419136047363
dc_e1f13594b03c,LCOG Park Place,OR,44.05041,-123.092659,contains,0.0,200.0,27,80266.8,63.2764315333419,,1079376.0,23423.4,23404.76,,Commercial,,1565568000000.0,X,True,False,AREA OF MINIMAL FLOOD HAZARD,high,,1.0,,0.0,6.0,6.0,,0.105,0.3772861361503601
dc_bbc3c38a0286,Amarillo Petroleum Building,TX,35.205583,-101.839148,contains,0.0,200.0,30,43214.7,157.03247652051493,43.9,30884428.0,14231.5,14231.53,25.5,Commercial,800 S TYLER ST,1221696000000.0,X,True,False,AREA OF MINIMAL FLOOD HAZARD,high,True,1.0,,0.0,6.0,6.0,2.0,0.045,16.99091339111328
dc_238636144790,Bluebird Quad Cities Data Center,IA,41.550323,-90.482459,contains,0.0,200.0,30,62845.3,0.0,,487710.0,62845.3,62863.25,,Industrial,2701 DEVILS GLEN ROAD,1556928000000.0,X,True,False,AREA OF MINIMAL FLOOD HAZARD,high,,1.0,,0.0,6.0,6.0,1.0,0.025,11.581196784973145
dc_f0164b700441,Beloit-NOC,KS,39.459519,-98.110625,contains,0.0,200.0,64,40622.4,66.58508102381411,,2919308.0,4354.2,4351.299,,Commercial,109 NORTH MILL STREET,1441756800000.0,X,True,False,AREA OF MINIMAL FLOOD HAZARD,high,,1.0,,0.0,6.0,6.0,1.0,0.015,15.809340476989746
dc_475764483f9f,BendTel,OR,44.059999,-121.309304,nearest,3.9414248951552855,200.0,55,29859.8,3.9414248951552855,,2204037.0,29859.8,29849.34,,Commercial,,1565827200000.0,X,True,False,AREA OF MINIMAL FLOOD HAZARD,high,,2.0,,0.0,6.0,6.0,4.0,0.055,2.4713661670684814
dc_40e076b938dd,Cloudpath CT2 (1351 Washington Blvd),CT,41.058085,-73.542936,contains,0.0,200.0,55,569228.4,182.96147633316895,,6000246.0,89042.4,89004.06,,Education,12 STANLEY COURT,1541289600000.0,AE,True,True,,high,,4.0,,0.0,6.0,6.0,4.0,0.0849999999999999,6.558852672576904
dc_f0c152473863,Cloudpath CT19 (5 Landmark Sq),CT,41.054701,-73.537277,contains,0.0,200.0,16,501373.5,0.0,,6000238.0,501373.5,501158.9,,Commercial,151 BROAD STREET,1541289600000.0,X,True,False,AREA OF MINIMAL FLOOD HAZARD,high,,4.0,,0.0,6.0,6.0,,0.0849999999999999,6.558852672576904
dc_0ab33847b79e,Cogent Boca Raton,FL,26.392805,-80.109732,contains,0.0,200.0,7,963287.6,0.0,,36590275.0,963287.6,962703.8,,Education,5000 T REX AVE,1673913600000.0,X,True,False,AREA OF MINIMAL FLOOD HAZARD,high,,6.0,,0.0,6.0,6.0,2.0,0.005,26.05278587341309
dc_4873817267bd,Cogent Boston,MA,42.393191,-71.255728,contains,0.0,200.0,7,54784.3,123.12128623940048,,89959.0,24211.3,23673.37,,Commercial,100 FIFTH AVENUE,1572739200000.0,X,True,False,AREA OF MINIMAL FLOOD HAZARD,high,,4.0,3.0,0.5,6.0,6.0,3.0,0.0849999999999999,3.3172669410705566
dc_202e0cae629a,Cogent Chicago 1,IL,41.878465,-87.634525,contains,0.0,200.0,25,362171.4,167.6708192403187,46.17,34141876.0,53579.0,53578.87,63.09,Industrial,226 WEST JACKSON BOULEVARD,1321315200000.0,X,True,False,AREA OF MINIMAL FLOOD HAZARD,high,True,1.0,,0.0,6.0,6.0,,0.035,16.118194580078125
dc_3bb6faa489b4,Cogent Chicago 2,IL,41.88634,-87.63239,nearest,12.519818017056147,200.0,20,209903.8,14.66203562844544,84.38,34151595.0,43292.0,43292.01,80.88,Residential,105 WEST WACKER DRIVE,1321315200000.0,X,True,False,AREA OF MINIMAL FLOOD HAZARD,high,True,4.0,,0.0,6.0,6.0,,0.035,16.118194580078125
dc_960d4026cc0b,Cogent Cleveland,OH,41.501163,-81.680516,nearest,6.088997581617908,200.0,12,812914.7,54.09401412161747,17.36,9232358.0,397126.6,397126.3,22.88,Education,1901 EAST 13 STREET,1282003200000.0,X,True,False,AREA OF MINIMAL FLOOD HAZARD,high,True,3.0,,0.0,6.0,6.0,,0.035,14.61642074584961
dc_a9771e1b4483,Cogent Columbus,OH,39.968136,-82.995596,contains,0.0,200.0,23,103357.3,0.0,11.87,9771417.0,103357.3,103357.2,11.87,Commercial,240 5TH STREET,1301616000000.0,X,True,False,AREA OF MINIMAL FLOOD HAZARD,high,False,1.0,,0.0,6.0,6.0,1.0,0.035,14.319350242614746
dc_de24883d5033,Fiber Alley 8915,CA,32.82958,-117.13643,contains,0.0,200.0,34,65371.1,143.57986486664078,,3300545.0,35102.1,35085.06,,Industrial,,1475020800000.0,X,True,False,AREA OF MINIMAL FLOOD HAZARD,high,,1.0,,0.0,6.0,6.0,3.0,0.285,0.6888867616653442
dc_178934ce0e29,Fiber Alley 8917,CA,32.829918,-117.136428,nearest,19.127644595286935,200.0,33,66344.3,197.47919700169848,,3300632.0,31423.8,31726.63,,Industrial,,1475020800000.0,X,True,False,AREA OF MINIMAL FLOOD HAZARD,high,,1.0,,0.0,6.0,6.0,3.0,0.285,0.6888867616653442
dc_5c2ab3d16b4e,Lincoln Data Centers,NE,40.812034,-96.702272,contains,0.0,200.0,21,589837.8,44.5346551059435,21.37,3290239.0,14440.2,14442.0,47.4,Commercial,200 SOUTH 13TH STREET,1414627200000.0,X,True,False,AREA OF MINIMAL FLOOD HAZARD,high,True,2.0,,0.0,6.0,6.0,,0.015,13.985004425048828
dc_95c9a70f2492,Binary Net Vault,NE,40.813187,-96.702525,nearest,8.59235750552111,200.0,18,589837.8,18.42325252373624,21.37,3291000.0,42913.2,42918.59,8.29,Commercial,1309 O STREET,1414627200000.0,X,True,False,AREA OF MINIMAL FLOOD HAZARD,high,False,2.0,,0.0,6.0,6.0,,0.015,13.985004425048828
dc_83a22ad07c8d,Digital Realty DFW18 (1210 Integrity Dr),TX,32.96515,-96.71239,nearest,66.7830029819359,200.0,24,122259.0,195.1809208582212,8.09,30129705.0,7585.9,7585.91,3.96,Commercial,,1435708800000.0,X,True,False,AREA OF MINIMAL FLOOD HAZARD,high,False,1.0,,0.0,6.0,6.0,,0.025,18.841638565063477
dc_40952e73c63b,ColoHouse New York,NY,41.034512,-73.97584,contains,0.0,200.0,12,167282.7,0.0,,6011872.0,167282.7,167179.4,,Commercial,1 RAMLAND ROAD,1516492800000.0,X,True,False,AREA OF MINIMAL FLOOD HAZARD,high,,2.0,3.0,0.5,3.0,6.0,5.0,0.105,6.558852672576904
dc_bc98d15f165a,"DartPoints North Liberty, IA",IA,41.756979,-91.596653,contains,0.0,200.0,9,32072.9,0.0,,248563.0,32072.9,32057.97,,Commercial,980 NORTH FRONT STREET,1524700800000.0,X,True,False,AREA OF MINIMAL FLOOD HAZARD,high,,1.0,,0.0,6.0,6.0,2.0,0.025,9.7930326461792
dc_e357f9d3e068,Navisite Andover,MA,42.696486,-71.211131,contains,0.0,200.0,3,87256.3,0.0,,6004132.0,87256.3,86633.33,,Industrial,400 MINUTEMAN ROAD,1527724800000.0,X,True,False,AREA OF MINIMAL FLOOD HAZARD,high,,2.0,1.0,0.5,1.0,6.0,3.0,0.095,3.484011173248291
dc_2fcba60acd27,Navisite Santa Clara,CA,37.37289,-121.948022,contains,0.0,200.0,14,181056.5,174.16341915014303,6.92,15735840.0,80977.5,80977.41,9.02,Unclassified,,1349049600000.0,X,True,False,AREA WITH REDUCED FLOOD RISK DUE TO LEVEE,high,False,1.0,,0.0,6.0,6.0,,0.565,0.1221932545304298
dc_7f43907e8979,Sungard AS Aurora,CO,39.762718,-104.762172,contains,0.0,200.0,5,281990.3,162.98696432632488,11.39,15457837.0,153040.1,153040.0,10.81,Commercial,3491 NORTH WINDSOR DRIVE,1337212800000.0,X,True,False,AREA OF MINIMAL FLOOD HAZARD,high,False,4.0,3.0,0.25,6.0,6.0,3.0,0.045,10.969576835632324
dc_b46c8dba016d,Sungard AS Carlstadt 777,NJ,40.828282,-74.044333,contains,0.0,200.0,13,261216.7,0.0,10.76,7819985.0,261216.7,261216.5,10.76,Industrial,,1376524800000.0,AE,True,True,,high,False,4.0,,0.0,6.0,6.0,3.0,0.105,7.277477264404297
dc_363733e77dcd,Houston Bunker,TX,30.376819,-95.669352,contains,0.0,200.0,8,59550.6,74.57711528894218,,20081694.0,20470.5,20466.23,,Commercial,550 CLUB DR,1456272000000.0,X,True,False,AREA OF MINIMAL FLOOD HAZARD,high,,2.0,2.0,0.5,2.0,6.0,4.0,0.015,20.58355712890625
dc_343ad9c70a6c,DataBank San Diego (SAN1),CA,32.988781,-117.073181,contains,0.0,200.0,12,196196.5,0.0,,10010439.0,196196.5,196537.7,,Industrial,,1470700800000.0,X,True,False,AREA OF MINIMAL FLOOD HAZARD,high,,1.0,,0.0,6.0,6.0,4.0,0.215,0.6888867616653442
dc_0ef9a41e7d70,DataBank McLean (IAD2),VA,38.919726,-77.214074,nearest,8.726182514326844,200.0,13,75263.9,146.23246269504918,11.81,7904695.0,37934.4,37934.38,15.19,Commercial,1764 OLD MEADOW LANE,1205280000000.0,X,True,False,AREA OF MINIMAL FLOOD HAZARD,high,True,2.0,,0.0,6.0,6.0,1.0,0.055,13.629328727722168
dc_b86253ab50d7,DataBank Atlanta (ATL3),GA,33.7346,-84.42592,nearest,22.476921309521472,200.0,53,283570.7,23.435720409990996,8.37,17173675.0,69729.3,69729.17,7.54,Industrial,,1351209600000.0,X,True,False,AREA OF MINIMAL FLOOD HAZARD,high,False,3.0,,0.0,6.0,6.0,3.0,0.055,16.562829971313477
dc_060cddee4ce7,DataBank Chicago (ORD2),IL,41.870906,-87.640153,contains,0.0,200.0,25,522200.1,160.04277989387472,24.34,34135754.0,56570.2,56570.2,32.79,Commercial,840 SOUTH CANAL STREET,1321315200000.0,X,True,False,AREA OF MINIMAL FLOOD HAZARD,high,True,2.0,,0.0,6.0,6.0,,0.035,16.118194580078125
dc_caccd08596b9,DataBank Chicago (ORD4),IL,41.854051,-87.920916,contains,0.0,200.0,18,152406.4,0.0,8.52,35183751.0,152406.4,152406.2,8.52,Commercial,1808 SWIFT DRIVE,1321315200000.0,X,True,False,AREA OF MINIMAL FLOOD HAZARD,high,False,2.0,,0.0,6.0,6.0,1.0,0.035,16.118194580078125
dc_bb40d67d2a9d,DataBank Denver (DEN3),CO,39.745594,-104.995046,nearest,10.425303967157516,200.0,22,1447026.2,171.5939931169412,21.11,15415339.0,49936.8,49936.71,16.32,Commercial,820 16TH STREET,1337212800000.0,X,True,False,AREA OF MINIMAL FLOOD HAZARD,high,True,1.0,,0.0,6.0,6.0,3.0,0.045,10.969576835632324
dc_21da59088359,DataBank Denver (DEN4),CO,39.884552,-105.080128,contains,0.0,200.0,15,177767.6,150.18305622479116,6.73,15627788.0,27750.5,27750.53,6.44,Industrial,7579 WEST 103RD AVENUE,1337212800000.0,X,True,False,AREA OF MINIMAL FLOOD HAZARD,high,False,1.0,,0.0,6.0,6.0,4.0,0.055,8.949381828308105
dc_aeb91bfc3b8f,DataBank Dallas (DFW7),TX,32.922798,-96.791315,contains,0.0,200.0,33,50704.9,0.0,11.45,29800034.0,50704.9,50704.86,11.45,Commercial,6606 L B J FREEWAY,1435708800000.0,X,True,False,AREA OF MINIMAL FLOOD HAZARD,high,False,4.0,2.0,0.25,6.0,6.0,3.0,0.025,18.841638565063477
dc_517844b7b7df,DataBank Austin (AUS1),TX,30.436238,-97.765814,contains,0.0,200.0,53,41514.6,140.62058364711908,,35805976.0,13114.3,13108.42,,Residential,7212 MC NEIL DR,1512086400000.0,X,True,False,AREA OF MINIMAL FLOOD HAZARD,high,,1.0,,0.0,6.0,6.0,3.0,0.015,13.630367279052734
dc_6303da2ff06f,DataBank Waco (ACT1),TX,31.55495,-97.13324,contains,0.0,200.0,32,61045.0,0.0,,34882049.0,61045.0,61043.43,,Commercial,700 AUSTIN AVE,1659657600000.0,X,True,False,AREA OF MINIMAL FLOOD HAZARD,high,,1.0,,0.0,6.0,6.0,3.0,0.015,16.77141761779785
dc_25e74ffcb872,DataBank Kansas City (MCI3),KS,38.924668,-94.77027,nearest,14.576065981187524,200.0,9,48715.8,142.38969816846145,,578440.0,44347.0,44337.27,,Commercial,,1587427200000.0,X,True,False,AREA OF MINIMAL FLOOD HAZARD,high,,1.0,,0.0,6.0,6.0,3.0,0.025,20.538841247558594
dc_08280b0c240d,DataBank Minneapolis (MSP4),MN,44.971408,-93.25458,contains,0.0,200.0,17,88316.9,0.0,12.7,11071597.0,88316.9,88247.18,12.7,Commercial,511 11TH AVENUE SOUTH,1335744000000.0,X,True,False,AREA OF MINIMAL FLOOD HAZARD,high,True,1.0,,0.0,6.0,6.0,1.0,0.005,10.622698783874512
dc_aaaa51bde60b,DataBank Indianapolis (IND1),IN,39.759833,-86.171235,nearest,3.97644368301434,200.0,15,285157.3,86.55734393696716,9.86,18072313.0,31824.2,31824.13,12.49,Industrial,600 KENTUCKY AVENUE,1314230400000.0,X,True,False,AREA OF MINIMAL FLOOD HAZARD,high,True,2.0,,0.0,6.0,6.0,1.0,0.055,26.43269920349121
dc_1aa9d4da8c08,DataBank Indianapolis (IND2),IN,39.760096,-86.170486,contains,0.0,200.0,16,285157.3,39.965360793317394,9.86,18072747.0,49336.1,49336.08,9.08,Industrial,550 KENTUCKY AVENUE,1314230400000.0,X,True,False,AREA OF MINIMAL FLOOD HAZARD,high,False,2.0,,0.0,6.0,6.0,1.0,0.055,26.43269920349121
dc_84fb51e4e530,DataBank Irvine (SNA2),CA,33.687905,-117.842407,contains,0.0,200.0,17,127147.3,160.3331951116433,7.97,13709040.0,86696.7,86696.69,6.84,Industrial,,1350432000000.0,X,True,False,AREA OF MINIMAL FLOOD HAZARD,high,False,1.0,,0.0,6.0,6.0,,0.315,0.6565972566604614
dc_436d369c718f,DataBank Phoenix (PHX1),AZ,33.484087,-112.073845,nearest,31.588601588174782,200.0,20,347809.5,99.85729361534467,8.0,11026050.0,19502.6,19502.59,52.5,Industrial,3101 NORTH CENTRAL AVENUE,1412467200000.0,X,True,False,0.2 PCT ANNUAL CHANCE FLOOD HAZARD,high,True,2.0,,0.0,6.0,6.0,,0.025,7.057002544403076
dc_6537da35d0c5,DataBank Phoenix (PHX2),AZ,33.454431,-111.975724,contains,0.0,200.0,20,504268.8,0.0,12.13,11649208.0,504268.8,504268.4,12.13,Commercial,615 NORTH 48TH STREET,1412467200000.0,X,True,False,0.2 PCT ANNUAL CHANCE FLOOD HAZARD,high,True,4.0,3.0,0.25,6.0,6.0,4.0,0.025,7.883434772491455
dc_d120fdecb5fc,DataBank Phoenix (PHX3),AZ,33.273916,-111.885259,contains,0.0,200.0,52,294317.0,86.99190261091667,10.16,11419485.0,615.1,615.082,2.77,Commercial,2121 SOUTH PRICE ROAD,1412467200000.0,X,True,False,0.2 PCT ANNUAL CHANCE FLOOD HAZARD,high,False,1.0,,0.0,6.0,6.0,4.0,0.025,7.883434772491455
dc_1b3a98a4d46b,DataBank Salt Lake City (SLC4),UT,40.481315,-111.90496,contains,0.0,200.0,12,84675.2,113.20150670567034,,3384207.0,40523.4,40496.9,,Commercial,14864 SOUTH PONY EXPRESS ROAD,1566086400000.0,X,True,False,AREA OF MINIMAL FLOOD HAZARD,high,,2.0,2.0,0.5,2.0,6.0,2.0,0.165,4.538047790527344
dc_b8718fb1cf84,DataBank Salt Lake City (SLC5),UT,40.480867,-111.904275,contains,0.0,200.0,9,84675.2,101.06831886996528,,13000532.0,74895.0,74845.84,,Commercial,14850 SOUTH PONY EXPRESS ROAD,1566086400000.0,X,True,False,AREA OF MINIMAL FLOOD HAZARD,high,,1.0,,0.0,6.0,6.0,2.0,0.165,4.538047790527344
dc_7fde5e00e88d,ACW Winter Haven,FL,28.024126,-81.728175,contains,0.0,200.0,36,42544.8,0.0,,35135970.0,42544.8,42516.08,,Residential,199 NW AVENUE B 3 3,1699142400000.0,X,True,False,AREA OF MINIMAL FLOOD HAZARD,high,,2.0,,0.0,6.0,6.0,3.0,0.005,31.471725463867188
dc_cb548352378e,ScaleMatrix San Diego Data Center US-West 01,CA,32.837729,-117.132639,contains,0.0,200.0,25,69709.4,0.0,,3304203.0,69709.4,70166.91,,Commercial,,1475020800000.0,X,True,False,AREA OF MINIMAL FLOOD HAZARD,high,,1.0,,0.0,6.0,6.0,4.0,0.285,0.6888867616653442
dc_68e03ee6464c,ScaleMatrix Dallas Data Center US-South 01,TX,33.138618,-96.657387,nearest,45.06418395372989,200.0,5,346020.4,153.73363793927209,,31616095.0,33905.6,33918.39,,Commercial,820 ALLEN COMMERCE PARKWAY,1654992000000.0,X,True,False,AREA OF MINIMAL FLOOD HAZARD,high,,1.0,,0.0,6.0,6.0,2.0,0.025,19.147722244262695
dc_256bfc3771cd,ScaleMatrix Seattle Data Center US-West 02,WA,47.15545,-122.280196,nearest,1.224117312824544,200.0,9,34060.6,119.53743256699522,,4879170.0,31058.6,31036.05,,Commercial,,1565740800000.0,X,True,False,AREA OF MINIMAL FLOOD HAZARD,high,,1.0,,0.0,6.0,6.0,2.0,0.305,0.4631632566452026
dc_83a5ba62b6b4,ScaleMatrix Jacksonville Data Center US-South 02,FL,30.216445,-81.582092,contains,0.0,200.0,13,160917.0,195.9212662475444,,22105354.0,130089.4,129035.4,,Utility and Misc,8324 BAYMEADOWS WAY,1490140800000.0,X,True,False,AREA OF MINIMAL FLOOD HAZARD,high,,2.0,,0.0,6.0,6.0,3.0,0.025,23.808124542236328
dc_5221dcc60ba1,DataBridge Sites Aurora,IL,41.772203,-88.217055,contains,0.0,200.0,6,81466.9,154.38208677238674,,32005729.0,78053.2,78843.18,,Industrial,,1462406400000.0,X,True,False,AREA OF MINIMAL FLOOD HAZARD,high,,2.0,,0.0,6.0,6.0,1.0,0.035,17.22007942199707
dc_1e07f06c96b1,BluBroadband Shell Ave,FL,30.411196,-86.612424,contains,0.0,200.0,49,19733.2,78.56685105736713,,33038180.0,2442.6,2458.208,,Industrial,14 SHELL AVE,1580688000000.0,X,True,False,AREA OF MINIMAL FLOOD HAZARD,high,,1.0,,0.0,6.0,6.0,1.0,0.015,22.494897842407227
dc_1f1b1571370c,TierPoint Bethlehem,PA,40.670346,-75.37493,contains,0.0,200.0,4,99408.6,0.0,6.75,8174767.0,99408.6,99408.48,6.75,Commercial,,1415059200000.0,X,True,False,AREA OF MINIMAL FLOOD HAZARD,high,False,1.0,,0.0,6.0,6.0,3.0,0.065,10.55088996887207
dc_5eb44db8e6ca,TierPoint Boston - Marlborough,MA,42.312902,-71.579257,contains,0.0,200.0,4,192535.0,0.0,,6001963.0,192535.0,193921.9,,Industrial,34 SAINT MARTIN DRIVE,1570233600000.0,X,True,False,AREA OF MINIMAL FLOOD HAZARD,high,,4.0,3.0,0.5,3.0,6.0,3.0,0.075,3.984761238098145
dc_4b7a393d65ed,TierPoint St. Louis – Millpark,MO,38.698612,-90.411954,contains,0.0,200.0,6,156183.2,169.37963260235662,8.81,11597067.0,57313.7,57313.63,4.83,Commercial,2318 MILLPARK,1352419200000.0,X,True,False,AREA OF MINIMAL FLOOD HAZARD,high,False,1.0,,0.0,6.0,6.0,1.0,0.145,15.06376838684082
dc_b2841d717095,Golden West Rapid City Skyline Facility,SD,44.047645,-103.244187,nearest,1.6118113793003888,200.0,4,3099.6,1.6118113793003888,,444262.0,3099.6,3098.667,,Commercial,,1528416000000.0,X,True,False,AREA OF MINIMAL FLOOD HAZARD,high,,1.0,3.0,1.0,3.0,3.0,3.0,0.045,16.03272247314453
dc_1e8ff92390a0,CENTRA RNO01 - Reno Nevada (200 S. Virginia),NV,39.522999,-119.811358,contains,0.0,200.0,40,75561.7,136.36428074788253,20.89,2566057.0,17319.3,17319.23,37.89,Government,,1412121600000.0,X,True,False,AREA OF MINIMAL FLOOD HAZARD,high,True,1.0,,0.0,6.0,6.0,,0.275,1.7456742525100708
dc_19d78aae92b7,LightEdge Kansas City Cavern (KCI2),KS,38.95187,-94.789552,nearest,513.4116309868925,800.0,28,68168.6,790.4701055721547,,599050.0,1582.6,1582.282,,Residential,,1587427200000.0,X,True,False,AREA OF MINIMAL FLOOD HAZARD,low,,1.0,,0.0,6.0,6.0,3.0,0.025,20.538841247558594
dc_692764cc56b5,Equinix CH7 - Westmont,IL,41.812598,-87.972834,contains,0.0,200.0,12,188073.2,65.90306814674032,6.6,35156183.0,48024.2,48024.14,6.1,Industrial,111 PLAZA DRIVE,1321315200000.0,X,True,False,AREA OF MINIMAL FLOOD HAZARD,high,False,2.0,,0.0,6.0,6.0,1.0,0.035,16.118194580078125
dc_0ae77cd8da7f,H5 Data Centers Cincinnati II,OH,39.105851,-84.53657,contains,0.0,200.0,19,91181.2,0.0,7.79,10454887.0,91181.2,91181.14,7.79,Industrial,,1425168000000.0,X,True,False,AREA WITH REDUCED FLOOD RISK DUE TO LEVEE,high,False,2.0,,0.0,6.0,6.0,1.0,0.045,18.68988990783691
dc_5b24108b6e9d,Cologix ASH1,VA,39.019135,-77.457738,contains,0.0,200.0,9,150946.5,148.5483838042186,7.06,7873311.0,139034.4,139034.3,9.02,Education,21673 BEAUMEADE CIRCLE,1205280000000.0,X,True,False,AREA OF MINIMAL FLOOD HAZARD,high,False,4.0,1.0,0.25,6.0,6.0,1.0,0.055,13.613815307617188
dc_29f5ae089013,Peak Internet,OR,44.559445,-123.275141,nearest,0.1508039194146157,200.0,28,28734.7,0.1508039194146157,,1387525.0,28734.7,28712.04,,Education,,1564272000000.0,X,True,False,AREA OF MINIMAL FLOOD HAZARD,high,,1.0,,0.0,6.0,6.0,2.0,0.155,0.3777052164077759
dc_8d2c754efaf1,Ridgeview Minnetonka,MN,44.97197,-93.436798,contains,0.0,200.0,9,66379.6,79.46271965688256,6.15,11039630.0,19729.2,19714.01,9.14,Commercial,12400 WAYZATA BOULEVARD,1335744000000.0,X,True,False,AREA OF MINIMAL FLOOD HAZARD,high,False,1.0,,0.0,6.0,6.0,2.0,0.005,10.622698783874512
dc_fbdab8d6b048,713 Nebraska,IA,42.498104,-96.403951,contains,0.0,200.0,39,755765.6,118.8201403416465,,3713034.0,41390.1,41403.35,,Commercial,518 8TH STREET,1531267200000.0,X,True,False,AREA OF MINIMAL FLOOD HAZARD,high,,1.0,,0.0,6.0,6.0,,0.015,18.442840576171875
dc_7c6fefec1f6e,Equinix DA11 - Dallas,TX,32.801347,-96.821074,contains,0.0,200.0,11,790449.8,152.49423804608037,25.4,36655204.0,69340.8,69356.48,,Commercial,1990 NORTH STEMMONS FREEWAY,1673654400000.0,X,True,False,AREA WITH REDUCED FLOOD RISK DUE TO LEVEE,high,,2.0,,0.0,6.0,6.0,3.0,0.025,18.841638565063477
dc_afab297ce101,EdgeConneX New Orleans (EDCSLI01),LA,30.287098,-89.737403,contains,0.0,200.0,19,33955.4,0.0,,3944093.0,33955.4,34811.19,,Unclassified,,1510876800000.0,,False,,,high,,1.0,,0.0,6.0,6.0,4.0,0.025,27.68014907836914
dc_9449ac8454ad,"CENTRA PWM1 - Portland, Maine (340 Cumberland)",ME,43.657708,-70.261781,nearest,1.9759523590086077,200.0,80,66921.3,207.76081750484303,,272357.0,10620.4,10614.6,,Industrial,340 CUMBERLAND AVENUE,1490486400000.0,X,True,False,AREA OF MINIMAL FLOOD HAZARD,high,,1.0,,0.0,6.0,6.0,,0.075,2.118645191192627
dc_43484bcf3562,Sungard AS Thornton,CO,39.84749,-104.98069,contains,0.0,200.0,24,386491.1,0.0,9.55,15584850.0,386491.1,386490.7,9.55,Commercial,500 EAST 84TH AVENUE,1337212800000.0,X,True,False,AREA OF MINIMAL FLOOD HAZARD,high,False,4.0,,0.0,6.0,6.0,3.0,0.045,10.969576835632324
dc_f11fcbc90179,MDC Nogales,AZ,31.335472,-110.943007,nearest,11.540686502582,200.0,121,49201.2,126.46422587040628,6.55,11965499.0,2685.1,2685.119,4.43,Residential,115 NORTH SONOITA AVENUE,1167609600000.0,X,True,False,AREA OF MINIMAL FLOOD HAZARD,high,False,1.0,,0.0,6.0,6.0,2.0,0.015,12.75913429260254
dc_573a60c3563b,T5@SiliconValley,CA,37.50998,-122.00116,contains,0.0,200.0,16,219842.8,190.8876976490045,10.67,15903744.0,131328.2,131328.1,6.51,Industrial,,1349049600000.0,X,True,False,0.2 PCT ANNUAL CHANCE FLOOD HAZARD,high,False,4.0,2.0,0.25,6.0,6.0,3.0,0.595,0.0928128734230995
dc_3933c406bf5d,T5@Portland,OR,45.555268,-122.940007,nearest,214.95316423562392,800.0,46,304620.9,598.6476122914744,,3642606.0,3629.0,3626.111,,Residential,,1564790400000.0,X,True,False,AREA OF MINIMAL FLOOD HAZARD,low,,1.0,,0.0,6.0,6.0,2.0,0.175,0.4918390810489654
dc_4df3eadcb5ae,T5@Charlotte,NC,35.250449,-81.395098,contains,0.0,200.0,3,150928.3,0.0,,4484625.0,150928.3,150213.3,,Industrial,131 RIVERSIDE COURT,1511913600000.0,X,True,False,AREA OF MINIMAL FLOOD HAZARD,high,,1.0,,0.0,6.0,6.0,4.0,0.065,13.459467887878418
dc_5ae368e148c6,T5@Atlanta,GA,33.76344,-84.60484,nearest,147.96648389288347,200.0,2,134423.2,185.94656248001317,,4556439.0,59179.9,58678.89,,Industrial,,1543363200000.0,X,True,False,AREA OF MINIMAL FLOOD HAZARD,high,,4.0,3.0,1.0,3.0,3.0,3.0,0.055,17.153179168701172
dc_0440ca675a9b,T5@Augusta,GA,33.438755,-82.157946,nearest,0.5570300370630226,200.0,1,578.8,0.5570300370630226,,51322128.0,578.8,581.2433,,Government,,1705708800000.0,X,True,False,AREA OF MINIMAL FLOOD HAZARD,high,,1.0,,0.0,6.0,6.0,4.0,0.075,18.24689483642578
dc_2664bd7e8ca0,DC Host Sheridan,WY,44.784169,-106.940957,contains,0.0,200.0,38,59101.9,133.22386432530735,,3337676.0,7616.5,7614.796,,Commercial,,1530144000000.0,X,True,False,AREA OF MINIMAL FLOOD HAZARD,high,,1.0,,0.0,6.0,6.0,2.0,0.095,10.106097221374512
dc_5148f9e54a98,EXA Datacenter New York,NY,40.717729,-74.008306,contains,0.0,200.0,25,66438.0,123.85934790097323,21.21,7730764.0,63885.5,63845.47,69.18,Commercial,60 HUDSON STREET,1376524800000.0,X,True,False,AREA OF MINIMAL FLOOD HAZARD,high,True,2.0,,0.0,6.0,6.0,4.0,0.095,7.277477264404297
dc_944ea7a6b67d,Lumen Tulsa 1,OK,36.15682,-95.993421,contains,0.0,200.0,22,55877.4,0.0,10.2,7110047.0,55877.4,55877.34,10.2,Unclassified,,1222992000000.0,X,True,False,AREA OF MINIMAL FLOOD HAZARD,high,False,2.0,,0.0,6.0,6.0,1.0,0.035,21.064456939697266
dc_853509ea17b3,Foremost Dallas,TX,32.933377,-96.808683,contains,0.0,200.0,101,1179064.4,182.69885994438425,9.88,29886456.0,16413.6,16413.64,36.8,Commercial,5757 ALPHA ROAD,1435708800000.0,X,True,False,AREA OF MINIMAL FLOOD HAZARD,high,True,2.0,,0.0,6.0,6.0,3.0,0.025,18.841638565063477
dc_f6ebe4e52512,Foremost Corpus Christi,TX,27.795751,-97.397393,nearest,7.375633825246476,200.0,14,231035.0,15.5186835450538,26.04,28710428.0,28173.0,28172.98,18.1,Commercial,,1312502400000.0,X,True,False,AREA OF MINIMAL FLOOD HAZARD,high,True,1.0,,0.0,6.0,6.0,2.0,0.005,12.052451133728027
dc_8369073e1b95,Foremost San Antonio,TX,29.42938,-98.487309,nearest,9.02155766244374,200.0,31,93252.7,191.48344034690103,13.69,28793409.0,39025.2,39025.14,10.63,Commercial,301 BROADWAY,1351728000000.0,X,True,False,AREA OF MINIMAL FLOOD HAZARD,high,False,1.0,,0.0,6.0,6.0,2.0,0.015,13.13881492614746
dc_1621122fb560,Foremost Harlingen,TX,26.192979,-97.690638,nearest,3.941934292660962,200.0,76,31624.9,197.03805342779543,,7227218.0,12102.5,12008.17,,Commercial,513 E JACKSON AVE,1588377600000.0,X,True,False,AREA OF MINIMAL FLOOD HAZARD,high,,1.0,,0.0,6.0,6.0,2.0,0.015,9.045583724975586
dc_53e829a00936,Spin Servers DAL1,TX,32.783697,-96.79467,contains,0.0,200.0,5,293844.5,67.67363234298611,39.74,29799666.0,39811.4,39811.39,18.63,Commercial,2020 LIVE OAK ST,1435708800000.0,X,True,False,AREA OF MINIMAL FLOOD HAZARD,high,True,1.0,,0.0,6.0,6.0,2.0,0.025,18.841638565063477
dc_f5141a487f0e,AUBix Auburn,AL,32.600874,-85.513055,contains,0.0,200.0,11,44807.0,0.0,,15073847.0,44807.0,44792.62,,Unclassified,,1698796800000.0,X,True,False,AREA OF MINIMAL FLOOD HAZARD,high,,1.0,3.0,1.0,3.0,3.0,3.0,0.035,20.020587921142575
dc_bf02966eb419,RagingWire CH1 - NTT,IL,41.988567,-88.01368,nearest,27.85112813590661,200.0,18,154773.5,38.14454227255095,17.73,34580935.0,4184.1,4184.105,9.04,Residential,401 PIERCE ROAD,1321315200000.0,X,True,False,AREA OF MINIMAL FLOOD HAZARD,high,False,1.0,,0.0,6.0,6.0,1.0,0.035,17.22007942199707
dc_ca7d33cf6c31,Segra Kannapolis,NC,35.50515,-80.62272,contains,0.0,200.0,24,51813.7,0.0,,52579282.0,51813.7,51773.71,,Industrial,465 CHARLES BABBAGE LANE,1642896000000.0,X,True,False,AREA OF MINIMAL FLOOD HAZARD,high,,1.0,,0.0,6.0,6.0,4.0,0.055,12.582268714904783
dc_e8eb1c059cb6,CENTRA CMH01 - Columbus Ohio (180 E Broad),OH,39.962785,-82.996184,nearest,22.799293496466564,200.0,26,110860.4,191.76916911646632,26.7,9765568.0,36355.1,36355.08,22.04,Assembly,100 BROAD STREET,1301616000000.0,X,True,False,AREA OF MINIMAL FLOOD HAZARD,high,True,1.0,,0.0,6.0,6.0,1.0,0.035,14.319350242614746
dc_47dd6e6f269c,BluegrassNet Louisville,KY,38.241182,-85.74932,contains,0.0,200.0,51,61055.5,151.32684530432385,10.11,14253192.0,11502.3,11496.54,3.57,Residential,321 E BRECKINRIDGE STREET,1309910400000.0,X,True,False,AREA OF MINIMAL FLOOD HAZARD,high,False,1.0,,0.0,6.0,6.0,1.0,0.065,13.915719032287598
dc_a5c5c40f19a1,"ark data centers - Boise, ID",ID,43.579984,-116.290797,contains,0.0,200.0,12,32658.3,0.0,,377764.0,32658.3,32679.91,,Industrial,,1533340800000.0,X,True,False,0.2 PCT ANNUAL CHANCE FLOOD HAZARD,high,,1.0,,0.0,6.0,6.0,3.0,0.035,3.1638710498809814
dc_6fa5cb317f61,"ark data centers - Cleveland, OH",OH,41.361157,-81.632535,nearest,85.51556742338227,200.0,7,61787.7,93.626876113796,,4004149.0,27578.4,28382.12,,Commercial,7100 EAST PLEASANT VALLEY ROAD,1464566400000.0,X,True,False,AREA OF MINIMAL FLOOD HAZARD,high,,2.0,,0.0,6.0,6.0,1.0,0.025,14.31541633605957
dc_936035203d1f,421 N 6th Ave East,MN,46.795464,-92.095399,nearest,30.535185042635497,200.0,46,109483.8,164.7240932391455,,5852381.0,2309.1,2307.524,,Residential,601 EAST 4TH STREET,1553126400000.0,X,True,False,AREA OF MINIMAL FLOOD HAZARD,high,,1.0,,0.0,6.0,6.0,,0.005,7.881808280944824
dc_a4e4cd6244d3,"ark data centers - Canton,OH",OH,40.832529,-81.431933,contains,0.0,200.0,12,38070.2,35.9120536578273,,1632648.0,18276.4,18576.03,,Commercial,4726 HILLS DALES ROAD NORTHWEST,1525046400000.0,X,True,False,AREA OF MINIMAL FLOOD HAZARD,high,,2.0,1.0,0.5,1.0,1.0,1.0,0.025,12.362462997436523
dc_0140af52d0df,"ark data centers - Youngstown, OH",OH,41.11832,-80.657012,contains,0.0,200.0,82,20609.6,0.0,4.24,9045897.0,20609.6,20609.59,4.24,Commercial,1343 BELMONT AVENUE,1221091200000.0,X,True,False,AREA OF MINIMAL FLOOD HAZARD,high,False,1.0,,0.0,6.0,6.0,1.0,0.025,10.923550605773926
dc_3b664e26d6e9,"ark data centers - Pittsburgh, PA",PA,40.752216,-79.637268,nearest,114.45827173862418,200.0,3,85121.7,186.2411148255213,,6002710.0,27093.2,28068.88,,Industrial,,1424995200000.0,X,True,False,AREA OF MINIMAL FLOOD HAZARD,high,,2.0,1.0,0.5,1.0,1.0,1.0,0.025,12.542291641235352
dc_e744de60a17b,US Signal MN01 - Minneapolis,MN,44.877094,-93.407686,contains,0.0,200.0,8,68041.6,149.00625380041745,6.92,11606613.0,40881.8,40850.1,7.51,Industrial,10246 WEST 70TH STREET,1335744000000.0,X,True,False,AREA OF MINIMAL FLOOD HAZARD,high,False,2.0,,0.0,6.0,6.0,1.0,0.005,10.622698783874512
dc_75d783969484,US Signal WI02 - Madison,WI,42.994734,-89.423274,contains,0.0,200.0,5,50724.2,0.0,,4269460.0,50724.2,50732.33,,Commercial,,1465948800000.0,X,True,False,AREA OF MINIMAL FLOOD HAZARD,high,,1.0,,0.0,6.0,6.0,2.0,0.015,12.755743980407717
dc_d647f52dca93,US Signal IA01 - Des Moines,IA,41.620242,-93.853996,nearest,4.668213662564066,200.0,18,14992.5,4.668213662564066,,1079409.0,14992.5,14982.36,,Industrial,390 NORTHEAST ALICES ROAD,1565654400000.0,X,True,False,AREA OF MINIMAL FLOOD HAZARD,high,,1.0,,0.0,6.0,6.0,1.0,0.015,14.173967361450195
dc_8bf50b2ebca9,US Signal AZ01 - Phoenix,AZ,33.355173,-111.826816,contains,0.0,200.0,27,65675.2,111.79880503273512,,4260735.0,15833.3,15634.64,,Industrial,1655 WEST SUNRISE BOULEVARD,1507507200000.0,X,True,False,0.2 PCT ANNUAL CHANCE FLOOD HAZARD,high,,1.0,,0.0,6.0,6.0,4.0,0.025,7.883434772491455
dc_4126490726b2,EdgeConneX Chicago (EDCCHI02),IL,42.001364,-87.952626,contains,0.0,200.0,14,267725.7,140.7461889065476,7.03,34586326.0,65844.5,65844.44,8.17,Industrial,2021 LUNT AVENUE,1321315200000.0,X,True,False,AREA OF MINIMAL FLOOD HAZARD,high,False,2.0,,0.0,6.0,6.0,,0.035,14.088419914245604
dc_2ce078333a5c,Cogent New Orleans,LA,29.949305,-90.070038,nearest,5.789882771558155,200.0,28,82797.0,79.72645818358103,33.8,10198849.0,50070.8,50070.64,60.6,Commercial,,1343865600000.0,X,True,False,AREA WITH REDUCED FLOOD RISK DUE TO LEVEE,high,True,1.0,,0.0,6.0,6.0,,0.025,26.341787338256836
dc_9edcf95c820e,Digital Realty CHI (9333 Grand Ave),IL,41.926884,-87.859119,contains,0.0,200.0,7,581123.7,96.19333793872718,10.09,34545731.0,269672.3,269672.2,11.1,Industrial,9333 GRAND AVENUE,1321315200000.0,X,True,False,AREA OF MINIMAL FLOOD HAZARD,high,False,3.0,,0.0,6.0,6.0,,0.035,16.118194580078125
dc_4ad3f9c6b136,Digital Realty CHI (9355 Grand Ave),IL,41.927658,-87.859333,contains,0.0,200.0,5,581123.7,81.05573828435591,10.09,34545731.0,269672.3,269672.2,11.1,Industrial,9333 GRAND AVENUE,1321315200000.0,X,True,False,AREA OF MINIMAL FLOOD HAZARD,high,False,3.0,,0.0,6.0,6.0,,0.035,16.118194580078125
dc_7d5258421dfa,Digital Realty CHI (9377 Grand Ave),IL,41.928621,-87.85877,contains,0.0,200.0,15,581123.7,130.7476850372545,10.09,34546781.0,101785.6,101785.5,10.47,Industrial,9377 GRAND AVENUE,1321315200000.0,X,True,False,AREA OF MINIMAL FLOOD HAZARD,high,False,1.0,,0.0,6.0,6.0,,0.035,16.118194580078125
dc_c73e00e9ed81,Equinix AT4 - Atlanta,GA,33.895445,-84.453611,contains,0.0,200.0,17,71976.9,179.19662640388535,32.37,17390944.0,47134.2,47134.1,15.53,Commercial,,1351209600000.0,X,True,False,AREA OF MINIMAL FLOOD HAZARD,high,True,1.0,,0.0,6.0,6.0,3.0,0.065,16.562829971313477
dc_d9001f9c6c9e,EdgeCore Phoenix,AZ,33.34404,-111.61957,none,,200.0,0,,,,,,,,,,,D,True,False,,,,,,,,6.0,4.0,0.025,7.883434772491455
dc_3f9dc02dbec2,tzulo Chicago,IL,41.876203,-87.631496,contains,0.0,200.0,26,362171.4,25.23739356752483,46.17,34139019.0,37120.7,37120.71,39.43,Commercial,119 WEST VAN BUREN STREET,1321315200000.0,X,True,False,AREA OF MINIMAL FLOOD HAZARD,high,True,2.0,,0.0,6.0,6.0,,0.035,16.118194580078125
dc_1a05036564f4,SD / Comsat Southbury Ground Station,CT,41.451602,-73.28939,contains,0.0,200.0,5,12085.1,0.0,,121191.0,12085.1,12081.49,,Commercial,2120 RIVER ROAD,1552435200000.0,X,True,False,AREA OF MINIMAL FLOOD HAZARD,high,,1.0,,0.0,6.0,6.0,3.0,0.0849999999999999,5.519350051879883
dc_54b3ef0880ca,SD / Comsat Santa Paula Ground Station,CA,34.41322,-119.07955,nearest,194.60853666788307,200.0,1,1252.5,194.60853666788307,,7682083.0,1252.5,1324.056,,Agriculture,,1533686400000.0,X,True,False,AREA OF MINIMAL FLOOD HAZARD,high,,1.0,,0.0,6.0,2.0,3.0,0.565,0.2729670703411102
dc_8dc8a503fc76,HostDime Orlando Tier IV Data Center,FL,28.614463,-81.385657,contains,0.0,200.0,8,47780.3,194.57032165649508,8.35,35981325.0,34598.8,34572.29,,Unclassified,1 INNOVATIVE PL,1665187200000.0,X,True,False,AREA OF MINIMAL FLOOD HAZARD,high,,2.0,2.0,0.5,2.0,6.0,2.0,0.015,28.079456329345703
dc_fc76d047a367,Sunbreak Electronics,OR,45.261026,-122.676541,contains,0.0,200.0,32,51135.0,114.84337793718308,,3024979.0,9897.1,9889.329,,Residential,,1539820800000.0,X,True,False,AREA OF MINIMAL FLOOD HAZARD,high,,1.0,,0.0,6.0,6.0,2.0,0.165,0.6346678733825684
dc_b90db17c93d0,Scott Data Center Omaha,NE,41.242916,-96.016491,contains,0.0,200.0,9,182230.9,92.6543647976957,13.6,3127065.0,82009.4,82070.03,4.93,Government,6801 PINE STREET,1366848000000.0,AE,True,True,,high,False,2.0,,0.0,6.0,6.0,1.0,0.015,15.336313247680664
dc_e0c953c40206,Aligned Ashburn (IAD-02),VA,39.010562,-77.475185,nearest,78.77546414230954,200.0,4,655641.1,113.2715755502434,14.54,7872165.0,97858.1,97857.98,9.15,Commercial,,1205280000000.0,X,True,False,AREA OF MINIMAL FLOOD HAZARD,high,False,2.0,,0.0,6.0,6.0,1.0,0.055,13.613815307617188
dc_ab342699d6b9,Aligned Chicago (ORD-01),IL,41.913464,-87.91876,contains,0.0,200.0,4,803606.3,189.74532208580464,9.96,34533644.0,467030.1,467029.8,9.36,Industrial,,1321315200000.0,X,True,False,AREA OF MINIMAL FLOOD HAZARD,high,False,3.0,,0.0,6.0,6.0,1.0,0.035,16.118194580078125
dc_39ff79a5b283,Aligned Chicago (ORD-02),IL,41.913464,-87.91876,contains,0.0,200.0,4,803606.3,189.74532208580464,9.96,34533644.0,467030.1,467029.8,9.36,Industrial,,1321315200000.0,X,True,False,AREA OF MINIMAL FLOOD HAZARD,high,False,3.0,,0.0,6.0,6.0,1.0,0.035,16.118194580078125
dc_ca6a6b6b42c4,Connect Cedar Valley,IA,42.473322,-92.458275,nearest,56.9283689919873,200.0,7,64527.0,185.4905231158588,,1803741.0,13261.7,13251.69,,Commercial,1205 TECHNOLOGY PARKWAY,1426291200000.0,X,True,False,AREA OF MINIMAL FLOOD HAZARD,high,,2.0,1.0,1.0,1.0,6.0,1.0,0.015,9.094491958618164
dc_43204ca86890,Digital Fortress (PNJ),NJ,40.544144,-74.496592,contains,0.0,200.0,11,109854.7,0.0,,6009063.0,109854.7,109607.5,,Unclassified,201 CENTENNIAL AVENUE,1508371200000.0,X,True,False,AREA OF MINIMAL FLOOD HAZARD,high,,2.0,,0.0,6.0,6.0,4.0,0.095,7.277477264404297
dc_a8a368db33bb,Quad State Internet PAH1 Colocation,KY,37.09402,-88.634104,nearest,3.2218076269298814,200.0,54,26510.9,147.46956038266617,,4579236.0,4649.3,4647.989,,Residential,,1436659200000.0,X,True,False,AREA OF MINIMAL FLOOD HAZARD,high,,1.0,,0.0,6.0,6.0,2.0,0.325,15.870150566101074
dc_c04730ac0683,SFN MN-Rochester,MN,44.02129,-92.462938,nearest,8.296612813102524,200.0,17,1255856.0,26.306356139409544,,6500408.0,147858.3,147746.8,,Industrial,,1551571200000.0,X,True,False,AREA OF MINIMAL FLOOD HAZARD,high,,4.0,,0.0,6.0,6.0,1.0,0.015,8.167824745178223
dc_50c707acf444,SFN IL-Peoria,IL,40.738991,-89.584721,contains,0.0,200.0,93,30447.9,46.70443075780914,,11837913.0,4152.0,4096.054,,Commercial,4236 NORTH NEW YORK AVENUE,1390953600000.0,,False,,,high,,1.0,,0.0,6.0,6.0,1.0,0.045,14.833417892456056
dc_9e16cf902bb8,Aureon Minneapolis,MN,44.971408,-93.25458,contains,0.0,200.0,17,88316.9,0.0,12.7,11071597.0,88316.9,88247.18,12.7,Commercial,511 11TH AVENUE SOUTH,1335744000000.0,X,True,False,AREA OF MINIMAL FLOOD HAZARD,high,True,1.0,,0.0,6.0,6.0,1.0,0.005,10.622698783874512
dc_61f104ef7e31,Aureon West Des Moines,IA,41.59778,-93.7352,contains,0.0,200.0,20,27103.2,179.45279247574484,4.14,7055604.0,16747.1,16735.28,6.75,Commercial,1661 22ND STREET,1248652800000.0,X,True,False,AREA OF MINIMAL FLOOD HAZARD,high,False,1.0,,0.0,6.0,6.0,1.0,0.015,14.173967361450195
dc_b3248b7dd787,LSVL-CTC1,CO,39.965362,-105.124453,contains,0.0,200.0,12,93190.9,184.3032027957852,9.08,15704778.0,19604.2,19604.24,7.14,Commercial,382 SOUTH ARTHUR AVENUE,1337212800000.0,X,True,False,AREA OF MINIMAL FLOOD HAZARD,high,False,1.0,,0.0,6.0,6.0,4.0,0.055,8.949381828308105
dc_69c4af3b8176,Midco Sioux Falls,SD,43.4976,-96.78582,nearest,7.061163434231821,200.0,8,35552.7,160.24404108104886,,1807715.0,19416.3,19416.07,,Commercial,5300 SOUTH BROADBAND LANE,1410825600000.0,X,True,False,AREA OF MINIMAL FLOOD HAZARD,high,,1.0,,0.0,6.0,6.0,2.0,0.015,15.471444129943848
dc_c3798aab7f27,Midco Yankton,SD,42.892031,-97.416548,contains,0.0,200.0,4,88148.2,108.69645392966744,,45542.0,6232.7,6230.264,,Commercial,,1567468800000.0,X,True,False,0.2 PCT ANNUAL CHANCE FLOOD HAZARD,high,,1.0,,0.0,6.0,6.0,2.0,0.025,14.491186141967772
dc_0e9430d2bb67,Midco Fargo,ND,46.836551,-96.865917,nearest,19.78919077812191,200.0,11,58866.8,161.4473188341412,,404566.0,906.7,906.5222,,Unclassified,4624 28TH AVENUE SOUTH,1504656000000.0,X,True,False,0.2 PCT ANNUAL CHANCE FLOOD HAZARD,high,,1.0,,0.0,6.0,6.0,1.0,0.005,7.952457904815674
dc_6396a9188b64,Midco Grand Forks,ND,47.902115,-97.090307,nearest,121.06685043828324,200.0,3,8903.1,160.87581412225046,,168225.0,4962.7,4961.159,,Commercial,,1540857600000.0,X,True,False,AREA WITH REDUCED FLOOD RISK DUE TO LEVEE,high,,1.0,,0.0,6.0,6.0,1.0,0.005,7.732477188110352
dc_3f21766275d1,Cogent La Mirada,CA,33.8799,-118.0281,contains,0.0,200.0,19,129967.7,164.6460240155584,6.62,13510282.0,20723.7,20723.73,17.07,Commercial,,1350432000000.0,X,True,False,AREA OF MINIMAL FLOOD HAZARD,high,True,2.0,,0.0,6.0,6.0,,0.395,0.3717229962348938
dc_fed86730d8eb,Ethoplex Data Center,WI,43.227892,-88.146745,contains,0.0,200.0,19,167874.5,87.97183974661662,8.45,10394500.0,13801.7,13793.64,4.43,Commercial,,1351900800000.0,X,True,False,AREA OF MINIMAL FLOOD HAZARD,high,False,1.0,,0.0,6.0,6.0,2.0,0.015,8.656561851501465
dc_a525f7501d71,DataBank Minneapolis (MSP3),MN,45.14381,-93.38704,nearest,116.02596324590463,200.0,2,185239.4,116.02596324590463,,9266568.0,185239.4,185095.6,,Industrial,10301 XYLON AVENUE NORTH,1534291200000.0,X,True,False,AREA OF MINIMAL FLOOD HAZARD,high,,2.0,,0.0,6.0,6.0,2.0,0.005,10.388507843017578
dc_144eb7f40153,SFN IA-Urbana,IA,42.246422,-91.886635,nearest,6.284689700717477,200.0,8,46309.5,108.92310607784074,,85477.0,2721.2,2719.551,,Residential,,1542240000000.0,X,True,False,AREA OF MINIMAL FLOOD HAZARD,high,,2.0,1.0,0.5,1.0,1.0,1.0,0.015,8.404583930969238
dc_f8f4d74a1bbf,Hemlock Plaza,OR,42.051179,-124.28091,contains,0.0,200.0,107,24769.3,178.80868249108067,,1590159.0,5639.9,5636.911,,Commercial,,1556668800000.0,X,True,False,AREA OF MINIMAL FLOOD HAZARD,high,,1.0,,0.0,6.0,6.0,2.0,0.435,0.4476799070835113
dc_357eb5a927a6,STRATA Vernal Data Center,UT,40.456615,-109.528963,contains,0.0,200.0,48,106338.4,162.5417774641329,,10279873.0,13488.1,13482.5,,Unclassified,67 NORTH VERNAL AVENUE,1504396800000.0,X,True,False,AREA OF MINIMAL FLOOD HAZARD,high,,1.0,,0.0,6.0,6.0,2.0,0.0849999999999999,5.19505500793457
dc_12e6a6edf5fb,MDC San Diego,CA,32.594192,-117.085384,contains,0.0,200.0,28,123354.5,109.57168326179615,4.8,17912595.0,15526.1,15526.13,4.76,Industrial,,1167609600000.0,AE,True,True,,high,False,1.0,,0.0,6.0,6.0,4.0,0.255,0.6888867616653442
dc_1c6b983e109a,Router12 - Brick and Tile,IA,43.151758,-93.199317,nearest,0.0248826054192243,200.0,27,366377.5,82.57463254368318,,3148735.0,19118.1,19102.88,,Commercial,7 SOUTH DELAWARE AVENUE,1490659200000.0,X,True,False,AREA OF MINIMAL FLOOD HAZARD,high,,1.0,,0.0,6.0,6.0,1.0,0.015,8.832541465759277
dc_1950c37b6b09,Flexential - Atlanta/Douglasville (ATL5),GA,33.731164,-84.615714,nearest,255.5886779837477,800.0,15,440489.4,486.0215271044379,,4528347.0,593.1,695.6974,,Residential,,1543363200000.0,X,True,False,AREA OF MINIMAL FLOOD HAZARD,low,,1.0,1.0,1.0,1.0,2.0,3.0,0.055,17.153179168701172
dc_5316b4c0a16e,Flexential - Portland/Hillsboro 3 (PDX03),OR,45.55945,-122.93761,nearest,112.35352311847366,200.0,2,3134.1,146.49450352924845,,3644123.0,2078.4,2076.764,,Residential,,1564790400000.0,X,True,False,AREA OF MINIMAL FLOOD HAZARD,high,,1.0,1.0,1.0,1.0,6.0,2.0,0.175,0.4918390810489654
dc_25cab7b22101,Flexential - Portland/Hillsboro 4 (PDX04),OR,45.555183,-122.939056,nearest,142.83278368740287,200.0,3,3629.0,142.83278368740287,,3642606.0,3629.0,3626.111,,Residential,,1564790400000.0,X,True,False,AREA OF MINIMAL FLOOD HAZARD,high,,1.0,,0.0,6.0,6.0,2.0,0.175,0.4918390810489654
dc_ef12919892c5,Venyu BTR1,LA,30.45319,-91.11625,contains,0.0,200.0,10,792312.5,0.0,7.6,10335260.0,792312.5,792309.4,7.6,Government,7127 FLORIDA BOULEVARD,1314489600000.0,X,True,False,AREA OF MINIMAL FLOOD HAZARD,high,False,4.0,,0.0,6.0,6.0,1.0,0.025,27.227249145507812
dc_0d852c0bbe7c,Otava Metro Detroit,MI,42.331172,-83.419408,contains,0.0,200.0,31,24702.5,0.0,,2366820.0,24702.5,24706.87,,Industrial,,1538179200000.0,X,True,False,AREA OF MINIMAL FLOOD HAZARD,high,,2.0,,0.0,6.0,6.0,2.0,0.035,17.9299373626709
dc_ece45f669ead,C Spire Mississippi,MS,33.470581,-88.791097,contains,0.0,200.0,9,47904.2,192.26881416349033,,12214730.0,25523.6,25520.53,,Education,,1636848000000.0,X,True,False,AREA OF MINIMAL FLOOD HAZARD,high,,2.0,,0.0,6.0,6.0,3.0,0.075,22.14625358581543
dc_854b5acb373f,Crown Castle Philadelphia (1309 Noble),PA,39.96024,-75.15992,contains,0.0,200.0,44,231382.1,187.39264269061965,23.89,7867592.0,51611.6,51611.58,28.55,Commercial,,1348012800000.0,X,True,False,AREA OF MINIMAL FLOOD HAZARD,high,True,1.0,,0.0,6.0,6.0,,0.075,9.466512680053713
dc_3129f2c900a6,Crown Castle White Plains (360 Hamilton),NY,41.034507,-73.76668,nearest,10.33466575669978,200.0,20,442273.5,200.62141117706705,,6011879.0,141707.8,141631.9,,Residential,440 HAMILTON AVENUE,1549411200000.0,X,True,False,AREA OF MINIMAL FLOOD HAZARD,high,,2.0,,0.0,6.0,6.0,4.0,0.095,6.558852672576904
dc_1c50ce7c72a5,EdgeCore Silicon Valley,CA,37.38369,-121.965336,nearest,26.874564384722355,200.0,12,915130.9,153.7061881212684,14.43,15756268.0,129395.5,129395.3,11.37,Industrial,,1349049600000.0,X,True,False,AREA WITH REDUCED FLOOD RISK DUE TO LEVEE,high,False,3.0,,0.0,6.0,6.0,,0.535,0.1221932545304298
dc_be0ed008ea39,EdgeCore VA1,VA,39.021724,-77.414111,contains,0.0,200.0,26,90584.4,161.56447335142232,9.29,7947665.0,5727.1,5727.086,4.2,Residential,45865 MARIES ROAD,1205280000000.0,X,True,False,AREA OF MINIMAL FLOOD HAZARD,high,False,1.0,1.0,1.0,1.0,1.0,1.0,0.055,13.613815307617188
dc_cea813043db3,EdgeCore VA2,VA,38.994747,-77.444362,contains,0.0,200.0,5,150177.6,0.0,8.16,7870441.0,150177.6,150177.5,8.16,Commercial,22445 SOUS VIDE LANE,1205280000000.0,X,True,False,AREA OF MINIMAL FLOOD HAZARD,high,False,2.0,,0.0,6.0,6.0,1.0,0.055,13.629328727722168
dc_2a818be79374,EdgeCore Reno 1,NV,39.524415,-119.481812,nearest,250.578028070989,800.0,17,818909.2,414.7206015777955,,900770.0,719698.2,719697.6,,Industrial,,1474329600000.0,X,True,False,AREA OF MINIMAL FLOOD HAZARD,low,,5.0,4.0,0.4,6.0,6.0,4.0,0.205,1.336833119392395
dc_e529dbcff544,Ethoplex Edge DC - Green Bay,WI,44.428051,-88.050196,nearest,42.51771186518061,200.0,44,10885.1,186.2783223917629,,278974.0,2721.3,2719.564,,Residential,,1500076800000.0,X,True,False,AREA OF MINIMAL FLOOD HAZARD,high,,2.0,,0.0,6.0,6.0,1.0,0.015,5.673304557800293
dc_9979cc01880f,Ethoplex Edge DC - Fond du Lac,WI,43.833878,-88.494331,nearest,51.41031702747513,200.0,4,12697.0,52.115679869916754,,4668025.0,8393.2,8389.446,,Commercial,,1521158400000.0,X,True,False,AREA OF MINIMAL FLOOD HAZARD,high,,1.0,,0.0,6.0,6.0,1.0,0.015,6.0541157722473145
dc_12ee8967fb3b,901 Commerce Dr,WI,44.632611,-90.168593,contains,0.0,200.0,2,18600.3,0.0,,1806296.0,18600.3,18608.45,,Commercial,,1533427200000.0,X,True,False,AREA OF MINIMAL FLOOD HAZARD,high,,1.0,,0.0,6.0,6.0,2.0,0.005,5.845580101013184
dc_a544254c915e,Lumen Jacksonville,FL,30.271996,-81.623873,contains,0.0,200.0,22,53536.1,168.9757667538513,5.9,31790935.0,24378.9,24378.79,6.1,Utility and Misc,4814 PHILIPS HWY,1267660800000.0,X,True,False,AREA OF MINIMAL FLOOD HAZARD,high,False,4.0,,0.0,6.0,6.0,3.0,0.025,23.808124542236328
dc_598350b62d6f,Lumen Portland,OR,45.531671,-122.68496,contains,0.0,200.0,24,40719.1,120.78682782682957,15.3,8150119.0,19952.6,19936.95,10.3,Industrial,,1285027200000.0,X,True,False,AREA OF MINIMAL FLOOD HAZARD,high,False,1.0,,0.0,6.0,6.0,,0.165,0.4918390810489654
dc_f49fd2c20dca,Lumen Pittsburgh,PA,40.425388,-79.970352,contains,0.0,200.0,138,98549.3,90.68855688687938,13.55,7475843.0,15396.5,15396.46,5.87,Industrial,,1312502400000.0,X,True,False,AREA OF MINIMAL FLOOD HAZARD,high,False,4.0,,0.0,6.0,6.0,1.0,0.025,12.35747528076172
dc_a39b4630d4f6,Crown Castle Manchester (1 Sundial Ave),NH,42.972613,-71.469472,nearest,1.324775707957753,200.0,13,128140.6,134.39851135248233,,75082.0,106520.2,106541.3,,Education,,1569110400000.0,X,True,False,AREA OF MINIMAL FLOOD HAZARD,high,,4.0,,0.0,6.0,6.0,2.0,0.095,3.484011173248291
dc_29cc8119d959,VELCO Rutland,VT,43.660147,-72.992651,contains,0.0,200.0,11,16600.2,8.365883869844552,,220970.0,9379.8,9378.385,,Commercial,366 PINNACLE RIDGE ROAD,1490832000000.0,X,True,False,AREA OF MINIMAL FLOOD HAZARD,high,,1.0,,0.0,6.0,6.0,1.0,0.065,5.850883483886719
dc_6480c6df7d40,Energynet Datacenter,KY,36.847841,-87.465157,contains,0.0,200.0,18,37476.0,0.0,,8460368.0,37476.0,37447.66,,Unclassified,1820 EAST 9TH STREET,1502236800000.0,X,True,False,AREA OF MINIMAL FLOOD HAZARD,high,,1.0,,0.0,6.0,6.0,1.0,0.145,16.438068389892578
dc_6704477657fe,Lost River Data Center,KY,36.962312,-86.470939,contains,0.0,200.0,10,307260.2,0.0,,6580283.0,307260.2,307031.3,,Commercial,,1431475200000.0,X,True,False,AREA OF MINIMAL FLOOD HAZARD,high,,4.0,1.0,0.25,6.0,6.0,1.0,0.0849999999999999,14.498529434204102
dc_9b2065354392,Atomic Data MSP250,MN,44.980707,-93.267331,nearest,4.504675029519444,200.0,13,6722175.9,82.68504498315144,38.81,11086737.0,76510.1,76449.73,43.72,Government,250 MARQUETTE AVENUE,1335744000000.0,X,True,False,AREA OF MINIMAL FLOOD HAZARD,high,True,2.0,,0.0,6.0,6.0,,0.005,10.622698783874512
dc_a8482afc8543,Russellvile EPB Smartnet,KY,36.846023,-86.88624,contains,0.0,200.0,61,45989.0,72.07998356535435,,6494887.0,15307.7,15295.54,,Commercial,165 EAST 4TH STREET,1411603200000.0,X,True,False,AREA OF MINIMAL FLOOD HAZARD,high,,2.0,,0.0,6.0,6.0,1.0,0.095,15.747740745544434
dc_ab2a3e5edefd,"DartPoints Baton Rouge, LA - BTR1",LA,30.453521,-91.115584,nearest,8.13953963378034,200.0,4,792312.5,8.13953963378034,7.6,10335260.0,792312.5,792309.4,7.6,Government,7127 FLORIDA BOULEVARD,1314489600000.0,X,True,False,AREA OF MINIMAL FLOOD HAZARD,high,False,4.0,,0.0,6.0,6.0,1.0,0.025,27.227249145507812
dc_f800adc8ba21,H5 Data Centers San Luis Obispo,CA,35.255773,-120.640747,contains,0.0,200.0,29,128781.9,54.3685063603648,,4022374.0,26115.6,26633.44,,Industrial,,1440201600000.0,X,True,False,AREA OF MINIMAL FLOOD HAZARD,high,,2.0,,0.0,6.0,6.0,4.0,0.235,0.1285187602043151
dc_0710358899ef,QTS Phoenix (PHX2),AZ,33.462368,-111.995794,nearest,83.00730461082685,200.0,47,8970.1,156.35597485824678,6.42,11003397.0,7072.6,7072.573,6.35,Commercial,1225 NORTH 40TH STREET,1412467200000.0,X,True,False,0.2 PCT ANNUAL CHANCE FLOOD HAZARD,high,False,2.0,5.0,0.5,5.0,5.0,5.0,0.025,7.883434772491455
dc_028c228e5604,Lumen West Haven,CT,41.289812,-72.970174,contains,0.0,200.0,44,80410.1,137.53897636318013,8.24,7286147.0,2105.9,2105.77,3.07,Commercial,2 HORTON PLACE,1346198400000.0,X,True,False,AREA OF MINIMAL FLOOD HAZARD,high,False,2.0,,0.0,6.0,6.0,3.0,0.075,4.001034736633301
dc_0e25227f34f6,Lumen New Haven,CT,41.299793,-72.925887,nearest,10.679380195592254,200.0,27,78475.3,111.29713800561404,16.27,7299633.0,14575.7,14574.89,39.38,Government,54 MEADOW STREET,1346198400000.0,X,True,False,0.2 PCT ANNUAL CHANCE FLOOD HAZARD,high,True,1.0,,0.0,6.0,6.0,1.0,0.075,4.001034736633301
dc_feec39d1d16e,Lumen Hartford,CT,41.745091,-72.665146,contains,0.0,200.0,22,90360.0,120.52321540009936,7.49,7195515.0,15688.9,15690.86,6.3,Commercial,155 LOCUST STREET,1345939200000.0,X,True,False,AREA WITH REDUCED FLOOD RISK DUE TO LEVEE,high,False,1.0,,0.0,6.0,6.0,2.0,0.075,4.7566447257995605
dc_74861ceae290,Lumen Stamford,CT,41.049146,-73.530484,contains,0.0,200.0,26,84886.7,107.29151713605816,,885987.0,59377.8,59352.58,,Industrial,,1541289600000.0,X,True,False,AREA WITH REDUCED FLOOD RISK DUE TO LEVEE,high,,2.0,,0.0,6.0,6.0,3.0,0.0849999999999999,6.558852672576904
dc_f7aa8ddc2fe1,Lumen New London,CT,41.347035,-72.102643,contains,0.0,200.0,75,41162.5,0.0,,6000882.0,41162.5,41189.1,,Commercial,3 SHAWS COVE,1518480000000.0,X,True,False,AREA OF MINIMAL FLOOD HAZARD,high,,1.0,,0.0,6.0,6.0,1.0,0.065,3.1631178855895996
dc_d17cb43dd5eb,Crown Castle Stamford,CT,41.058085,-73.542936,contains,0.0,200.0,55,569228.4,182.96147633316895,,6000246.0,89042.4,89004.06,,Education,12 STANLEY COURT,1541289600000.0,AE,True,True,,high,,4.0,,0.0,6.0,6.0,4.0,0.0849999999999999,6.558852672576904
dc_8cbc3d5fc5e2,Mountain West Technologies - Casper,WY,42.849554,-106.326238,contains,0.0,200.0,37,95579.9,143.16229648044057,,4103548.0,19376.5,19366.64,,Commercial,143 SOUTH DAVID STREET,1598572800000.0,X,True,False,0.2 PCT ANNUAL CHANCE FLOOD HAZARD,high,,1.0,,0.0,6.0,6.0,1.0,0.1149999999999999,7.868759155273437
dc_1a41b0f928bf,Mountain West Technologies - Cheyenne,WY,41.175834,-104.82786,contains,0.0,200.0,41,58684.2,0.0,14.7,19029328.0,58684.2,58637.57,14.7,Government,6101 YELLOWSTONE ROAD,1234310400000.0,X,True,False,AREA OF MINIMAL FLOOD HAZARD,high,True,2.0,,0.0,6.0,6.0,1.0,0.055,9.38316249847412
dc_88ac7ff70b25,Microtronix Datacenter Ottoville,OH,40.929554,-84.341921,contains,0.0,200.0,80,11647.9,45.085293893590894,,4611213.0,10544.1,11069.33,,Government,349 WAYNE STREET,1491523200000.0,X,True,False,AREA OF MINIMAL FLOOD HAZARD,high,,2.0,,0.0,6.0,7.0,1.0,0.055,18.13721466064453
dc_f5cff530e954,SKYLINK DATA CENTERS,FL,26.167743,-81.799835,contains,0.0,200.0,42,881530.8,188.15096568400165,,32415329.0,9218.2,9212.208,,Commercial,801 ORCHID DR,1664582400000.0,X,True,False,0.2 PCT ANNUAL CHANCE FLOOD HAZARD IN COASTAL ZONE,high,,2.0,,0.0,6.0,6.0,3.0,0.005,27.275699615478516
dc_e0cef7344f80,FIBERSTATE Salt Lake City (SLC1),UT,40.511814,-111.887967,nearest,20.05585013441415,200.0,44,45422.1,79.81352206423519,,3405483.0,10687.5,10680.49,,Industrial,106 EAST 13200 SOUTH,1566086400000.0,X,True,False,AREA OF MINIMAL FLOOD HAZARD,high,,1.0,,0.0,6.0,6.0,3.0,0.175,5.014902114868164
dc_0924876c0c0b,ColoradoColo - Lakewood (LKWD),CO,39.728305,-105.122436,contains,0.0,200.0,9,155058.9,94.2679567901367,8.83,15387133.0,102767.1,102767.0,6.33,Industrial,11100 WEST 8TH AVENUE,1337212800000.0,X,True,False,AREA OF MINIMAL FLOOD HAZARD,high,False,4.0,,0.0,6.0,6.0,4.0,0.045,8.949381828308105
dc_238000347c5c,Peace Communications CHA1,TN,35.03746,-85.293181,nearest,2.203169456123979,200.0,35,30284.1,161.38012772255234,,3317922.0,10089.2,10087.16,,Commercial,1100 EAST 11TH STREET,1456617600000.0,X,True,False,AREA OF MINIMAL FLOOD HAZARD,high,,2.0,,0.0,6.0,6.0,3.0,0.125,15.14601230621338
dc_aefac21a1874,Peace Communications  HSV1,AL,34.699841,-86.593493,contains,0.0,200.0,45,32216.8,33.76889082022956,6.61,14033710.0,8080.0,8080.038,6.58,Commercial,,1234051200000.0,,False,,,high,False,1.0,,0.0,6.0,6.0,2.0,0.0849999999999999,18.687423706054688
dc_3531ad1a510c,Midwest Energy & Communications,MI,41.919049,-85.973476,contains,0.0,200.0,6,87509.1,0.0,,5235309.0,87509.1,87454.73,,Unclassified,,1522886400000.0,X,True,False,AREA OF MINIMAL FLOOD HAZARD,high,,2.0,,0.0,6.0,6.0,1.0,0.035,17.207136154174805
dc_e8c73d76dcdd,Mainstream Little Rock,AR,34.744517,-92.274148,nearest,12.41038420458838,200.0,28,82988.9,146.6821522632509,14.1,11037368.0,18417.3,18417.23,6.2,Unclassified,325 WEST CAPITOL AVENUE,1206489600000.0,X,True,False,AREA OF MINIMAL FLOOD HAZARD,high,False,1.0,,0.0,6.0,6.0,,0.125,22.769466400146484
dc_e213d4585248,CloudOgre,NC,35.299848,-82.160867,contains,0.0,200.0,24,18453.3,0.0,,3622296.0,18453.3,18303.87,,Education,156 SCHOOL ROAD,1518048000000.0,X,True,False,AREA OF MINIMAL FLOOD HAZARD,high,,1.0,,0.0,6.0,6.0,4.0,0.075,12.430723190307615
dc_a24c2e20f526,DC BLOX GSP1 - DCBLOX Greenville,SC,34.806553,-82.345891,nearest,151.33085400122556,200.0,3,306365.7,151.33085400122556,,51199704.0,306365.7,306234.3,,Education,,1591056000000.0,X,True,False,AREA OF MINIMAL FLOOD HAZARD,high,,3.0,3.0,0.6666666666666666,2.0,2.0,3.0,0.075,14.185957908630373
dc_2e2a707c7ddf,SMRWORXA - Somerset West Central Office,OR,45.546391,-122.866777,contains,0.0,200.0,62,12668.5,46.01710484422719,,3638055.0,11216.9,11207.91,,Unclassified,,1564790400000.0,X,True,False,AREA OF MINIMAL FLOOD HAZARD,high,,1.0,,0.0,6.0,6.0,2.0,0.175,0.4918390810489654
dc_6b5eadf13d33,HLBOORXH - Hawthorne Central Office,OR,45.551374,-122.937143,contains,0.0,200.0,4,304620.9,141.05340927196175,,3640897.0,1633.1,1631.751,,Unclassified,,1564790400000.0,X,True,False,AREA OF MINIMAL FLOOD HAZARD,high,,1.0,,0.0,6.0,6.0,2.0,0.175,0.4918390810489654
dc_0829ecd70434,BVTNORXB - Beaverton Central Office,OR,45.490268,-122.811289,contains,0.0,200.0,32,47384.6,0.0,6.48,8078545.0,47384.6,47346.93,6.48,Unclassified,,1285027200000.0,X,True,False,AREA OF MINIMAL FLOOD HAZARD,high,False,1.0,,0.0,6.0,6.0,1.0,0.185,0.6346678733825684
dc_92b8c227e4e0,GRHMORXB - Gresham Central Office,OR,45.510976,-122.431743,nearest,7.8905107572315885,200.0,76,77409.3,189.34638355024123,,725336.0,22564.7,22547.75,,Unclassified,,1564099200000.0,X,True,False,AREA OF MINIMAL FLOOD HAZARD,high,,1.0,,0.0,6.0,6.0,2.0,0.145,0.686893105506897
dc_3b69dbc4e5a5,TGRDORXA - Tigard Central Office,OR,45.42558,-122.768572,nearest,23.87007262049281,200.0,16,58591.4,88.47140977660335,,135146.0,21707.8,21690.64,,Unclassified,,1564790400000.0,X,True,False,AREA OF MINIMAL FLOOD HAZARD,high,,2.0,,0.0,6.0,6.0,2.0,0.185,0.6346678733825684
dc_4ff73b39cdde,KNWCWAXA - Kennewick Central Office,WA,46.212947,-119.187198,contains,0.0,200.0,42,34682.1,0.0,,3428373.0,34682.1,34678.63,,Commercial,,1530403200000.0,,False,,,high,,2.0,,0.0,6.0,6.0,1.0,0.055,1.8766522407531736
dc_7293ff46ee7f,EVRTWAXA - Everett Primary Central Office,WA,47.921151,-122.226913,contains,0.0,200.0,55,28831.6,0.0,,2696035.0,28831.6,28810.93,,Commercial,,1565740800000.0,X,True,False,AREA OF MINIMAL FLOOD HAZARD,high,,2.0,,0.0,6.0,6.0,,0.275,0.6047859191894531
dc_6986fb479925,BOTHWAXB - Bothell Central Office,WA,47.79089,-122.20212,contains,0.0,200.0,17,20980.4,0.0,,4220491.0,20980.4,20965.43,,Commercial,,1565740800000.0,X,True,False,AREA OF MINIMAL FLOOD HAZARD,high,,2.0,1.0,1.0,1.0,1.0,1.0,0.295,0.6047859191894531
dc_d0390cf0ea12,CRALIDXX - Coeur d'Alene Central Office,ID,47.696497,-116.787537,nearest,0.533967859708822,200.0,30,85511.7,88.28466608452032,,1910161.0,34871.1,35267.03,,Commercial,,1498176000000.0,X,True,False,AREA OF MINIMAL FLOOD HAZARD,high,,2.0,,0.0,6.0,6.0,,0.035,2.6981990337371826
dc_ee9c5e566c3c,Data Holdings Milwaukee,WI,43.04373,-87.95378,contains,0.0,200.0,83,23944.2,0.0,10.52,10210502.0,23944.2,23928.58,10.52,Commercial,,1351900800000.0,X,True,False,AREA OF MINIMAL FLOOD HAZARD,high,False,2.0,,0.0,6.0,6.0,1.0,0.015,8.040300369262695
dc_8164f23d355e,CoreSite - Miami (MI2),FL,25.793318,-80.333581,contains,0.0,200.0,12,230970.0,198.96857542059615,9.14,30420189.0,108401.3,108401.0,8.85,Government,2100 NW 84 AVE,1392508800000.0,X,True,False,AREA OF MINIMAL FLOOD HAZARD,high,False,2.0,,0.0,6.0,6.0,,0.005,22.965288162231445
dc_fb81ab777b05,DC BLOX MYR1 - DCBLOX Myrtle Beach,SC,33.674657,-78.943365,nearest,288.2336214169508,800.0,135,138667.9,598.6762250393804,,5980718.0,4350.9,4508.242,,Government,,1463270400000.0,X,True,False,AREA OF MINIMAL FLOOD HAZARD,low,,2.0,3.0,0.5,3.0,6.0,4.0,0.065,16.542938232421875
dc_a9fcf2df567d,GigeNET CHI3,IL,42.040442,-87.976151,contains,0.0,200.0,13,306146.8,147.5848282289528,7.73,34608607.0,113410.0,113409.9,6.83,Industrial,545 EAST ALGONQUIN ROAD,1321315200000.0,X,True,False,AREA OF MINIMAL FLOOD HAZARD,high,False,2.0,,0.0,6.0,6.0,1.0,0.035,14.088419914245604
dc_ee959c9118c2,Bonnie Lane,NC,35.350076,-83.208476,contains,0.0,200.0,17,50916.3,178.39818176813156,,50961522.0,8435.6,8437.204,,Unclassified,35 BONNIE LANE,1573257600000.0,X,True,False,AREA OF MINIMAL FLOOD HAZARD,high,,1.0,,0.0,6.0,6.0,3.0,0.105,12.881980895996094
dc_72f573fd7650,ProRacks Datacenter- Kansas City,MO,39.104854,-94.568004,contains,0.0,200.0,55,29635.0,180.58142286123595,6.16,11234409.0,20574.8,20574.73,5.01,Industrial,709 FOREST AVENUE,1329609600000.0,X,True,False,AREA OF MINIMAL FLOOD HAZARD,high,False,1.0,,0.0,6.0,6.0,1.0,0.025,20.675199508666992
dc_909716436a45,"aspStation, Inc.",PA,40.46531,-79.946682,contains,0.0,200.0,192,41993.6,142.49480066782357,8.45,7522639.0,5726.2,5726.169,11.87,Commercial,,1312502400000.0,X,True,False,AREA OF MINIMAL FLOOD HAZARD,high,False,1.0,,0.0,6.0,6.0,1.0,0.025,12.35747528076172
dc_afc2c4cb9950,TierPoint Dallas Forth Worth,TX,32.979657,-97.252306,contains,0.0,200.0,4,392787.8,128.03966347414976,11.9,31062788.0,97096.5,97096.35,11.4,Commercial,13701 INDEPENDENCE PKWY,1241136000000.0,X,True,False,AREA OF MINIMAL FLOOD HAZARD,high,False,1.0,,0.0,6.0,6.0,2.0,0.025,17.917001724243164
dc_22c92b609884,SecureNet DC1,WV,38.366184,-81.694798,nearest,16.420554291526095,200.0,149,26073.4,112.46487874494844,5.54,7031550.0,25375.8,25357.81,5.68,Government,,1237334400000.0,X,True,False,0.2 PCT ANNUAL CHANCE FLOOD HAZARD,high,False,1.0,,0.0,6.0,6.0,1.0,0.045,10.213679313659668
dc_613b9e440a52,Cologix COL4,OH,40.118438,-82.999997,nearest,82.3528127850177,200.0,36,109123.7,112.46641384130004,9.04,284883.0,20373.8,20214.23,,Commercial,7545 ALTA VIEW BOULEVARD,1546646400000.0,X,True,False,AREA OF MINIMAL FLOOD HAZARD,high,,1.0,,0.0,6.0,6.0,1.0,0.035,14.810942649841309
dc_882a55829541,Lightboard ★ Vermont,VT,44.45,-73.1446,contains,0.0,200.0,2,272358.4,0.0,,6000728.0,272358.4,272286.6,,Commercial,530 COMMUNITY DRIVE,1528416000000.0,X,True,False,AREA OF MINIMAL FLOOD HAZARD,high,,4.0,1.0,0.5,1.0,1.0,2.0,0.095,5.822917461395264
dc_770feb7b2cec,Carrier Core - Tampa,FL,27.949592,-82.458713,nearest,4.878281281184472,200.0,32,46321.3,59.8453930352318,15.3,31393716.0,42298.5,42298.27,41.2,Industrial,655 N FRANKLIN ST,1340668800000.0,X,True,False,AREA OF MINIMAL FLOOD HAZARD,high,True,1.0,,0.0,6.0,6.0,2.0,0.005,28.616392135620117
dc_c312286353c3,Midcon Recovery Solutions B3 Data Center,OK,35.61718,-97.572301,contains,0.0,200.0,9,91838.6,189.92821876493556,7.76,7507535.0,58941.8,58941.76,4.92,Commercial,,1375142400000.0,X,True,False,AREA OF MINIMAL FLOOD HAZARD,high,False,1.0,,0.0,6.0,6.0,1.0,0.045,19.379959106445312
dc_09baa6be34aa,US Signal - Grand Rapids South,MI,42.825329,-85.672664,nearest,46.16122988787094,200.0,11,42100.7,157.81783461220402,,217743.0,25346.2,25333.24,,Commercial,,1552003200000.0,X,True,False,AREA OF MINIMAL FLOOD HAZARD,high,,2.0,,0.0,6.0,6.0,2.0,0.025,10.852680206298828
dc_668ad699c3a5,Raeden Michigan 1,MI,42.32854,-83.053799,contains,0.0,200.0,23,1556715.8,173.85458893928111,23.1,14577360.0,80131.0,80123.41,17.64,Industrial,,1430438400000.0,X,True,False,AREA OF MINIMAL FLOOD HAZARD,high,True,1.0,,0.0,6.0,6.0,1.0,0.025,17.9299373626709
dc_ed562b27f502,RC Solutions,VA,39.0152,-77.458733,nearest,9.72946267865412,200.0,16,194683.4,191.13395026583507,9.79,7872679.0,60507.4,60507.3,8.62,Commercial,21731 FILIGREE COURT,1205280000000.0,X,True,False,AREA OF MINIMAL FLOOD HAZARD,high,False,2.0,,0.0,6.0,6.0,1.0,0.055,13.613815307617188
dc_347a9c97b46e,Encore Technologies NOR1,OH,39.160536,-84.44869,contains,0.0,200.0,28,365714.2,155.43988493628643,10.69,10304360.0,49613.2,49613.07,14.72,Commercial,,1425168000000.0,X,True,False,AREA OF MINIMAL FLOOD HAZARD,high,True,1.0,,0.0,6.0,6.0,1.0,0.045,17.444948196411133
dc_0be7ca6fbfc0,Encore Technologies BLU1,OH,39.277612,-84.36949,contains,0.0,200.0,16,190983.6,119.84572563532056,10.49,10419101.0,47860.7,47860.7,9.37,Unclassified,,1425168000000.0,X,True,False,AREA OF MINIMAL FLOOD HAZARD,high,False,1.0,,0.0,6.0,6.0,1.0,0.045,17.444948196411133
dc_97babf80923b,Encore Technologies MSB1,OH,39.6163,-84.2293,contains,0.0,200.0,10,112539.8,117.78754524450252,,6002920.0,101206.8,102116.5,,Commercial,9333 SPRINGBORO PIKE,1414281600000.0,X,True,False,AREA OF MINIMAL FLOOD HAZARD,high,,2.0,,0.0,6.0,6.0,1.0,0.045,18.834209442138672
dc_8a72989b8621,ELN02,ND,46.012816,-98.569881,nearest,202.4518613088685,800.0,4,1451.6,638.6519415675807,,278720.0,1055.7,1054.859,,Agriculture,9706 87TH AVENUE SOUTHEAST,1436745600000.0,X,True,False,AREA OF MINIMAL FLOOD HAZARD,low,,1.0,1.0,1.0,1.0,1.0,1.0,0.015,10.445856094360352
dc_dfa68b7343d1,RC-Facility,VA,39.008455,-77.467576,nearest,20.77469470251612,200.0,3,587139.7,20.77469470251612,,50990386.0,587139.7,587329.5,,Commercial,44274 ROUND TABLE PLAZA,1710374400000.0,X,True,False,AREA OF MINIMAL FLOOD HAZARD,high,,4.0,,0.0,6.0,6.0,1.0,0.055,13.613815307617188
dc_518cb525fd88,Cologix DSM2,IA,42.473929,-92.458325,nearest,25.307263225972115,200.0,8,28304.8,184.51656522913424,,1803741.0,13261.7,13251.69,,Commercial,1205 TECHNOLOGY PARKWAY,1426291200000.0,X,True,False,AREA OF MINIMAL FLOOD HAZARD,high,,2.0,1.0,1.0,1.0,6.0,1.0,0.015,9.094491958618164
dc_a79d487eebc7,Cologix DSM1,IA,41.58568,-93.6254,nearest,7.505073665506858,200.0,7,2712553.5,7.505073665506858,27.37,7048353.0,2712553.5,2710566.0,27.37,Residential,601 GRAND AVENUE,1248652800000.0,X,True,False,AREA OF MINIMAL FLOOD HAZARD,high,True,17.0,,0.0,6.0,6.0,1.0,0.015,14.173967361450195
dc_1bb1bc07eea0,Cologix MIN5,MN,44.971408,-93.25458,contains,0.0,200.0,17,88316.9,0.0,12.7,11071597.0,88316.9,88247.18,12.7,Commercial,511 11TH AVENUE SOUTH,1335744000000.0,X,True,False,AREA OF MINIMAL FLOOD HAZARD,high,True,1.0,,0.0,6.0,6.0,1.0,0.005,10.622698783874512
dc_63db379fd314,Netrality Kansas City Metro – KC2 | 7801 Nieman,KS,38.986502,-94.712431,contains,0.0,200.0,8,161567.6,158.4148572844191,,628029.0,133458.3,133423.7,,Commercial,,1587427200000.0,X,True,False,AREA OF MINIMAL FLOOD HAZARD,high,,1.0,,0.0,6.0,6.0,3.0,0.025,20.538841247558594
dc_cebfa79ec447,South Spencer Aureon hut,IA,43.112257,-95.120631,contains,0.0,200.0,15,43928.1,163.1019585078625,,2736611.0,989.0,988.9279,,Unclassified,,1508198400000.0,X,True,False,AREA OF MINIMAL FLOOD HAZARD,high,,1.0,,0.0,6.0,6.0,1.0,0.015,18.88361167907715
dc_80a8e001435c,CoreSite - Santa Clara (SV9),CA,37.37564,-121.96975,contains,0.0,200.0,13,52343.5,176.31291181059032,5.41,15739848.0,51658.0,51658.01,4.63,Industrial,,1349049600000.0,X,True,False,0.2 PCT ANNUAL CHANCE FLOOD HAZARD,high,False,2.0,,0.0,6.0,6.0,,0.525,0.1221932545304298
dc_927b5df60a78,Lightboard ★ New England,MA,42.109522,-72.576306,nearest,0.6615076825866057,200.0,25,204171.1,0.6615076825866057,9.52,7398976.0,204171.1,204170.9,9.52,Education,65 LINCOLN STREET,1346112000000.0,X,True,False,AREA OF MINIMAL FLOOD HAZARD,high,False,2.0,,0.0,6.0,6.0,1.0,0.065,5.542868614196777
dc_e9670855b833,EXA CLS Lynn,MA,42.45957,-70.960773,contains,0.0,200.0,138,89183.4,66.2917864992875,,726056.0,12808.7,13574.97,,Industrial,91 COMMERCIAL STREET,1544486400000.0,X,True,False,AREA OF MINIMAL FLOOD HAZARD,high,,1.0,,0.0,6.0,6.0,,0.0849999999999999,2.8466084003448486
dc_cdd309693dd3,Dataverge Jersey City,NJ,40.726366,-74.033696,contains,0.0,200.0,15,1319225.5,142.45862297225943,15.91,7634111.0,33789.8,33789.77,58.83,Commercial,111 TOWN SQUARE PLACE,1376524800000.0,AE,True,True,,high,True,2.0,,0.0,6.0,6.0,,0.095,7.277477264404297
dc_dae84e0a643c,Lake Region Technology & Communications,OK,35.931102,-95.134992,contains,0.0,200.0,10,21309.1,30.299577965955184,,4261802.0,15491.5,15772.88,,Unclassified,,1451779200000.0,X,True,False,AREA OF MINIMAL FLOOD HAZARD,high,,2.0,2.0,1.0,2.0,2.0,4.0,0.045,21.51450538635254
dc_edee31226499,Metanet New York Data Center CHELSEA,NY,40.743446,-74.00734,nearest,9.695768306067963,200.0,17,330995.7,9.695768306067963,28.25,7732154.0,330995.7,330788.3,28.25,Commercial,448 WEST 16 STREET,1376524800000.0,X,True,False,0.2 PCT ANNUAL CHANCE FLOOD HAZARD,high,True,5.0,,0.0,6.0,6.0,,0.095,7.277477264404297
dc_19e8b4001ea2,Metanet New York Data Center Staten Island,NY,40.6072,-74.17271,contains,0.0,200.0,11,94211.7,0.0,10.94,7699462.0,94211.7,94147.63,10.94,Commercial,10 TELEPORT DRIVE,1376524800000.0,X,True,False,AREA OF MINIMAL FLOOD HAZARD,high,False,4.0,3.0,0.5,3.0,3.0,4.0,0.105,7.277477264404297
dc_afb5c6969c03,Metanet New York Data Center GOOGLEPLEX,NY,40.741491,-74.003389,contains,0.0,200.0,25,330995.7,135.177435410701,28.25,7732059.0,166489.6,166385.5,62.74,Industrial,76 9 AVENUE,1376524800000.0,X,True,False,AREA OF MINIMAL FLOOD HAZARD,high,True,4.0,,0.0,6.0,6.0,,0.095,7.277477264404297
dc_f30128395268,Interphase Data Center New York I,NY,40.741469,-74.003387,contains,0.0,200.0,25,330995.7,136.88880664767086,28.25,7732059.0,166489.6,166385.5,62.74,Industrial,76 9 AVENUE,1376524800000.0,X,True,False,AREA OF MINIMAL FLOOD HAZARD,high,True,4.0,,0.0,6.0,6.0,,0.095,7.277477264404297
dc_267ac84b2d36,"ark data centers - Green Bay, WI",WI,44.2045,-88.3444,nearest,2.0847680890734304,200.0,1,37252.6,2.0847680890734304,,113383.0,37252.6,37233.38,,Industrial,,1536710400000.0,X,True,False,AREA OF MINIMAL FLOOD HAZARD,high,,2.0,1.0,0.5,1.0,1.0,1.0,0.015,5.673304557800293
dc_e8fdaabd81bd,Interphase Data Center New York II,NY,40.74331,-74.007932,contains,0.0,200.0,14,441275.8,193.47365345496735,14.08,7732154.0,330995.7,330788.3,28.25,Commercial,448 WEST 16 STREET,1376524800000.0,X,True,False,0.2 PCT ANNUAL CHANCE FLOOD HAZARD,high,True,5.0,,0.0,6.0,6.0,,0.095,7.277477264404297
dc_ce0c5992cc9b,3HCloud - MIA-1,FL,25.776033,-80.193092,nearest,0.7010647328960676,200.0,19,162425.1,0.7010647328960676,21.25,30407427.0,162425.1,162424.5,21.25,Education,36 NE 2 ST,1392508800000.0,X,True,False,AREA OF MINIMAL FLOOD HAZARD,high,True,4.0,,0.0,6.0,6.0,3.0,0.005,22.965288162231445
dc_2847d8aab868,3HCloud - MIA-2,FL,25.782755,-80.193061,contains,0.0,200.0,25,122568.7,0.0,33.75,30413957.0,122568.7,122568.2,33.75,Commercial,50 NE 9 ST,1392508800000.0,X,True,False,AREA OF MINIMAL FLOOD HAZARD,high,True,2.0,,0.0,6.0,6.0,,0.005,22.965288162231445
dc_83b36b26af37,3HCloud - DFW-1,TX,32.827345,-96.873974,contains,0.0,200.0,16,224901.9,175.06192418492034,10.09,30395322.0,136312.5,136312.3,8.44,Education,8435 N STEMMONS FWY,1435708800000.0,X,True,False,AREA WITH REDUCED FLOOD RISK DUE TO LEVEE,high,False,4.0,,0.0,6.0,6.0,2.0,0.025,18.841638565063477
dc_b8be2b6536e3,3HCloud - SFO-1,CA,37.788616,-122.390816,nearest,11.309498870708008,200.0,29,75143.0,11.309498870708008,22.9,16279841.0,75143.0,75142.94,22.9,Industrial,,1349049600000.0,X,True,False,AREA OF MINIMAL FLOOD HAZARD,high,True,1.0,,0.0,6.0,6.0,3.0,0.475,0.0928128734230995
dc_3dc2a5cbe072,LSTI 401 Market,OH,40.800863,-81.374423,contains,0.0,200.0,27,50243.8,130.5924222521409,,1612686.0,37922.0,38263.56,,Commercial,420 COURT AVENUE NORTHWEST,1525046400000.0,X,True,False,AREA OF MINIMAL FLOOD HAZARD,high,,1.0,,0.0,6.0,6.0,,0.025,12.362462997436523
dc_de01c95e56de,TierPoint St. Louis - Locust,MO,38.633537,-90.21267,contains,0.0,200.0,37,389372.8,179.50429899866745,29.2,11513726.0,25357.6,25357.58,27.51,Commercial,,1352419200000.0,X,True,False,AREA OF MINIMAL FLOOD HAZARD,high,True,1.0,,0.0,6.0,6.0,1.0,0.165,15.06376838684082
dc_097651479686,LightSpeed Hosting - Medina,OH,41.137371,-81.701097,contains,0.0,200.0,11,112275.0,97.09898375830666,,5304447.0,49713.1,50924.24,,Commercial,,1469491200000.0,X,True,False,AREA OF MINIMAL FLOOD HAZARD,high,,1.0,,0.0,6.0,6.0,1.0,0.025,14.31541633605957
dc_02b8cb392dd2,Lumen Kansas City,MO,39.090638,-94.568428,contains,0.0,200.0,24,254944.6,132.98874264305817,6.47,11220732.0,49810.4,49810.35,7.0,Industrial,1212 EAST 19TH STREET,1329609600000.0,X,True,False,AREA OF MINIMAL FLOOD HAZARD,high,False,1.0,,0.0,6.0,6.0,,0.025,20.675199508666992
dc_c07d6b78aa3d,Lumen San Antonio 1,TX,29.475675,-98.390801,contains,0.0,200.0,8,203092.8,102.204465003123,8.64,28887602.0,31643.5,31643.46,8.25,Commercial,5130 SERVICE CENTER DR,1351728000000.0,X,True,False,AREA OF MINIMAL FLOOD HAZARD,high,False,1.0,,0.0,6.0,6.0,2.0,0.015,13.13881492614746
dc_8f0aa85ad64d,Cogent Detroit,MI,42.330743,-83.055773,contains,0.0,200.0,14,293214.9,114.5480161965521,26.9,14580606.0,11401.8,11400.71,14.45,Commercial,,1430438400000.0,X,True,False,AREA OF MINIMAL FLOOD HAZARD,high,True,1.0,,0.0,6.0,6.0,1.0,0.025,17.9299373626709
dc_2b8c784a19e7,Apotech,IL,42.078443,-87.915648,contains,0.0,200.0,11,110813.9,116.91402244481574,8.51,34634247.0,30968.3,30968.22,5.57,Commercial,1331 BUSINESS CENTER DRIVE,1321315200000.0,X,True,False,AREA OF MINIMAL FLOOD HAZARD,high,False,2.0,,0.0,6.0,6.0,1.0,0.035,14.088419914245604
dc_a189b6ecc607,"Atlantech Online - Rockville, MD",MD,39.064319,-77.160038,contains,0.0,200.0,29,133376.4,111.61569993284158,6.64,7246404.0,48366.8,48366.74,11.32,Commercial,,1205280000000.0,X,True,False,AREA OF MINIMAL FLOOD HAZARD,high,False,2.0,,0.0,6.0,6.0,1.0,0.055,13.613815307617188
dc_f462f5b23353,"Atlantech Online - Silver Spring, MD",MD,38.994508,-77.027147,nearest,13.739706831203328,200.0,27,258737.9,48.04351292549139,21.33,7179486.0,16015.6,16015.57,36.45,Industrial,,1205280000000.0,X,True,False,AREA OF MINIMAL FLOOD HAZARD,high,True,1.0,,0.0,6.0,6.0,1.0,0.055,13.629328727722168
dc_a288f31a82ee,East Kentucky Network Data Center,KY,37.59798,-82.68097,contains,0.0,200.0,7,22256.8,152.08722758685477,,1304104.0,16651.4,16647.08,,Commercial,101 TECHNOLOGY TRAILS,1523404800000.0,X,True,False,AREA OF MINIMAL FLOOD HAZARD,high,,2.0,,0.0,6.0,6.0,4.0,0.065,12.019612312316896
dc_d988206c842d,365 Data Centers Carlstadt (NJ3),NJ,40.827949,-74.049418,contains,0.0,200.0,6,253110.6,0.0,8.66,7822479.0,253110.6,253110.2,8.66,Industrial,,1376524800000.0,AE,True,True,,high,False,2.0,,0.0,6.0,6.0,3.0,0.105,7.277477264404297
dc_2c733095b6bd,Element Critical Houston HOU1,TX,29.802918,-95.755821,contains,0.0,200.0,20,125980.9,0.0,,36592140.0,125980.9,126185.8,,Industrial,22002 FRANZ ROAD,1693526400000.0,X,True,False,AREA OF MINIMAL FLOOD HAZARD,high,,2.0,1.0,0.5,1.0,1.0,1.0,0.015,19.91736221313477
dc_a2e7abda96a4,Clackamas ESD Datacenter,OR,45.426665,-122.562821,nearest,23.863338317857277,200.0,38,34392.0,42.36669340324571,,137778.0,3266.0,3263.49,,Residential,,1566864000000.0,X,True,False,AREA OF MINIMAL FLOOD HAZARD,high,,1.0,,0.0,6.0,6.0,2.0,0.165,0.6346678733825684
dc_b15cee237812,"DartPoints Baton Rouge, LA - BTR2",LA,30.453521,-91.115584,nearest,8.13953963378034,200.0,4,792312.5,8.13953963378034,7.6,10335260.0,792312.5,792309.4,7.6,Government,7127 FLORIDA BOULEVARD,1314489600000.0,X,True,False,AREA OF MINIMAL FLOOD HAZARD,high,False,4.0,,0.0,6.0,6.0,1.0,0.025,27.227249145507812
dc_ada9efdb9033,Southern Telecom,GA,33.760547,-84.387636,nearest,5.797854448180621,200.0,7,1553498.9,5.797854448180621,30.27,17217821.0,1553498.9,1553498.0,30.27,Utility and Misc,,1351209600000.0,X,True,False,AREA OF MINIMAL FLOOD HAZARD,high,True,10.0,,0.0,6.0,6.0,,0.055,16.562829971313477
dc_8f5936e41883,70 Henry St,NY,42.100956,-75.909021,contains,0.0,200.0,32,378335.5,123.90096096849896,,6007577.0,95610.8,95547.61,,Commercial,42 CHENANGO STREET,1510099200000.0,,False,,,high,,2.0,,0.0,6.0,6.0,2.0,0.045,6.290899753570557
dc_d66268183bda,"DartPoints Shreveport, LA - SHV1",LA,32.511243,-93.749806,nearest,6.133802822763344,200.0,30,48007.5,53.92267198760968,21.2,10469932.0,33926.5,33926.4,15.4,Unclassified,,1222300800000.0,X,True,False,AREA OF MINIMAL FLOOD HAZARD,high,True,3.0,,0.0,6.0,6.0,1.0,0.035,22.592914581298828
dc_cc2a38263c7a,American Tower RA1,NC,35.78812,-78.726568,contains,0.0,200.0,22,40129.2,165.9009994452652,9.0,15314891.0,2809.2,2809.199,4.0,Unclassified,6011 CHAPEL HILL ROAD,1267488000000.0,X,True,False,AREA OF MINIMAL FLOOD HAZARD,high,False,1.0,,0.0,6.0,6.0,3.0,0.035,15.275832176208496
dc_98b518cb96d4,USSHC,IA,42.284076,-91.092129,contains,0.0,200.0,2,1846.4,34.317569806908445,,775860.0,1582.6,1582.297,,Industrial,24254 HIGHWAY 151,1393718400000.0,X,True,False,AREA OF MINIMAL FLOOD HAZARD,high,,1.0,,0.0,6.0,6.0,,0.025,8.24216365814209
dc_6875118f0a7f,H5 Data Centers Quincy 2/3,WA,47.247916,-119.824924,contains,0.0,200.0,2,97757.4,0.0,,7000762.0,97757.4,97789.06,,Industrial,,1513987200000.0,X,True,False,AREA OF MINIMAL FLOOD HAZARD,high,,2.0,,0.0,6.0,6.0,1.0,0.075,1.113155484199524
dc_be781da0ac27,H5 Data Centers Omaha,NE,41.1805,-96.0848,contains,0.0,200.0,23,236323.4,0.0,12.6,3043945.0,236323.4,236482.1,12.6,Commercial,10917 HARRY WATANABE PARKWAY,1366848000000.0,X,True,False,AREA OF MINIMAL FLOOD HAZARD,high,True,3.0,1.0,0.6666666666666666,1.0,6.0,2.0,0.015,15.336313247680664
dc_763d1075346e,H5 Data Centers Buffalo I,NY,43.169108,-78.751648,contains,0.0,200.0,1,246519.5,0.0,,6001431.0,246519.5,246524.9,,Industrial,5319 ENTERPRISE DRIVE,1469059200000.0,X,True,False,AREA OF MINIMAL FLOOD HAZARD,high,,4.0,3.0,0.5,6.0,6.0,4.0,0.025,7.1311845779418945
dc_f52600c4827b,H5 Data Centers Buffalo II,NY,43.169846,-78.747693,contains,0.0,200.0,10,124355.4,0.0,,277470.0,124355.4,124358.5,,Industrial,5365 CROWN DRIVE,1469059200000.0,X,True,False,AREA OF MINIMAL FLOOD HAZARD,high,,4.0,,0.0,6.0,6.0,4.0,0.025,7.1311845779418945
dc_d86fdc4e8f2f,Lightboard ★ Western NY,NY,43.05044,-76.15069,nearest,4.488446355295925,200.0,22,107039.2,193.46249131400552,11.81,7050123.0,29091.1,29074.09,28.06,Commercial,250 EAST WATER STREET,1218499200000.0,X,True,False,AREA OF MINIMAL FLOOD HAZARD,high,True,1.0,,0.0,6.0,6.0,,0.035,4.226500511169434
dc_9d03f9d03002,BLDR-1919,CO,40.0176,-105.2771,nearest,5.754405423442963,200.0,37,59201.2,162.68380671208084,,5731901.0,8462.0,8467.551,,Industrial,1401 WALNUT STREET,1594252800000.0,X,True,False,AREA OF MINIMAL FLOOD HAZARD,high,,1.0,,0.0,6.0,6.0,4.0,0.055,8.338175773620605
dc_e61bb2d7e36b,365 Data Centers Buffalo (PA1),PA,39.962369,-75.163734,contains,0.0,200.0,31,231382.1,77.04676726588272,23.89,7868955.0,137367.1,137367.0,35.99,Industrial,,1348012800000.0,X,True,False,AREA OF MINIMAL FLOOD HAZARD,high,True,4.0,,0.0,6.0,6.0,2.0,0.075,9.466512680053713
dc_ac85fb243e38,365 Data Centers Alpharetta (GA1),GA,34.06343,-84.272727,contains,0.0,200.0,2,80526.5,0.0,,51467359.0,80526.5,80587.91,,Commercial,,1664236800000.0,X,True,False,AREA OF MINIMAL FLOOD HAZARD,high,,3.0,3.0,0.3333333333333333,6.0,3.0,3.0,0.065,16.0975399017334
dc_af4daeefc3e5,365 Data Centers Aurora (CO1),CO,39.762839,-104.761931,contains,0.0,200.0,6,281990.3,142.25200468407223,11.39,15457837.0,153040.1,153040.0,10.81,Commercial,3491 NORTH WINDSOR DRIVE,1337212800000.0,X,True,False,AREA OF MINIMAL FLOOD HAZARD,high,False,4.0,3.0,0.25,6.0,6.0,3.0,0.045,10.969576835632324
dc_3cd6e70ce3be,365 Data Centers Marlboro (MA1),MA,42.352468,-71.586082,contains,0.0,200.0,11,125209.3,175.97143889030045,,1674535.0,9490.7,9903.943,,Commercial,250 LOCKE DRIVE,1570233600000.0,X,True,False,AREA OF MINIMAL FLOOD HAZARD,high,,1.0,1.0,1.0,1.0,1.0,3.0,0.075,3.984761238098145
dc_526d50fec2b4,365 Data Centers Rancho Cordova (CA1),CA,38.596063,-121.272644,contains,0.0,200.0,12,83074.2,192.301681216156,,2199526.0,70017.0,69493.41,,Industrial,,1474502400000.0,X,True,False,AREA OF MINIMAL FLOOD HAZARD,high,,2.0,,0.0,6.0,6.0,3.0,0.1149999999999999,0.568257212638855
dc_2146da00a164,365 Data Centers Richardson (TX1),TX,32.97617,-96.70732,contains,0.0,200.0,13,76240.4,0.0,6.12,30184304.0,76240.4,76240.27,6.12,Commercial,5535 NORTHMOOR DR,1435708800000.0,X,True,False,AREA OF MINIMAL FLOOD HAZARD,high,False,2.0,,0.0,6.0,6.0,3.0,0.025,18.841638565063477
dc_541552635281,365 Data Centers Smyrna (GA2),GA,33.841159,-84.522407,contains,0.0,200.0,7,380663.7,176.77725206402835,10.36,17321074.0,66659.9,66659.76,10.71,Commercial,,1351209600000.0,X,True,False,AREA OF MINIMAL FLOOD HAZARD,high,False,1.0,,0.0,6.0,6.0,3.0,0.065,17.153179168701172
dc_6868e3ad619f,Hurricane Electric San Jose 1,CA,37.33448,-121.89158,nearest,5.979474039055415,200.0,29,115479.9,131.98261405108772,13.07,15648160.0,59302.9,59302.88,31.09,Utility and Misc,,1349049600000.0,D,True,False,,high,True,4.0,,0.0,6.0,6.0,4.0,0.655,0.1221932545304298
dc_d7f54557743c,Cogent Springfield MA,MA,42.112956,-72.583699,contains,0.0,200.0,52,121647.4,61.17480574962925,9.69,7400719.0,14196.9,14196.84,5.43,Industrial,400 TAYLOR STREET,1346112000000.0,X,True,False,AREA OF MINIMAL FLOOD HAZARD,high,False,1.0,,0.0,6.0,6.0,1.0,0.065,5.542868614196777
dc_e4340826cfb0,WANSEC DC16,KS,38.962363,-94.714725,contains,0.0,200.0,23,47860.1,167.49473098715742,,604467.0,4220.5,4219.458,,Commercial,,1587427200000.0,X,True,False,AREA OF MINIMAL FLOOD HAZARD,high,,1.0,,0.0,6.0,6.0,2.0,0.025,20.538841247558594
dc_5af66ce7d4ef,YAKMWAFP - Wholesail Yakima,WA,46.604852,-120.493644,contains,0.0,200.0,69,82897.0,161.31490180803883,,5641786.0,8569.8,8570.747,,Residential,,1563926400000.0,X,True,False,AREA OF MINIMAL FLOOD HAZARD,high,,1.0,,0.0,6.0,6.0,2.0,0.095,0.9701794385910034
dc_5374f5d1551e,DCN Dakota Carrier Networks,ND,46.81286,-96.84383,contains,0.0,200.0,5,109819.4,0.0,,449226.0,109819.4,109804.6,,Commercial,4550 42ND STREET SOUTH,1504656000000.0,X,True,False,0.2 PCT ANNUAL CHANCE FLOOD HAZARD,high,,4.0,1.0,0.25,6.0,1.0,1.0,0.005,7.952457904815674
dc_9c6d4cad3022,DCN Dakota Carrier Networks Bismarck,ND,46.851773,-100.78185,contains,0.0,200.0,13,38351.0,0.0,,907629.0,38351.0,38337.66,,Commercial,,1568764800000.0,X,True,False,AREA OF MINIMAL FLOOD HAZARD,high,,1.0,,0.0,6.0,6.0,1.0,0.015,14.379740715026855
dc_ecf9c3a425ee,Cogent St Louis,MO,38.621224,-90.212002,contains,0.0,200.0,55,124149.8,159.29955560030857,7.34,11502311.0,7477.8,7477.813,4.18,Industrial,,1352419200000.0,X,True,False,AREA OF MINIMAL FLOOD HAZARD,high,False,1.0,,0.0,6.0,6.0,1.0,0.165,15.06376838684082
dc_1e15142da89c,Cogent Houston,TX,29.944087,-95.416408,contains,0.0,200.0,10,247576.3,70.22330983759304,,37930681.0,77708.1,77875.45,,Industrial,12231 NORTH FREEWAY,1668297600000.0,X,True,False,AREA OF MINIMAL FLOOD HAZARD,high,,2.0,,0.0,6.0,6.0,1.0,0.015,20.972787857055664
dc_ed440e2ff94b,Cogent Akron,OH,41.087427,-81.513895,contains,0.0,200.0,26,73900.1,132.72354535938706,14.48,9411157.0,26930.2,26930.14,4.53,Commercial,120 NORTH BROADWAY STREET,1282003200000.0,X,True,False,AREA OF MINIMAL FLOOD HAZARD,high,False,1.0,,0.0,6.0,6.0,1.0,0.025,14.31541633605957
dc_c4bceff97da5,Cogent Atlanta 2,GA,33.722413,-84.412569,contains,0.0,200.0,47,82089.5,131.1665625949524,5.34,17154994.0,29908.8,29908.74,6.9,Commercial,,1351209600000.0,X,True,False,AREA OF MINIMAL FLOOD HAZARD,high,False,2.0,,0.0,6.0,6.0,3.0,0.055,16.562829971313477
dc_d0177d80704c,Cogent Austin,TX,30.20925,-97.69795,contains,0.0,200.0,4,261075.0,0.0,10.2,31046247.0,261075.0,261074.4,10.2,Commercial,7301 METRO CENTER DR,1311292800000.0,X,True,False,AREA OF MINIMAL FLOOD HAZARD,high,False,2.0,,0.0,6.0,6.0,3.0,0.015,13.630367279052734
dc_ccac73fc88ed,Cogent Elkridge,MD,39.203469,-76.712389,contains,0.0,200.0,8,35112.0,0.0,7.25,7653749.0,35112.0,35111.93,7.25,Industrial,6050 RACE ROAD,1347494400000.0,X,True,False,AREA OF MINIMAL FLOOD HAZARD,high,False,1.0,,0.0,6.0,6.0,1.0,0.055,14.052087783813477
dc_42b486a76993,Cogent Billings,MT,45.740895,-108.591913,nearest,80.67250298410801,200.0,8,21359.6,171.9972120676454,,2336047.0,5356.4,5356.749,,Commercial,2940 HESPER ROAD,1531872000000.0,X,True,False,AREA OF MINIMAL FLOOD HAZARD,high,,1.0,,0.0,6.0,6.0,2.0,0.055,6.671207427978516
dc_f60ee055de0c,Cogent Buffalo,NY,42.881232,-78.846588,contains,0.0,200.0,95,38309.5,102.29598385750936,10.01,8159115.0,565.2,565.1562,8.88,Commercial,249 BRISTOL STREET,1427846400000.0,X,True,False,AREA OF MINIMAL FLOOD HAZARD,high,False,1.0,,0.0,6.0,6.0,3.0,0.025,8.291032791137695
dc_d42b2dbe3bc5,Cogent Charlotte,NC,35.222095,-80.836971,nearest,10.75874754151539,200.0,24,76415.4,152.14546485255525,15.3,5040379.0,791.8,689.5478,,Unclassified,,1539907200000.0,X,True,False,AREA OF MINIMAL FLOOD HAZARD,high,,1.0,,0.0,6.0,6.0,,0.055,14.088505744934082
dc_9c3dfd2fd93c,Cogent Charlotte 2,NC,35.221028,-80.858282,contains,0.0,200.0,30,47773.9,187.94562767856965,5.7,15099702.0,14334.2,14334.17,5.3,Commercial,1320 SOUTH MINT STREET,1328745600000.0,X,True,False,AREA OF MINIMAL FLOOD HAZARD,high,False,1.0,,0.0,6.0,6.0,2.0,0.055,14.088505744934082
dc_06e384882ecc,Cogent Cheyenne,WY,41.127922,-104.811619,contains,0.0,200.0,63,19874.4,0.0,5.86,19008729.0,19874.4,19858.61,5.86,Unclassified,114 WEST 10TH STREET,1234310400000.0,X,True,False,AREA OF MINIMAL FLOOD HAZARD,high,False,2.0,,0.0,6.0,6.0,1.0,0.055,9.38316249847412
dc_67de210cb17a,Cogent Chicago 3,IL,41.819974,-87.728896,contains,0.0,200.0,10,219418.3,144.69937077585092,12.09,34957591.0,37897.5,37897.45,5.72,Industrial,4200 WEST 40TH STREET,1321315200000.0,X,True,False,AREA OF MINIMAL FLOOD HAZARD,high,False,4.0,,0.0,6.0,6.0,,0.035,16.118194580078125
dc_445b318d96ef,Cogent Cleveland 2,OH,41.484768,-81.674771,contains,0.0,200.0,4,8386.5,186.99469653711117,5.1,9637027.0,5578.6,5578.566,5.03,Industrial,2650 ROCKEFELLER AVENUE,1282003200000.0,X,True,False,AREA OF MINIMAL FLOOD HAZARD,high,False,1.0,,0.0,6.0,6.0,1.0,0.035,14.31541633605957
dc_6ae6c7cea56c,Cogent Columbus 2,OH,39.974016,-82.998627,contains,0.0,200.0,7,1489063.6,127.80448863721804,25.8,9776381.0,4776.5,4776.54,4.13,Commercial,161 GOODALE STREET,1301616000000.0,X,True,False,AREA OF MINIMAL FLOOD HAZARD,high,False,1.0,,0.0,6.0,6.0,,0.035,14.319350242614746
dc_3a88e754c921,QTS Charlotte (CTL1),SC,35.034691,-81.104514,nearest,146.79942966234847,200.0,1,5386.9,146.79942966234847,,50735047.0,5386.9,5382.617,,Government,2159 HANDS MILL HIGHWAY,1573430400000.0,X,True,False,AREA OF MINIMAL FLOOD HAZARD,high,,1.0,4.0,1.0,4.0,4.0,4.0,0.065,13.459467887878418
dc_80b3c168cede,QTS Richmond - (RIC5),VA,37.502016,-77.260573,nearest,119.68420837904216,200.0,3,5448.2,156.02322759847976,,51080098.0,484.3,484.3807,,Government,5201 TECHNOLOGY BOULEVARD,1644537600000.0,X,True,False,AREA OF MINIMAL FLOOD HAZARD,high,,1.0,,0.0,6.0,2.0,2.0,0.0849999999999999,13.578962326049805
dc_9a32e70d572f,Databank Orangeburg (LGA3),NY,41.040063,-73.989975,contains,0.0,200.0,12,4749.8,21.30122263989307,,2568088.0,3644.9,3642.585,,Commercial,2000 CORPORATE DRIVE,1516492800000.0,X,True,False,AREA OF MINIMAL FLOOD HAZARD,high,,1.0,,0.0,6.0,6.0,4.0,0.105,6.558852672576904
dc_51c0ad902c40,Databank Houston West (HOU3),TX,29.84406,-95.560354,contains,0.0,200.0,3,303573.0,0.0,,37838774.0,303573.0,304157.6,,Industrial,5300 WEST SAM HOUSTON PARKWAY NORTH,1573344000000.0,X,True,False,AREA OF MINIMAL FLOOD HAZARD,high,,2.0,,0.0,6.0,6.0,1.0,0.015,19.91736221313477
dc_c673c48513b5,Rochester Colo,NY,43.049271,-77.466584,contains,0.0,200.0,11,45531.6,158.6234297656924,,2762274.0,18769.7,18773.31,,Industrial,1100 PITTSFORD VICTOR ROAD,1564704000000.0,X,True,False,AREA OF MINIMAL FLOOD HAZARD,high,,1.0,,0.0,6.0,6.0,4.0,0.035,5.789772987365723
dc_b71e10f0b551,AceHost Durham,NC,35.895741,-78.849173,nearest,6.087929555069031,200.0,15,21424.2,63.23141697490739,,9900787.0,14584.9,15171.44,,Commercial,4518 SOUTH MIAMI BOULEVARD,1510790400000.0,X,True,False,AREA OF MINIMAL FLOOD HAZARD,high,,1.0,,0.0,6.0,6.0,3.0,0.035,15.275832176208496
dc_db4d5ab5de2e,QTD2 - 60 Hudson Street 1602,NY,40.717729,-74.008306,contains,0.0,200.0,25,66438.0,123.85934790097323,21.21,7730764.0,63885.5,63845.47,69.18,Commercial,60 HUDSON STREET,1376524800000.0,X,True,False,AREA OF MINIMAL FLOOD HAZARD,high,True,2.0,,0.0,6.0,6.0,4.0,0.095,7.277477264404297
dc_25599351716f,QTD1 - 60 Hudson Street 1510,NY,40.717729,-74.008306,contains,0.0,200.0,25,66438.0,123.85934790097323,21.21,7730764.0,63885.5,63845.47,69.18,Commercial,60 HUDSON STREET,1376524800000.0,X,True,False,AREA OF MINIMAL FLOOD HAZARD,high,True,2.0,,0.0,6.0,6.0,4.0,0.095,7.277477264404297
dc_3c4b4aee9b7e,QTD3 - 60 Hudson Street 1901,NY,40.717729,-74.008306,contains,0.0,200.0,25,66438.0,123.85934790097323,21.21,7730764.0,63885.5,63845.47,69.18,Commercial,60 HUDSON STREET,1376524800000.0,X,True,False,AREA OF MINIMAL FLOOD HAZARD,high,True,2.0,,0.0,6.0,6.0,4.0,0.095,7.277477264404297
dc_948284a799d6,Cogent Fairfax,SC,32.963731,-81.236142,contains,0.0,200.0,43,20341.7,0.0,,50897834.0,20341.7,20325.61,,Commercial,,1667347200000.0,X,True,False,AREA OF MINIMAL FLOOD HAZARD,high,,1.0,,0.0,6.0,6.0,4.0,0.095,20.18786239624023
dc_079b9dd52c7e,CyberLynk MKE1,WI,42.862661,-87.982784,contains,0.0,200.0,7,100556.7,147.17231147628095,,4078934.0,84872.0,84817.56,,Industrial,,1559260800000.0,X,True,False,AREA OF MINIMAL FLOOD HAZARD,high,,1.0,,0.0,6.0,6.0,2.0,0.025,12.258405685424805
dc_0bc4b8b71abf,Quad State Internet METRO1 Colocation,IL,37.152339,-88.732521,nearest,9.632895446868238,200.0,60,68383.2,50.64503208799587,,25187178.0,6528.4,6157.884,,Commercial,522 MARKET STREET,1436659200000.0,,False,,,high,,1.0,,0.0,6.0,6.0,1.0,0.345,15.870150566101074
dc_df9ba61f4853,Hub Express System,MA,42.375817,-71.080788,nearest,31.344874879454796,200.0,11,133359.2,49.81286953851754,12.43,7203346.0,76363.5,76363.37,6.72,Commercial,121 INNER BELT ROAD,1242864000000.0,X,True,False,AREA OF MINIMAL FLOOD HAZARD,high,False,2.0,,0.0,6.0,6.0,,0.0849999999999999,3.3172669410705566
dc_818cc8a2f8fc,"Equinix NY3 - New York, Secaucus",NJ,40.775204,-74.068019,nearest,1.1458806930008645,200.0,9,312598.6,145.08347893086898,13.75,7721280.0,272943.0,272942.7,12.01,Utility and Misc,,1376524800000.0,AE,True,True,,high,True,2.0,,0.0,6.0,6.0,3.0,0.105,7.277477264404297
dc_64ee76a3c9a6,1GServers Data Center,AZ,33.396473,-112.000223,contains,0.0,200.0,37,55376.4,193.8779291487999,10.22,11547418.0,15817.9,15817.85,6.39,Commercial,3719 EAST LA SALLE STREET,1412467200000.0,X,True,False,0.2 PCT ANNUAL CHANCE FLOOD HAZARD,high,False,1.0,,0.0,6.0,6.0,4.0,0.025,7.057002544403076
dc_32982197477b,Ligonier CO,IN,41.462171,-85.587923,contains,0.0,200.0,112,78013.3,187.44716035894393,,8687739.0,16621.7,16654.13,,Commercial,414 SOUTH CAVIN STREET,1447200000000.0,X,True,False,AREA OF MINIMAL FLOOD HAZARD,high,,2.0,,0.0,6.0,6.0,1.0,0.035,20.16395568847656
dc_806246663f94,Lagrange CO,IN,41.640794,-85.426453,nearest,1.550579270574269,200.0,37,14180.1,92.86405536248708,,6695344.0,8508.1,8561.053,,Commercial,513 WEST CENTRAL AVENUE,1447200000000.0,X,True,False,AREA OF MINIMAL FLOOD HAZARD,high,,4.0,1.0,0.25,6.0,6.0,1.0,0.035,17.038326263427734
dc_dffc745c288e,MCTX1,TX,26.201918,-98.231633,contains,0.0,200.0,34,88508.1,0.0,15.3,30760357.0,88508.1,88507.97,15.3,Commercial,200 S 10TH ST,1208390400000.0,,False,,,high,True,1.0,,0.0,6.0,6.0,,0.015,9.652347564697266
dc_b7238ef1801a,Omega CT1,CT,41.091604,-73.516758,contains,0.0,200.0,54,80137.1,45.67808846188026,,903544.0,33885.2,33871.01,,Industrial,26 FAHEY STREET,1541289600000.0,X,True,False,AREA OF MINIMAL FLOOD HAZARD,high,,1.0,,0.0,6.0,6.0,4.0,0.0849999999999999,6.558852672576904
dc_d263fd05759c,Omega PA1,PA,40.341233,-76.005374,contains,0.0,200.0,9,108932.8,86.82008484967119,,3509399.0,15503.0,15873.08,,Industrial,,1479427200000.0,X,True,False,AREA OF MINIMAL FLOOD HAZARD,high,,1.0,,0.0,6.0,6.0,2.0,0.075,12.121211051940918
dc_a110d272ec8d,Rochelle Technology Center,IL,41.9406,-89.0337,contains,0.0,200.0,2,93562.7,137.74455800402438,,19740965.0,14555.3,14404.54,,Unclassified,,1546560000000.0,X,True,False,AREA OF MINIMAL FLOOD HAZARD,high,,2.0,,0.0,6.0,6.0,1.0,0.035,16.612157821655273
dc_3fa98b8aaba6,Lifeline Ft Wayne,IN,41.014028,-85.109976,contains,0.0,200.0,21,118072.1,0.0,6.06,18431173.0,118072.1,118072.0,6.06,Commercial,7601 SOUTH ANTHONY BOULEVARD,1430438400000.0,X,True,False,AREA OF MINIMAL FLOOD HAZARD,high,False,2.0,,0.0,6.0,6.0,1.0,0.045,18.034406661987305
dc_0c28c42b4cce,LCUB Data Center,TN,35.84105,-84.26553,contains,0.0,200.0,6,160967.6,0.0,,7719216.0,160967.6,161081.0,,Government,7698 CREEKWOOD PARK BOULEVARD,1542412800000.0,X,True,False,AREA OF MINIMAL FLOOD HAZARD,high,,4.0,1.0,0.75,1.0,1.0,2.0,0.195,12.677520751953123
dc_058f35b988cf,375 Pearl Street,NY,40.7109,-74.0012,contains,0.0,200.0,16,126148.4,159.01688530233392,34.76,7730444.0,80891.6,80841.05,73.53,Education,411 PEARL STREET,1376524800000.0,X,True,False,AREA OF MINIMAL FLOOD HAZARD,high,True,4.0,,0.0,6.0,6.0,,0.095,7.277477264404297
dc_b035b25ea4f6,Pittsburgh Supercomputing Center,PA,40.445566,-79.949326,contains,0.0,200.0,69,248250.5,167.79776586006398,21.59,7496979.0,20647.5,20647.5,16.76,Education,,1312502400000.0,X,True,False,AREA OF MINIMAL FLOOD HAZARD,high,True,1.0,,0.0,6.0,6.0,1.0,0.025,12.35747528076172
dc_ac781566b7d6,Utah Data Center,UT,40.43153,-111.933092,nearest,13.066123243544252,200.0,8,63728.5,190.15506510037633,,6159605.0,3562.5,3560.155,,Government,,1566086400000.0,X,True,False,AREA OF MINIMAL FLOOD HAZARD,high,,2.0,2.0,1.0,2.0,2.0,4.0,0.155,4.538047790527344
dc_485eed312522,Bryant Building,MO,39.100947,-94.580944,nearest,7.686478471041416,200.0,16,594084.9,127.76042926631192,32.65,11230219.0,41925.7,41925.64,43.28,Commercial,1116 GRAND BOULEVARD,1329609600000.0,X,True,False,AREA OF MINIMAL FLOOD HAZARD,high,True,1.0,,0.0,6.0,6.0,,0.025,20.675199508666992
dc_6089ed0d5f26,San Diego Supercomputer Center,CA,32.884042,-117.239332,contains,0.0,200.0,36,123994.7,93.63977090766738,,5811018.0,23093.4,22631.42,,Education,,1475020800000.0,X,True,False,AREA OF MINIMAL FLOOD HAZARD,high,,4.0,,0.0,6.0,6.0,4.0,0.295,0.6888867616653442
dc_a33abfa67825,Computational Center for Nanotechnology Innovations,NY,42.6805,-73.6973,contains,0.0,200.0,9,41751.4,0.0,6.87,7286443.0,41751.4,41729.62,6.87,Commercial,405 JORDAN ROAD,1347321600000.0,,False,,,high,False,2.0,,0.0,6.0,6.0,4.0,0.055,8.666078567504883
dc_25ebcc8c51a4,Massachusetts Green High Performance Computing Center,MA,42.202625,-72.607606,contains,0.0,200.0,23,61453.5,157.58052819884432,14.04,7453937.0,49152.3,49152.18,13.26,Education,100 BIGELOW STREET,1346112000000.0,X,True,False,AREA OF MINIMAL FLOOD HAZARD,high,True,1.0,,0.0,6.0,6.0,,0.065,5.542868614196777
dc_58f71a0cfadd,Hyperion,LA,32.477149,-91.632333,nearest,497.9294775466837,800.0,18,3785.7,738.9581039597216,,10706316.0,2059.4,2058.591,,Residential,,1599436800000.0,X,True,False,AREA WITH REDUCED FLOOD RISK DUE TO LEVEE,low,,1.0,1.0,1.0,1.0,6.0,2.0,0.045,21.806913375854492
