facility_id,name,operator_company,facility_type,status,state,county,latitude,longitude,coordinate_precision,verification_status,coord_confidence,size_sqft,num_floors,haz_lightning_flash_per_km2_yr,haz_seismic_pga_g_475yr,haz_seismic_pga_g_475yr_method,haz_seismic_pga_g_975yr,haz_seismic_pga_g_975yr_method,haz_seismic_pga_g_2475yr,haz_seismic_pga_g_2475yr_method,haz_wildfire_whp_code,haz_wildfire_whp_severity,haz_wildfire_surface,haz_wildfire_burnable_frac_1000m,haz_wildfire_max_severity_1000m,haz_wildfire_burnable_frac_2400m,haz_wildfire_max_severity_2400m,haz_wildfire_burnable_frac_5000m,haz_wildfire_max_severity_5000m,qa_coordinate_on_water
dc_9bb24f423687,CoreSite DC1,CoreSite,colocation,operational,DC,District of Columbia,38.9025805,-77.0292105,building,CANDIDATE,medium,,,13.629328727722168,0.055,1,0.095,1,0.155,1,6.0,,non_burnable,0.044444444444444446,1.0,0.0546875,2.0,0.11336405529953918,2.0,False
dc_a6e2e1513613,Southwest Cyberport,,unknown,operational,NM,Bernalillo,35.10196,-106.58933,building,CANDIDATE,medium,,,9.913078308105469,0.055,1,0.095,1,0.175,1,6.0,,non_burnable,0.0,0.0,0.01171875,2.0,0.05714285714285714,3.0,False
dc_a686ad9e9a88,NocRoom Miami IT Services,,unknown,operational,FL,Miami-Dade,25.7915453,-80.3177484,building,AMBIGUOUS,medium,,,22.965288162231445,0.005,1,0.015,1,0.025,1,6.0,,non_burnable,0.13333333333333333,2.0,0.05859375,3.0,0.10046082949308756,3.0,False
dc_6d263b15b250,NocRoom Miami IT Services,,unknown,operational,FL,Miami-Dade,25.776033,-80.193092,building,CANDIDATE,medium,,,22.965288162231445,0.005,1,0.015,1,0.025,1,6.0,,non_burnable,0.022222222222222223,3.0,0.0234375,3.0,0.027649769585253458,3.0,False
dc_880a171377bb,Center for Computation & Technology (CCT),,unknown,operational,LA,East Baton Rouge,30.407446,-91.1725454,building,pending,medium,,,27.227249145507812,0.025,1,0.035,1,0.065,1,6.0,,non_burnable,0.15555555555555556,1.0,0.25390625,1.0,0.3170506912442396,1.0,False
dc_537f282facb3,Google Fiber,Google,hyperscale,operational,GA,Fulton,33.7715677,-84.3668585,building,UNRESOLVABLE,medium,,,16.562829971313477,0.055,1,0.08499999999999999,1,0.14500000000000002,1,6.0,,non_burnable,0.06666666666666667,3.0,0.18359375,3.0,0.24055299539170508,3.0,False
dc_15be445c537f,Open Computing Facility,,unknown,operational,CA,Alameda,37.8698521,-122.2598231,building,pending,medium,,,0.09281287342309952,0.595,1,0.775,1,1.0550000000000002,1,6.0,,non_burnable,0.1111111111111111,4.0,0.1953125,4.0,0.33640552995391704,5.0,False
dc_e54691f8993e,Lumos Networks,,unknown,operational,VA,Lynchburg,37.4156786,-79.1429447,building,CANDIDATE,medium,,,10.857731819152832,0.065,1,0.10500000000000001,1,0.195,1,6.0,,non_burnable,0.17777777777777778,1.0,0.375,3.0,0.5502304147465438,3.0,False
dc_004d4bd391b5,Rack59 Data Center,,unknown,operational,OK,Oklahoma,35.4672049,-97.6497453,building,CANDIDATE,medium,,,18.828590393066406,0.045,1,0.08499999999999999,1,0.175,1,6.0,,non_burnable,0.15555555555555556,1.0,0.31640625,1.0,0.2488479262672811,1.0,False
dc_c15c28bd70c1,Oso Grande,Oso Grande,unknown,operational,NM,Bernalillo,35.0925015,-106.6536712,building,pending,medium,,,9.913078308105469,0.055,1,0.095,1,0.175,1,6.0,,non_burnable,0.0,0.0,0.08203125,3.0,0.15944700460829492,3.0,False
dc_c2c582121fae,Morgan Wireless,,unknown,operational,WV,Morgan,39.6309851,-78.2253196,building,pending,medium,,,11.673903465270996,0.045,1,0.07500000000000001,1,0.14500000000000002,1,6.0,,non_burnable,0.6222222222222222,3.0,0.8125,3.0,0.8847926267281107,3.0,False
dc_6324e54cb1f3,VIRTBIZ,,unknown,operational,TX,Dallas,32.7825463,-96.7828145,building,pending,medium,,,18.841638565063477,0.025,1,0.035,1,0.065,1,6.0,,non_burnable,0.0,0.0,0.01953125,2.0,0.17142857142857143,3.0,False
dc_94697aa66760,FirstLight Data Center,FirstLight,unknown,operational,ME,Cumberland,43.657708,-70.261781,building,CANDIDATE,medium,,,2.118645191192627,0.07500000000000001,1,0.125,1,0.225,1,6.0,,non_burnable,0.0,0.0,0.02734375,3.0,0.19723502304147467,3.0,False
dc_72d8cb06afd7,Learning GIS!,,unknown,operational,IN,Tippecanoe,40.42179,-86.9141546,building,pending,medium,,,22.477502822875977,0.045,1,0.07500000000000001,1,0.125,1,6.0,,non_burnable,0.06666666666666667,1.0,0.30078125,1.0,0.3585253456221198,1.0,False
dc_ba3a04b0acb7,Agricultural and Biological Engineering,,unknown,operational,IN,Tippecanoe,40.4218543,-86.9165454,building,pending,medium,,,22.477502822875977,0.045,1,0.07500000000000001,1,0.125,1,6.0,,non_burnable,0.08888888888888889,1.0,0.33984375,1.0,0.3686635944700461,1.0,False
dc_eef3ba94431e,Windstream Communications,,unknown,operational,NC,Durham,35.881397,-78.851552,building,pending,medium,,,15.275832176208496,0.035,1,0.055,1,0.095,1,3.0,3.0,moderate,0.37777777777777777,3.0,0.4296875,3.0,0.5069124423963134,3.0,False
dc_d1631b663c48,Level 3 Communications,,unknown,operational,NC,Durham,35.881364,-78.8515726,building,pending,medium,,,15.275832176208496,0.035,1,0.055,1,0.095,1,3.0,3.0,moderate,0.37777777777777777,3.0,0.4296875,3.0,0.5069124423963134,3.0,False
dc_a28b6b533687,OptimumHQ,,unknown,operational,AZ,Maricopa,33.3804149,-111.7526684,building,pending,medium,,,7.883434772491455,0.025,1,0.035,1,0.065,1,6.0,,non_burnable,0.1111111111111111,4.0,0.13671875,4.0,0.13640552995391705,4.0,False
dc_2980260de3e5,The Chatfield Group,,unknown,operational,AZ,Maricopa,33.380601,-111.7528888,building,pending,medium,,,7.883434772491455,0.025,1,0.035,1,0.065,1,6.0,,non_burnable,0.13333333333333333,4.0,0.13671875,4.0,0.13456221198156681,4.0,False
dc_b9549d1a3e6c,All About Serving Process Server,,unknown,operational,AZ,Maricopa,33.3199157,-111.809686,building,pending,medium,,,7.883434772491455,0.025,1,0.035,1,0.055,1,6.0,,non_burnable,0.044444444444444446,4.0,0.07421875,4.0,0.1447004608294931,4.0,False
dc_4dccde6d1dfb,Emailage,,unknown,operational,AZ,Maricopa,33.302965,-111.8405386,building,pending,medium,,,7.883434772491455,0.025,1,0.035,1,0.055,1,6.0,,non_burnable,0.13333333333333333,4.0,0.109375,4.0,0.13732718894009216,4.0,False
dc_0ffde5e0d6a1,Alliance Technology,,unknown,operational,AZ,Maricopa,33.3799862,-111.728405,building,pending,medium,,,7.883434772491455,0.025,1,0.035,1,0.065,1,6.0,,non_burnable,0.1111111111111111,4.0,0.20703125,4.0,0.14838709677419354,4.0,False
dc_74f18bfa8df0,8100 Boone Boulevard,Digital Realty,colocation,operational,VA,Fairfax,38.913156,-77.225732,building,CANDIDATE,high,19578.3,5.0,13.629328727722168,0.055,1,0.095,1,0.165,1,6.0,,non_burnable,0.044444444444444446,1.0,0.234375,1.0,0.3529953917050691,1.0,False
dc_4465586fa278,Atlanta ATL13,Digital Realty,colocation,operational,GA,Fulton,33.7555186,-84.3914814,building,pending,medium,,,16.562829971313477,0.055,1,0.08499999999999999,1,0.14500000000000002,1,6.0,,non_burnable,0.0,0.0,0.015625,3.0,0.1631336405529954,3.0,False
dc_c91b689569e2,Data Holdings Data Center,,unknown,operational,WI,Milwaukee,43.0439408,-87.9539794,building,pending,medium,,,8.040300369262695,0.015,1,0.035,1,0.055,1,6.0,,non_burnable,0.022222222222222223,1.0,0.046875,1.0,0.03317972350230415,1.0,False
dc_8f61bbab2b18,STACK Infrastructure,"Stack Infrastructure, Incorporated",colocation,operational,CA,Santa Clara,37.403305,-121.891247,building,CANDIDATE,medium,,,0.12219325453042984,0.645,1,0.845,1,1.125,1,6.0,,non_burnable,0.0,0.0,0.01953125,3.0,0.12442396313364056,4.0,False
dc_16b0103c1ecb,Digital West Data Center,,unknown,operational,CA,San Luis Obispo,35.2553162,-120.6415128,building,pending,medium,,,0.12851876020431519,0.235,1,0.325,1,0.485,1,6.0,,non_burnable,0.35555555555555557,4.0,0.5390625,5.0,0.6285714285714286,5.0,False
dc_e0a8ffe0675b,Chick-fil-A Hiring Center,Dennis Sampier,unknown,operational,MI,Macomb,42.6279424,-82.9883939,building,pending,medium,,,16.57863998413086,0.025,1,0.045,1,0.07500000000000001,1,6.0,,non_burnable,0.1111111111111111,1.0,0.10546875,1.0,0.16497695852534563,2.0,False
dc_9fe2fa1cb2a0,Ergonomic Group,,unknown,operational,CT,Capitol,41.706538,-72.590904,building,CANDIDATE,medium,,,4.7566447257995605,0.07500000000000001,1,0.11499999999999999,1,0.225,1,6.0,,non_burnable,0.24444444444444444,3.0,0.43359375,3.0,0.5493087557603686,3.0,False
dc_e6031badf345,San Jose Colocation Center,CoreSite,colocation,operational,CA,Santa Clara,37.334508,-121.89143,building,CANDIDATE,medium,,,0.12219325453042984,0.655,1,0.865,1,1.145,1,6.0,,non_burnable,0.022222222222222223,4.0,0.03125,4.0,0.047926267281105994,4.0,False
dc_a6907eaa6ace,Amazon Web Services IAD69,Amazon Web Services,hyperscale,operational,VA,Loudoun,39.0254851,-77.4146998,building,pending,medium,,,13.613815307617188,0.055,1,0.095,1,0.175,1,6.0,,non_burnable,0.08888888888888889,1.0,0.28125,1.0,0.34654377880184334,1.0,False
dc_165fe373f4a4,Stream Data Centers Houston,,unknown,operational,TX,Montgomery,30.1777082,-95.486593,building,pending,high,126121.9,,22.235015869140625,0.015,1,0.025,1,0.045,1,6.0,,non_burnable,0.1111111111111111,3.0,0.1875,3.0,0.27926267281105993,3.0,False
dc_70473eb49a8f,Crown Castle Baltimore,Crown Castle Fiber,unknown,operational,MD,Baltimore,39.287752,-76.60685,building,CANDIDATE,medium,,,14.052087783813477,0.055,1,0.095,1,0.175,1,6.0,,non_burnable,0.0,0.0,0.01953125,1.0,0.07465437788018434,1.0,False
dc_a5cc2c2adb3a,AiNET One Market Center,AiNET,unknown,operational,MD,Baltimore,39.29165,-76.61974,building,CANDIDATE,medium,,,14.052087783813477,0.055,1,0.095,1,0.175,1,6.0,,non_burnable,0.0,0.0,0.01953125,1.0,0.08847926267281106,1.0,False
dc_8adc27a50dae,Lumen McLean,Lumen Technologies,colocation,operational,VA,Fairfax,38.9208538,-77.2115713,building,pending,medium,,,13.629328727722168,0.055,1,0.095,1,0.165,1,6.0,,non_burnable,0.13333333333333333,1.0,0.2421875,1.0,0.4055299539170507,1.0,False
dc_14899623a0b1,TierPoint Milwaukee,,colocation,operational,WI,Milwaukee,43.0093779,-87.9610618,building,pending,medium,,,8.040300369262695,0.025,1,0.035,1,0.055,1,6.0,,non_burnable,0.022222222222222223,1.0,0.08984375,1.0,0.06359447004608294,1.0,False
dc_7cf3203418c1,Frontier Science,,unknown,operational,NY,Erie,42.9902011,-78.8123836,building,pending,medium,,,8.291032791137695,0.025,1,0.045,1,0.095,1,6.0,,non_burnable,0.13333333333333333,3.0,0.1484375,4.0,0.24976958525345622,4.0,False
dc_8d9f4b8cf0b8,505 Marquette,,unknown,operational,NM,Bernalillo,35.088399,-106.65223,building,CANDIDATE,medium,,,9.913078308105469,0.055,1,0.095,1,0.175,1,6.0,,non_burnable,0.0,0.0,0.09375,3.0,0.16866359447004609,3.0,False
dc_b82bb79938c5,123 Central,bigbyte.cc,unknown,operational,NM,Bernalillo,35.0844494,-106.6489853,building,pending,medium,,,9.913078308105469,0.055,1,0.095,1,0.175,1,6.0,,non_burnable,0.0,0.0,0.08203125,3.0,0.1695852534562212,3.0,False
dc_02eebfd81a53,Oak Tower,,unknown,operational,MO,Jackson,39.1010328,-94.5793375,building,CANDIDATE,medium,,,20.675199508666992,0.025,1,0.045,1,0.07500000000000001,1,6.0,,non_burnable,0.0,0.0,0.0234375,3.0,0.054377880184331796,3.0,False
dc_27fa53a57833,Netrality Data Centers,,unknown,operational,MO,Jackson,39.1009469,-94.5809437,building,CANDIDATE,medium,,,20.675199508666992,0.025,1,0.045,1,0.07500000000000001,1,6.0,,non_burnable,0.0,0.0,0.0234375,3.0,0.052534562211981564,3.0,False
dc_52be2b848b4f,Netrality,Netrality,unknown,operational,IL,Cook,41.8728811,-87.63344,building,pending,medium,,,16.118194580078125,0.035,1,0.055,1,0.095,1,6.0,,non_burnable,0.0,0.0,0.0078125,1.0,0.009216589861751152,1.0,False
dc_d5e6794a2612,Brandaleone Lab for Data and Visualization,Duke Libraries,unknown,operational,NC,Durham,36.0030993,-78.9385323,building,UNRESOLVABLE,medium,,,14.05187702178955,0.035,1,0.055,1,0.095,1,6.0,,non_burnable,0.35555555555555557,3.0,0.484375,3.0,0.4894009216589862,3.0,False
dc_d1cc4e423ca1,Frontier (supercomputer),Oak Ridge National Laboratory,unknown,operational,TN,Roane,35.929597,-84.310567,building,CANDIDATE,medium,,,12.677520751953125,0.165,1,0.275,1,0.495,1,6.0,,non_burnable,0.6,3.0,0.82421875,3.0,0.8534562211981567,3.0,False
dc_1771855b67b2,TelePacific,Ntirety,unknown,operational,CA,San Francisco,37.779653,-122.393857,building,CANDIDATE,medium,,,0.09281287342309952,0.485,1,0.615,1,0.815,1,6.0,,non_burnable,0.0,0.0,0.0078125,3.0,0.011981566820276499,4.0,False
dc_23be1dc53fc6,VaultLogix,,unknown,operational,AZ,Maricopa,33.627367,-111.9017033,building,pending,medium,,,7.846182823181152,0.025,1,0.045,1,0.07500000000000001,1,6.0,,non_burnable,0.06666666666666667,4.0,0.15625,4.0,0.2488479262672811,5.0,False
dc_60ad9b8f15c0,Profit Finder Pro Software,,unknown,operational,AZ,Maricopa,33.6272477,-111.9020476,building,pending,medium,,,7.846182823181152,0.025,1,0.045,1,0.07500000000000001,1,6.0,,non_burnable,0.08888888888888889,4.0,0.140625,4.0,0.2488479262672811,5.0,False
dc_37739045bbd2,DataPro USA Web Development,,unknown,operational,AZ,Maricopa,33.6116624,-111.9139825,building,pending,medium,,,7.846182823181152,0.025,1,0.045,1,0.07500000000000001,1,6.0,,non_burnable,0.08888888888888889,4.0,0.07421875,4.0,0.17327188940092167,5.0,False
dc_4b4306dd4707,e360,,unknown,operational,CA,Contra Costa,37.9710809,-122.0437382,building,UNRESOLVABLE,medium,,,0.09281287342309952,0.485,1,0.635,1,0.865,1,6.0,,non_burnable,0.022222222222222223,3.0,0.04296875,4.0,0.1640552995391705,4.0,False
dc_dd96fac8908c,Digital Realty ORD10,Digital Realty,colocation,operational,IL,Cook,41.8533507,-87.6183067,building,pending,medium,,,16.118194580078125,0.035,1,0.055,1,0.095,1,6.0,,non_burnable,0.0,0.0,0.01171875,1.0,0.008294930875576038,1.0,False
dc_54fd156f6e89,Centersquare Chicago Data Center - ORD1,Centersquare,colocation,operational,IL,Cook,41.8533827,-87.6186071,building,pending,medium,,,16.118194580078125,0.035,1,0.055,1,0.095,1,6.0,,non_burnable,0.0,0.0,0.01171875,1.0,0.008294930875576038,1.0,False
dc_06c982ebea67,K-Motion Interactive,,unknown,operational,AZ,Maricopa,33.6344843,-111.8843457,building,pending,medium,,,7.846182823181152,0.025,1,0.045,1,0.08499999999999999,1,6.0,,non_burnable,0.28888888888888886,4.0,0.234375,4.0,0.3391705069124424,4.0,False
dc_e2f0d5b0e152,West Monroe,,unknown,operational,IL,Cook,41.8805271,-87.6359383,building,pending,medium,,,16.118194580078125,0.035,1,0.055,1,0.095,1,6.0,,non_burnable,0.0,0.0,0.00390625,1.0,0.011059907834101382,1.0,False
dc_b5221ae8a695,Iron Mountain Data Centers AZS-1,,colocation,operational,AZ,Maricopa,33.6446663,-111.8960985,building,pending,medium,,,7.846182823181152,0.025,1,0.045,1,0.08499999999999999,1,6.0,,non_burnable,0.35555555555555557,4.0,0.35546875,4.0,0.34654377880184334,4.0,False
dc_1ecd2bc35dc3,CoreSite Chicago Data Center (CH1),CoreSite,colocation,operational,IL,Cook,41.8759405,-87.6314655,building,pending,medium,,,16.118194580078125,0.035,1,0.055,1,0.095,1,6.0,,non_burnable,0.0,0.0,0.0078125,1.0,0.009216589861751152,1.0,False
dc_dc42b75a08e1,Accelera Data Systems,,unknown,operational,AZ,Maricopa,33.6647455,-112.1117142,building,pending,medium,,,7.146243572235107,0.025,1,0.045,1,0.07500000000000001,1,6.0,,non_burnable,0.0,0.0,0.03125,4.0,0.1880184331797235,5.0,False
dc_41dcb90246ba,Expedient Owings Mills,Expedient,unknown,operational,MD,Baltimore,39.427109,-76.81164,building,CANDIDATE,medium,,,14.052087783813477,0.065,1,0.095,1,0.185,1,6.0,,non_burnable,0.4666666666666667,1.0,0.54296875,1.0,0.6193548387096774,1.0,False
dc_06efc6377b82,Lumen Baltimore,Lumen Technologies,colocation,operational,MD,Baltimore,39.291653,-76.619739,building,CANDIDATE,medium,,,14.052087783813477,0.055,1,0.095,1,0.175,1,6.0,,non_burnable,0.0,0.0,0.01953125,1.0,0.08847926267281106,1.0,False
dc_aeb9d6e08cbd,Expedient Tidepoint,Expedient,unknown,operational,MD,Baltimore,39.274763,-76.590562,building,CANDIDATE,medium,,,14.052087783813477,0.055,1,0.095,1,0.165,1,6.0,,non_burnable,0.0,0.0,0.03125,1.0,0.05806451612903226,1.0,False
dc_366bd093071c,Flexential - Denver - Centennial Data Center,Flexential,colocation,operational,CO,Arapahoe,39.5938733,-104.8431597,building,pending,medium,,,10.969576835632324,0.045,1,0.07500000000000001,1,0.155,1,6.0,,non_burnable,0.2,3.0,0.34375,4.0,0.3861751152073733,4.0,False
dc_dbefe86a9d2c,EdgeConneX Data Center,EdgeConneX,colocation,operational,AZ,Maricopa,33.3955855,-111.9700762,building,pending,medium,,,7.883434772491455,0.025,1,0.035,1,0.055,1,6.0,,non_burnable,0.022222222222222223,4.0,0.03515625,5.0,0.12165898617511521,5.0,False
dc_c7c5fc8a1267,,,unknown,operational,MI,Monroe,41.8072817,-83.6276287,building,pending,medium,,,19.512069702148438,0.035,1,0.065,1,0.135,1,1.0,1.0,very_low,0.8,1.0,0.65625,1.0,0.5557603686635945,1.0,False
dc_60a8427538d7,IT,,unknown,operational,CA,Riverside,33.9102899,-117.5030207,building,pending,medium,,,0.6565972566604614,0.455,1,0.585,1,0.795,1,4.0,4.0,high,0.4666666666666667,4.0,0.3203125,4.0,0.3336405529953917,5.0,False
dc_f96046272fcb,"Alembic Computer Services, Inc.",,unknown,operational,AZ,Maricopa,33.4051307,-111.9773353,building,pending,medium,,,7.883434772491455,0.025,1,0.035,1,0.055,1,6.0,,non_burnable,0.06666666666666667,4.0,0.03515625,5.0,0.12903225806451613,5.0,False
dc_d80fbebeedc2,J-Curve Technologies,,unknown,operational,AZ,Maricopa,33.4131856,-111.9711539,building,pending,medium,,,7.883434772491455,0.025,1,0.035,1,0.055,1,6.0,,non_burnable,0.044444444444444446,4.0,0.06640625,4.0,0.11428571428571428,5.0,False
dc_623234ef1b41,Flexential Cincinnati,Flexential,colocation,operational,OH,Butler,39.3159313,-84.4494638,building,pending,medium,,,17.444948196411133,0.045,1,0.07500000000000001,1,0.11499999999999999,1,6.0,,non_burnable,0.15555555555555556,1.0,0.17578125,1.0,0.2838709677419355,1.0,False
dc_023d2663ae5d,Flexential Denver - Downtown,Flexential,colocation,operational,CO,Denver,39.7455941,-104.9950455,building,CANDIDATE,medium,,,10.969576835632324,0.045,1,0.08499999999999999,1,0.155,1,6.0,,non_burnable,0.022222222222222223,3.0,0.01953125,4.0,0.047004608294930875,4.0,False
dc_65dbd76e7604,Flexential Dallas - Downtown Dallas,Flexential,colocation,operational,TX,Dallas,32.8004101,-96.8193707,building,pending,medium,,,18.841638565063477,0.025,1,0.035,1,0.065,1,6.0,,non_burnable,0.06666666666666667,3.0,0.12109375,3.0,0.14377880184331798,3.0,False
dc_4861bf2a2b63,Flexential Jacksonville,Flexential,colocation,operational,FL,Duval,30.2457482,-81.5817226,building,pending,medium,,,23.808124542236328,0.025,1,0.035,1,0.065,1,6.0,,non_burnable,0.26666666666666666,3.0,0.3359375,3.0,0.3142857142857143,4.0,False
dc_a8ddb88fae41,Flexential - Denver - Aurora,Flexential,colocation,operational,CO,Arapahoe,39.6610488,-104.8488321,building,pending,medium,,,10.969576835632324,0.045,1,0.08499999999999999,1,0.155,1,6.0,,non_burnable,0.17777777777777778,4.0,0.3203125,4.0,0.2534562211981567,4.0,False
dc_4bfdea1a9bd2,Flexential Nashville - Brentwood,Flexential,colocation,operational,TN,Williamson,35.9727294,-86.8084949,building,pending,medium,,,16.486181259155273,0.08499999999999999,1,0.135,1,0.215,1,6.0,,non_burnable,0.35555555555555557,1.0,0.49609375,1.0,0.5834101382488479,1.0,False
dc_3d82ec0fd7d6,Flexential Raleigh,Flexential,colocation,operational,NC,Wake,35.8505281,-78.8291431,building,pending,medium,,,15.275832176208496,0.035,1,0.055,1,0.095,1,6.0,,non_burnable,0.37777777777777777,3.0,0.48828125,3.0,0.480184331797235,3.0,False
dc_672db836d74d,Flexential Tampa - West,Flexential,colocation,operational,FL,Hillsborough,28.0373,-82.53998,building,CANDIDATE,medium,,,24.239770889282227,0.005,1,0.015,1,0.035,1,3.0,3.0,moderate,0.24444444444444444,3.0,0.27734375,4.0,0.25990783410138246,4.0,False
dc_193e064bdc4b,Flexential Salt Lake City - Lindon,Flexential,colocation,operational,UT,Utah,40.332648,-111.7278754,building,pending,medium,,,4.538047790527344,0.165,1,0.275,1,0.46499999999999997,1,2.0,2.0,low,0.2222222222222222,2.0,0.1328125,3.0,0.22764976958525346,5.0,False
dc_d5a6dcb8e4b7,Digital Realty New York JFK13,Digital Realty,colocation,operational,NY,New York,40.719928,-74.0044583,building,pending,medium,,,7.277477264404297,0.095,1,0.175,1,0.335,1,6.0,,non_burnable,0.0,0.0,0.0078125,4.0,0.025806451612903226,5.0,False
dc_2e2dbc3e3848,Digital Realty New York JFK12,Digital Realty,colocation,operational,NY,New York,40.7176766,-74.0084414,building,pending,medium,,,7.277477264404297,0.095,1,0.175,1,0.335,1,6.0,,non_burnable,0.0,0.0,0.00390625,4.0,0.02857142857142857,5.0,False
dc_e17d7e79bbea,CoreSite AT1,CoreSite,colocation,operational,GA,Fulton,33.7559857,-84.3911712,building,pending,medium,,,16.562829971313477,0.055,1,0.08499999999999999,1,0.14500000000000002,1,6.0,,non_burnable,0.0,0.0,0.01171875,3.0,0.1631336405529954,3.0,False
dc_a76f8d21216f,UNM Data Center,UNM,unknown,operational,NM,Bernalillo,35.0867385,-106.6153476,building,pending,medium,,,9.913078308105469,0.055,1,0.095,1,0.175,1,6.0,,non_burnable,0.06666666666666667,2.0,0.0625,2.0,0.07373271889400922,3.0,False
dc_73ec60377ab8,Prime Santa Clara,Prime,unknown,operational,CA,Santa Clara,37.367929,-121.963344,building,CANDIDATE,medium,,,0.12219325453042984,0.535,1,0.695,1,0.905,1,6.0,,non_burnable,0.0,0.0,0.01171875,3.0,0.04055299539170507,4.0,False
dc_36114ae3ca3e,Open Data Centers Piscataway,,unknown,operational,NJ,Middlesex,40.5503501,-74.4568563,building,pending,medium,,,7.277477264404297,0.095,1,0.165,1,0.325,1,6.0,,non_burnable,0.24444444444444444,4.0,0.296875,4.0,0.30783410138248846,4.0,False
dc_5b163fef210d,H5 Secaucus,H5,unknown,operational,NJ,Hudson,40.7853948,-74.0750122,building,pending,medium,,,7.277477264404297,0.10500000000000001,1,0.175,1,0.345,1,6.0,,non_burnable,0.06666666666666667,4.0,0.1953125,5.0,0.21013824884792626,5.0,False
dc_e0ba05af04ef,"Forescout Technologies, Inc.",,unknown,operational,CA,Santa Clara,37.3228675,-121.9474176,building,pending,medium,,,0.12219325453042984,0.605,1,0.785,1,1.0350000000000001,1,6.0,,non_burnable,0.022222222222222223,3.0,0.03125,4.0,0.03225806451612903,4.0,False
dc_10b31ee93f9a,Lumen Albany 4,Lumen Technologies,colocation,operational,NY,Albany,42.7356308,-73.818665,building,pending,medium,,,8.666078567504883,0.055,1,0.08499999999999999,1,0.155,1,6.0,,non_burnable,0.7333333333333333,4.0,0.41796875,4.0,0.43317972350230416,4.0,False
dc_9c4395da1472,Equinix Chicago Data Center - CH1,Equinix,colocation,operational,IL,Cook,41.8535578,-87.6180475,building,pending,medium,,,16.118194580078125,0.035,1,0.055,1,0.095,1,6.0,,non_burnable,0.0,0.0,0.01171875,1.0,0.008294930875576038,1.0,False
dc_ad06f9a5ee9b,501 West,,unknown,operational,NJ,Mercer,40.315558,-74.6688514,building,pending,medium,,,8.180803298950195,0.08499999999999999,1,0.14500000000000002,1,0.28500000000000003,1,4.0,4.0,high,0.4888888888888889,4.0,0.57421875,4.0,0.6129032258064516,4.0,False
dc_e40648befe43,Dataverge,Dataverge,unknown,operational,NY,Kings,40.6576264,-74.004628,building,CANDIDATE,medium,,,7.277477264404297,0.095,1,0.165,1,0.325,1,6.0,,non_burnable,0.044444444444444446,4.0,0.05078125,4.0,0.03225806451612903,5.0,False
dc_497196a639d6,TulsaConnect DC3,,unknown,operational,OK,Tulsa,36.0994735,-95.8382826,building,pending,medium,,,21.064456939697266,0.035,1,0.055,1,0.095,1,6.0,,non_burnable,0.3111111111111111,1.0,0.2421875,1.0,0.25622119815668204,2.0,False
dc_8d43e8f81b7b,Comarch,,unknown,operational,AZ,Maricopa,33.3566787,-111.6352356,building,VERIFIED,medium,,,7.883434772491455,0.025,1,0.035,1,0.065,1,4.0,4.0,high,0.5333333333333333,4.0,0.5,4.0,0.43410138248847924,4.0,False
dc_d850cf921795,CoreSite - LA2,CoreSite,colocation,operational,CA,Los Angeles,34.0584789,-118.2359144,building,pending,medium,,,0.5556319355964661,0.445,1,0.605,1,0.865,1,6.0,,non_burnable,0.0,0.0,0.0390625,4.0,0.07188940092165899,4.0,False
dc_feb9c3b5df7f,NTT Ashburn VA7 Data Center,NTT,colocation,operational,VA,Loudoun,39.0160142,-77.471954,building,UNRESOLVABLE,medium,,,13.613815307617188,0.055,1,0.095,1,0.175,1,6.0,,non_burnable,0.15555555555555556,1.0,0.33984375,1.0,0.32995391705069127,1.0,False
dc_4d54edf1f2b3,NTT VA11 Data Center,NTT,colocation,operational,VA,Prince William,38.7999731,-77.6099636,building,VERIFIED,medium,,,12.71955680847168,0.065,1,0.10500000000000001,1,0.185,1,2.0,2.0,low,0.24444444444444444,2.0,0.3203125,2.0,0.528110599078341,2.0,False
dc_506cd0de8c4c,Lumen Madison 1 Data Center,Lumen Technologies,colocation,operational,WI,Dane,43.0677161,-89.3922794,building,pending,medium,,,9.417593955993652,0.015,1,0.035,1,0.055,1,6.0,,non_burnable,0.0,0.0,0.078125,2.0,0.1824884792626728,2.0,False
dc_5b7a9e3b7823,Fiberhub LAS1,Fiberhub,unknown,operational,NV,Clark,36.065929,-115.13856,building,pending,medium,,,3.602787733078003,0.065,1,0.10500000000000001,1,0.175,1,6.0,,non_burnable,0.022222222222222223,1.0,0.078125,2.0,0.09216589861751152,2.0,False
dc_c1dfe74f8be0,DāStor: 3400 Horizon Drive,,unknown,operational,PA,Montgomery,40.0879189,-75.3397205,building,pending,medium,,,10.887083053588867,0.07500000000000001,1,0.135,1,0.255,1,6.0,,non_burnable,0.24444444444444444,1.0,0.28515625,2.0,0.3419354838709677,2.0,False
dc_6f6d4e070042,Rad Web Hosting,,unknown,operational,TX,Dallas,32.7784469,-96.798496,building,pending,medium,,,18.841638565063477,0.025,1,0.035,1,0.065,1,6.0,,non_burnable,0.022222222222222223,2.0,0.09765625,3.0,0.14377880184331798,3.0,False
dc_57b30b036cf1,Alpha Federal,Alpha Innovations,unknown,operational,WV,Kanawha,38.3531768,-81.6961822,building,pending,medium,,,10.213679313659668,0.045,1,0.07500000000000001,1,0.135,1,1.0,1.0,very_low,0.4888888888888889,3.0,0.38671875,3.0,0.5216589861751152,3.0,False
dc_7c8e1e4ba3bf,Parsec Data Management,,unknown,operational,MT,Yellowstone,45.7430786,-108.6030144,building,pending,medium,,,6.671207427978516,0.055,1,0.08499999999999999,1,0.135,1,1.0,1.0,very_low,0.3333333333333333,2.0,0.2734375,3.0,0.3327188940092166,4.0,False
dc_b4dfc8453b28,Applied Digital,,unknown,operational,ND,Cass,46.9741721,-96.8739403,building,UNRESOLVABLE,medium,,,7.952457904815674,0.005,1,0.015,1,0.035,1,1.0,1.0,very_low,0.5333333333333333,1.0,0.34375,1.0,0.31152073732718893,2.0,False
dc_380aecb0436f,RIC1 DC1,Quality Technology Services,colocation,operational,VA,Henrico,37.4892338,-77.2474761,building,VERIFIED,medium,,,13.860154151916504,0.07500000000000001,1,0.135,1,0.265,1,6.0,,non_burnable,0.6444444444444445,2.0,0.80078125,2.0,0.8211981566820277,3.0,False
dc_d5435f3cc757,RIC1 DC2,Quality Technology Services,colocation,operational,VA,Henrico,37.4886164,-77.2462097,building,AMBIGUOUS,medium,,,13.860154151916504,0.07500000000000001,1,0.135,1,0.265,1,6.0,,non_burnable,0.6888888888888889,2.0,0.79296875,2.0,0.8211981566820277,3.0,False
dc_1aee472b3c86,RIC1 DC3,Quality Technology Services,colocation,operational,VA,Henrico,37.48786,-77.24483,building,CANDIDATE,medium,,,13.860154151916504,0.07500000000000001,1,0.135,1,0.255,1,6.0,,non_burnable,0.6666666666666666,2.0,0.80859375,2.0,0.8230414746543778,3.0,False
dc_40afc33af359,TulsaConnect,,unknown,operational,OK,Tulsa,36.153294,-95.989193,building,pending,medium,,,21.064456939697266,0.035,1,0.055,1,0.095,1,6.0,,non_burnable,0.0,0.0,0.078125,1.0,0.20184331797235022,3.0,False
dc_4dbe408255c8,Windstream,,unknown,operational,OK,Tulsa,36.1485011,-95.990514,building,CANDIDATE,medium,,,21.064456939697266,0.035,1,0.055,1,0.095,1,6.0,,non_burnable,0.022222222222222223,1.0,0.05859375,1.0,0.21382488479262673,3.0,False
dc_ddc20b8cfb33,TulsaConnect,,unknown,operational,OK,Tulsa,36.149022,-95.990391,building,CANDIDATE,medium,,,21.064456939697266,0.035,1,0.055,1,0.095,1,6.0,,non_burnable,0.022222222222222223,1.0,0.05859375,1.0,0.21382488479262673,3.0,False
dc_515444aaf104,Digital Fortress - Portland 1,"Digital Fortress, Inc",unknown,operational,OR,Multnomah,45.5212569,-122.6817537,building,pending,medium,,,0.49183908104896545,0.165,1,0.275,1,0.455,1,6.0,,non_burnable,0.0,0.0,0.078125,2.0,0.15576036866359447,3.0,False
dc_9b38f4695f6f,Digital Fortress - Portland 2,"Digital Fortress, Inc",unknown,operational,OR,Washington,45.4762137,-122.7760868,building,pending,medium,,,0.6346678733825684,0.175,1,0.295,1,0.475,1,6.0,,non_burnable,0.08888888888888889,2.0,0.1015625,2.0,0.1576036866359447,2.0,False
dc_0a5b4dcabb86,Digital Fortress - Portland 3,"Digital Fortress, Inc",unknown,operational,OR,Washington,45.475634,-122.7764098,building,pending,medium,,,0.6346678733825684,0.175,1,0.295,1,0.475,1,6.0,,non_burnable,0.0,0.0,0.1015625,2.0,0.14654377880184333,2.0,False
dc_37b6e4984473,H5 DC - Portland,H5 Data Centers,unknown,operational,OR,Multnomah,45.5316902,-122.6837652,building,pending,medium,,,0.49183908104896545,0.165,1,0.275,1,0.445,1,6.0,,non_burnable,0.0,0.0,0.0234375,2.0,0.1622119815668203,3.0,False
dc_23feba8dfbd6,Date Center West - Eugene,"Data Center West, Inc.",unknown,operational,OR,Lane,44.0506071,-123.0929782,building,pending,medium,,,0.3772861361503601,0.10500000000000001,1,0.195,1,0.345,1,6.0,,non_burnable,0.0,0.0,0.06640625,3.0,0.15115207373271888,3.0,False
dc_1d6382ebcca5,QTS Ashburn 2,Quality Technology Services,colocation,operational,VA,Loudoun,38.9982397,-77.4491455,building,AMBIGUOUS,medium,,,13.629328727722168,0.055,1,0.095,1,0.175,1,6.0,,non_burnable,0.28888888888888886,1.0,0.37890625,1.0,0.3317972350230415,1.0,False
dc_70ea5deecfdb,OCOSA,,unknown,operational,OK,Tulsa,36.153287,-95.989191,building,pending,medium,,,21.064456939697266,0.035,1,0.055,1,0.095,1,6.0,,non_burnable,0.0,0.0,0.078125,1.0,0.20184331797235022,3.0,False
dc_01c60ff235ed,Vantage VA16,,colocation,operational,VA,Loudoun,38.9985084,-77.4406368,building,CANDIDATE,medium,,,13.629328727722168,0.055,1,0.095,1,0.175,1,1.0,1.0,very_low,0.17777777777777778,1.0,0.28125,1.0,0.3271889400921659,1.0,False
dc_a3b2dac5f2d0,Vantage VA15,,colocation,operational,VA,Loudoun,38.9994047,-77.4417901,building,AMBIGUOUS,medium,,,13.629328727722168,0.055,1,0.095,1,0.175,1,6.0,,non_burnable,0.17777777777777778,1.0,0.28125,1.0,0.32350230414746545,1.0,False
dc_57ca1ebae8e5,Iron City No. 1 Power Generator and Compute Center,,unknown,operational,PA,Clearfield,41.1410436,-78.0974055,building,CANDIDATE,medium,,,10.555107116699219,0.035,1,0.055,1,0.08499999999999999,1,2.0,2.0,low,1.0,2.0,0.8984375,2.0,0.9354838709677419,2.0,False
dc_a8ea97c0d02a,Cyxtera Dallas-Fort Worth Data Center,Cyxtera,unknown,operational,TX,Tarrant,32.8327103,-97.0410284,building,pending,high,308245.2,,17.917001724243164,0.025,1,0.035,1,0.065,1,6.0,,non_burnable,0.13333333333333333,2.0,0.3046875,3.0,0.28663594470046083,4.0,False
dc_e569435cdfa4,Equinix Infomart,Equinix,colocation,operational,TX,Dallas,32.8009535,-96.8195234,building,pending,high,239835.7,,18.841638565063477,0.025,1,0.035,1,0.065,1,6.0,,non_burnable,0.08888888888888889,3.0,0.11328125,3.0,0.14377880184331798,3.0,False
dc_686c58c1074a,CoreSite BO1,,colocation,operational,MA,Middlesex,42.3767059,-71.0797577,building,pending,high,133960.2,,3.3172669410705566,0.08499999999999999,1,0.14500000000000002,1,0.275,1,6.0,,non_burnable,0.0,0.0,0.01171875,2.0,0.018433179723502304,3.0,False
dc_cb30a328369f,USPO Terminal Annex,United States Postal Service,unknown,operational,CA,Los Angeles,34.0578,-118.236,building,CANDIDATE,high,99270.9,2.0,0.5556319355964661,0.445,1,0.605,1,0.865,1,6.0,,non_burnable,0.0,0.0,0.0390625,4.0,0.07188940092165899,4.0,False
dc_ac08463eb4ec,DataBank,,colocation,operational,TX,Dallas,32.7783107,-96.7984357,building,pending,high,43564.6,,18.841638565063477,0.025,1,0.035,1,0.065,1,6.0,,non_burnable,0.022222222222222223,2.0,0.09765625,3.0,0.14377880184331798,3.0,False
dc_2d3e640cf930,CyrusOne Cincinnati-Mason CIN3,CyrusOne,colocation,operational,OH,Warren,39.3038941,-84.3116127,building,pending,high,82813.2,,17.444948196411133,0.045,1,0.07500000000000001,1,0.11499999999999999,1,6.0,,non_burnable,0.2,1.0,0.30859375,1.0,0.4064516129032258,1.0,False
dc_24567abd6c58,LightEdge SAN1,,unknown,operational,CA,San Diego,32.8278941,-117.1299275,building,pending,high,83576.5,,0.6888867616653442,0.28500000000000003,1,0.425,1,0.635,1,6.0,,non_burnable,0.06666666666666667,3.0,0.30859375,4.0,0.4064516129032258,5.0,False
dc_8d1887ea9099,EdgeConneX San Diego,EdgeConneX,colocation,operational,CA,San Diego,32.8423554,-117.1694226,building,pending,high,39205.0,,0.6888867616653442,0.305,1,0.46499999999999997,1,0.705,1,6.0,,non_burnable,0.28888888888888886,4.0,0.4375,5.0,0.34838709677419355,5.0,False
dc_613e1ba146fa,RagingWire CA2,NTT,colocation,operational,CA,Sacramento,38.6504002,-121.4919461,building,pending,high,204702.3,,0.568257212638855,0.135,1,0.185,1,0.255,1,6.0,,non_burnable,0.08888888888888889,3.0,0.2265625,4.0,0.26912442396313363,4.0,False
dc_8313dc48caac,RagingWire CA1,NTT,colocation,operational,CA,Sacramento,38.6504319,-121.4891868,building,pending,high,192302.9,,0.568257212638855,0.135,1,0.185,1,0.255,1,6.0,,non_burnable,0.13333333333333333,3.0,0.2578125,4.0,0.27373271889400924,4.0,False
dc_aaeb2a6d5fa0,Hewlett-Packard,,unknown,operational,GA,Fulton,34.0820578,-84.2672921,building,VERIFIED,high,1294303.3,,16.0975399017334,0.065,1,0.10500000000000001,1,0.165,1,6.0,,non_burnable,0.26666666666666666,3.0,0.34375,3.0,0.4046082949308756,4.0,False
dc_4e99cc75cd39,Equinix SV1,Equinix,colocation,operational,CA,Santa Clara,37.241767,-121.782967,building,VERIFIED,high,135023.1,,0.12219325453042984,0.605,1,0.785,1,1.025,1,6.0,,non_burnable,0.08888888888888889,3.0,0.2578125,4.0,0.5244239631336406,5.0,False
dc_d4812e5e6145,,,unknown,operational,OH,Hamilton,39.2940482,-84.4121132,building,pending,high,13074.6,2.0,17.444948196411133,0.045,1,0.07500000000000001,1,0.11499999999999999,1,1.0,1.0,very_low,0.17777777777777778,1.0,0.26171875,1.0,0.328110599078341,1.0,False
dc_9558c9615f47,Lumen Sunnyvale 1,Lumen Technologies,colocation,operational,CA,Santa Clara,37.3734695,-121.9878002,building,pending,high,77133.0,1.0,0.12219325453042984,0.515,1,0.665,1,0.865,1,6.0,,non_burnable,0.022222222222222223,3.0,0.0078125,3.0,0.05806451612903226,4.0,False
dc_4c8ff415be80,OpenColo,,unknown,operational,CA,Santa Clara,37.3788292,-121.9559257,building,pending,high,65471.5,,0.12219325453042984,0.545,1,0.705,1,0.925,1,6.0,,non_burnable,0.0,0.0,0.03515625,3.0,0.05622119815668203,4.0,False
dc_764778a857ca,Equinix Santa Clara SV2,Equinix,colocation,operational,CA,Santa Clara,37.3784704,-121.9549839,building,pending,high,81106.2,,0.12219325453042984,0.555,1,0.705,1,0.925,1,6.0,,non_burnable,0.0,0.0,0.03125,3.0,0.055299539170506916,4.0,False
dc_5de7805a4d95,Layer42 Santa Clara,Layer42,unknown,operational,CA,Santa Clara,37.3780374,-121.9541277,building,pending,high,25031.6,,0.12219325453042984,0.555,1,0.705,1,0.925,1,6.0,,non_burnable,0.0,0.0,0.02734375,3.0,0.054377880184331796,4.0,False
dc_b00a5fe6d20d,Digital Realty Silicon Valley SJC34,Digital Realty,colocation,operational,CA,Santa Clara,37.3724077,-121.973647,building,pending,high,129242.5,,0.12219325453042984,0.525,1,0.665,1,0.875,1,6.0,,non_burnable,0.0,0.0,0.0078125,3.0,0.054377880184331796,4.0,False
dc_8e694360ade4,Csquare SFO1,Csquare,unknown,operational,CA,Santa Clara,37.3714713,-121.9696826,building,pending,high,92193.5,,0.12219325453042984,0.525,1,0.675,1,0.885,1,6.0,,non_burnable,0.0,0.0,0.0078125,3.0,0.04608294930875576,4.0,False
dc_c55962889669,,Vantage,colocation,operational,CA,Santa Clara,37.3733075,-121.9727778,building,pending,high,89293.6,,0.12219325453042984,0.525,1,0.665,1,0.875,1,6.0,,non_burnable,0.0,0.0,0.0078125,3.0,0.054377880184331796,4.0,False
dc_da9fd4387a5d,Strategic Datasphere,,unknown,operational,GA,Fulton,34.0948126,-84.2357244,building,pending,high,127487.4,2.0,16.0975399017334,0.065,1,0.10500000000000001,1,0.165,1,6.0,,non_burnable,0.4444444444444444,3.0,0.40625,3.0,0.3686635944700461,3.0,False
dc_c9d4281c0249,Flexential Atlanta - Alpharetta Data Center,Flexential,colocation,operational,GA,Fulton,34.0869864,-84.2518184,building,pending,high,76113.2,,16.0975399017334,0.065,1,0.10500000000000001,1,0.165,1,6.0,,non_burnable,0.3333333333333333,3.0,0.421875,3.0,0.37327188940092165,3.0,False
dc_dca5ba467cc7,Secure Data Center,,unknown,operational,GA,Fulton,34.0937063,-84.250878,building,AMBIGUOUS,high,184012.3,,16.0975399017334,0.065,1,0.10500000000000001,1,0.165,1,6.0,,non_burnable,0.37777777777777777,3.0,0.39453125,3.0,0.39078341013824885,4.0,False
dc_9590e95f1c65,Cologix Santa Clara SV1 Data Center,Cologix,colocation,operational,CA,Santa Clara,37.3654018,-121.9616726,building,pending,high,80686.2,,0.12219325453042984,0.545,1,0.695,1,0.905,1,6.0,,non_burnable,0.022222222222222223,3.0,0.015625,4.0,0.03686635944700461,4.0,False
dc_95ac86b8be5c,Netrality Data Centers,,unknown,operational,MO,St. Louis,38.629039,-90.197493,building,CANDIDATE,high,23093.7,18.0,15.06376838684082,0.165,1,0.265,1,0.455,1,6.0,,non_burnable,0.0,0.0,0.05078125,1.0,0.08110599078341015,1.0,False
dc_88909d588f3f,Minneapolis Data Center #2,XO Communications,unknown,operational,MN,Hennepin,44.9914423,-93.2803397,building,pending,high,51180.9,,10.622698783874512,0.005,1,0.015,1,0.025,1,6.0,,non_burnable,0.022222222222222223,1.0,0.015625,1.0,0.0967741935483871,2.0,False
dc_e567c4149e4f,Equinix DC14,Equinix,colocation,operational,VA,Prince William,38.8034341,-77.5105821,building,pending,high,222846.9,,12.71955680847168,0.065,1,0.10500000000000001,1,0.185,1,6.0,,non_burnable,0.37777777777777777,1.0,0.5703125,1.0,0.5834101382488479,2.0,False
dc_8e9fdcb36e6f,Amazon IAD11,Amazon Web Services,hyperscale,operational,VA,Prince William,38.7904948,-77.5411095,building,pending,high,122474.5,,12.71955680847168,0.065,1,0.10500000000000001,1,0.185,1,6.0,,non_burnable,0.5555555555555556,1.0,0.45703125,2.0,0.5465437788018433,2.0,False
dc_efd5fc83731e,Amazon IAD24,Amazon Web Services,hyperscale,operational,VA,Prince William,38.7903463,-77.5400098,building,pending,high,31388.6,,12.71955680847168,0.065,1,0.10500000000000001,1,0.185,1,6.0,,non_burnable,0.5555555555555556,1.0,0.44140625,1.0,0.5465437788018433,2.0,False
dc_0af20c3aa097,Amazon IAD7,Amazon Web Services,hyperscale,operational,VA,Prince William,38.7911993,-77.5382664,building,pending,high,109423.2,,12.71955680847168,0.065,1,0.10500000000000001,1,0.185,1,6.0,,non_burnable,0.4666666666666667,1.0,0.44140625,1.0,0.5640552995391706,2.0,False
dc_e4369ccb8810,CyrusOne CIN2,CyrusOne,colocation,operational,OH,Hamilton,39.1030798,-84.5173158,building,CANDIDATE,high,29534.5,14.0,18.689889907836914,0.045,1,0.07500000000000001,1,0.125,1,6.0,,non_burnable,0.0,0.0,0.05859375,1.0,0.22672811059907835,1.0,False
dc_b067df925538,VA 4,Digital Realty,colocation,operational,VA,Prince William,38.778,-77.595,building,VERIFIED,high,263539.0,,12.71955680847168,0.065,1,0.10500000000000001,1,0.185,1,6.0,,non_burnable,0.4222222222222222,2.0,0.44921875,2.0,0.4792626728110599,2.0,False
dc_1cb42af58320,Amazon IAD10,Amazon Web Services,hyperscale,operational,VA,Loudoun,39.0216753,-77.4329728,building,pending,high,112726.3,,13.613815307617188,0.055,1,0.095,1,0.175,1,6.0,,non_burnable,0.4444444444444444,1.0,0.265625,1.0,0.3105990783410138,1.0,False
dc_9fb1f8d58659,Amazon IAD32,Amazon Web Services,hyperscale,operational,VA,Loudoun,39.0215693,-77.4347944,building,pending,high,35700.8,,13.613815307617188,0.055,1,0.095,1,0.175,1,6.0,,non_burnable,0.4222222222222222,1.0,0.2734375,1.0,0.3105990783410138,1.0,False
dc_15ae64532452,NTT RagingWire DC - Hillsboro,NTT,colocation,operational,OR,Washington,45.5496803,-122.9373872,building,pending,high,260338.9,,0.49183908104896545,0.175,1,0.28500000000000003,1,0.455,1,6.0,,non_burnable,0.3111111111111111,2.0,0.18359375,2.0,0.20276497695852536,2.0,False
dc_7d1f285cb791,Centersquare IAD1-B,Centersquare,colocation,operational,VA,Loudoun,39.0238679,-77.4152091,building,pending,high,79071.0,,13.613815307617188,0.055,1,0.095,1,0.175,1,6.0,,non_burnable,0.1111111111111111,1.0,0.28125,1.0,0.33548387096774196,1.0,False
dc_7c8c55acfb6b,Centersquare IAD1-A,Centersquare,colocation,operational,VA,Loudoun,39.0232978,-77.4132123,building,pending,high,89830.7,,13.613815307617188,0.055,1,0.095,1,0.175,1,6.0,,non_burnable,0.13333333333333333,1.0,0.265625,1.0,0.34470046082949307,1.0,False
dc_d41fb281d30a,Centersquare IAD1-C,Centersquare,colocation,operational,VA,Loudoun,39.024754,-77.4122043,building,pending,high,135383.4,,13.613815307617188,0.055,1,0.095,1,0.175,1,6.0,,non_burnable,0.08888888888888889,1.0,0.26171875,1.0,0.3456221198156682,1.0,False
dc_667e78753bcc,Flexential Minneapolis - Chaska,Flexential,colocation,operational,MN,Carver,44.8516116,-93.5988964,building,pending,high,135506.0,,10.41598129272461,0.005,1,0.015,1,0.025,1,6.0,,non_burnable,0.5333333333333333,1.0,0.54296875,3.0,0.4663594470046083,3.0,False
dc_f5142250b983,Pearl Plaza Office Building,,unknown,operational,CO,Denver,39.7452303,-104.9793322,building,pending,high,48787.8,3.0,10.969576835632324,0.045,1,0.08499999999999999,1,0.155,1,6.0,,non_burnable,0.022222222222222223,3.0,0.04296875,4.0,0.060829493087557605,4.0,False
dc_12f42ac7aa67,Csquare SFO2,Csquare,unknown,operational,CA,Santa Clara,37.397572,-121.980963,building,pending,high,146098.1,,0.12219325453042984,0.505,1,0.645,1,0.835,1,6.0,,non_burnable,0.044444444444444446,3.0,0.1015625,3.0,0.11889400921658987,4.0,False
dc_7535ad317c26,Csquare SFO2,Csquare,unknown,operational,CA,Santa Clara,37.3986381,-121.9811563,building,pending,high,115693.1,,0.12219325453042984,0.505,1,0.645,1,0.835,1,6.0,,non_burnable,0.022222222222222223,3.0,0.1328125,3.0,0.11705069124423963,4.0,False
dc_1162b8639226,QTS Santa Clara 1,Quality Technology Services,colocation,operational,CA,Santa Clara,37.3939862,-121.9783207,building,pending,high,31734.6,,0.12219325453042984,0.515,1,0.645,1,0.845,1,6.0,,non_burnable,0.044444444444444446,3.0,0.0703125,3.0,0.10230414746543778,4.0,False
dc_e1d7138b0007,CoreSite SV3,CoreSite,colocation,operational,CA,Santa Clara,37.3751575,-121.9717141,building,pending,high,57809.9,,0.12219325453042984,0.525,1,0.665,1,0.875,1,6.0,,non_burnable,0.0,0.0,0.00390625,3.0,0.05622119815668203,4.0,False
dc_c8e79bad6c96,CoreSite SV6,CoreSite,colocation,operational,CA,Santa Clara,37.3763019,-121.9720837,building,pending,high,61066.0,,0.12219325453042984,0.525,1,0.665,1,0.875,1,6.0,,non_burnable,0.0,0.0,0.0078125,3.0,0.060829493087557605,4.0,False
dc_03fb7c7b8edd,CoreSite SV8,CoreSite,colocation,operational,CA,Santa Clara,37.3773827,-121.97184,building,pending,high,41609.9,,0.12219325453042984,0.525,1,0.665,1,0.875,1,6.0,,non_burnable,0.0,0.0,0.01171875,3.0,0.060829493087557605,4.0,False
dc_77cbe277429a,CoreSite SV5,CoreSite,colocation,operational,CA,Santa Clara,37.3751959,-121.9706889,building,pending,high,50856.9,,0.12219325453042984,0.525,1,0.675,1,0.875,1,6.0,,non_burnable,0.0,0.0,0.01171875,3.0,0.05622119815668203,4.0,False
dc_c6ae9e1f88c6,CoreSite SV9,CoreSite,colocation,operational,CA,Santa Clara,37.3755551,-121.9696049,building,pending,high,60403.5,,0.12219325453042984,0.525,1,0.675,1,0.885,1,6.0,,non_burnable,0.0,0.0,0.0078125,3.0,0.05622119815668203,4.0,False
dc_2358caf9e233,QTS Santa Clara 2,Quality Technology Services,colocation,operational,CA,Santa Clara,37.3927307,-121.9784277,building,pending,high,36808.1,,0.12219325453042984,0.515,1,0.645,1,0.845,1,6.0,,non_burnable,0.044444444444444446,3.0,0.04296875,3.0,0.10230414746543778,4.0,False
dc_1628a2b176c6,STACK NVA01A - Northern Virginia,Stack Infrastructure,colocation,operational,VA,Loudoun,39.0046933,-77.4417399,building,pending,high,179331.2,,13.613815307617188,0.055,1,0.095,1,0.175,1,6.0,,non_burnable,0.13333333333333333,1.0,0.30078125,1.0,0.31244239631336407,1.0,False
dc_0f239b20a7ba,Minnesota Gateway Data Center,,unknown,operational,MN,Hennepin,44.9712882,-93.2546974,building,pending,high,87697.4,,10.622698783874512,0.005,1,0.015,1,0.025,1,6.0,,non_burnable,0.022222222222222223,1.0,0.01953125,2.0,0.04976958525345622,2.0,False
dc_806d588bcd8f,IBM Building,,unknown,operational,NY,Albany,42.64957,-73.75262,building,CANDIDATE,high,15355.9,12.0,8.666078567504883,0.055,1,0.08499999999999999,1,0.155,1,6.0,,non_burnable,0.08888888888888889,3.0,0.1640625,4.0,0.3548387096774194,4.0,False
dc_6146656d1013,,Verizon Wireless,unknown,operational,MI,Wayne,42.3262876,-83.0769768,building,pending,high,24933.7,,17.9299373626709,0.035,1,0.055,1,0.095,1,6.0,,non_burnable,0.022222222222222223,1.0,0.004464285714285714,1.0,0.00880503144654088,1.0,False
dc_601b882f713f,VA3,Digital Realty,colocation,operational,VA,Fairfax,38.9484941,-77.3273071,building,pending,high,96241.7,5.0,13.629328727722168,0.055,1,0.095,1,0.175,1,6.0,,non_burnable,0.4444444444444444,1.0,0.484375,1.0,0.5668202764976958,1.0,False
dc_9f34fd0de9e0,IAD1,Evocative,unknown,operational,VA,Fairfax,38.9488119,-77.3294144,building,pending,high,19326.0,,13.629328727722168,0.055,1,0.095,1,0.175,1,6.0,,non_burnable,0.4,1.0,0.47265625,1.0,0.5566820276497696,1.0,False
dc_1893390c83ef,CoreSite Reston Campus VA1,CoreSite,colocation,operational,VA,Fairfax,38.9506059,-77.3645496,building,pending,high,138035.7,,13.629328727722168,0.055,1,0.095,1,0.175,1,6.0,,non_burnable,0.13333333333333333,1.0,0.2578125,1.0,0.3953917050691244,1.0,False
dc_0528a0ff632a,CoreSite Reston VA3,CoreSite,colocation,operational,VA,Fairfax,38.9483343,-77.3724298,building,pending,high,249707.9,,13.629328727722168,0.055,1,0.095,1,0.175,1,6.0,,non_burnable,0.24444444444444444,1.0,0.23046875,1.0,0.376036866359447,1.0,False
dc_22ddddb49a8e,,FirstLight,unknown,operational,NH,Rockingham,43.0761287,-70.8080395,building,pending,high,9316.6,,2.524503231048584,0.095,1,0.165,1,0.325,1,6.0,,non_burnable,0.17777777777777778,2.0,0.359375,2.0,0.41751152073732717,2.0,False
dc_4acc5a2218d7,Insurance Exchange Building,,unknown,operational,CO,Denver,39.745572,-104.9956909,building,CANDIDATE,high,19807.5,8.0,10.969576835632324,0.045,1,0.08499999999999999,1,0.155,1,6.0,,non_burnable,0.022222222222222223,3.0,0.015625,4.0,0.047004608294930875,4.0,False
dc_5a1da1c84a02,Lincoln Rackhouse Maryland,Lincoln Rackhouse,unknown,operational,MD,Montgomery,39.0586081,-76.964467,building,pending,high,146301.6,,14.052087783813477,0.055,1,0.095,1,0.165,1,6.0,,non_burnable,0.24444444444444444,1.0,0.40234375,1.0,0.480184331797235,1.0,False
dc_4c8f72b408e3,CyrusOne Cincinnati-Lebanon,,colocation,operational,OH,Warren,39.3889702,-84.2218527,building,VERIFIED,high,198403.5,,17.444948196411133,0.045,1,0.065,1,0.11499999999999999,1,1.0,1.0,very_low,0.6,1.0,0.59375,1.0,0.6055299539170507,1.0,False
dc_19939411d9e4,Equinix NY7 Data Center,Equinix,colocation,operational,NJ,Hudson,40.7968626,-74.0311403,building,pending,high,68650.9,,7.277477264404297,0.10500000000000001,1,0.175,1,0.345,1,4.0,4.0,high,0.26666666666666666,4.0,0.1875,4.0,0.1382488479262673,5.0,False
dc_938af684faa3,Equinix SV4,Equinix,colocation,operational,CA,Santa Clara,37.4145109,-122.0145563,building,pending,high,122369.4,,0.0865766629576683,0.485,1,0.615,1,0.805,1,6.0,,non_burnable,0.15555555555555556,4.0,0.15625,4.0,0.14193548387096774,4.0,False
dc_69730b99b070,Verizon - Bloomington Network,Verizon,unknown,operational,MN,Hennepin,44.8072109,-93.375385,building,pending,high,68456.5,,10.622698783874512,0.005,1,0.015,1,0.025,1,6.0,,non_burnable,0.17777777777777778,1.0,0.421875,3.0,0.43317972350230416,3.0,False
dc_08bc73ca6961,H5 Data Centers San Antonio,H5 Data Centers,unknown,operational,TX,Bexar,29.4293706,-98.4869057,building,pending,high,20898.3,,13.138814926147461,0.015,1,0.015,1,0.035,1,6.0,,non_burnable,0.022222222222222223,2.0,0.03125,2.0,0.08755760368663594,3.0,False
dc_8570f2737bd4,Aureon,,unknown,operational,IA,Polk,41.5879926,-93.6310139,building,pending,high,11253.7,2.0,14.173967361450195,0.015,1,0.025,1,0.045,1,6.0,,non_burnable,0.0,0.0,0.09765625,1.0,0.23870967741935484,2.0,False
dc_329f757102fc,,,unknown,operational,NC,Catawba,35.5881,-81.2626,building,VERIFIED,high,564403.4,,12.06896686553955,0.065,1,0.095,1,0.155,1,6.0,,non_burnable,0.7333333333333333,4.0,0.75,4.0,0.7797235023041474,4.0,False
dc_7dc677ea1823,Patmos KC2,"Patmos Hosting, Inc.",unknown,operational,MO,Jackson,39.0945,-94.5796,building,VERIFIED,high,184388.9,8.0,20.675199508666992,0.025,1,0.045,1,0.07500000000000001,1,6.0,,non_burnable,0.0,0.0,0.03125,3.0,0.053456221198156684,3.0,False
dc_f3e921cb9abe,Digital Realty New York HVN10,Digital Realty,colocation,operational,CT,Greater Bridgeport,41.2407307,-73.1472668,building,pending,high,134983.1,,5.519350051879883,0.07500000000000001,1,0.135,1,0.245,1,6.0,,non_burnable,0.4,3.0,0.48046875,3.0,0.4165898617511521,3.0,False
dc_73dc9624ff3e,Lincoln Rackhouse,,unknown,operational,IL,DuPage,41.7721034,-88.2170821,building,pending,high,70123.8,,17.22007942199707,0.035,1,0.065,1,0.11499999999999999,1,6.0,,non_burnable,0.06666666666666667,1.0,0.11328125,1.0,0.20092165898617512,1.0,False
dc_4f3fb90492d6,Digital Realty CH1,Digital Realty,colocation,operational,IL,Cook,41.9942413,-87.961935,building,pending,high,469756.6,3.0,16.118194580078125,0.035,1,0.055,1,0.095,1,6.0,,non_burnable,0.022222222222222223,1.0,0.0234375,1.0,0.11428571428571428,1.0,False
dc_56b1c9faf7e3,H5 Minneapolis,H5,unknown,operational,MN,Ramsey,44.972195,-93.1474731,building,pending,high,108202.0,,10.622698783874512,0.005,1,0.015,1,0.025,1,6.0,,non_burnable,0.2,1.0,0.09765625,2.0,0.10967741935483871,2.0,False
dc_e797a6f7ed88,Iron Mountain Records Storage,Iron Mountain,colocation,operational,AZ,Maricopa,33.42038,-112.0413257,building,pending,high,145832.4,,7.057002544403076,0.025,1,0.035,1,0.055,1,6.0,,non_burnable,0.26666666666666666,4.0,0.15625,5.0,0.13456221198156681,5.0,False
dc_01f94da97123,Equinix SV8,Equinix,colocation,operational,CA,Santa Clara,37.4458951,-122.160786,building,pending,high,12034.9,,0.0865766629576683,0.595,1,0.795,1,1.085,1,6.0,,non_burnable,0.1111111111111111,3.0,0.140625,3.0,0.22857142857142856,4.0,False
dc_8220a2e039af,NCSA Petascale Computing Facility,,unknown,operational,IL,Champaign,40.0952591,-88.2420314,building,pending,high,45620.7,,16.583560943603516,0.065,1,0.095,1,0.155,1,6.0,,non_burnable,0.06666666666666667,1.0,0.1484375,1.0,0.10138248847926268,1.0,False
dc_cb35267e5332,LexisNexus Springfield,,unknown,operational,OH,Clark,39.9128,-83.72379,building,VERIFIED,high,79937.2,,17.035776138305664,0.045,1,0.07500000000000001,1,0.125,1,6.0,,non_burnable,0.3111111111111111,1.0,0.4375,1.0,0.3566820276497696,1.0,False
dc_5d6a143d4026,Digital Realty ORD11,Digital Realty,colocation,operational,IL,Cook,41.8743036,-87.6299404,building,pending,high,9092.2,1.0,16.118194580078125,0.035,1,0.055,1,0.095,1,6.0,,non_burnable,0.022222222222222223,1.0,0.0078125,1.0,0.009216589861751152,1.0,False
dc_65815b1ef945,Lumen,Lumen Technologies,colocation,operational,AZ,Maricopa,33.494309,-112.0707916,building,pending,high,25456.9,,7.057002544403076,0.025,1,0.035,1,0.065,1,6.0,,non_burnable,0.044444444444444446,4.0,0.0546875,4.0,0.02304147465437788,5.0,False
dc_71ee549f276d,L3Harris Technologies Inc,,unknown,operational,AZ,Maricopa,33.3053366,-111.6716904,building,pending,high,14469.5,,7.883434772491455,0.025,1,0.035,1,0.055,1,6.0,,non_burnable,0.3333333333333333,4.0,0.56640625,4.0,0.4792626728110599,4.0,False
dc_c9d94248f419,AZ Labs,,unknown,operational,AZ,Maricopa,33.3062801,-111.6717217,building,pending,high,31625.2,,7.883434772491455,0.025,1,0.035,1,0.055,1,6.0,,non_burnable,0.3111111111111111,4.0,0.56640625,4.0,0.4857142857142857,4.0,False
dc_af553fcece3c,Serverfarm CH1,Serverfarm,unknown,operational,IL,Cook,41.8709439,-87.6401413,building,pending,high,56419.2,8.0,16.118194580078125,0.035,1,0.055,1,0.095,1,6.0,,non_burnable,0.0,0.0,0.00390625,1.0,0.009216589861751152,1.0,False
dc_ed04a1ecbe51,Aligned Energy Data Center,,colocation,operational,AZ,Maricopa,33.6590546,-112.1111595,building,pending,high,512815.2,1.0,7.146243572235107,0.025,1,0.035,1,0.07500000000000001,1,6.0,,non_burnable,0.0,0.0,0.015625,4.0,0.15483870967741936,5.0,False
dc_94b7312e4711,Lakeside Technology Center,,unknown,operational,IL,Cook,41.8536916,-87.6182716,building,pending,high,129156.7,14.0,16.118194580078125,0.035,1,0.055,1,0.095,1,6.0,,non_burnable,0.0,0.0,0.01171875,1.0,0.008294930875576038,1.0,False
dc_fb37a9ca7ac1,Flexential Phoenix - Deer Valley,Flexential,colocation,operational,AZ,Maricopa,33.6846775,-112.0983398,building,pending,high,110023.4,2.0,7.146243572235107,0.025,1,0.045,1,0.07500000000000001,1,6.0,,non_burnable,0.044444444444444446,4.0,0.203125,4.0,0.31981566820276497,4.0,False
dc_8a38216b0122,TierPoint,,colocation,operational,OK,Tulsa,36.1585898,-95.9886293,building,pending,high,18957.1,,21.064456939697266,0.035,1,0.055,1,0.095,1,6.0,,non_burnable,0.08888888888888889,1.0,0.09375,1.0,0.2110599078341014,3.0,False
dc_a4d71aa335ce,Equinix SV5,Equinix,colocation,operational,CA,Santa Clara,37.2420719,-121.7817852,building,pending,high,166314.2,,0.12219325453042984,0.605,1,0.785,1,1.025,1,6.0,,non_burnable,0.1111111111111111,3.0,0.2578125,4.0,0.5345622119815668,5.0,False
dc_1a16f88c10dd,"Union Pacific Jack Koraleski Technology, Research & Development Center",Union Pacific Railroad,unknown,operational,NE,Douglas,41.31803,-96.05072,building,CANDIDATE,high,54386.6,,15.336313247680664,0.015,1,0.025,1,0.045,1,1.0,1.0,very_low,0.2,1.0,0.2890625,3.0,0.3631336405529954,4.0,False
dc_270c6c0a4182,DataBank Pittsburgh PIT2,,colocation,operational,PA,Allegheny,40.4513704,-80.1901663,building,CANDIDATE,high,60007.5,,11.686223030090332,0.025,1,0.045,1,0.07500000000000001,1,1.0,1.0,very_low,0.5111111111111111,1.0,0.5,1.0,0.5981566820276498,1.0,False
dc_42b099cfcbc7,Molina Healthcare,Molina Healthcare,unknown,operational,NM,Bernalillo,34.995577,-106.617908,building,CANDIDATE,high,25568.2,1.0,10.36793041229248,0.055,1,0.095,1,0.175,1,2.0,2.0,low,0.8,3.0,0.83203125,3.0,0.7852534562211981,3.0,False
dc_3cef3c541b5d,Switch12,Switch,colocation,operational,NV,Clark,36.0617389,-115.2132922,building,pending,high,378534.0,,3.602787733078003,0.065,1,0.10500000000000001,1,0.165,1,6.0,,non_burnable,0.26666666666666666,2.0,0.2265625,2.0,0.22119815668202766,2.0,False
dc_da72086b812a,Switch Las Vegas 7,Switch,colocation,operational,NV,Clark,36.0599191,-115.210197,building,pending,high,324714.7,,3.602787733078003,0.065,1,0.10500000000000001,1,0.165,1,6.0,,non_burnable,0.24444444444444444,2.0,0.22265625,2.0,0.22304147465437787,2.0,False
dc_06cf1c89d97f,EdgeConneX CHI01,EdgeConneX,colocation,operational,IL,Cook,42.0007751,-87.9507686,building,pending,high,120192.0,,14.088419914245605,0.035,1,0.055,1,0.095,1,6.0,,non_burnable,0.0,0.0,0.04296875,1.0,0.08940092165898618,1.0,False
dc_f54271a3c826,,,unknown,operational,MD,Frederick,39.3777781,-77.4115448,building,pending,high,64024.0,,13.613815307617188,0.055,1,0.095,1,0.165,1,6.0,,non_burnable,0.1111111111111111,2.0,0.37890625,2.0,0.43502304147465437,2.0,False
dc_2a69da90abd8,Verizon Wireline Network Building,,unknown,operational,NJ,Middlesex,40.4949031,-74.4430949,building,pending,high,32247.1,,6.169474124908447,0.095,1,0.165,1,0.315,1,6.0,,non_burnable,0.06666666666666667,4.0,0.171875,4.0,0.28663594470046083,4.0,False
dc_535d66b5f9b6,RagingWire CA3,NTT,colocation,operational,CA,Sacramento,38.6442393,-121.4987627,building,pending,high,151366.7,,0.568257212638855,0.135,1,0.185,1,0.255,1,6.0,,non_burnable,0.022222222222222223,3.0,0.16796875,3.0,0.2552995391705069,4.0,False
dc_f5d875508817,,,unknown,operational,IA,Pottawattamie,41.2214856,-95.863822,building,pending,high,227733.3,,17.158601760864258,0.015,1,0.025,1,0.045,1,6.0,,non_burnable,0.2,1.0,0.16796875,3.0,0.29861751152073734,4.0,False
dc_8d7d400daa85,360 Spear Street Data Center,Digital Realty,colocation,operational,CA,San Francisco,37.789282,-122.39009,building,CANDIDATE,high,34600.0,,0.09281287342309952,0.475,1,0.595,1,0.785,1,6.0,,non_burnable,0.022222222222222223,3.0,0.01953125,4.0,0.011059907834101382,4.0,False
dc_df94ebb7df29,Equinix New York Secaucus NY5,Equinix,colocation,operational,NJ,Hudson,40.7785845,-74.0723242,building,pending,high,211455.4,,7.277477264404297,0.10500000000000001,1,0.175,1,0.345,1,6.0,,non_burnable,0.0,0.0,0.1640625,5.0,0.20092165898617512,5.0,False
dc_e2b5deb384b2,Equinix New York Secaucus NY4,Equinix,colocation,operational,NJ,Hudson,40.7764281,-74.0697759,building,pending,high,317271.9,,7.277477264404297,0.10500000000000001,1,0.175,1,0.345,1,6.0,,non_burnable,0.0,0.0,0.1328125,5.0,0.1889400921658986,5.0,False
dc_73f7a3eb7f29,Equinix NY3,Equinix,colocation,operational,NJ,Hudson,40.7749028,-74.0689687,building,pending,high,274326.4,,7.277477264404297,0.10500000000000001,1,0.175,1,0.345,1,6.0,,non_burnable,0.022222222222222223,3.0,0.12890625,5.0,0.18064516129032257,5.0,False
dc_1cb4fe2a0b9e,Equinix New York Secaucus NY2,Equinix,colocation,operational,NJ,Hudson,40.7772907,-74.0759403,building,pending,high,402961.1,,7.277477264404297,0.10500000000000001,1,0.175,1,0.345,1,6.0,,non_burnable,0.022222222222222223,3.0,0.1640625,5.0,0.19631336405529953,5.0,False
dc_22a977948445,Centersquare NYC3 Data Center,Centersquare,colocation,operational,NJ,Hudson,40.786164,-74.0691645,building,pending,high,143163.8,,7.277477264404297,0.10500000000000001,1,0.175,1,0.345,1,6.0,,non_burnable,0.0,0.0,0.16015625,5.0,0.2129032258064516,5.0,False
dc_d983542baf94,QTS Sacramento,Quality Technology Services,colocation,operational,CA,Sacramento,38.6463763,-121.4862686,building,pending,high,90196.4,,0.568257212638855,0.135,1,0.185,1,0.255,1,6.0,,non_burnable,0.044444444444444446,3.0,0.21875,3.0,0.27741935483870966,4.0,False
dc_5c2f48f1f831,,,unknown,operational,MO,Platte,39.2906383,-94.6759163,building,pending,high,59078.9,,20.675199508666992,0.025,1,0.045,1,0.065,1,6.0,,non_burnable,0.2222222222222222,1.0,0.42578125,3.0,0.42304147465437786,3.0,False
dc_0ea9fc7adeb0,Lincoln Rackhouse Kansas City,,unknown,operational,MO,Platte,39.2955554,-94.6734862,building,pending,high,240121.4,,20.675199508666992,0.025,1,0.045,1,0.065,1,6.0,,non_burnable,0.2222222222222222,3.0,0.36328125,3.0,0.4294930875576037,3.0,False
dc_603a01fbe6f3,Black Rock Financial Management,,unknown,operational,MO,Platte,39.2954814,-94.6780114,building,pending,high,80025.7,,20.675199508666992,0.025,1,0.045,1,0.065,1,1.0,1.0,very_low,0.24444444444444444,1.0,0.37890625,3.0,0.4423963133640553,3.0,False
dc_7517a65ae363,,,unknown,operational,MO,Platte,39.3024057,-94.6847918,building,pending,high,51140.1,2.0,20.675199508666992,0.025,1,0.045,1,0.065,1,6.0,,non_burnable,0.3111111111111111,3.0,0.2734375,3.0,0.4433179723502304,3.0,False
dc_f9a1698669ea,Cherokee Data Center,,unknown,operational,OK,Tulsa,36.2625496,-95.9100413,building,pending,high,414828.4,,21.064456939697266,0.035,1,0.055,1,0.08499999999999999,1,6.0,,non_burnable,0.7555555555555555,2.0,0.74609375,2.0,0.8,3.0,False
dc_f9657e3a222d,CyrusOne Chicago Aurora CME,CyrusOne,colocation,operational,IL,DuPage,41.7966077,-88.2438232,building,pending,high,483103.8,2.0,17.22007942199707,0.035,1,0.065,1,0.11499999999999999,1,6.0,,non_burnable,0.2,1.0,0.25390625,1.0,0.2534562211981567,1.0,False
dc_56db95055eaf,Xfinity/Comcast Data Center,,unknown,operational,CO,Arapahoe,39.5883237,-104.8324181,building,pending,high,51338.9,,10.969576835632324,0.045,1,0.07500000000000001,1,0.155,1,3.0,3.0,moderate,0.3333333333333333,4.0,0.42578125,4.0,0.4248847926267281,4.0,False
dc_84c0a8b27128,IO Datacenter,,unknown,operational,NJ,Middlesex,40.5208169,-74.3472226,building,VERIFIED,high,829909.6,1.0,7.277477264404297,0.095,1,0.165,1,0.325,1,6.0,,non_burnable,0.1111111111111111,4.0,0.1328125,4.0,0.23963133640552994,4.0,False
dc_72f68f42d432,DataBank Piscataway EWR2,,colocation,operational,NJ,Middlesex,40.5492135,-74.4582096,building,pending,high,50646.5,,7.277477264404297,0.095,1,0.165,1,0.325,1,6.0,,non_burnable,0.26666666666666666,4.0,0.29296875,4.0,0.30783410138248846,4.0,False
dc_ba26367c42aa,Optimum,,unknown,operational,NJ,Middlesex,40.5468425,-74.4920459,building,pending,high,68126.2,,7.277477264404297,0.095,1,0.165,1,0.315,1,6.0,,non_burnable,0.28888888888888886,4.0,0.3046875,4.0,0.3225806451612903,4.0,False
dc_41293169fcf5,Equinix,Equinix,colocation,operational,NJ,Middlesex,40.5449197,-74.4953594,building,pending,high,62331.7,,7.277477264404297,0.095,1,0.165,1,0.315,1,6.0,,non_burnable,0.35555555555555557,4.0,0.3203125,4.0,0.3317972350230415,4.0,False
dc_8e83f64e34c5,Barclays Datacenter,Barclays,unknown,operational,NJ,Middlesex,40.5472443,-74.4597373,building,pending,high,352286.6,,7.277477264404297,0.095,1,0.165,1,0.325,1,6.0,,non_burnable,0.28888888888888886,4.0,0.3125,4.0,0.30599078341013825,4.0,False
dc_22a625aec698,Digital Realty New York EWR12,Digital Realty,colocation,operational,NJ,Middlesex,40.5529283,-74.4592038,building,pending,high,302796.3,,7.277477264404297,0.095,1,0.165,1,0.325,1,6.0,,non_burnable,0.17777777777777778,3.0,0.26953125,4.0,0.3087557603686636,4.0,False
dc_c2f3fa259c37,Digital Realty New York EWR11,Digital Realty,colocation,operational,NJ,Middlesex,40.5537931,-74.4571024,building,pending,high,96114.5,,7.277477264404297,0.095,1,0.165,1,0.325,1,6.0,,non_burnable,0.17777777777777778,4.0,0.26953125,4.0,0.3096774193548387,4.0,False
dc_8eb668a8b3c3,Intergate Seattle East Building 2,,unknown,operational,WA,King,47.4950309,-122.2905696,building,pending,high,107319.5,,0.46316325664520264,0.345,1,0.485,1,0.705,1,6.0,,non_burnable,0.044444444444444446,1.0,0.140625,1.0,0.11152073732718894,1.0,False
dc_9f04712f31d7,Intergate Seattle East Building 1,Sabey,unknown,operational,WA,King,47.4948597,-122.2881943,building,pending,high,97862.3,,0.46316325664520264,0.345,1,0.485,1,0.705,1,6.0,,non_burnable,0.044444444444444446,1.0,0.125,1.0,0.10599078341013825,1.0,False
dc_9244f32ac697,Equinix SV15,Equinix,colocation,operational,CA,Santa Clara,37.3754952,-121.9884063,building,pending,high,38212.0,,0.12219325453042984,0.515,1,0.655,1,0.855,1,6.0,,non_burnable,0.0,0.0,0.01171875,3.0,0.06267281105990784,4.0,False
dc_518875f9d853,Equinix SV16,Equinix,colocation,operational,CA,Santa Clara,37.3761243,-121.9886718,building,pending,high,26347.9,,0.12219325453042984,0.515,1,0.655,1,0.855,1,6.0,,non_burnable,0.022222222222222223,3.0,0.01171875,3.0,0.06267281105990784,4.0,False
dc_9c927d5b249c,Equinix SV17,Equinix,colocation,operational,CA,Santa Clara,37.3765309,-121.9885825,building,pending,high,42360.7,,0.12219325453042984,0.515,1,0.655,1,0.855,1,6.0,,non_burnable,0.022222222222222223,3.0,0.01171875,3.0,0.06267281105990784,4.0,False
dc_a9ccce6607ff,Equinix SV14,Equinix,colocation,operational,CA,Santa Clara,37.3749843,-121.9884742,building,pending,high,20213.1,,0.12219325453042984,0.515,1,0.655,1,0.855,1,6.0,,non_burnable,0.022222222222222223,3.0,0.01171875,3.0,0.05806451612903226,4.0,False
dc_27bede9eb66c,CoreSite SV4,CoreSite,colocation,operational,CA,Santa Clara,37.3762614,-121.9706851,building,pending,high,51928.3,,0.12219325453042984,0.525,1,0.675,1,0.875,1,6.0,,non_burnable,0.0,0.0,0.015625,3.0,0.05622119815668203,4.0,False
dc_49bdf2fd4426,Lumen Santa Clara,Lumen Technologies,colocation,operational,CA,Santa Clara,37.3770332,-121.952059,building,pending,high,25424.6,,0.12219325453042984,0.555,1,0.715,1,0.935,1,6.0,,non_burnable,0.0,0.0,0.03515625,3.0,0.05161290322580645,4.0,False
dc_3e5f70660fb6,Prime Santa Clara,Prime,unknown,operational,CA,Santa Clara,37.3750172,-121.9532497,building,pending,high,30065.6,,0.12219325453042984,0.555,1,0.715,1,0.935,1,6.0,,non_burnable,0.0,0.0,0.03125,3.0,0.05069124423963134,4.0,False
dc_dc75a6364fe9,Digital Realty Silicon Valley SJC10,Digital Realty,colocation,operational,CA,Santa Clara,37.375822,-121.9533359,building,pending,high,57051.9,3.0,0.12219325453042984,0.555,1,0.715,1,0.935,1,6.0,,non_burnable,0.0,0.0,0.03125,3.0,0.05161290322580645,4.0,False
dc_7e1ec0fe32da,Colovore,,unknown,operational,CA,Santa Clara,37.3767228,-121.9531439,building,pending,high,24161.7,,0.12219325453042984,0.555,1,0.715,1,0.935,1,6.0,,non_burnable,0.0,0.0,0.03125,3.0,0.05161290322580645,4.0,False
dc_67a4e14e8e91,Digital Realty Silicon Valley SJC30,Digital Realty,colocation,operational,CA,Santa Clara,37.3782874,-121.9581107,building,pending,high,48539.2,,0.12219325453042984,0.545,1,0.695,1,0.915,1,6.0,,non_burnable,0.0,0.0,0.03125,3.0,0.05714285714285714,4.0,False
dc_bbef47685601,Digital Realty Silicon Valley SJC15,Digital Realty,colocation,operational,CA,Santa Clara,37.3749966,-121.9540769,building,pending,high,24616.0,,0.12219325453042984,0.555,1,0.705,1,0.935,1,6.0,,non_burnable,0.0,0.0,0.03125,3.0,0.04976958525345622,4.0,False
dc_3fa01f9ed0e0,Digital Realty Silicon Valley SJC16,Digital Realty,colocation,operational,CA,Santa Clara,37.3749324,-121.9559987,building,pending,high,42505.0,,0.12219325453042984,0.555,1,0.705,1,0.925,1,6.0,,non_burnable,0.0,0.0,0.0234375,3.0,0.052534562211981564,4.0,False
dc_05ba33d454f3,Digital Realty Silicon Valley SJC29,Digital Realty,colocation,operational,CA,Santa Clara,37.3750232,-121.9580962,building,pending,high,40287.7,,0.12219325453042984,0.545,1,0.705,1,0.915,1,6.0,,non_burnable,0.0,0.0,0.0234375,3.0,0.052534562211981564,4.0,False
dc_13ba42acb0f3,Csquare SFO4,Csquare,unknown,operational,CA,Santa Clara,37.3757986,-121.9551844,building,pending,high,27286.8,,0.12219325453042984,0.555,1,0.705,1,0.925,1,6.0,,non_burnable,0.0,0.0,0.03125,3.0,0.052534562211981564,4.0,False
dc_7cdd84794129,Prime SANTA CLARA DATA CENTER,Prime,unknown,operational,CA,Santa Clara,37.3750292,-121.9548775,building,pending,high,25825.8,,0.12219325453042984,0.555,1,0.705,1,0.925,1,6.0,,non_burnable,0.0,0.0,0.03125,3.0,0.052534562211981564,4.0,False
dc_b7521d3b140b,Digital Realty Silicon Valley SJC11,Digital Realty,colocation,operational,CA,Santa Clara,37.3763668,-121.9485649,building,pending,high,44027.8,,0.12219325453042984,0.565,1,0.725,1,0.945,1,6.0,,non_burnable,0.0,0.0,0.0390625,3.0,0.052534562211981564,4.0,False
dc_a33e0eaf3913,Lumen,Lumen Technologies,colocation,operational,CA,Santa Clara,37.3775848,-121.9506821,building,pending,high,15840.8,,0.12219325453042984,0.555,1,0.715,1,0.945,1,6.0,,non_burnable,0.0,0.0,0.03515625,3.0,0.052534562211981564,4.0,False
dc_6e6524e46803,Silicon Valley SJC31,Digital Realty,colocation,operational,CA,Santa Clara,37.3722213,-121.9482625,building,pending,high,146597.5,,0.12219325453042984,0.565,1,0.725,1,0.955,1,6.0,,non_burnable,0.0,0.0,0.0390625,3.0,0.05069124423963134,4.0,False
dc_3b4009cb1bbc,,,unknown,operational,CA,Santa Clara,37.3797897,-121.9499034,building,pending,high,18864.1,,0.12219325453042984,0.555,1,0.715,1,0.945,1,6.0,,non_burnable,0.0,0.0,0.02734375,2.0,0.054377880184331796,4.0,False
dc_a0f51e098a77,Evocative Santa Clara SJC11,,unknown,operational,CA,Santa Clara,37.3895364,-121.9619398,building,pending,high,51418.1,,0.12219325453042984,0.535,1,0.685,1,0.905,1,6.0,,non_burnable,0.0,0.0,0.0546875,3.0,0.09769585253456221,4.0,False
dc_c161f3e80fbd,QTS Chicago,Quality Technology Services,colocation,operational,IL,Cook,41.84219,-87.6689434,building,pending,high,267113.2,,16.118194580078125,0.035,1,0.055,1,0.095,1,6.0,,non_burnable,0.0,0.0,0.00390625,1.0,0.0064516129032258064,1.0,False
dc_20809b86822e,Iron Mountain Data & Record Storage,Iron Mountain,colocation,operational,IL,Cook,41.8487049,-87.6454577,building,pending,high,106033.6,,16.118194580078125,0.035,1,0.055,1,0.095,1,6.0,,non_burnable,0.0,0.0,0.00390625,1.0,0.011981566820276499,1.0,False
dc_10efe220e9f8,Data Storage Centers,,unknown,operational,AZ,Maricopa,33.4216928,-112.0343031,building,pending,high,38109.4,,7.057002544403076,0.025,1,0.035,1,0.055,1,4.0,4.0,high,0.26666666666666666,4.0,0.1640625,4.0,0.12995391705069123,5.0,False
dc_c737f1f6d886,TierPoint Boston - Andover,TierPoint,colocation,operational,MA,Essex,42.6857078,-71.2086024,building,pending,high,51355.0,,3.484011173248291,0.095,1,0.175,1,0.335,1,6.0,,non_burnable,0.37777777777777777,3.0,0.4375,3.0,0.43317972350230416,3.0,False
dc_277c0f0581fc,Markley Data Center,Markley Group,unknown,operational,MA,Middlesex,42.6302832,-71.3045615,building,pending,high,123665.8,,3.484011173248291,0.095,1,0.165,1,0.325,1,6.0,,non_burnable,0.1111111111111111,3.0,0.08984375,3.0,0.2571428571428571,3.0,False
dc_2705b2329455,Flexential Charlotte - South,Flexential,colocation,operational,NC,Mecklenburg,35.1354147,-80.9368313,building,pending,high,33741.5,2.0,14.088505744934082,0.065,1,0.095,1,0.165,1,6.0,,non_burnable,0.2222222222222222,4.0,0.25,4.0,0.3778801843317972,4.0,False
dc_83ab1d091133,Digital Realty Data Center,Digital Realty,colocation,operational,AZ,Maricopa,33.3446197,-111.8992189,building,pending,high,67568.5,,7.883434772491455,0.025,1,0.035,1,0.055,1,7.0,,water,0.1111111111111111,4.0,0.0859375,5.0,0.07096774193548387,5.0,True
dc_d05d1d438fa4,,Comcast,unknown,operational,WA,King,47.6933236,-122.3173172,building,pending,high,8025.1,,0.6047859191894531,0.325,1,0.455,1,0.665,1,6.0,,non_burnable,0.044444444444444446,1.0,0.06640625,1.0,0.0728110599078341,1.0,False
dc_7595c5d5e7dc,Equinix DC97,Equinix,colocation,operational,VA,Fairfax,38.9615728,-77.3774178,building,pending,high,43991.4,,13.629328727722168,0.055,1,0.095,1,0.175,1,6.0,,non_burnable,0.17777777777777778,1.0,0.1953125,1.0,0.32534562211981566,1.0,False
dc_957ede7b418e,Amazon IAD-55,Amazon Web Services,hyperscale,operational,VA,Prince William,38.815021,-77.64868,building,pending,high,228140.2,,12.71955680847168,0.065,1,0.10500000000000001,1,0.185,1,6.0,,non_burnable,0.6,2.0,0.55078125,2.0,0.6009216589861751,2.0,False
dc_2a2a32281bd3,CTI Biopharma,,unknown,operational,WA,King,47.6177873,-122.356694,building,pending,high,20600.7,7.0,0.6047859191894531,0.345,1,0.485,1,0.705,1,6.0,,non_burnable,0.0,0.0,0.01953125,1.0,0.02857142857142857,1.0,False
dc_470dccd260a2,Westin Building,Digital Realty,colocation,operational,WA,King,47.6143555,-122.3388637,building,pending,high,13117.4,34.0,0.6047859191894531,0.345,1,0.485,1,0.705,1,6.0,,non_burnable,0.0,0.0,0.00390625,1.0,0.041474654377880185,1.0,False
dc_07c6d715a86b,COPT Data Center,,unknown,operational,VA,Prince William,38.7439,-77.5334,building,VERIFIED,high,127956.1,,12.71955680847168,0.065,1,0.10500000000000001,1,0.185,1,1.0,1.0,very_low,0.5111111111111111,2.0,0.4296875,2.0,0.41566820276497696,2.0,False
dc_716763afa8e2,Dell 350 Holger Way,,unknown,operational,CA,Santa Clara,37.419148,-121.942563,building,CANDIDATE,high,45282.3,,0.12219325453042984,0.565,1,0.725,1,0.955,1,6.0,,non_burnable,0.2222222222222222,2.0,0.28125,4.0,0.18433179723502305,4.0,False
dc_4608aa9b25e5,SV Colo,SV Colo,unknown,operational,CA,Santa Clara,37.3642804,-121.9587878,building,pending,high,57709.9,,0.12219325453042984,0.545,1,0.705,1,0.915,1,6.0,,non_burnable,0.022222222222222223,3.0,0.01953125,4.0,0.03870967741935484,4.0,False
dc_c006ad7d9563,Microsoft,Microsoft,hyperscale,operational,CA,Santa Clara,37.3621026,-121.9464586,building,pending,high,166656.0,,0.12219325453042984,0.565,1,0.735,1,0.955,1,6.0,,non_burnable,0.044444444444444446,3.0,0.0390625,4.0,0.035023041474654376,4.0,False
dc_4b5149e761b0,OVH US East Vint Hill,,unknown,operational,VA,Fauquier,38.7474201,-77.6744649,building,pending,high,85783.3,,12.71955680847168,0.065,1,0.10500000000000001,1,0.185,1,1.0,1.0,very_low,0.6444444444444445,2.0,0.75390625,2.0,0.7566820276497696,2.0,False
dc_158b610b5b1a,NCAR-Wyoming Supercomputing Center,University Corporation for Atmospheric Research,excluded_minor,operational,WY,Laramie,41.1287467,-104.8974315,building,pending,high,101129.4,2.0,9.383162498474121,0.055,1,0.08499999999999999,1,0.14500000000000002,1,6.0,,non_burnable,0.7111111111111111,2.0,0.84765625,3.0,0.8543778801843318,3.0,False
dc_2e8820a1a344,The Seattle Times,H5 Data Centers,unknown,operational,WA,King,47.6189539,-122.3365314,building,pending,high,48589.9,8.0,0.6047859191894531,0.345,1,0.485,1,0.705,1,6.0,,non_burnable,0.0,0.0,0.0234375,1.0,0.0423963133640553,1.0,False
dc_5b707782623f,Google Data Center The Dalles Oregon,Google,hyperscale,operational,OR,Wasco,45.63195,-121.2015,building,VERIFIED,high,1487397.8,,0.5895698070526123,0.08499999999999999,1,0.125,1,0.195,1,6.0,,non_burnable,0.5111111111111111,4.0,0.5703125,4.0,0.6847926267281106,5.0,False
dc_3f99881e922b,Segra Data Center,,unknown,operational,NC,Wake,35.7249921,-78.6623632,building,pending,high,46141.9,1.0,15.275832176208496,0.035,1,0.055,1,0.095,1,6.0,,non_burnable,0.4222222222222222,3.0,0.55078125,3.0,0.5990783410138248,3.0,False
dc_585eb4a76a27,Equinix Ashburn DC2,Equinix,colocation,operational,VA,Loudoun,39.0163894,-77.4590691,building,CANDIDATE,high,175215.2,,13.613815307617188,0.055,1,0.095,1,0.175,1,6.0,,non_burnable,0.13333333333333333,1.0,0.36328125,1.0,0.32350230414746545,1.0,False
dc_1cbea47b2e15,H5 Data Centers Ashburn,H5 Data Centers,unknown,operational,VA,Loudoun,39.0136782,-77.4517194,building,pending,high,83657.0,,13.613815307617188,0.055,1,0.095,1,0.175,1,6.0,,non_burnable,0.28888888888888886,1.0,0.375,1.0,0.3170506912442396,1.0,False
dc_e797c79230f0,TierPoint Sioux Falls West Data Center,,colocation,operational,SD,Minnehaha,43.60708,-96.80975,building,VERIFIED,high,55963.3,,15.18335247039795,0.015,1,0.035,1,0.055,1,1.0,1.0,very_low,0.2222222222222222,2.0,0.15234375,2.0,0.19631336405529953,2.0,False
dc_7f9ae02ccc0f,Lumen McLean,Lumen Technologies,colocation,operational,VA,Fairfax,38.91947,-77.21238,building,CANDIDATE,high,42056.9,2.0,13.629328727722168,0.055,1,0.095,1,0.165,1,6.0,,non_burnable,0.13333333333333333,1.0,0.2421875,1.0,0.38894009216589864,1.0,False
dc_2844929e4bbb,DataBank McLean IAD2,DataBank,colocation,operational,VA,Fairfax,38.9199052,-77.213585,building,pending,high,22957.5,2.0,13.629328727722168,0.055,1,0.095,1,0.165,1,6.0,,non_burnable,0.13333333333333333,1.0,0.2265625,1.0,0.38894009216589864,1.0,False
dc_103846411abf,eBay,,unknown,operational,UT,Salt Lake,40.5636,-112.0478,building,VERIFIED,high,183167.5,,5.1958088874816895,0.165,1,0.265,1,0.415,1,2.0,2.0,low,0.5555555555555556,2.0,0.51953125,5.0,0.4525345622119816,5.0,False
dc_7dc82ae0dd2a,Equinix Chicago Data CH7,Equinix,colocation,operational,IL,DuPage,41.8125627,-87.9728504,building,pending,high,47336.5,,16.118194580078125,0.035,1,0.055,1,0.10500000000000001,1,6.0,,non_burnable,0.044444444444444446,1.0,0.18359375,1.0,0.18525345622119815,1.0,False
dc_201440cfd9cd,PhoenixNAP,,unknown,operational,AZ,Maricopa,33.416077,-112.0094718,building,pending,high,79223.3,,7.057002544403076,0.025,1,0.035,1,0.055,1,6.0,,non_burnable,0.15555555555555556,4.0,0.1328125,4.0,0.1327188940092166,5.0,False
dc_bdfc6ad54e05,Merrill Lynch Data Center,Merrill Lynch,unknown,operational,NY,Richmond,40.60411,-74.1793,building,CANDIDATE,high,63435.2,,7.277477264404297,0.10500000000000001,1,0.175,1,0.345,1,6.0,,non_burnable,0.4666666666666667,4.0,0.3984375,4.0,0.30046082949308756,5.0,False
dc_1bc2b9120fd7,Telehouse Teleport,Telehouse,unknown,operational,NY,Richmond,40.60712,-74.17499,building,CANDIDATE,high,69999.3,,7.277477264404297,0.10500000000000001,1,0.175,1,0.345,1,6.0,,non_burnable,0.37777777777777777,4.0,0.3984375,4.0,0.2976958525345622,5.0,False
dc_dbe2757c8762,32 Avenue of the Americas,,unknown,operational,NY,New York,40.719994,-74.0045683,building,pending,high,42396.1,,7.277477264404297,0.095,1,0.175,1,0.335,1,6.0,,non_burnable,0.0,0.0,0.0078125,4.0,0.025806451612903226,5.0,False
dc_0dc2e0d5e422,4120 Lafayette Center Drive,,unknown,operational,VA,Fairfax,38.9059013,-77.4689724,building,pending,high,50994.5,,13.629328727722168,0.065,1,0.095,1,0.175,1,6.0,,non_burnable,0.35555555555555557,1.0,0.46484375,1.0,0.471889400921659,1.0,False
dc_574dbb1df5a6,Digital Realty,Digital Realty,colocation,operational,VA,Fairfax,38.9101164,-77.4725921,building,pending,high,72337.6,,13.629328727722168,0.065,1,0.095,1,0.175,1,6.0,,non_burnable,0.3333333333333333,1.0,0.51953125,1.0,0.4838709677419355,1.0,False
dc_3ea7dd208f28,Greenidge Power Plant and Data Center,Greenidge Generation Holdings Inc.,unknown,operational,NY,Yates,42.67965,-76.948414,building,VERIFIED,high,95893.9,,5.58836555480957,0.035,1,0.055,1,0.095,1,6.0,,non_burnable,0.4444444444444444,3.0,0.296875,3.0,0.2073732718894009,3.0,False
dc_dd62b4cfd23c,TierPoint,,colocation,operational,MO,St. Louis,38.629438,-90.195807,building,CANDIDATE,high,24039.2,4.0,15.06376838684082,0.165,1,0.265,1,0.455,1,6.0,,non_burnable,0.022222222222222223,1.0,0.05078125,1.0,0.09032258064516129,1.0,False
dc_885116d1864f,Verizon,,unknown,operational,NV,Clark,36.1447332,-115.0779284,building,pending,high,25884.8,,3.602787733078003,0.07500000000000001,1,0.11499999999999999,1,0.185,1,6.0,,non_burnable,0.0,0.0,0.04296875,1.0,0.06175115207373272,1.0,False
dc_8e1d55e66e4c,,,unknown,operational,TX,Bexar,29.4466626,-98.6405797,building,pending,high,127563.8,,12.881298065185547,0.015,1,0.015,1,0.035,1,6.0,,non_burnable,0.28888888888888886,2.0,0.29296875,3.0,0.2488479262672811,3.0,False
dc_e007921e0e2a,,,unknown,operational,TX,Bexar,29.4478888,-98.6411006,building,pending,high,142712.7,,12.881298065185547,0.015,1,0.015,1,0.035,1,6.0,,non_burnable,0.28888888888888886,2.0,0.30078125,3.0,0.24792626728110598,3.0,False
dc_be6fbb486171,Texas Cryptologic Center,National Security Agency,unknown,operational,TX,Bexar,29.4472024,-98.6409962,building,pending,high,445294.5,,12.881298065185547,0.015,1,0.015,1,0.035,1,6.0,,non_burnable,0.26666666666666666,2.0,0.30859375,3.0,0.24792626728110598,3.0,False
dc_07598d7e4ad6,CenturyLink,Lumen Technologies,colocation,operational,NV,Clark,36.1437196,-115.0833851,building,pending,high,49212.6,,3.602787733078003,0.07500000000000001,1,0.11499999999999999,1,0.185,1,6.0,,non_burnable,0.022222222222222223,1.0,0.02734375,1.0,0.05622119815668203,1.0,False
dc_7da4291ec019,,,unknown,operational,TX,Collin,33.096018,-96.6815422,building,CANDIDATE,high,121666.1,,19.147722244262695,0.025,1,0.045,1,0.07500000000000001,1,6.0,,non_burnable,0.15555555555555556,2.0,0.18359375,3.0,0.22211981566820277,3.0,False
dc_82571b787ee6,Evoque Allen DA1,Centersquare,colocation,operational,TX,Collin,33.09512,-96.6838,building,VERIFIED,high,114534.4,,19.147722244262695,0.025,1,0.045,1,0.07500000000000001,1,6.0,,non_burnable,0.13333333333333333,2.0,0.19140625,3.0,0.22027649769585253,3.0,False
dc_a40a7a61f53f,First National Technical Center,First National of Nebraska,unknown,operational,NE,Douglas,41.2614219,-95.9364982,building,pending,high,69219.4,,17.158601760864258,0.015,1,0.025,1,0.045,1,6.0,,non_burnable,0.044444444444444446,2.0,0.10546875,2.0,0.15023041474654378,4.0,False
dc_5a66fc0b92a1,Flexential - Richmond,Flexential,colocation,operational,VA,Henrico,37.6468902,-77.4386952,building,pending,high,39778.4,,13.578962326049805,0.10500000000000001,1,0.195,1,0.375,1,6.0,,non_burnable,0.4666666666666667,2.0,0.5078125,2.0,0.48847926267281105,2.0,False
dc_7b085144d463,Amazon IAD-9,Amazon Web Services,hyperscale,operational,VA,Fairfax,38.899441,-77.455298,building,CANDIDATE,high,85855.2,,13.629328727722168,0.065,1,0.095,1,0.175,1,6.0,,non_burnable,0.3111111111111111,1.0,0.3671875,1.0,0.44423963133640554,1.0,False
dc_e973f22c27bf,Amazon IAD22,Amazon Web Services,hyperscale,operational,VA,Fairfax,38.8979047,-77.4551032,building,pending,high,30140.5,,13.629328727722168,0.065,1,0.095,1,0.175,1,6.0,,non_burnable,0.3111111111111111,1.0,0.37109375,1.0,0.4534562211981567,1.0,False
dc_5ac7881d70a2,Amazon IAD-1,Amazon Web Services,hyperscale,operational,VA,Fairfax,38.8978637,-77.4540825,building,pending,high,93883.0,,13.629328727722168,0.065,1,0.095,1,0.175,1,6.0,,non_burnable,0.35555555555555557,1.0,0.37109375,1.0,0.4608294930875576,1.0,False
dc_827fe89cbc5e,H5 Data Centers Virginia (4050),,unknown,operational,VA,Fairfax,38.9092366,-77.4722656,building,pending,high,43331.0,,13.629328727722168,0.065,1,0.095,1,0.175,1,6.0,,non_burnable,0.3333333333333333,1.0,0.48828125,1.0,0.4838709677419355,1.0,False
dc_edae91eea7f3,H5 Data Centers Virginia (4040),,unknown,operational,VA,Fairfax,38.9097961,-77.4734544,building,pending,high,32222.4,,13.629328727722168,0.065,1,0.095,1,0.175,1,6.0,,non_burnable,0.4,1.0,0.51171875,1.0,0.49953917050691243,1.0,False
dc_6a1b8137ce48,ATI Solutions,,unknown,operational,VA,Fairfax,38.908136,-77.4752182,building,pending,high,18400.2,,13.629328727722168,0.065,1,0.095,1,0.175,1,6.0,,non_burnable,0.3333333333333333,1.0,0.515625,1.0,0.5032258064516129,1.0,False
dc_a693333e3230,,,unknown,operational,VA,Fairfax,38.750815,-77.1962716,building,pending,high,56049.9,,13.629328727722168,0.055,1,0.095,1,0.165,1,6.0,,non_burnable,0.4666666666666667,2.0,0.375,2.0,0.41382488479262675,2.0,False
dc_d7d660e610a2,Menlo Digital MD-DC1,,unknown,operational,VA,Fairfax,38.9271191,-77.4240727,building,pending,high,45228.5,,13.629328727722168,0.055,1,0.095,1,0.175,1,6.0,,non_burnable,0.3333333333333333,1.0,0.375,1.0,0.36589861751152075,1.0,False
dc_e7b041f66911,Cox Data Center,,unknown,operational,GA,Fulton,34.0362568,-84.3195121,building,pending,high,127858.8,,16.0975399017334,0.065,1,0.095,1,0.165,1,6.0,,non_burnable,0.3333333333333333,3.0,0.2890625,3.0,0.40921658986175113,3.0,False
dc_8139e532c3de,QTS Atlanta Data Center 1,Quality Technology Services,colocation,operational,GA,Fulton,33.7776897,-84.4211544,building,pending,high,719737.3,,16.562829971313477,0.055,1,0.08499999999999999,1,0.14500000000000002,1,6.0,,non_burnable,0.17777777777777778,3.0,0.203125,3.0,0.2608294930875576,3.0,False
dc_8582438c63c9,Csquare SFO3,Csquare,unknown,operational,CA,Santa Clara,37.3720542,-121.9860407,building,pending,high,71209.3,,0.12219325453042984,0.525,1,0.665,1,0.865,1,6.0,,non_burnable,0.022222222222222223,3.0,0.0078125,3.0,0.053456221198156684,4.0,False
dc_bf1df6b842e9,Centersquare IAD3,Centersquare,colocation,operational,VA,Loudoun,38.9809293,-77.4443786,building,pending,high,130748.6,,13.629328727722168,0.055,1,0.095,1,0.175,1,6.0,,non_burnable,0.2,1.0,0.36328125,1.0,0.33640552995391704,1.0,False
dc_84a15c5e48cb,Centersquare IAD2-A,Centersquare,colocation,operational,VA,Loudoun,38.9844198,-77.4238096,building,pending,high,48153.1,,13.629328727722168,0.055,1,0.095,1,0.175,1,6.0,,non_burnable,0.13333333333333333,1.0,0.19921875,1.0,0.30230414746543777,1.0,False
dc_23cf9d5d92b8,,CyrusOne,colocation,operational,VA,Loudoun,38.9848664,-77.4256702,building,pending,high,127744.4,,13.629328727722168,0.055,1,0.095,1,0.175,1,6.0,,non_burnable,0.17777777777777778,1.0,0.20703125,1.0,0.2976958525345622,1.0,False
dc_3a460ff301b5,Centersquare IAD2-B,Centersquare,colocation,operational,VA,Loudoun,38.9836138,-77.4240848,building,pending,high,71819.5,,13.629328727722168,0.055,1,0.095,1,0.175,1,6.0,,non_burnable,0.17777777777777778,1.0,0.203125,1.0,0.2995391705069124,1.0,False
dc_825c795eeabf,Digital Realty Data Center,Digital Realty,colocation,operational,GA,Fulton,33.6570094,-84.4152195,building,pending,high,128785.2,,16.562829971313477,0.055,1,0.08499999999999999,1,0.135,1,6.0,,non_burnable,0.17777777777777778,3.0,0.1484375,3.0,0.27373271889400924,3.0,False
dc_c5f760fd708b,Cyxtera (Digital Realty Trust) Citibank Data Center,Cyxtera,colocation,operational,NJ,Hudson,40.7607798,-74.0257417,building,pending,high,58356.8,5.0,7.277477264404297,0.10500000000000001,1,0.175,1,0.335,1,6.0,,non_burnable,0.044444444444444446,4.0,0.046875,4.0,0.05806451612903226,5.0,False
dc_79ba191d0ddc,Digital Realty New Jersey EWR10,Digital Realty,colocation,operational,NJ,Hudson,40.7618178,-74.0250281,building,pending,high,126960.3,4.0,7.277477264404297,0.10500000000000001,1,0.175,1,0.335,1,6.0,,non_burnable,0.022222222222222223,4.0,0.05078125,5.0,0.05806451612903226,5.0,False
dc_5ce1bef66bfd,,,unknown,operational,WA,Grant,47.2462099,-119.8132256,building,AMBIGUOUS,high,151976.4,,1.113155484199524,0.07500000000000001,1,0.10500000000000001,1,0.175,1,6.0,,non_burnable,0.2222222222222222,1.0,0.24609375,2.0,0.35576036866359445,4.0,False
dc_e1ec41460f16,,,unknown,operational,WA,Grant,47.2476512,-119.8131864,building,CANDIDATE,high,133363.9,,1.113155484199524,0.07500000000000001,1,0.10500000000000001,1,0.175,1,6.0,,non_burnable,0.24444444444444444,1.0,0.30078125,2.0,0.38433179723502303,4.0,False
dc_3c54f97d781a,Intergate.Quincy,,unknown,operational,WA,Grant,47.2462,-119.8158,building,VERIFIED,high,135310.2,,1.113155484199524,0.07500000000000001,1,0.10500000000000001,1,0.175,1,6.0,,non_burnable,0.26666666666666666,1.0,0.28125,2.0,0.35576036866359445,4.0,False
dc_7c4e0d045a9c,Intergate Quincy Data Center,Sabey Data Centers,unknown,operational,WA,Grant,47.2453673,-119.8160897,campus_centroid,pending,high,4318514.6,,1.113155484199524,0.07500000000000001,1,0.10500000000000001,1,0.175,1,6.0,,non_burnable,0.2,1.0,0.2421875,1.0,0.35576036866359445,4.0,False
dc_5cc1bdab179a,H5 Data Center,Intuit,unknown,operational,WA,Grant,47.25275,-119.81947,campus_centroid,CANDIDATE,high,2700607.7,,1.113155484199524,0.07500000000000001,1,0.10500000000000001,1,0.175,1,6.0,,non_burnable,0.15555555555555556,1.0,0.3359375,3.0,0.4221198156682028,4.0,False
dc_ae9448694997,H5 Data Centers Quincy,,unknown,operational,WA,Grant,47.24861,-119.817382,building,CANDIDATE,high,246779.2,,1.113155484199524,0.07500000000000001,1,0.10500000000000001,1,0.175,1,6.0,,non_burnable,0.2222222222222222,1.0,0.2890625,2.0,0.3723502304147465,4.0,False
dc_824340142f56,Yahoo Data Center,Yahoo,unknown,operational,WA,Grant,47.24676,-119.8275,campus_centroid,VERIFIED,high,2171299.7,,1.113155484199524,0.07500000000000001,1,0.10500000000000001,1,0.175,1,6.0,,non_burnable,0.24444444444444444,1.0,0.23828125,1.0,0.36036866359447006,4.0,False
dc_37ffc1fb3121,,,unknown,operational,WA,Grant,47.2467356,-119.8288659,building,CANDIDATE,high,151213.4,,1.113155484199524,0.07500000000000001,1,0.10500000000000001,1,0.175,1,6.0,,non_burnable,0.17777777777777778,1.0,0.23828125,1.0,0.35391705069124424,4.0,False
dc_3e47ba6ea7d4,,,unknown,operational,WA,Grant,47.2461,-119.8293,building,VERIFIED,high,35848.5,,1.113155484199524,0.07500000000000001,1,0.10500000000000001,1,0.175,1,6.0,,non_burnable,0.17777777777777778,1.0,0.21484375,1.0,0.35391705069124424,4.0,False
dc_dc8fb9b88484,CoreSite AT2 - Marietta Data Center,CoreSite,colocation,operational,GA,Cobb,33.9255145,-84.4816338,building,pending,high,74823.1,1.0,16.562829971313477,0.065,1,0.095,1,0.155,1,6.0,,non_burnable,0.26666666666666666,3.0,0.3359375,3.0,0.391705069124424,3.0,False
dc_64536bf4ec69,,,unknown,operational,MO,Platte,39.29175,-94.68647,building,CANDIDATE,high,30923.9,,20.675199508666992,0.025,1,0.045,1,0.065,1,1.0,1.0,very_low,0.28888888888888886,1.0,0.4140625,3.0,0.44055299539170506,3.0,False
dc_a48459500fa0,Digital Realty San Francisco SFO10,Digital Realty,colocation,operational,CA,San Francisco,37.7239,-122.3979,building,VERIFIED,high,104867.4,,0.09281287342309952,0.535,1,0.705,1,0.955,1,6.0,,non_burnable,0.044444444444444446,2.0,0.09765625,3.0,0.10046082949308756,4.0,False
dc_e16c0048b956,33 Thomas Street,,unknown,operational,NY,New York,40.71617,-74.00574,building,VERIFIED,high,30791.7,,7.277477264404297,0.095,1,0.175,1,0.335,1,6.0,,non_burnable,0.0,0.0,0.0078125,4.0,0.02857142857142857,5.0,False
dc_2d220fd00df6,VentureData,VentureData,unknown,operational,ID,Madison,43.8252286,-111.7820703,building,pending,high,18270.0,,5.340409755706787,0.08499999999999999,1,0.125,1,0.185,1,6.0,,non_burnable,0.08888888888888889,1.0,0.1796875,1.0,0.1576036866359447,3.0,False
dc_78a95ede9fd2,Cogent Data Center,"Cogent Communications, Inc.",unknown,operational,AZ,Maricopa,33.4002195,-112.0478786,building,pending,high,51675.4,,7.057002544403076,0.025,1,0.035,1,0.055,1,6.0,,non_burnable,0.13333333333333333,5.0,0.20703125,5.0,0.22580645161290322,5.0,False
dc_ddc8ce7e149c,CoreSpace Dallas,CoreSpace,unknown,operational,TX,Dallas,32.8175508,-96.873071,building,pending,high,31626.3,,18.841638565063477,0.025,1,0.035,1,0.065,1,6.0,,non_burnable,0.0,0.0,0.1875,2.0,0.23963133640552994,3.0,False
dc_7c8f0dd59535,Databank Denver (DEN5),,colocation,operational,CO,Arapahoe,39.5901315,-104.8469632,building,pending,high,108474.1,,10.969576835632324,0.045,1,0.07500000000000001,1,0.155,1,6.0,,non_burnable,0.35555555555555557,3.0,0.3125,4.0,0.38525345622119817,4.0,False
dc_70319b137cc4,zColo by Zayo,,unknown,operational,CO,Arapahoe,39.5913398,-104.8470655,building,pending,high,62177.5,,10.969576835632324,0.045,1,0.07500000000000001,1,0.155,1,6.0,,non_burnable,0.37777777777777777,3.0,0.3125,4.0,0.3815668202764977,4.0,False
dc_d4a1a829c73b,Intergate Seattle East Building 5,Sabey,unknown,operational,WA,King,47.494963,-122.290624,building,CANDIDATE,high,200125.1,,0.46316325664520264,0.345,1,0.485,1,0.705,1,6.0,,non_burnable,0.044444444444444446,1.0,0.12890625,1.0,0.11152073732718894,1.0,False
dc_a155358ecc51,Intergate Seattle East Building 3,Sabey,unknown,operational,WA,King,47.4934798,-122.2904647,building,pending,high,203388.0,,0.46316325664520264,0.345,1,0.485,1,0.705,1,6.0,,non_burnable,0.044444444444444446,1.0,0.1328125,1.0,0.10875576036866359,1.0,False
dc_e1661b2a1f9b,Intergate Seattle East Building 4,Digital Realty,colocation,operational,WA,King,47.4934032,-122.2888803,building,pending,high,116828.5,,0.46316325664520264,0.345,1,0.485,1,0.705,1,6.0,,non_burnable,0.044444444444444446,1.0,0.125,1.0,0.10875576036866359,1.0,False
dc_948f3bdc4314,Flexential Allentown data center,Flexential,colocation,operational,PA,Lehigh,40.6356953,-75.4575733,building,pending,high,48995.4,,10.55088996887207,0.065,1,0.11499999999999999,1,0.20500000000000002,1,6.0,,non_burnable,0.28888888888888886,3.0,0.1796875,3.0,0.22119815668202766,3.0,False
dc_d2de7906afe4,Digital Realty ACC4,Digital Realty,colocation,operational,VA,Loudoun,39.0178592,-77.4624708,building,pending,high,294156.5,,13.613815307617188,0.055,1,0.095,1,0.175,1,6.0,,non_burnable,0.1111111111111111,1.0,0.36328125,1.0,0.3161290322580645,1.0,False
dc_fc796ff9d529,Equinix Ashburn DC1,Equinix,colocation,operational,VA,Loudoun,39.0155577,-77.4603281,building,pending,high,59757.1,,13.613815307617188,0.055,1,0.095,1,0.175,1,6.0,,non_burnable,0.1111111111111111,1.0,0.3984375,1.0,0.32350230414746545,1.0,False
dc_eb543ca87716,Equinix Ashburn DC5,Equinix,colocation,operational,VA,Loudoun,39.014551,-77.457838,building,CANDIDATE,high,94665.5,,13.613815307617188,0.055,1,0.095,1,0.175,1,6.0,,non_burnable,0.15555555555555556,1.0,0.37890625,1.0,0.31889400921658984,1.0,False
dc_61423542fa9a,Equinix Ashburn DC11,Equinix,colocation,operational,VA,Loudoun,39.0148911,-77.4587995,building,pending,high,132897.8,,13.613815307617188,0.055,1,0.095,1,0.175,1,6.0,,non_burnable,0.15555555555555556,1.0,0.3671875,1.0,0.31889400921658984,1.0,False
dc_131aa5f35967,Equinix Ashburn DC3,Equinix,colocation,operational,VA,Loudoun,39.0220154,-77.460235,building,pending,high,186228.0,,13.613815307617188,0.055,1,0.095,1,0.175,1,6.0,,non_burnable,0.26666666666666666,1.0,0.34375,1.0,0.31797235023041476,1.0,False
dc_b50a00a06b55,Digital Realty ACC3,Digital Realty,colocation,operational,VA,Loudoun,39.01988,-77.4598033,building,pending,high,151562.9,,13.613815307617188,0.055,1,0.095,1,0.175,1,6.0,,non_burnable,0.1111111111111111,1.0,0.34765625,1.0,0.31889400921658984,1.0,False
dc_0d9b2c88b783,CoreSite SV2,"CoreSite Real Estate 1656 McCarthy, L.P.",colocation,operational,CA,Santa Clara,37.4056857,-121.9162604,building,pending,high,89940.0,,0.12219325453042984,0.605,1,0.785,1,1.045,1,6.0,,non_burnable,0.08888888888888889,3.0,0.04296875,3.0,0.10967741935483871,4.0,False
dc_49375bfb4e76,Amazon IAD76,Amazon Web Services,hyperscale,operational,VA,Loudoun,38.9937936,-77.450509,building,pending,high,138071.3,,13.629328727722168,0.055,1,0.095,1,0.175,1,6.0,,non_burnable,0.2222222222222222,1.0,0.40625,1.0,0.33732718894009217,1.0,False
dc_2e4b032d0260,Amazon IAD12,Amazon Web Services,hyperscale,operational,VA,Loudoun,38.988724,-77.447671,building,pending,high,149598.6,,13.629328727722168,0.055,1,0.095,1,0.175,1,6.0,,non_burnable,0.15555555555555556,1.0,0.40234375,1.0,0.3382488479262673,1.0,False
dc_6bcbbbcd10b1,Digital Realty ACC5,Digital Realty,colocation,operational,VA,Loudoun,39.0201584,-77.4631033,building,pending,high,298859.6,,13.613815307617188,0.055,1,0.095,1,0.175,1,6.0,,non_burnable,0.17777777777777778,1.0,0.3359375,1.0,0.31336405529953915,1.0,False
dc_96abd1a194f0,Digital Realty ACC6,Digital Realty,colocation,operational,VA,Loudoun,39.0210261,-77.4635509,building,pending,high,226153.1,,13.613815307617188,0.055,1,0.095,1,0.175,1,6.0,,non_burnable,0.15555555555555556,1.0,0.32421875,1.0,0.31336405529953915,1.0,False
dc_2a70a9e5cc7b,Level 3 Ashburn,Lumen Technologies,colocation,operational,VA,Loudoun,39.022182,-77.4576094,building,pending,high,49023.2,,13.613815307617188,0.055,1,0.095,1,0.175,1,6.0,,non_burnable,0.2222222222222222,1.0,0.3359375,1.0,0.31797235023041476,1.0,False
dc_883a5d1e99b8,Centersquare IAD4-B,Centersquare,colocation,operational,VA,Loudoun,39.0221679,-77.4535946,building,pending,high,90029.4,,13.613815307617188,0.055,1,0.095,1,0.175,1,6.0,,non_burnable,0.28888888888888886,1.0,0.3125,1.0,0.3225806451612903,1.0,False
dc_69fd86e9906c,NTT Ashburn VA1 Data Center,NTT,colocation,operational,VA,Loudoun,39.0227436,-77.4548911,building,pending,high,138507.1,,13.613815307617188,0.055,1,0.095,1,0.175,1,6.0,,non_burnable,0.24444444444444444,1.0,0.3203125,1.0,0.31981566820276497,1.0,False
dc_ae3e7c1ac44d,Digital Realty Phoenix PHX15,Digital Realty,colocation,operational,AZ,Maricopa,33.2749228,-111.8866379,building,pending,high,294678.4,,7.883434772491455,0.025,1,0.035,1,0.055,1,6.0,,non_burnable,0.26666666666666666,4.0,0.390625,5.0,0.2608294930875576,5.0,False
dc_c9783b27622b,H5 Phoenix,H5,unknown,operational,AZ,Maricopa,33.2769993,-111.8858906,building,pending,high,50925.7,,7.883434772491455,0.025,1,0.035,1,0.055,1,6.0,,non_burnable,0.3111111111111111,4.0,0.33203125,5.0,0.25622119815668204,5.0,False
dc_4f768adc7131,CyrusOne PHX1,CyrusOne,colocation,operational,AZ,Maricopa,33.2708783,-111.8819954,building,pending,high,137355.2,,7.883434772491455,0.025,1,0.035,1,0.055,1,6.0,,non_burnable,0.17777777777777778,4.0,0.30859375,5.0,0.25990783410138246,5.0,False
dc_81a17a603597,Equinix DC13,Equinix,colocation,operational,VA,Loudoun,39.0125623,-77.4754047,building,pending,high,125613.7,,13.613815307617188,0.055,1,0.095,1,0.175,1,6.0,,non_burnable,0.28888888888888886,1.0,0.38671875,1.0,0.3382488479262673,1.0,False
dc_631371da65c8,Digital Realty Northern Virginia IAD14,Digital Realty,colocation,operational,VA,Loudoun,39.0033364,-77.4870935,building,pending,high,134503.9,,13.613815307617188,0.055,1,0.095,1,0.175,1,6.0,,non_burnable,0.4444444444444444,1.0,0.37890625,1.0,0.3649769585253456,1.0,False
dc_3d20ef20699e,Amazon Web Services Building C,Amazon Web Services,hyperscale,operational,VA,Loudoun,39.0027516,-77.4854486,building,pending,high,116698.8,,13.613815307617188,0.055,1,0.095,1,0.175,1,6.0,,non_burnable,0.4444444444444444,1.0,0.390625,1.0,0.3649769585253456,1.0,False
dc_2e787555193c,Digital Realty Northern Virginia IAD12,Digital Realty,colocation,operational,VA,Loudoun,39.0020229,-77.4833469,building,pending,high,180269.8,,13.613815307617188,0.055,1,0.095,1,0.175,1,6.0,,non_burnable,0.5111111111111111,1.0,0.40234375,1.0,0.3576036866359447,1.0,False
dc_832cb24853a8,Digital Realty Building A,Digital Realty,colocation,operational,VA,Loudoun,39.0027414,-77.4819572,building,pending,high,133307.2,,13.613815307617188,0.055,1,0.095,1,0.175,1,6.0,,non_burnable,0.4888888888888889,1.0,0.39453125,1.0,0.3576036866359447,1.0,False
dc_524910b48583,Digital Realty Northern Virginia IAD24,Digital Realty,colocation,operational,VA,Loudoun,39.0043186,-77.484415,building,pending,high,114429.0,,13.613815307617188,0.055,1,0.095,1,0.175,1,6.0,,non_burnable,0.5111111111111111,1.0,0.390625,1.0,0.3585253456221198,1.0,False
dc_087c9c57a7c0,Databank Ashburn IAD1,DataBank,colocation,operational,VA,Loudoun,39.0155,-77.4821,building,CANDIDATE,high,144740.6,,13.613815307617188,0.055,1,0.095,1,0.175,1,6.0,,non_burnable,0.28888888888888886,1.0,0.30859375,1.0,0.3419354838709677,1.0,False
dc_ec2547a1d26b,DataBank Ashburn IAD4,DataBank,colocation,operational,VA,Loudoun,39.0154867,-77.4833483,building,pending,high,81129.3,,13.613815307617188,0.055,1,0.095,1,0.175,1,6.0,,non_burnable,0.3111111111111111,1.0,0.2890625,1.0,0.3548387096774194,1.0,False
dc_3f486e9e678a,Apple Data Center,Apple Inc.,hyperscale,operational,AZ,Maricopa,33.3470334,-111.6041418,building,pending,high,1338262.9,,7.883434772491455,0.025,1,0.035,1,0.065,1,6.0,,non_burnable,0.6222222222222222,4.0,0.46484375,4.0,0.5815668202764976,4.0,False
dc_381df857e073,VISA,VISA,unknown,operational,IL,Lake,42.2167763,-87.9529303,building,pending,high,55001.1,,14.088419914245605,0.025,1,0.045,1,0.08499999999999999,1,6.0,,non_burnable,0.15555555555555556,1.0,0.2890625,1.0,0.3990783410138249,1.0,False
dc_dd43c1afe709,John F. Simms Building,SONM,unknown,operational,NM,Santa Fe,35.6724585,-105.9565798,building,pending,high,31271.6,2.0,11.355775833129883,0.055,1,0.08499999999999999,1,0.185,1,6.0,,non_burnable,0.15555555555555556,3.0,0.2578125,3.0,0.5235023041474655,4.0,False
dc_d49059d0004a,Lumen San Antonio 2,Lumen Technologies,colocation,operational,TX,Bexar,29.4382791,-98.5065217,building,pending,high,12722.1,,12.881298065185547,0.015,1,0.015,1,0.035,1,6.0,,non_burnable,0.0,0.0,0.03125,2.0,0.08202764976958525,3.0,False
dc_a3ed205f0651,Meta,Meta,hyperscale,operational,OR,Crook,44.2959422,-120.8872741,building,pending,high,269643.3,,2.428783893585205,0.045,1,0.065,1,0.10500000000000001,1,6.0,,non_burnable,0.5777777777777777,4.0,0.65234375,4.0,0.6940092165898617,4.0,False
dc_0b58b9cd7bf3,Adobe Data Center,,unknown,operational,OR,Washington,45.5501967,-122.9316727,building,pending,high,114853.8,,0.49183908104896545,0.175,1,0.28500000000000003,1,0.46499999999999997,1,1.0,1.0,very_low,0.24444444444444444,2.0,0.1796875,2.0,0.20276497695852536,2.0,False
dc_1935437c7e01,TGN Hillsboro,Tata Communications,unknown,operational,OR,Washington,45.54659,-122.89393,building,CANDIDATE,high,23967.7,,0.49183908104896545,0.175,1,0.28500000000000003,1,0.46499999999999997,1,6.0,,non_burnable,0.044444444444444446,1.0,0.13671875,2.0,0.20460829493087557,2.0,False
dc_3fef4ef0197e,Stack Infrastructure - POR02,Stack Infrastructure,colocation,operational,OR,Washington,45.547493,-122.897249,building,VERIFIED,high,215217.9,,0.49183908104896545,0.175,1,0.28500000000000003,1,0.46499999999999997,1,6.0,,non_burnable,0.044444444444444446,1.0,0.1171875,2.0,0.19447004608294932,2.0,False
dc_526c2a45ec28,Oracle,,hyperscale,operational,OR,Washington,45.5439148,-122.896479,building,CANDIDATE,high,66545.1,,0.49183908104896545,0.175,1,0.28500000000000003,1,0.46499999999999997,1,6.0,,non_burnable,0.06666666666666667,1.0,0.11328125,2.0,0.1815668202764977,2.0,False
dc_88ceb844bdf4,Digital Realty PDX10 Data Center,Digital Realty,colocation,operational,OR,Washington,45.5476065,-122.8919518,building,pending,high,68807.5,,0.49183908104896545,0.175,1,0.28500000000000003,1,0.46499999999999997,1,6.0,,non_burnable,0.022222222222222223,1.0,0.125,2.0,0.20460829493087557,2.0,False
dc_e1986068387b,Flexential Portland - Hillsboro 1,Flexential,colocation,operational,OR,Washington,45.5476,-122.8916,building,CANDIDATE,high,41245.9,,0.49183908104896545,0.175,1,0.28500000000000003,1,0.46499999999999997,1,6.0,,non_burnable,0.044444444444444446,1.0,0.125,2.0,0.20092165898617512,2.0,False
dc_084826c020f7,Flexential Portland - Hillsboro 1,Flexential,colocation,operational,OR,Washington,45.54775,-122.89155,building,VERIFIED,high,44088.4,,0.49183908104896545,0.175,1,0.28500000000000003,1,0.46499999999999997,1,6.0,,non_burnable,0.044444444444444446,1.0,0.140625,2.0,0.2073732718894009,2.0,False
dc_a58e2ed3ead5,Flexential Louisville - East,Flexential,colocation,operational,KY,Jefferson,38.2771906,-85.5072402,building,pending,high,34794.9,,13.915719032287598,0.065,1,0.095,1,0.155,1,6.0,,non_burnable,0.2222222222222222,1.0,0.46875,1.0,0.5152073732718894,1.0,False
dc_9996d2a0e21d,Flexential Louisville - Downtown,Flexential,colocation,operational,KY,Jefferson,38.242501,-85.733336,building,pending,high,36525.6,,13.915719032287598,0.065,1,0.095,1,0.165,1,6.0,,non_burnable,0.044444444444444446,1.0,0.10546875,1.0,0.1640552995391705,1.0,False
dc_570dcd095704,Verizon Hillsboro (Tanasbourne) Data Center,Verizon Business,unknown,operational,OR,Washington,45.5446185,-122.882338,building,pending,high,61299.5,,0.49183908104896545,0.175,1,0.28500000000000003,1,0.475,1,6.0,,non_burnable,0.08888888888888889,1.0,0.15234375,2.0,0.19078341013824884,2.0,False
dc_805132b8f582,Terminal Commerce Building,,unknown,operational,PA,Philadelphia,39.95962,-75.16187,building,CANDIDATE,high,119659.9,15.0,9.466512680053711,0.07500000000000001,1,0.135,1,0.255,1,6.0,,non_burnable,0.0,0.0,0.01171875,2.0,0.04884792626728111,3.0,False
dc_cc28d7536dbd,TierPoint,,colocation,operational,WA,Spokane,47.6719149,-117.0959323,building,pending,high,14435.2,,2.4368741512298584,0.035,1,0.055,1,0.10500000000000001,1,6.0,,non_burnable,0.26666666666666666,3.0,0.47265625,4.0,0.5815668202764976,4.0,False
dc_50050da00f9b,Baltimore Technology Park,,unknown,operational,MD,Baltimore,39.275367,-76.62551,building,pending,high,30131.1,,14.052087783813477,0.055,1,0.095,1,0.165,1,6.0,,non_burnable,0.022222222222222223,1.0,0.04296875,1.0,0.09400921658986175,1.0,False
dc_479fe0de6655,Intergate Seattle West Building C,Sabey,unknown,operational,WA,King,47.494123,-122.2943972,building,pending,high,19791.9,,0.46316325664520264,0.345,1,0.485,1,0.715,1,6.0,,non_burnable,0.044444444444444446,1.0,0.13671875,1.0,0.12073732718894009,1.0,False
dc_556a64184f4a,Intergate Seattle West Building B,Sabey,unknown,operational,WA,King,47.4930744,-122.2936837,building,pending,high,19140.2,,0.46316325664520264,0.345,1,0.485,1,0.715,1,6.0,,non_burnable,0.044444444444444446,1.0,0.13671875,1.0,0.11705069124423963,1.0,False
dc_e00eb2aece58,Intergate Seattle West Building A,Sabey,unknown,operational,WA,King,47.4921833,-122.2933176,building,pending,high,38547.4,,0.46316325664520264,0.345,1,0.485,1,0.715,1,6.0,,non_burnable,0.022222222222222223,1.0,0.12890625,1.0,0.11705069124423963,1.0,False
dc_5f6777919547,Vantage WA11,,colocation,operational,WA,Grant,47.25033,-119.81449,building,VERIFIED,high,147431.0,,1.113155484199524,0.07500000000000001,1,0.10500000000000001,1,0.175,1,1.0,1.0,very_low,0.26666666666666666,1.0,0.31640625,3.0,0.40276497695852537,4.0,False
dc_69b15e769d4a,NTT Data Quincy,NTT,colocation,operational,WA,Grant,47.24366,-119.86583,building,VERIFIED,high,99760.8,,1.113155484199524,0.07500000000000001,1,0.11499999999999999,1,0.175,1,6.0,,non_burnable,0.26666666666666666,1.0,0.171875,1.0,0.43410138248847924,4.0,False
dc_4ad26dcfcc07,,,unknown,operational,WA,Grant,47.2388186,-119.8593592,building,pending,high,44365.8,,1.113155484199524,0.07500000000000001,1,0.11499999999999999,1,0.175,1,6.0,,non_burnable,0.13333333333333333,1.0,0.16796875,1.0,0.36589861751152075,4.0,False
dc_31e1262f634a,,,unknown,operational,WA,Grant,47.2382623,-119.8593664,building,pending,high,32106.1,,1.113155484199524,0.07500000000000001,1,0.11499999999999999,1,0.175,1,6.0,,non_burnable,0.13333333333333333,1.0,0.18359375,1.0,0.36589861751152075,4.0,False
dc_a6f917b12861,Geneseo Communications Inc,,unknown,operational,IA,Scott,41.5502695,-90.4824093,building,pending,high,53983.8,,11.581196784973145,0.025,1,0.045,1,0.08499999999999999,1,6.0,,non_burnable,0.28888888888888886,1.0,0.33203125,1.0,0.24423963133640553,1.0,False
dc_905ee378fa5e,,,unknown,operational,IL,DuPage,41.9053402,-88.2195062,building,pending,high,14550.3,,17.22007942199707,0.035,1,0.055,1,0.10500000000000001,1,6.0,,non_burnable,0.2,1.0,0.359375,1.0,0.3797235023041475,1.0,False
dc_c4556817118d,,,unknown,operational,NJ,Middlesex,40.5528396,-74.4566865,building,pending,high,61263.7,,7.277477264404297,0.095,1,0.165,1,0.325,1,6.0,,non_burnable,0.24444444444444444,4.0,0.26953125,4.0,0.30599078341013825,4.0,False
dc_ffd9669a659e,,Verizon Wireless,unknown,operational,IN,Hancock,39.7171971,-85.941411,building,pending,high,21005.9,,25.824504852294922,0.055,1,0.08499999999999999,1,0.14500000000000002,1,1.0,1.0,very_low,0.3333333333333333,1.0,0.28125,1.0,0.35944700460829493,1.0,False
dc_79462a7aea36,,,unknown,operational,NJ,Hudson,40.7847354,-74.0643545,building,pending,high,34462.6,,7.277477264404297,0.10500000000000001,1,0.175,1,0.345,1,6.0,,non_burnable,0.022222222222222223,3.0,0.1484375,5.0,0.20368663594470046,5.0,False
dc_6a57259367cd,Flexential Salt Lake City - South Valley,Flexential,colocation,operational,UT,Salt Lake,40.6189971,-111.985014,building,CANDIDATE,high,30547.3,,5.014902114868164,0.185,1,0.295,1,0.475,1,6.0,,non_burnable,0.17777777777777778,2.0,0.171875,2.0,0.14285714285714285,2.0,False
dc_d4b9ccf16584,Digital Realty Silicon Valley SC1,Digital Realty,colocation,operational,CA,Santa Clara,37.3616469,-121.9439784,building,pending,high,297948.5,,0.12219325453042984,0.575,1,0.735,1,0.965,1,6.0,,non_burnable,0.022222222222222223,2.0,0.046875,4.0,0.034101382488479264,4.0,False
dc_f4bc65542ad7,QES Computers,,unknown,operational,CA,Alameda,37.6994753,-121.9037995,building,UNRESOLVABLE,high,941.0,,0.13578906655311584,0.575,1,0.755,1,1.0150000000000001,1,6.0,,non_burnable,0.044444444444444446,4.0,0.078125,4.0,0.33732718894009217,5.0,False
dc_038b8645007d,Equinix SE3 Data Center,Equinix,colocation,operational,WA,King,47.6144229,-122.3397427,building,pending,high,12575.8,5.0,0.6047859191894531,0.345,1,0.485,1,0.705,1,6.0,,non_burnable,0.0,0.0,0.00390625,1.0,0.041474654377880185,1.0,False
dc_b56773cdbfc2,QTS Piscataway Data Center,Quality Technology Services,colocation,operational,NJ,Middlesex,40.5581,-74.4893,building,VERIFIED,high,343445.3,,7.277477264404297,0.095,1,0.165,1,0.325,1,2.0,2.0,low,0.4444444444444444,4.0,0.23046875,4.0,0.3327188940092166,4.0,False
dc_5fa783970111,AiNET,,unknown,operational,MD,Prince George's,39.0528404,-76.9259248,building,pending,high,43057.6,,14.052087783813477,0.055,1,0.095,1,0.165,1,1.0,1.0,very_low,0.4222222222222222,1.0,0.359375,1.0,0.45714285714285713,1.0,False
dc_f08ca5bf1c62,Microsoft,Microsoft,hyperscale,operational,TX,Bexar,29.47827,-98.6906853,building,pending,high,258191.7,,12.881298065185547,0.015,1,0.015,1,0.035,1,6.0,,non_burnable,0.26666666666666666,3.0,0.33203125,3.0,0.2645161290322581,3.0,False
dc_89729ff0b85d,Microsoft San Antonio,Microsoft,hyperscale,operational,TX,Bexar,29.479881,-98.6925337,building,pending,high,478643.3,,12.881298065185547,0.015,1,0.015,1,0.035,1,6.0,,non_burnable,0.35555555555555557,3.0,0.32421875,3.0,0.26820276497695855,3.0,False
dc_dfd792c8e17d,Microsoft,Microsoft,hyperscale,operational,TX,Bexar,29.4810535,-98.6965704,building,pending,high,194917.1,,12.881298065185547,0.015,1,0.015,1,0.035,1,6.0,,non_burnable,0.4,3.0,0.3359375,3.0,0.28663594470046083,3.0,False
dc_2d99d5205c9e,Lumen Norristown,Lumen Technologies,colocation,operational,PA,Montgomery,40.127067,-75.4086586,building,pending,high,34224.2,,10.887083053588867,0.07500000000000001,1,0.135,1,0.255,1,6.0,,non_burnable,0.3111111111111111,1.0,0.46484375,1.0,0.4470046082949309,2.0,False
dc_d85b37adc53e,Equinix DC7,Equinix,colocation,operational,VA,Fairfax,38.9091392,-77.2205568,building,pending,high,79709.7,,13.629328727722168,0.055,1,0.095,1,0.165,1,6.0,,non_burnable,0.08888888888888889,1.0,0.25390625,1.0,0.3327188940092166,1.0,False
dc_11f7728742a2,Element Critical VA1,,unknown,operational,VA,Fairfax,38.9083675,-77.2197442,building,pending,high,20484.0,,13.629328727722168,0.055,1,0.095,1,0.165,1,6.0,,non_burnable,0.1111111111111111,1.0,0.25390625,1.0,0.31797235023041476,1.0,False
dc_40672a8077dd,Pittock Block,,unknown,operational,OR,Multnomah,45.5215436,-122.6807041,building,pending,high,41556.1,2.0,0.49183908104896545,0.165,1,0.275,1,0.455,1,6.0,,non_burnable,0.0,0.0,0.0546875,2.0,0.15576036866359447,3.0,False
dc_db8f9132c159,Cisco Allen,,unknown,operational,TX,Collin,33.1359616,-96.6609921,building,VERIFIED,high,162023.6,,19.147722244262695,0.025,1,0.045,1,0.07500000000000001,1,6.0,,non_burnable,0.24444444444444444,2.0,0.296875,3.0,0.25990783410138246,3.0,False
dc_f88ba23a982f,Meta,Meta,hyperscale,operational,OR,Crook,44.29497,-120.88397,building,VERIFIED,high,231831.5,,2.428783893585205,0.045,1,0.065,1,0.10500000000000001,1,6.0,,non_burnable,0.4444444444444444,3.0,0.63671875,4.0,0.6930875576036867,4.0,False
dc_d7bbe1a551ea,CSSNW Bellingham,CSS Communications,unknown,operational,WA,Whatcom,48.75726,-122.4805485,building,pending,high,4312.4,,0.674815833568573,0.215,1,0.315,1,0.46499999999999997,1,6.0,,non_burnable,0.044444444444444446,1.0,0.109375,2.0,0.24700460829493087,2.0,False
dc_0bca91742046,EdgeConneX CHI02,EdgeConneX,colocation,operational,IL,Cook,42.0014952,-87.9525624,building,pending,high,64358.7,2.0,14.088419914245605,0.035,1,0.055,1,0.095,1,6.0,,non_burnable,0.0,0.0,0.03515625,1.0,0.09953917050691244,1.0,False
dc_b42253a6f4e0,Equinix Chicago CH3,Equinix,colocation,operational,IL,Cook,42.001221,-87.9551997,building,pending,high,135800.6,4.0,14.088419914245605,0.035,1,0.055,1,0.095,1,6.0,,non_burnable,0.0,0.0,0.03515625,1.0,0.10138248847926268,1.0,False
dc_c5239980dbb9,Element Critical CH2,Element Critical,unknown,operational,IL,DuPage,41.9742269,-87.9671756,building,pending,high,44358.9,2.0,16.118194580078125,0.035,1,0.055,1,0.095,1,6.0,,non_burnable,0.06666666666666667,1.0,0.109375,1.0,0.15207373271889402,1.0,False
dc_3ae192f6e1fc,Centersquare Elk Grove Village Data Center Campus ORD2,Centersquare,colocation,operational,IL,DuPage,41.9920884,-87.9580136,building,pending,high,198323.6,2.0,16.118194580078125,0.035,1,0.055,1,0.095,1,6.0,,non_burnable,0.0,0.0,0.0390625,1.0,0.1032258064516129,1.0,False
dc_5476035b6014,Flexential Denver - Englewood,Flexential,colocation,operational,CO,Douglas,39.558994,-104.8375559,building,VERIFIED,high,198772.9,,10.969576835632324,0.045,1,0.07500000000000001,1,0.14500000000000002,1,6.0,,non_burnable,0.5555555555555556,3.0,0.53515625,4.0,0.3990783410138249,4.0,False
dc_101d7e8f8cd1,EdgeConneX Detroit DET01,EdgeConneX,colocation,operational,MI,Oakland,42.4476693,-83.2626336,building,pending,high,40575.0,,17.9299373626709,0.025,1,0.045,1,0.095,1,6.0,,non_burnable,0.3333333333333333,2.0,0.2734375,2.0,0.19631336405529953,2.0,False
dc_f905447e5849,Lumen Austin 3,Lumen Technologies,colocation,operational,TX,Travis,30.261396,-97.7235975,building,pending,high,5068.5,,13.630367279052734,0.015,1,0.015,1,0.035,1,6.0,,non_burnable,0.08888888888888889,2.0,0.1328125,3.0,0.23963133640552994,3.0,False
dc_3fabf9be3929,Alpheus DataCenter,Alpheus,unknown,operational,TX,Travis,30.261601,-97.722423,building,CANDIDATE,high,36089.4,1.0,13.630367279052734,0.015,1,0.015,1,0.035,1,6.0,,non_burnable,0.08888888888888889,2.0,0.16015625,3.0,0.23963133640552994,3.0,False
dc_c7e6eda1a3c3,Digital Realty Austin AUS11,,colocation,operational,TX,Travis,30.21226,-97.69578,building,VERIFIED,high,79985.6,,13.630367279052734,0.015,1,0.015,1,0.035,1,6.0,,non_burnable,0.3333333333333333,3.0,0.33203125,3.0,0.45714285714285713,3.0,False
dc_fe38ae01b067,LightEdge Austin II,,unknown,operational,TX,Travis,30.199440814924,-97.707103330097,building,CANDIDATE,high,86445.7,,13.630367279052734,0.015,1,0.015,1,0.035,1,6.0,,non_burnable,0.3333333333333333,3.0,0.5,3.0,0.4599078341013825,4.0,False
dc_b89ba8f2218f,CyrusOne Austin Data Center II,,colocation,operational,TX,Travis,30.2059205,-97.6979506,building,VERIFIED,high,77356.2,,13.630367279052734,0.015,1,0.015,1,0.035,1,6.0,,non_burnable,0.4444444444444444,3.0,0.3984375,3.0,0.4783410138248848,3.0,False
dc_37e6baf63753,Data Foundry Austin 1 Data Center,,unknown,operational,TX,Travis,30.216362,-97.695677,building,VERIFIED,high,50461.3,,13.630367279052734,0.015,1,0.015,1,0.035,1,6.0,,non_burnable,0.26666666666666666,3.0,0.35546875,3.0,0.4368663594470046,3.0,False
dc_cc285f70fcb8,VISA Data Center,,unknown,operational,VA,Loudoun,39.04877,-77.4454,building,VERIFIED,high,349987.6,,13.613815307617188,0.055,1,0.095,1,0.175,1,6.0,,non_burnable,0.37777777777777777,1.0,0.421875,1.0,0.41751152073732717,1.0,False
dc_25afe0ab10d4,LightEdge Austin I,,unknown,operational,TX,Travis,30.214761,-97.710875,building,CANDIDATE,high,30877.0,,13.630367279052734,0.015,1,0.015,1,0.035,1,6.0,,non_burnable,0.26666666666666666,3.0,0.328125,3.0,0.4046082949308756,3.0,False
dc_cdbcaaff9db4,Skybox Chicago I,Skybox,unknown,operational,IL,Cook,41.9936612,-87.973521,building,pending,high,174575.2,3.0,16.118194580078125,0.035,1,0.055,1,0.095,1,6.0,,non_burnable,0.0,0.0,0.0625,1.0,0.15115207373271888,1.0,False
dc_1e7f741f9284,Hurricane Electric Fremont 1,Hurricane Electric,unknown,operational,CA,Alameda,37.4898848,-121.9310239,building,pending,high,33640.0,2.0,0.12219325453042984,0.595,1,0.775,1,1.025,1,6.0,,non_burnable,0.044444444444444446,3.0,0.11328125,4.0,0.3391705069124424,4.0,False
dc_27080243001e,,Aligned Data Centers,colocation,operational,OH,Erie,41.4321977,-82.7189574,building,VERIFIED,high,633485.9,,18.949975967407227,0.035,1,0.055,1,0.10500000000000001,1,6.0,,non_burnable,0.3111111111111111,1.0,0.16015625,1.0,0.1456221198156682,1.0,False
dc_938aec8e77ee,Lumen Austin 1,,colocation,operational,TX,Travis,30.197065,-97.713598,building,CANDIDATE,high,74723.0,,13.630367279052734,0.015,1,0.015,1,0.035,1,6.0,,non_burnable,0.4444444444444444,3.0,0.48046875,3.0,0.4534562211981567,4.0,False
dc_6b99d502d133,Data Foundry - Texas 1,,unknown,operational,TX,Travis,30.19923,-97.71342,building,VERIFIED,high,137095.9,,13.630367279052734,0.015,1,0.015,1,0.035,1,6.0,,non_burnable,0.4222222222222222,3.0,0.48046875,3.0,0.45161290322580644,4.0,False
dc_8411b70ee9f3,XO Fremont,XO,unknown,operational,CA,Alameda,37.4753251,-121.9221068,building,pending,high,65815.4,,0.12219325453042984,0.585,1,0.765,1,1.005,1,6.0,,non_burnable,0.022222222222222223,2.0,0.23046875,4.0,0.39078341013824885,5.0,False
dc_9a40b00a652d,Hurricane Electric Fremont 2,Hurricane Electric,unknown,operational,CA,Alameda,37.471834,-121.9202907,building,pending,high,181268.6,2.0,0.12219325453042984,0.595,1,0.765,1,1.0150000000000001,1,6.0,,non_burnable,0.022222222222222223,2.0,0.25,4.0,0.38341013824884795,5.0,False
dc_e5c5994d451d,Element Critical,,unknown,operational,TX,Travis,30.34285,-97.69625,building,VERIFIED,high,61978.3,,13.630367279052734,0.015,1,0.015,1,0.035,1,6.0,,non_burnable,0.1111111111111111,3.0,0.12109375,3.0,0.17695852534562212,3.0,False
dc_a89104d1dea0,Element Critical CH1,Element Critical,unknown,operational,IL,DuPage,41.9757324,-87.9646913,building,pending,high,92076.8,2.0,16.118194580078125,0.035,1,0.055,1,0.095,1,6.0,,non_burnable,0.022222222222222223,1.0,0.10546875,1.0,0.15391705069124423,1.0,False
dc_b98bb7d5812f,165 Halsey / Equinix NY1 / Databank EWR1,Tishman,colocation,operational,NJ,Essex,40.7367304,-74.1738875,building,pending,high,89363.3,,7.277477264404297,0.10500000000000001,1,0.175,1,0.345,1,6.0,,non_burnable,0.0,0.0,0.015625,4.0,0.060829493087557605,5.0,False
dc_e3d250e7b140,QTS Suwanee Data Center 1,Quality Technology Services,colocation,operational,GA,Gwinnett,34.0353956,-84.0611057,building,VERIFIED,high,310489.2,,16.0975399017334,0.065,1,0.095,1,0.155,1,6.0,,non_burnable,0.28888888888888886,3.0,0.34765625,3.0,0.3824884792626728,3.0,False
dc_baa85d8160d3,QTS Suwanee Data Center 2,Quality Technology Services,colocation,operational,GA,Gwinnett,34.0370622,-84.0576958,building,VERIFIED,high,360380.3,,16.0975399017334,0.065,1,0.095,1,0.155,1,6.0,,non_burnable,0.2222222222222222,3.0,0.36328125,3.0,0.39447004608294933,3.0,False
dc_a94598173ea8,TierPoint Little Rock,,colocation,operational,AR,Pulaski,34.75654,-92.44352,building,CANDIDATE,high,31845.9,,22.769466400146484,0.11499999999999999,1,0.185,1,0.305,1,6.0,,non_burnable,0.4,3.0,0.5546875,3.0,0.5382488479262673,3.0,False
dc_6553f43d85f7,Equinix SV6,Equinix,colocation,operational,CA,Santa Clara,37.3996265,-122.0145584,building,pending,high,21679.0,,0.0865766629576683,0.485,1,0.615,1,0.805,1,6.0,,non_burnable,0.0,0.0,0.05859375,3.0,0.11889400921658987,4.0,False
dc_d493afe55f15,Flexential Atlanta - Norcross,Flexential,colocation,operational,GA,Gwinnett,33.9547396,-84.1985246,building,pending,high,32309.1,,16.562829971313477,0.065,1,0.095,1,0.155,1,6.0,,non_burnable,0.13333333333333333,3.0,0.22265625,3.0,0.2728110599078341,3.0,False
dc_bd791a1d5428,Centersquare Lynnwood SE1,Centersquare,colocation,operational,WA,Snohomish,47.841809,-122.3016653,building,pending,high,104460.3,,0.6047859191894531,0.295,1,0.415,1,0.595,1,6.0,,non_burnable,0.06666666666666667,1.0,0.13671875,1.0,0.17419354838709677,1.0,False
dc_29fd6bdf13b7,Apple,Apple Inc.,hyperscale,operational,OR,Crook,44.2891,-120.8725,building,CANDIDATE,high,9228.6,,2.428783893585205,0.045,1,0.065,1,0.10500000000000001,1,6.0,,non_burnable,0.6,3.0,0.66015625,4.0,0.695852534562212,4.0,False
dc_4f0e6f5bde7c,Walmart Colorado Data Center,Walmart,unknown,operational,CO,El Paso,38.9857326,-104.787263,building,VERIFIED,high,219542.4,,11.859444618225098,0.045,1,0.07500000000000001,1,0.135,1,6.0,,non_burnable,0.6888888888888889,4.0,0.55078125,4.0,0.6285714285714286,5.0,False
dc_d9ae28f8917b,Verizon,,unknown,operational,NE,Douglas,41.338443,-96.028402,building,VERIFIED,high,11836.6,,15.336313247680664,0.015,1,0.025,1,0.045,1,6.0,,non_burnable,0.4888888888888889,4.0,0.5859375,4.0,0.5419354838709678,4.0,False
dc_9c33e7edb393,Verizon,,unknown,operational,NE,Douglas,41.3384444,-96.0286183,building,CANDIDATE,high,87375.3,,15.336313247680664,0.015,1,0.025,1,0.045,1,6.0,,non_burnable,0.4888888888888889,4.0,0.5859375,4.0,0.5419354838709678,4.0,False
dc_3c8e7ae84da8,George C. Wallace Alabama Supercomputer Center,Alabama Supercomputer Authority,unknown,operational,AL,Madison,34.7355,-86.6736,building,CANDIDATE,high,14919.9,,18.687423706054688,0.08499999999999999,1,0.125,1,0.20500000000000002,1,6.0,,non_burnable,0.2,2.0,0.23828125,2.0,0.37880184331797234,2.0,False
dc_a83a8d15a315,Equinix,Equinix,colocation,operational,CA,Los Angeles,33.85003,-118.30331,building,CANDIDATE,high,107778.7,,0.3717229962348938,0.385,1,0.545,1,0.805,1,6.0,,non_burnable,0.022222222222222223,2.0,0.01171875,3.0,0.034101382488479264,4.0,False
dc_543c04d60b95,Digital Realty Chicago ORD12,Digital Realty,colocation,operational,IL,Cook,41.9283557,-87.8592545,building,pending,high,90165.7,3.0,16.118194580078125,0.035,1,0.055,1,0.095,1,6.0,,non_burnable,0.0,0.0,0.1015625,1.0,0.11244239631336406,1.0,False
dc_b5ee50bca064,,,unknown,operational,WA,Grant,47.2376691,-119.8646264,building,pending,high,36918.9,,1.113155484199524,0.07500000000000001,1,0.11499999999999999,1,0.175,1,6.0,,non_burnable,0.15555555555555556,1.0,0.1796875,2.0,0.3797235023041475,4.0,False
dc_36b4acad16e5,Microsoft,Microsoft,hyperscale,operational,WA,Grant,47.2394776,-119.8830092,building,pending,high,151246.3,,1.113155484199524,0.07500000000000001,1,0.11499999999999999,1,0.175,1,6.0,,non_burnable,0.17777777777777778,1.0,0.28125,3.0,0.4608294930875576,4.0,False
dc_a3e6b266b930,Microsoft,Microsoft,hyperscale,operational,WA,Grant,47.2385754,-119.8830801,building,pending,high,147922.5,,1.113155484199524,0.07500000000000001,1,0.11499999999999999,1,0.175,1,6.0,,non_burnable,0.2222222222222222,1.0,0.27734375,3.0,0.4608294930875576,4.0,False
dc_c738a087d2cb,,,unknown,operational,WA,Grant,47.23932,-119.85941,building,CANDIDATE,high,46835.3,,1.113155484199524,0.07500000000000001,1,0.11499999999999999,1,0.175,1,6.0,,non_burnable,0.2222222222222222,1.0,0.16796875,1.0,0.36589861751152075,4.0,False
dc_7b42f550217b,Microsoft CYS Datacenter,Microsoft,hyperscale,operational,WY,Laramie,41.12416,-104.90343,campus_centroid,CANDIDATE,high,8353224.7,,9.383162498474121,0.055,1,0.08499999999999999,1,0.14500000000000002,1,6.0,,non_burnable,0.6444444444444445,3.0,0.875,3.0,0.8838709677419355,3.0,False
dc_6be68fa9c112,,,unknown,operational,WY,Laramie,41.1262938,-104.9018528,building,VERIFIED,high,140780.1,,9.383162498474121,0.055,1,0.08499999999999999,1,0.14500000000000002,1,1.0,1.0,very_low,0.6666666666666666,2.0,0.87109375,3.0,0.8672811059907835,3.0,False
dc_506d216f297e,KOMO Plaza East,,unknown,operational,WA,King,47.6192326,-122.3482873,building,pending,high,45743.5,6.0,0.6047859191894531,0.345,1,0.485,1,0.705,1,6.0,,non_burnable,0.0,0.0,0.01953125,1.0,0.035023041474654376,1.0,False
dc_0dcf4693d966,Fidelity,Fidelity,unknown,operational,NE,Sarpy,41.1655243,-96.0833669,building,pending,high,40714.3,,15.336313247680664,0.015,1,0.025,1,0.045,1,1.0,1.0,very_low,0.1111111111111111,2.0,0.234375,3.0,0.21382488479262673,4.0,False
dc_efb9968b09e4,,Centurylink,unknown,operational,CA,Los Angeles,33.918074,-118.38735,building,CANDIDATE,high,71501.0,,0.3717229962348938,0.395,1,0.545,1,0.805,1,6.0,,non_burnable,0.044444444444444446,2.0,0.01953125,2.0,0.022119815668202765,3.0,False
dc_4c87d97ffa9a,Serverfarm - LAX1,Serverfarm LLC.,unknown,operational,CA,Los Angeles,33.9217415,-118.3864588,building,CANDIDATE,high,119102.5,,0.3717229962348938,0.395,1,0.545,1,0.805,1,6.0,,non_burnable,0.022222222222222223,2.0,0.02734375,2.0,0.020276497695852536,3.0,False
dc_abc1bc37e941,DRT LAX12,Digital Realty,colocation,operational,CA,Los Angeles,33.916298,-118.384828,building,CANDIDATE,high,113311.1,,0.3717229962348938,0.395,1,0.545,1,0.805,1,6.0,,non_burnable,0.022222222222222223,2.0,0.0234375,3.0,0.018433179723502304,3.0,False
dc_961fc1bc0c89,Google - Thornton,Google,hyperscale,operational,CO,Adams,39.922465,-104.9834252,building,pending,high,86059.2,2.0,10.969576835632324,0.055,1,0.08499999999999999,1,0.165,1,6.0,,non_burnable,0.35555555555555557,3.0,0.23828125,4.0,0.2488479262672811,4.0,False
dc_5b5256c05523,DRT LAX10,,unknown,operational,CA,Los Angeles,34.04728,-118.25669,building,CANDIDATE,high,66979.7,7.0,0.5556319355964661,0.445,1,0.605,1,0.855,1,6.0,,non_burnable,0.0,0.0,0.00390625,4.0,0.03317972350230415,4.0,False
dc_f40c26b1ceb4,One Wilshire,,colocation,operational,CA,Los Angeles,34.048149,-118.255721,building,CANDIDATE,high,43850.3,30.0,0.5556319355964661,0.445,1,0.605,1,0.855,1,6.0,,non_burnable,0.0,0.0,0.00390625,4.0,0.03317972350230415,4.0,False
dc_ddf294b48205,,Bank of America,unknown,operational,VA,Henrico,37.4944,-77.23745,building,VERIFIED,high,194915.4,,13.860154151916504,0.07500000000000001,1,0.135,1,0.255,1,6.0,,non_burnable,0.6666666666666666,2.0,0.78125,2.0,0.823963133640553,3.0,False
dc_66e879b37950,"CyrusOne NVA1, NVA2 & NVA3",CyrusOne,colocation,operational,VA,Loudoun,39.0259023,-77.4144697,building,pending,high,265601.8,,13.613815307617188,0.055,1,0.095,1,0.175,1,6.0,,non_burnable,0.1111111111111111,1.0,0.30078125,1.0,0.3456221198156682,1.0,False
dc_6a2a35ba07d2,NAP of the Americas,,unknown,operational,FL,Miami-Dade,25.7824,-80.19312,building,VERIFIED,high,122626.1,6.0,22.965288162231445,0.005,1,0.015,1,0.025,1,6.0,,non_burnable,0.0,0.0,0.01953125,3.0,0.02304147465437788,3.0,False
dc_cc1e6f846f5c,CoreSite - Miami (MI1),,colocation,operational,FL,Miami-Dade,25.79739,-80.22987,building,CANDIDATE,high,15911.3,,22.965288162231445,0.005,1,0.015,1,0.025,1,6.0,,non_burnable,0.044444444444444446,2.0,0.015625,3.0,0.025806451612903226,3.0,False
dc_5127aa265ade,CyrusOne NVA5,CyrusOne,colocation,operational,VA,Loudoun,39.024356,-77.4341,building,VERIFIED,high,506948.5,,13.613815307617188,0.055,1,0.095,1,0.175,1,6.0,,non_burnable,0.4222222222222222,1.0,0.28125,1.0,0.3170506912442396,1.0,False
dc_7829f587ad00,Microsoft,Microsoft,hyperscale,operational,IA,Dallas,41.54045,-93.82609,building,VERIFIED,high,39146.4,,14.173967361450195,0.015,1,0.025,1,0.045,1,6.0,,non_burnable,0.4444444444444444,1.0,0.5,2.0,0.45069124423963136,2.0,False
dc_a16fdadb09e8,Facebook Altoona Data Center 1,Meta,hyperscale,operational,IA,Polk,41.6642482,-93.5147581,building,pending,high,315400.9,,14.173967361450195,0.015,1,0.025,1,0.045,1,6.0,,non_burnable,0.15555555555555556,1.0,0.30078125,1.0,0.30414746543778803,1.0,False
dc_ce7c1d42d89e,Facebook Altoona Data Center 2,Meta,hyperscale,operational,IA,Polk,41.6655118,-93.5082089,building,pending,high,307371.4,,14.173967361450195,0.015,1,0.025,1,0.045,1,6.0,,non_burnable,0.15555555555555556,1.0,0.28515625,1.0,0.295852534562212,1.0,False
dc_fdae777cf363,Virginia Information Technologies Agency,,unknown,operational,VA,Chesterfield,37.3607028,-77.3318065,building,pending,high,157732.0,,13.860154151916504,0.08499999999999999,1,0.14500000000000002,1,0.275,1,6.0,,non_burnable,0.7111111111111111,2.0,0.6015625,2.0,0.5317972350230414,3.0,False
dc_3804fbe962f8,Lumen Technologies,,colocation,operational,CA,Orange,33.716985,-117.807298,building,CANDIDATE,high,85658.3,,0.6565972566604614,0.325,1,0.435,1,0.615,1,6.0,,non_burnable,0.022222222222222223,3.0,0.0703125,3.0,0.05622119815668203,4.0,False
dc_87fe0ed9bf1c,Lumen,Lumen Technologies,colocation,operational,WA,Spokane,47.6542257,-117.4200007,building,pending,high,25400.0,,2.4368741512298584,0.035,1,0.055,1,0.095,1,6.0,,non_burnable,0.022222222222222223,3.0,0.0859375,4.0,0.2119815668202765,4.0,False
dc_fe7cb3e8830f,,,unknown,operational,WI,Dane,43.0672971,-89.436704,building,pending,high,9176.4,,9.417593955993652,0.015,1,0.035,1,0.055,1,6.0,,non_burnable,0.3333333333333333,2.0,0.28125,2.0,0.23778801843317973,2.0,False
dc_1674d44d30cc,Equinix CU2,Equinix,colocation,operational,VA,Culpeper,38.4548439,-77.9781318,building,pending,high,1299937.8,,13.383992195129395,0.07500000000000001,1,0.135,1,0.245,1,6.0,,non_burnable,0.6888888888888889,2.0,0.69140625,2.0,0.6193548387096774,2.0,False
dc_f8d214368884,DataPipe Silicon Valley One,,unknown,operational,CA,Santa Clara,37.3336326,-121.8879639,building,pending,high,102004.2,2.0,0.12219325453042984,0.665,1,0.875,1,1.1549999999999998,1,6.0,,non_burnable,0.022222222222222223,4.0,0.03515625,4.0,0.047004608294930875,4.0,False
dc_042da0f1f99d,CoreSite Secaucus Campus,CoreSite,colocation,operational,NJ,Hudson,40.7841733,-74.0655505,building,pending,high,419300.8,,7.277477264404297,0.10500000000000001,1,0.175,1,0.345,1,6.0,,non_burnable,0.044444444444444446,3.0,0.1484375,5.0,0.2073732718894009,5.0,False
dc_01f485c24f90,Evocative Secaucus,Evocative,unknown,operational,NJ,Hudson,40.787552,-74.0680502,building,pending,high,101304.6,,7.277477264404297,0.10500000000000001,1,0.175,1,0.345,1,6.0,,non_burnable,0.0,0.0,0.171875,5.0,0.2129032258064516,5.0,False
dc_f2511fb5508c,BT Radianz: 492 River Road,bt,unknown,operational,NJ,Essex,40.8214542,-74.1341867,building,pending,high,107857.5,,7.277477264404297,0.10500000000000001,1,0.175,1,0.345,1,6.0,,non_burnable,0.022222222222222223,4.0,0.06640625,4.0,0.14377880184331798,5.0,False
dc_f9e6c86b33a9,Time Warner Datacenter,,unknown,operational,CO,Arapahoe,39.5989606,-104.8603785,building,pending,high,33804.7,,10.969576835632324,0.045,1,0.07500000000000001,1,0.155,1,6.0,,non_burnable,0.17777777777777778,3.0,0.2578125,4.0,0.35023041474654376,4.0,False
dc_3afce9f03886,Time Warner Datacenter,,unknown,operational,CO,Arapahoe,39.5999328,-104.86017,building,pending,high,61435.2,,10.969576835632324,0.045,1,0.07500000000000001,1,0.155,1,6.0,,non_burnable,0.15555555555555556,3.0,0.2578125,4.0,0.3419354838709677,4.0,False
dc_97311ae7d1ad,CyrusOne Austin Data Center III,,colocation,operational,TX,Travis,30.2070062,-97.7011317,building,pending,high,189921.3,,13.630367279052734,0.015,1,0.015,1,0.035,1,6.0,,non_burnable,0.28888888888888886,3.0,0.375,3.0,0.46912442396313364,4.0,False
dc_7db3bba7c9ec,Apollo Cable Landing Station,Apollo,unknown,operational,NJ,Monmouth,40.1570435,-74.101582,building,pending,high,25904.6,,6.169474124908447,0.07500000000000001,1,0.135,1,0.255,1,2.0,2.0,low,0.6,4.0,0.7109375,4.0,0.6110599078341014,5.0,False
dc_96450fb1f38e,Cable & Wireless Cable Landing Station,,unknown,operational,NY,Suffolk,40.8436519,-72.8833757,building,pending,high,36746.3,,3.6266424655914307,0.055,1,0.095,1,0.175,1,6.0,,non_burnable,0.6,4.0,0.640625,4.0,0.688479262672811,4.0,False
dc_e4baea386a94,Equinix Ashburn DC10,Equinix,colocation,operational,VA,Loudoun,39.0210047,-77.4514888,building,pending,high,152398.0,,13.613815307617188,0.055,1,0.095,1,0.175,1,6.0,,non_burnable,0.37777777777777777,1.0,0.32421875,1.0,0.3225806451612903,1.0,False
dc_d92a5dd0e5f6,Amazon Web Services Datacenter Complex,Amazon Web Services,hyperscale,operational,VA,Loudoun,39.0270811,-77.4526315,building,CANDIDATE,high,1088051.0,,13.613815307617188,0.055,1,0.095,1,0.175,1,6.0,,non_burnable,0.3333333333333333,1.0,0.32421875,1.0,0.32534562211981566,1.0,False
dc_1ef09805fae1,Amazon Web Services,Amazon Web Services,hyperscale,operational,VA,Loudoun,39.0288072,-77.4588379,building,pending,high,1022345.5,,13.613815307617188,0.055,1,0.095,1,0.175,1,1.0,1.0,very_low,0.3333333333333333,1.0,0.296875,1.0,0.3216589861751152,1.0,False
dc_9351a2fe0177,Amazon IAD-61,Amazon Web Services,hyperscale,operational,VA,Loudoun,38.9158051,-77.4919869,building,pending,high,152289.4,,13.629328727722168,0.065,1,0.095,1,0.175,1,6.0,,non_burnable,0.4,1.0,0.52734375,1.0,0.5419354838709678,1.0,False
dc_a1ec41fa9483,Amazon IAD58,Amazon Web Services,hyperscale,operational,VA,Loudoun,38.9865152,-77.4422565,building,CANDIDATE,high,136770.7,,13.629328727722168,0.055,1,0.095,1,0.175,1,6.0,,non_burnable,0.1111111111111111,1.0,0.328125,1.0,0.3327188940092166,1.0,False
dc_df61119311e7,Amazon IAD51,Amazon Web Services,hyperscale,operational,VA,Loudoun,38.9914123,-77.4365107,building,pending,high,64127.6,,13.629328727722168,0.055,1,0.095,1,0.175,1,6.0,,non_burnable,0.24444444444444444,1.0,0.265625,1.0,0.3244239631336406,1.0,False
dc_dd2e714c19e0,Amazon IAD56,Amazon Web Services,hyperscale,operational,VA,Loudoun,38.988341,-77.438008,building,CANDIDATE,high,78441.6,,13.629328727722168,0.055,1,0.095,1,0.175,1,6.0,,non_burnable,0.13333333333333333,1.0,0.28515625,1.0,0.3271889400921659,1.0,False
dc_c20b2302aff2,Amazon IAD16,Amazon Web Services,hyperscale,operational,VA,Loudoun,38.9906864,-77.4488397,building,pending,high,75817.2,,13.629328727722168,0.055,1,0.095,1,0.175,1,6.0,,non_burnable,0.2222222222222222,1.0,0.41015625,1.0,0.3336405529953917,1.0,False
dc_dee61d200c43,Amazon IAD15,Amazon Web Services,hyperscale,operational,VA,Loudoun,38.991708,-77.4485641,building,pending,high,103452.7,,13.629328727722168,0.055,1,0.095,1,0.175,1,6.0,,non_burnable,0.2222222222222222,1.0,0.39453125,1.0,0.3336405529953917,1.0,False
dc_ab293c583bc3,Amazon IAD14,Amazon Web Services,hyperscale,operational,VA,Prince William,38.7898846,-77.5482287,building,pending,high,118192.9,,12.71955680847168,0.065,1,0.10500000000000001,1,0.185,1,6.0,,non_burnable,0.4,1.0,0.51953125,2.0,0.5391705069124424,2.0,False
dc_71354fe4b02d,Amazon IAD59,Amazon Web Services,hyperscale,operational,VA,Prince William,38.7921874,-77.5484673,building,pending,high,127281.6,,12.71955680847168,0.065,1,0.10500000000000001,1,0.185,1,6.0,,non_burnable,0.4444444444444444,1.0,0.52734375,2.0,0.5557603686635945,2.0,False
dc_c4a43ff19d8c,Amazon IAD52,Amazon Web Services,hyperscale,operational,VA,Prince William,38.7911185,-77.5483863,building,pending,high,126699.6,,12.71955680847168,0.065,1,0.10500000000000001,1,0.185,1,6.0,,non_burnable,0.4444444444444444,1.0,0.52734375,2.0,0.5391705069124424,2.0,False
dc_af33dfbf5532,Amazon Web Services Datacenter Complex,Amazon Web Services,hyperscale,operational,OH,Licking,40.0937454,-82.7518317,building,pending,high,1106311.9,,14.810942649841309,0.035,1,0.055,1,0.095,1,6.0,,non_burnable,0.4222222222222222,1.0,0.46484375,1.0,0.4626728110599078,1.0,False
dc_2f2def1e8828,Amazon AWS: Hilliard Data Center,Amazon Web Services us-east-2 datacenter,hyperscale,operational,OH,Franklin,40.0598657,-83.1342839,campus_centroid,pending,high,2578493.0,,15.455096244812012,0.035,1,0.055,1,0.10500000000000001,1,6.0,,non_burnable,0.2,1.0,0.17578125,1.0,0.2129032258064516,1.0,False
dc_bd0c4df6edc8,Amazon Web Services,Amazon Web Services,hyperscale,operational,OR,Umatilla,45.9158356,-119.2663235,building,AMBIGUOUS,high,2605.6,,2.1825551986694336,0.055,1,0.08499999999999999,1,0.14500000000000002,1,3.0,3.0,moderate,0.8444444444444444,5.0,0.6875,5.0,0.5013824884792627,5.0,False
dc_8b5c9190f762,Amazon Web Services,Amazon Web Services,hyperscale,operational,OR,Morrow,45.8410032,-119.6527688,building,pending,high,127483.4,,1.9345662593841553,0.055,1,0.095,1,0.155,1,6.0,,non_burnable,0.26666666666666666,2.0,0.3515625,3.0,0.31152073732718893,4.0,False
dc_c3cd81b92a8d,Amazon Web Services,Amazon Web Services,hyperscale,operational,OR,Morrow,45.8522387,-119.6299007,building,pending,high,267452.3,,1.9345662593841553,0.055,1,0.095,1,0.155,1,6.0,,non_burnable,0.4,2.0,0.41796875,3.0,0.26912442396313363,4.0,False
dc_ee2be26aa83a,Amazon Web Services,Amazon Web Services,hyperscale,operational,OR,Morrow,45.8532,-119.64677,building,VERIFIED,high,103260.4,,1.9345662593841553,0.055,1,0.095,1,0.155,1,6.0,,non_burnable,0.28888888888888886,1.0,0.36328125,3.0,0.25806451612903225,4.0,False
dc_b8308dcc18bb,Equinix San Jose SV3,Equinix,colocation,operational,CA,Santa Clara,37.388274,-121.8884463,building,VERIFIED,high,109684.2,,0.12219325453042984,0.655,1,0.855,1,1.1349999999999998,1,6.0,,non_burnable,0.044444444444444446,2.0,0.05078125,3.0,0.06359447004608294,3.0,False
dc_6bb9d780dce7,365 Main Street Data Center,Digital Realty,colocation,operational,CA,San Francisco,37.788616,-122.390816,building,CANDIDATE,high,39318.7,,0.09281287342309952,0.475,1,0.595,1,0.795,1,6.0,,non_burnable,0.022222222222222223,3.0,0.015625,4.0,0.011059907834101382,4.0,False
dc_fa3d9251f7ad,Meta,Meta,hyperscale,operational,NC,Rutherford,35.3142602,-81.8220553,building,CANDIDATE,high,241127.1,,13.04412841796875,0.065,1,0.10500000000000001,1,0.185,1,6.0,,non_burnable,0.7555555555555555,4.0,0.796875,4.0,0.7824884792626728,4.0,False
dc_1aaac235c2f7,Meta,Meta,hyperscale,operational,NC,Rutherford,35.31738,-81.82625,building,VERIFIED,high,244177.4,,13.04412841796875,0.065,1,0.10500000000000001,1,0.185,1,6.0,,non_burnable,0.7111111111111111,4.0,0.7734375,4.0,0.7751152073732719,4.0,False
dc_b957334fcb5a,,NTT Limited,colocation,operational,CA,Santa Clara,37.4039641,-121.8892308,building,VERIFIED,high,75249.2,,0.12219325453042984,0.655,1,0.855,1,1.125,1,6.0,,non_burnable,0.0,0.0,0.01171875,2.0,0.1391705069124424,4.0,False
dc_68281ce20aef,Csquare SFO1,Csquare,unknown,operational,CA,Santa Clara,37.37045,-121.9698252,building,pending,high,83922.1,,0.12219325453042984,0.525,1,0.675,1,0.885,1,6.0,,non_burnable,0.0,0.0,0.01171875,3.0,0.04608294930875576,4.0,False
dc_973ebac1cb09,,Vantage,colocation,operational,CA,Santa Clara,37.3717787,-121.9725052,building,pending,high,75686.5,,0.12219325453042984,0.525,1,0.665,1,0.875,1,6.0,,non_burnable,0.0,0.0,0.0078125,3.0,0.054377880184331796,4.0,False
dc_13bf0cfc3848,Intergate Columbia B,Sabey Data Centers,unknown,operational,WA,Douglas,47.407164,-120.1875239,building,pending,high,192887.8,,0.9799042344093323,0.08499999999999999,1,0.125,1,0.20500000000000002,1,6.0,,non_burnable,0.7333333333333333,4.0,0.7890625,4.0,0.7391705069124423,4.0,False
dc_5c8f14e5f3fc,Intergate Columbia A,Sabey Data Centers,unknown,operational,WA,Douglas,47.4086205,-120.1893981,building,pending,high,262379.1,,0.9799042344093323,0.08499999999999999,1,0.125,1,0.20500000000000002,1,6.0,,non_burnable,0.7555555555555555,4.0,0.78515625,4.0,0.7419354838709677,4.0,False
dc_2418d90f9371,Intergate Columbia,Sabey Data Centers,unknown,operational,WA,Douglas,47.40758,-120.19158,building,VERIFIED,high,2771091.3,,0.9799042344093323,0.08499999999999999,1,0.125,1,0.20500000000000002,1,6.0,,non_burnable,0.7555555555555555,4.0,0.77734375,4.0,0.7419354838709677,4.0,False
dc_82d5bf536c6b,QTS Ashburn-Moran,Quality Technology Services,colocation,operational,VA,Loudoun,38.9942215,-77.4482013,building,pending,high,35740.5,,13.629328727722168,0.055,1,0.095,1,0.175,1,1.0,1.0,very_low,0.24444444444444444,1.0,0.39453125,1.0,0.3391705069124424,1.0,False
dc_2a3cef084baa,Centersquare IAD4-A,Centersquare,colocation,operational,VA,Loudoun,39.0217816,-77.4527978,building,pending,high,77750.0,,13.613815307617188,0.055,1,0.095,1,0.175,1,6.0,,non_burnable,0.3111111111111111,1.0,0.31640625,1.0,0.3225806451612903,1.0,False
dc_76d8a96e6398,AWS Building E,Amazon Web Services,hyperscale,operational,VA,Loudoun,39.0050516,-77.4856124,building,pending,high,153355.8,,13.613815307617188,0.055,1,0.095,1,0.175,1,6.0,,non_burnable,0.4666666666666667,1.0,0.39453125,1.0,0.3585253456221198,1.0,False
dc_783ed530397e,Digital Realty New Jersey EWR20,Digital Realty,colocation,operational,NJ,Passaic,40.8299279,-74.1267496,building,pending,high,29614.6,,7.277477264404297,0.10500000000000001,1,0.175,1,0.345,1,6.0,,non_burnable,0.022222222222222223,3.0,0.0703125,4.0,0.11797235023041475,5.0,False
dc_4fe04b8d0451,CyrusOne Somerset,CyrusOne,colocation,operational,NJ,Somerset,40.5379623,-74.5457225,building,pending,high,318583.8,,8.329419136047363,0.095,1,0.165,1,0.315,1,6.0,,non_burnable,0.26666666666666666,3.0,0.359375,4.0,0.39262672811059907,4.0,False
dc_f56907de3951,BNY Mellon Somerset,,unknown,operational,NJ,Somerset,40.535869,-74.5534315,building,pending,high,121002.5,,8.329419136047363,0.095,1,0.165,1,0.315,1,6.0,,non_burnable,0.28888888888888886,3.0,0.39453125,4.0,0.4046082949308756,4.0,False
dc_afac4d785392,,Digital Realty,colocation,operational,NJ,Somerset,40.5375265,-74.5555236,building,pending,high,125668.7,,8.329419136047363,0.095,1,0.165,1,0.315,1,3.0,3.0,moderate,0.28888888888888886,3.0,0.375,4.0,0.4064516129032258,4.0,False
dc_b095480b552f,Digital Realty New Jersey EWR21,Digital Realty,colocation,operational,NJ,Passaic,40.832497,-74.123887,building,CANDIDATE,high,71645.8,,7.277477264404297,0.10500000000000001,1,0.175,1,0.345,1,6.0,,non_burnable,0.0,0.0,0.05078125,4.0,0.10783410138248847,5.0,False
dc_fd571f509631,,Centurylink,unknown,operational,CA,Los Angeles,34.199321,-118.343534,building,CANDIDATE,high,43140.8,,0.5556319355964661,0.485,1,0.645,1,0.885,1,6.0,,non_burnable,0.0,0.0,0.08203125,3.0,0.24331797235023042,5.0,False
dc_085fa1c6cd48,Amazon IAD78,Amazon Web Services,hyperscale,operational,VA,Loudoun,39.0263681,-77.4495202,building,pending,high,147979.7,,13.613815307617188,0.055,1,0.095,1,0.175,1,6.0,,non_burnable,0.4444444444444444,1.0,0.33203125,1.0,0.32903225806451614,1.0,False
dc_f76653816c0f,Amazon IAD79,Amazon Web Services,hyperscale,operational,VA,Loudoun,39.0263574,-77.4508704,building,pending,high,148678.7,,13.613815307617188,0.055,1,0.095,1,0.175,1,6.0,,non_burnable,0.35555555555555557,1.0,0.3125,1.0,0.32534562211981566,1.0,False
dc_f5f99e41c7eb,,,unknown,operational,NV,Washoe,39.56711,-119.5485335,building,AMBIGUOUS,high,276687.9,,1.7456742525100708,0.225,1,0.315,1,0.455,1,6.0,,non_burnable,0.6444444444444445,4.0,0.78125,4.0,0.8986175115207373,5.0,False
dc_e47b672ce4ff,Kaiser Data Center,,unknown,operational,CA,Napa,38.254065,-122.2730918,building,pending,high,162791.2,,0.09790622442960739,0.435,1,0.585,1,0.805,1,6.0,,non_burnable,0.06666666666666667,3.0,0.33984375,4.0,0.37511520737327186,4.0,False
dc_89f803745a9e,Lumen Dallas - 3180 Irving Blvd.,Lumen Technologies,colocation,operational,TX,Dallas,32.8069549,-96.8685888,building,pending,high,80860.1,,18.841638565063477,0.025,1,0.035,1,0.065,1,6.0,,non_burnable,0.2,2.0,0.26171875,3.0,0.23870967741935484,3.0,False
dc_663e3aabdd3a,Prime DFW01-01,Prime,unknown,operational,TX,Dallas,32.8379581,-96.8784007,building,pending,high,88882.1,,18.841638565063477,0.025,1,0.035,1,0.065,1,6.0,,non_burnable,0.4,2.0,0.23046875,2.0,0.2129032258064516,3.0,False
dc_2f2fa36dd479,Lumen Dallas 6,Lumen Technologies,colocation,operational,TX,Dallas,32.827998,-96.8843787,building,pending,high,12977.6,,18.841638565063477,0.025,1,0.035,1,0.065,1,6.0,,non_burnable,0.24444444444444444,2.0,0.2265625,3.0,0.2543778801843318,3.0,False
dc_c7388ffdcf0a,Digital Realty DFW36,Digital Realty,colocation,operational,TX,Dallas,32.8275499,-96.8737498,building,pending,high,24499.8,11.0,18.841638565063477,0.025,1,0.035,1,0.065,1,6.0,,non_burnable,0.08888888888888889,2.0,0.17578125,2.0,0.2304147465437788,3.0,False
dc_2488b59ec2e1,DataBank Dallas Empire Central Data Center,DataBank,colocation,operational,TX,Dallas,32.8217503,-96.873553,building,pending,high,67717.5,,18.841638565063477,0.025,1,0.035,1,0.065,1,6.0,,non_burnable,0.044444444444444446,2.0,0.1640625,2.0,0.23870967741935484,3.0,False
dc_a3670fa43098,TierPoint Dallas Data Center,TierPoint,colocation,operational,TX,Dallas,32.8079818,-96.8573889,building,pending,high,71358.8,,18.841638565063477,0.025,1,0.035,1,0.065,1,6.0,,non_burnable,0.17777777777777778,2.0,0.2109375,3.0,0.22119815668202766,3.0,False
dc_daf9220540a9,Amazon IAD87,Amazon Web Services,hyperscale,operational,VA,Loudoun,38.9918083,-77.441172,building,pending,high,147390.6,,13.629328727722168,0.055,1,0.095,1,0.175,1,6.0,,non_burnable,0.13333333333333333,1.0,0.3203125,1.0,0.3317972350230415,1.0,False
dc_cfa3a5031c6d,Amazon IAD88,Amazon Web Services,hyperscale,operational,VA,Loudoun,38.9909679,-77.4418679,building,pending,high,147468.6,,13.629328727722168,0.055,1,0.095,1,0.175,1,6.0,,non_burnable,0.17777777777777778,1.0,0.33984375,1.0,0.3317972350230415,1.0,False
dc_021211d2ad4e,Verizon,Verizon,unknown,operational,CO,Arapahoe,39.589248,-104.877933,building,pending,high,8059.6,,10.969576835632324,0.045,1,0.07500000000000001,1,0.14500000000000002,1,3.0,3.0,moderate,0.044444444444444446,3.0,0.14453125,4.0,0.3032258064516129,4.0,False
dc_3a8551ffe989,Stream Data Centers PHX-1,,unknown,operational,AZ,Maricopa,33.4195,-112.36,building,VERIFIED,high,413251.1,1.0,7.057002544403076,0.025,1,0.035,1,0.055,1,6.0,,non_burnable,0.3333333333333333,4.0,0.41015625,4.0,0.39631336405529954,5.0,False
dc_a610d284990f,Live Oak Data Center,,unknown,operational,TX,Dallas,32.7837489,-96.7946364,building,pending,high,49853.1,12.0,18.841638565063477,0.025,1,0.035,1,0.065,1,6.0,,non_burnable,0.022222222222222223,2.0,0.0234375,2.0,0.15115207373271888,3.0,False
dc_2309affb2b7b,Stack Infrastructure - POR01,Stack Infrastructure,colocation,operational,OR,Washington,45.5493273,-122.9278183,building,pending,high,90020.1,,0.49183908104896545,0.175,1,0.28500000000000003,1,0.46499999999999997,1,6.0,,non_burnable,0.17777777777777778,1.0,0.171875,2.0,0.2064516129032258,2.0,False
dc_c72d4cbdd423,Flexential Portland - Hillsboro 2,Flexential,colocation,operational,OR,Washington,45.558302,-122.9171647,building,pending,high,214259.9,,0.49183908104896545,0.175,1,0.28500000000000003,1,0.46499999999999997,1,1.0,1.0,very_low,0.08888888888888889,1.0,0.1484375,2.0,0.25161290322580643,2.0,False
dc_34120cb9bfb9,NYSE Data Center,nyse,unknown,operational,NJ,Bergen,41.0783165,-74.152912,building,VERIFIED,high,200805.0,,7.410204887390137,0.095,1,0.175,1,0.335,1,6.0,,non_burnable,0.2222222222222222,4.0,0.3984375,4.0,0.5741935483870968,4.0,False
dc_765868de3ac6,AT&T,,unknown,operational,CA,Los Angeles,34.5799784,-118.1140073,building,pending,high,17388.7,,0.7323799133300781,0.635,1,0.865,1,1.1749999999999998,1,6.0,,non_burnable,0.28888888888888886,3.0,0.41796875,4.0,0.5050691244239631,4.0,False
dc_374ef12de243,,,unknown,operational,CO,El Paso,38.8026713,-104.5219809,building,pending,high,42627.6,,11.859444618225098,0.035,1,0.07500000000000001,1,0.14500000000000002,1,6.0,,non_burnable,0.6666666666666666,3.0,0.9140625,3.0,0.9548387096774194,3.0,False
dc_f17c4c877a75,Siemens EDA - HDC / Data Center,Siemens Digital Industries Software,unknown,operational,OR,Clackamas,45.3187166,-122.7658797,building,pending,high,24854.1,,0.6346678733825684,0.175,1,0.275,1,0.445,1,6.0,,non_burnable,0.08888888888888889,1.0,0.3203125,2.0,0.5428571428571428,2.0,False
dc_4dcce2e3f5c2,Aligned  DFW-01,Aligned,colocation,operational,TX,Collin,33.0093142,-96.6765617,building,pending,high,108401.9,,19.147722244262695,0.025,1,0.045,1,0.07500000000000001,1,6.0,,non_burnable,0.044444444444444446,2.0,0.125,3.0,0.22672811059907835,3.0,False
dc_dd893891f25e,Tierpoint Dallas-Allen,,colocation,operational,TX,Collin,33.13874,-96.66024,building,VERIFIED,high,30651.9,,19.147722244262695,0.025,1,0.045,1,0.07500000000000001,1,6.0,,non_burnable,0.28888888888888886,2.0,0.34765625,3.0,0.2672811059907834,3.0,False
dc_d6dfe2b4b690,,DXC Technology,unknown,operational,TX,Harris,30.0187,-95.8637474,building,pending,high,352246.4,,20.58355712890625,0.015,1,0.025,1,0.045,1,6.0,,non_burnable,0.8222222222222222,2.0,0.7734375,2.0,0.7741935483870968,3.0,False
dc_65de9231db68,Amazon IAD73,Amazon Web Services,hyperscale,operational,VA,Prince William,38.7779795,-77.5590992,building,pending,high,146162.2,,12.71955680847168,0.065,1,0.10500000000000001,1,0.185,1,1.0,1.0,very_low,0.3333333333333333,2.0,0.44140625,2.0,0.471889400921659,2.0,False
dc_3d7a9b4bc895,Amazon IAD74,Amazon Web Services,hyperscale,operational,VA,Prince William,38.7774374,-77.5578909,building,pending,high,147480.4,,12.71955680847168,0.065,1,0.10500000000000001,1,0.185,1,1.0,1.0,very_low,0.3111111111111111,2.0,0.45703125,2.0,0.4608294930875576,2.0,False
dc_98252a80dd0a,H5 Data Center,,unknown,operational,OH,Cuyahoga,41.5063555,-81.683589,building,pending,high,71439.7,4.0,14.61642074584961,0.035,1,0.055,1,0.095,1,6.0,,non_burnable,0.0,0.0,0.0390625,1.0,0.026728110599078342,1.0,False
dc_daf3c5ec6554,TPx Colocation Datacenter,TPx Communications,unknown,operational,CA,Orange,33.7075065,-117.8441042,building,CANDIDATE,high,37065.4,,0.6565972566604614,0.325,1,0.435,1,0.625,1,6.0,,non_burnable,0.022222222222222223,2.0,0.05859375,3.0,0.0423963133640553,3.0,False
dc_a8e6550e1c77,Cologix Jacksonville JAX1,,colocation,operational,FL,Duval,30.3314298,-81.6624257,building,pending,high,30201.4,9.0,23.808124542236328,0.025,1,0.035,1,0.065,1,6.0,,non_burnable,0.044444444444444446,3.0,0.06640625,3.0,0.10691244239631337,3.0,False
dc_8eb7845dad34,Microsoft,Microsoft,hyperscale,operational,WA,Grant,47.2394872,-119.88741,building,pending,high,143439.6,,1.113155484199524,0.07500000000000001,1,0.11499999999999999,1,0.175,1,6.0,,non_burnable,0.2,1.0,0.3203125,3.0,0.48294930875576036,4.0,False
dc_913e6e43e473,,,unknown,operational,WA,Grant,47.2385929,-119.864537,building,pending,high,44446.6,,1.113155484199524,0.07500000000000001,1,0.11499999999999999,1,0.175,1,6.0,,non_burnable,0.2,1.0,0.1796875,2.0,0.3935483870967742,4.0,False
dc_9f5bae7df94d,,,unknown,operational,WA,Grant,47.2475452,-119.8255073,building,AMBIGUOUS,high,138534.3,,1.113155484199524,0.07500000000000001,1,0.10500000000000001,1,0.175,1,6.0,,non_burnable,0.24444444444444444,1.0,0.2578125,2.0,0.36036866359447006,4.0,False
dc_971c8fad8ba8,Facebook Fort Worth Datacenter,Meta,hyperscale,operational,TX,Tarrant,32.9837829,-97.259335,building,VERIFIED,high,634396.0,1.0,17.917001724243164,0.025,1,0.035,1,0.065,1,6.0,,non_burnable,0.26666666666666666,3.0,0.36328125,3.0,0.432258064516129,3.0,False
dc_b1a8f1928f7c,Data Center Lenexa,,unknown,operational,KS,Johnson,38.9247,-94.7704,building,VERIFIED,high,44553.0,1.0,20.538841247558594,0.025,1,0.045,1,0.07500000000000001,1,6.0,,non_burnable,0.17777777777777778,3.0,0.21484375,3.0,0.24423963133640553,3.0,False
dc_86ba61e0a58f,CITIGROUP TECHNOLOGY INC,,unknown,operational,TX,Denton,33.0064,-97.2452,building,VERIFIED,high,242536.8,,17.93877601623535,0.025,1,0.035,1,0.065,1,6.0,,non_burnable,0.37777777777777777,2.0,0.44140625,3.0,0.48847926267281105,3.0,False
dc_9499ddcbe5f4,QTS Data Center,Quality Technology Services,colocation,operational,TX,Tarrant,32.9889133,-97.2592738,building,VERIFIED,high,277996.8,,17.917001724243164,0.025,1,0.035,1,0.065,1,6.0,,non_burnable,0.3333333333333333,2.0,0.390625,3.0,0.432258064516129,3.0,False
dc_d4b6d917cc3b,Lowe's Data Center,Lowe's,unknown,operational,TX,Bexar,29.4730082,-98.6895043,building,pending,high,94267.0,,12.881298065185547,0.015,1,0.015,1,0.035,1,6.0,,non_burnable,0.3111111111111111,3.0,0.34375,3.0,0.26359447004608294,3.0,False
dc_ce1390890e70,,CHRISTUS Health,unknown,operational,TX,Bexar,29.4703276,-98.6861914,building,pending,high,48815.4,,12.881298065185547,0.015,1,0.015,1,0.035,1,6.0,,non_burnable,0.3111111111111111,3.0,0.33203125,3.0,0.2663594470046083,3.0,False
dc_d20b0b46a331,,Frost Bank,unknown,operational,TX,Bexar,29.4702125,-98.6876674,building,pending,high,68591.8,,12.881298065185547,0.015,1,0.015,1,0.035,1,6.0,,non_burnable,0.37777777777777777,3.0,0.34765625,3.0,0.2663594470046083,3.0,False
dc_e5a14b588180,CyrusOne San Antonio I,CyrusOne,colocation,operational,TX,Bexar,29.4666098,-98.6880869,building,pending,high,102323.0,,12.881298065185547,0.015,1,0.015,1,0.035,1,6.0,,non_burnable,0.37777777777777777,3.0,0.3203125,3.0,0.27004608294930876,3.0,False
dc_1290cd43e2a4,Valero Wiserman,Valero,unknown,operational,TX,Bexar,29.4742368,-98.6800789,building,pending,high,58304.2,,12.881298065185547,0.015,1,0.015,1,0.035,1,6.0,,non_burnable,0.26666666666666666,3.0,0.30859375,3.0,0.26359447004608294,3.0,False
dc_96e798de1923,Stream San Antonio II,,unknown,operational,TX,Bexar,29.472003,-98.6717199,building,pending,high,71325.0,,12.881298065185547,0.015,1,0.015,1,0.035,1,6.0,,non_burnable,0.28888888888888886,3.0,0.24609375,3.0,0.25069124423963135,3.0,False
dc_73c1808d41a7,CyrusOne San Antonio II,CyrusOne,colocation,operational,TX,Bexar,29.4708878,-98.6730474,building,pending,high,108554.7,,12.881298065185547,0.015,1,0.015,1,0.035,1,6.0,,non_burnable,0.28888888888888886,3.0,0.27734375,3.0,0.25069124423963135,3.0,False
dc_a3ef9d3df723,CyrusOne San Antonio III,CyrusOne,colocation,operational,TX,Bexar,29.4700573,-98.6721062,building,pending,high,100537.5,,12.881298065185547,0.015,1,0.015,1,0.035,1,6.0,,non_burnable,0.28888888888888886,3.0,0.2578125,3.0,0.2543778801843318,3.0,False
dc_545444cd2c47,Spectrum Charlotte National Data Center,,unknown,operational,NC,Mecklenburg,35.1428083,-80.9162228,building,VERIFIED,high,93604.3,,14.088505744934082,0.065,1,0.095,1,0.165,1,6.0,,non_burnable,0.4,4.0,0.34765625,4.0,0.37511520737327186,4.0,False
dc_5a2443390108,Apple,Apple Inc.,hyperscale,operational,OR,Crook,44.2894,-120.8709,building,VERIFIED,high,377458.3,,2.428783893585205,0.045,1,0.065,1,0.10500000000000001,1,6.0,,non_burnable,0.6,3.0,0.62109375,4.0,0.695852534562212,4.0,False
dc_fca78ca8bfb8,Google Data Center,Google,hyperscale,operational,AZ,Maricopa,33.3541387,-111.6764271,campus_centroid,UNRESOLVABLE,high,7075792.5,,7.883434772491455,0.025,1,0.035,1,0.065,1,6.0,,non_burnable,0.4888888888888889,3.0,0.390625,4.0,0.36589861751152075,4.0,False
dc_85d3abd0eef7,Cyxtera Tampa TP1,Cyxtera,unknown,operational,FL,Hillsborough,27.9455,-82.3507,building,CANDIDATE,high,97332.5,,28.616392135620117,0.005,1,0.015,1,0.035,1,6.0,,non_burnable,0.1111111111111111,3.0,0.234375,4.0,0.26912442396313363,4.0,False
dc_bfc0dc91e53d,DC Blox Chattanooga,,unknown,operational,TN,Hamilton,35.0315499,-85.2972523,building,pending,high,8079.1,,15.146012306213379,0.125,1,0.20500000000000002,1,0.365,1,6.0,,non_burnable,0.1111111111111111,3.0,0.1015625,4.0,0.28755760368663597,4.0,False
dc_71df8167e3fe,QTS Irving - Dallas Data Center Campus,Quality Technology Services,colocation,operational,TX,Dallas,32.8972479,-96.9826475,building,pending,high,306213.9,,18.841638565063477,0.025,1,0.035,1,0.065,1,6.0,,non_burnable,0.2,2.0,0.25390625,2.0,0.2248847926267281,3.0,False
dc_562f41628d8f,Centersquare Lisle ORD4 Data Center,Centersquare,colocation,operational,IL,DuPage,41.8023406,-88.0948856,building,pending,high,361205.9,,17.22007942199707,0.035,1,0.055,1,0.10500000000000001,1,6.0,,non_burnable,0.1111111111111111,1.0,0.25,1.0,0.29308755760368665,1.0,False
dc_aabc1a713f0b,GoDaddy - Gilbert,,unknown,operational,AZ,Maricopa,33.3619309,-111.8392899,building,pending,high,91811.8,,7.883434772491455,0.025,1,0.035,1,0.055,1,6.0,,non_burnable,0.044444444444444446,4.0,0.09765625,4.0,0.08110599078341015,4.0,False
dc_d097e7925fc8,AT&T Center,American Telephone & Telegraph,unknown,operational,CA,San Diego,32.7476543,-117.1589538,building,pending,high,88910.7,,0.6888867616653442,0.305,1,0.475,1,0.705,1,6.0,,non_burnable,0.15555555555555556,4.0,0.1640625,4.0,0.11059907834101383,4.0,False
dc_0882af2abe6a,,,unknown,operational,TN,Davidson,36.1405001,-86.7641364,building,pending,high,10355.3,,16.571094512939453,0.08499999999999999,1,0.135,1,0.215,1,6.0,,non_burnable,0.06666666666666667,1.0,0.0390625,1.0,0.16589861751152074,1.0,False
dc_56d92a649558,CenturyLink,CenturyLink,unknown,operational,GA,Fulton,33.7651394,-84.3837393,building,pending,high,23046.3,,16.562829971313477,0.055,1,0.08499999999999999,1,0.14500000000000002,1,6.0,,non_burnable,0.022222222222222223,1.0,0.0390625,3.0,0.18617511520737326,3.0,False
dc_02fde467d5ca,,,unknown,operational,WY,Laramie,41.124033,-104.8985886,building,CANDIDATE,high,62914.1,,9.383162498474121,0.055,1,0.08499999999999999,1,0.14500000000000002,1,6.0,,non_burnable,0.7111111111111111,2.0,0.87109375,3.0,0.8543778801843318,3.0,False
dc_d637d15aba22,,,unknown,operational,WY,Laramie,41.1240368,-104.8991021,building,CANDIDATE,high,67797.3,,9.383162498474121,0.055,1,0.08499999999999999,1,0.14500000000000002,1,6.0,,non_burnable,0.8222222222222222,2.0,0.87109375,3.0,0.8543778801843318,3.0,False
dc_42f487aa6732,,,unknown,operational,WY,Laramie,41.125284,-104.899022,building,VERIFIED,high,62555.9,,9.383162498474121,0.055,1,0.08499999999999999,1,0.14500000000000002,1,6.0,,non_burnable,0.7555555555555555,2.0,0.87109375,3.0,0.8543778801843318,3.0,False
dc_7668d76b7f88,,,unknown,operational,WY,Laramie,41.12515,-104.89835,building,VERIFIED,high,63264.5,,9.383162498474121,0.055,1,0.08499999999999999,1,0.14500000000000002,1,6.0,,non_burnable,0.7111111111111111,2.0,0.85546875,3.0,0.8543778801843318,3.0,False
dc_a4961042eb4e,Expedient Pittsburgh South,Expedient,unknown,operational,PA,Allegheny,40.427371,-80.0425212,building,pending,high,27441.7,,11.686223030090332,0.025,1,0.045,1,0.07500000000000001,1,6.0,,non_burnable,0.2,1.0,0.29296875,1.0,0.21474654377880184,1.0,False
dc_7f37dc601968,Centersquare: Phoenix - (PHX1 - Mesa),Centersquare,colocation,operational,AZ,Maricopa,33.4212542,-111.8590191,building,pending,high,57993.0,,7.883434772491455,0.025,1,0.035,1,0.065,1,6.0,,non_burnable,0.0,0.0,0.0625,4.0,0.14654377880184333,5.0,False
dc_c5410ccfaab6,,DXC Technology,unknown,operational,TX,Harris,29.9951976,-95.5633335,building,AMBIGUOUS,high,264173.2,,19.917362213134766,0.015,1,0.025,1,0.045,1,6.0,,non_burnable,0.3111111111111111,3.0,0.1953125,3.0,0.1585253456221198,3.0,False
dc_a732fbbc8530,,DXC Technology,unknown,operational,TX,Harris,29.9973349,-95.5640398,building,pending,high,113971.0,,19.917362213134766,0.015,1,0.025,1,0.045,1,6.0,,non_burnable,0.28888888888888886,3.0,0.1953125,3.0,0.15944700460829492,3.0,False
dc_c192d1a8a58f,Liquid Web,,unknown,operational,MI,Eaton,42.6879527,-84.6430423,building,pending,high,23079.2,,12.502507209777832,0.025,1,0.045,1,0.07500000000000001,1,6.0,,non_burnable,0.4,1.0,0.47265625,1.0,0.4368663594470046,1.0,False
dc_9886b7475b36,Amazon IAD63,Amazon Web Services,hyperscale,operational,VA,Loudoun,38.9168847,-77.4932514,building,pending,high,143980.3,,13.629328727722168,0.065,1,0.095,1,0.175,1,6.0,,non_burnable,0.4222222222222222,1.0,0.48828125,1.0,0.5373271889400921,1.0,False
dc_cee882b53bd3,"Liquid Web, Inc",,unknown,operational,MI,Eaton,42.705492,-84.666604,building,VERIFIED,high,72843.3,2.0,12.502507209777832,0.025,1,0.045,1,0.07500000000000001,1,6.0,,non_burnable,0.4666666666666667,1.0,0.41015625,1.0,0.4543778801843318,1.0,False
dc_83eddcd908a9,Amazon IAD62,Amazon Web Services,hyperscale,operational,VA,Loudoun,38.9493217,-77.5198747,building,pending,high,149942.1,,12.71955680847168,0.065,1,0.095,1,0.175,1,6.0,,non_burnable,0.6888888888888889,1.0,0.62109375,1.0,0.5262672811059907,1.0,False
dc_e694b11642aa,,,unknown,operational,GA,Cobb,34.0707004,-84.6759032,building,pending,high,18558.9,,16.645179748535156,0.07500000000000001,1,0.11499999999999999,1,0.185,1,6.0,,non_burnable,0.4888888888888889,4.0,0.47265625,4.0,0.5133640552995392,4.0,False
dc_c27350073d52,ADP South Dakota,,unknown,operational,SD,Minnehaha,43.5999139,-96.7947573,building,VERIFIED,high,243125.8,,15.18335247039795,0.015,1,0.035,1,0.055,1,1.0,1.0,very_low,0.26666666666666666,2.0,0.21875,2.0,0.25806451612903225,2.0,False
dc_d0069abf7d58,TJX Corporate Techno,,unknown,operational,OH,Franklin,40.1038888,-82.8106146,building,pending,high,102681.7,,14.810942649841309,0.035,1,0.055,1,0.095,1,6.0,,non_burnable,0.3333333333333333,1.0,0.40234375,1.0,0.49953917050691243,1.0,False
dc_47cb11fb436c,Compugen New Albany,,unknown,operational,OH,Franklin,40.1045986,-82.8049123,building,pending,high,44250.3,,14.810942649841309,0.035,1,0.055,1,0.095,1,6.0,,non_burnable,0.4,1.0,0.47265625,1.0,0.49585253456221196,1.0,False
dc_f011d85ef1f9,Compugen New Albany,,unknown,operational,OH,Franklin,40.1037135,-82.8089026,building,pending,high,32222.3,,14.810942649841309,0.035,1,0.055,1,0.095,1,6.0,,non_burnable,0.3111111111111111,1.0,0.41796875,1.0,0.49953917050691243,1.0,False
dc_14a17660785d,Flexential Dallas - Richardson,Flexential,colocation,operational,TX,Collin,32.9948122,-96.7524974,building,CANDIDATE,high,68520.3,2.0,18.841638565063477,0.025,1,0.045,1,0.065,1,6.0,,non_burnable,0.15555555555555556,2.0,0.17578125,3.0,0.10414746543778802,3.0,False
dc_86ea4c3bc7df,Experian McKinney Data Center,,unknown,operational,TX,Collin,33.1717958,-96.725505,building,pending,high,76624.2,,19.147722244262695,0.025,1,0.045,1,0.07500000000000001,1,6.0,,non_burnable,0.17777777777777778,2.0,0.18359375,2.0,0.2313364055299539,3.0,False
dc_9004be7e046a,Digital Fortress: Richmond,Digital Fortress,unknown,operational,VA,Chesterfield,37.3600608,-77.327038,building,pending,high,243698.6,,13.860154151916504,0.08499999999999999,1,0.14500000000000002,1,0.265,1,6.0,,non_burnable,0.6666666666666666,2.0,0.61328125,2.0,0.5152073732718894,3.0,False
dc_e0c9ea4740c6,DataCenter.BZ - Worthington-Columbus,,unknown,operational,OH,Franklin,40.1157427,-83.0025794,building,pending,high,56266.8,,15.455096244812012,0.035,1,0.055,1,0.095,1,6.0,,non_burnable,0.1111111111111111,1.0,0.1640625,1.0,0.280184331797235,1.0,False
dc_9fc2a0ec8776,Stack Infrastructure,Stack Infrastructure,colocation,operational,CA,Santa Clara,37.4025598,-121.893391,building,CANDIDATE,high,78105.4,,0.12219325453042984,0.645,1,0.845,1,1.1150000000000002,1,6.0,,non_burnable,0.0,0.0,0.01953125,3.0,0.11059907834101383,4.0,False
dc_99361789c568,Stack Infrastructure,Stack Infrastructure,colocation,operational,CA,Santa Clara,37.4022,-121.8924,building,VERIFIED,high,107993.7,,0.12219325453042984,0.645,1,0.845,1,1.1150000000000002,1,6.0,,non_burnable,0.0,0.0,0.0234375,3.0,0.12442396313364056,4.0,False
dc_cf02216bd8e1,Carfax,,unknown,operational,MO,Boone,38.9235166,-92.2886061,building,pending,high,39488.0,,15.236273765563965,0.055,1,0.08499999999999999,1,0.135,1,6.0,,non_burnable,0.5111111111111111,1.0,0.53515625,1.0,0.5732718894009217,3.0,False
dc_2a18edd9d2aa,Facebook Altoona Data Center 3,Meta,hyperscale,operational,IA,Polk,41.6670521,-93.5065646,building,CANDIDATE,high,377754.9,,14.173967361450195,0.015,1,0.025,1,0.045,1,6.0,,non_burnable,0.17777777777777778,1.0,0.2578125,1.0,0.295852534562212,1.0,False
dc_39191f37a067,Amazon IAD71,Amazon Web Services,hyperscale,operational,VA,Loudoun,39.0279064,-77.4574998,building,pending,high,121176.7,,13.613815307617188,0.055,1,0.095,1,0.175,1,6.0,,non_burnable,0.24444444444444444,1.0,0.29296875,1.0,0.3262672811059908,1.0,False
dc_1bea2a6b9476,Amazon IAD50,Amazon Web Services,hyperscale,operational,VA,Loudoun,39.0295615,-77.4596546,building,pending,high,202082.2,,13.613815307617188,0.055,1,0.095,1,0.175,1,1.0,1.0,very_low,0.3333333333333333,1.0,0.296875,1.0,0.32903225806451614,1.0,False
dc_0f68bcad00f6,Amazon IAD60,Amazon Web Services,hyperscale,operational,VA,Loudoun,39.0287737,-77.4582461,building,pending,high,110965.9,,13.613815307617188,0.055,1,0.095,1,0.175,1,6.0,,non_burnable,0.2,1.0,0.296875,1.0,0.3262672811059908,1.0,False
dc_4c5da4f27c7f,Amazon Web Services,Amazon Web Services,hyperscale,operational,TX,Tarrant,32.8504831,-97.0702974,building,pending,high,51249.9,,17.917001724243164,0.025,1,0.035,1,0.065,1,6.0,,non_burnable,0.15555555555555556,3.0,0.359375,3.0,0.2838709677419355,4.0,False
dc_0d1d0eeeddb7,Amazon Web Services  CMH50,Amazon Web Services,hyperscale,operational,OH,Licking,40.0946297,-82.7513394,building,pending,high,161684.0,,14.810942649841309,0.035,1,0.055,1,0.095,1,6.0,,non_burnable,0.4444444444444444,1.0,0.46484375,1.0,0.45714285714285713,1.0,False
dc_b3c53f7424cf,,,unknown,operational,IN,Bartholomew,39.185856,-85.8870717,building,pending,high,2476.6,,20.845558166503906,0.065,1,0.095,1,0.165,1,6.0,,non_burnable,0.2,1.0,0.25,1.0,0.21935483870967742,1.0,False
dc_b016da3f5d99,Thin-nology,,unknown,operational,TX,Travis,30.4211412,-97.591603,building,pending,high,9209.3,,13.630367279052734,0.015,1,0.015,1,0.035,1,6.0,,non_burnable,0.4444444444444444,3.0,0.4921875,3.0,0.47465437788018433,3.0,False
dc_b28695cd9ccc,CyrusOne Norwalk,CyrusOne,colocation,operational,CT,Western Connecticut,41.1132,-73.3886,building,CANDIDATE,high,77778.1,,5.519350051879883,0.08499999999999999,1,0.14500000000000002,1,0.265,1,6.0,,non_burnable,0.26666666666666666,4.0,0.171875,4.0,0.22211981566820277,4.0,False
dc_07793c6ceca0,Data Foundry - Texas 2,,unknown,operational,TX,Travis,30.197766,-97.713012,building,CANDIDATE,high,104857.3,,13.630367279052734,0.015,1,0.015,1,0.035,1,6.0,,non_burnable,0.4222222222222222,3.0,0.4609375,3.0,0.4534562211981567,4.0,False
dc_f962646a287f,Meta Los Lunas Data Center,Meta,hyperscale,operational,NM,Valencia,34.829831,-106.77852,campus_centroid,VERIFIED,high,21836560.7,,10.36793041229248,0.065,1,0.10500000000000001,1,0.185,1,6.0,,non_burnable,0.7111111111111111,3.0,0.7421875,3.0,0.776036866359447,3.0,False
dc_e521fcdace02,Google Datacenter - Douglas County,Google,hyperscale,operational,GA,Douglas,33.7504467,-84.5856816,campus_centroid,pending,high,2608505.9,,17.153179168701172,0.055,1,0.08499999999999999,1,0.14500000000000002,1,6.0,,non_burnable,0.24444444444444444,3.0,0.31640625,3.0,0.4525345622119816,3.0,False
dc_52dd223d9f13,Google,Google,hyperscale,operational,IA,Pottawattamie,41.2219559,-95.8642852,campus_centroid,pending,high,2304745.1,,17.158601760864258,0.015,1,0.025,1,0.045,1,6.0,,non_burnable,0.17777777777777778,1.0,0.171875,3.0,0.29861751152073734,4.0,False
dc_855db3db7730,Microsoft - Azure Datacenter,Microsoft,hyperscale,operational,IL,Cook,41.9229565,-87.9182633,building,pending,high,306766.6,,16.118194580078125,0.035,1,0.055,1,0.095,1,6.0,,non_burnable,0.08888888888888889,1.0,0.06640625,1.0,0.06912442396313365,1.0,False
dc_c48845706377,Cloud Storage Corp,,unknown,operational,KS,Ellis,38.8721322,-99.3001874,building,pending,high,11561.8,,15.470982551574707,0.015,1,0.025,1,0.055,1,6.0,,non_burnable,0.13333333333333333,1.0,0.2265625,1.0,0.46543778801843316,2.0,False
dc_99f8820a08a4,Switch Las Vegas 8,Switch,colocation,operational,NV,Clark,36.057834,-115.214258,building,VERIFIED,high,264412.6,,3.602787733078003,0.065,1,0.10500000000000001,1,0.165,1,6.0,,non_burnable,0.2,2.0,0.21875,2.0,0.2368663594470046,2.0,False
dc_d8d14da2c80f,Switch Las Vegas 9,Switch,colocation,operational,NV,Clark,36.0557074,-115.2196277,building,pending,high,286176.3,,3.602787733078003,0.065,1,0.095,1,0.165,1,6.0,,non_burnable,0.08888888888888889,2.0,0.1953125,2.0,0.25622119815668204,2.0,False
dc_5acd35df9012,,,unknown,operational,TX,Harris,29.8215755,-95.5708004,building,pending,high,98195.3,,19.917362213134766,0.015,1,0.025,1,0.045,1,6.0,,non_burnable,0.4666666666666667,2.0,0.4296875,2.0,0.3327188940092166,2.0,False
dc_1691e39922f2,Information Technology Data Center,Phillips Exeter Academy,unknown,operational,NH,Rockingham,42.9820886,-70.9505947,building,pending,high,7733.7,,2.9265196323394775,0.10500000000000001,1,0.175,1,0.345,1,6.0,,non_burnable,0.24444444444444444,2.0,0.5546875,2.0,0.7668202764976959,3.0,False
dc_37283499bff1,Digital Fortress Lynnwood,,unknown,operational,WA,Snohomish,47.8224039,-122.2896138,building,pending,high,24944.6,,0.6047859191894531,0.295,1,0.415,1,0.595,1,6.0,,non_burnable,0.06666666666666667,1.0,0.09765625,1.0,0.18617511520737326,1.0,False
dc_31ed378ec23d,,,unknown,operational,TX,Collin,33.1378233,-96.6559411,building,pending,high,33064.8,,19.147722244262695,0.025,1,0.045,1,0.07500000000000001,1,2.0,2.0,low,0.24444444444444444,2.0,0.37890625,3.0,0.2838709677419355,3.0,False
dc_337852dc4642,CyrusOne Allen,CyrusOne,colocation,operational,TX,Collin,33.1385206,-96.6599516,building,VERIFIED,high,271378.7,,19.147722244262695,0.025,1,0.045,1,0.07500000000000001,1,6.0,,non_burnable,0.28888888888888886,2.0,0.34765625,3.0,0.2672811059907834,3.0,False
dc_0e8ad449fd73,Amazon Web Services,Amazon Web Services,hyperscale,operational,OR,Morrow,45.8404436,-119.6549794,building,pending,high,151857.4,,1.9345662593841553,0.055,1,0.095,1,0.155,1,6.0,,non_burnable,0.28888888888888886,2.0,0.35546875,3.0,0.31152073732718893,4.0,False
dc_7d9a53314d14,Amazon Web Services,Amazon Web Services,hyperscale,operational,OR,Umatilla,45.9174478,-119.2677339,building,pending,high,260806.5,,2.1825551986694336,0.055,1,0.08499999999999999,1,0.14500000000000002,1,6.0,,non_burnable,0.7333333333333333,4.0,0.65234375,5.0,0.5032258064516129,5.0,False
dc_2735a8cdb5c5,DataBank SLC3,DataBank,colocation,operational,UT,Salt Lake,40.4797937,-111.9059228,building,pending,high,82663.3,,4.538047790527344,0.165,1,0.275,1,0.455,1,6.0,,non_burnable,0.2,3.0,0.37890625,5.0,0.48202764976958523,5.0,False
dc_d75a55f76a00,Amazon IAD80,Amazon Web Services,hyperscale,operational,VA,Loudoun,39.0271087,-77.4528289,building,pending,high,150444.1,,13.613815307617188,0.055,1,0.095,1,0.175,1,6.0,,non_burnable,0.3333333333333333,1.0,0.32421875,1.0,0.32534562211981566,1.0,False
dc_b0894a6e8d78,Equinix Ashburn DC12,Equinix,colocation,operational,VA,Loudoun,39.0230155,-77.4497875,building,pending,high,96380.7,,13.613815307617188,0.055,1,0.095,1,0.175,1,1.0,1.0,very_low,0.4444444444444444,1.0,0.3203125,1.0,0.3225806451612903,1.0,False
dc_ccd80465a580,Stream DFW IV,Stream,unknown,operational,TX,Collin,33.0001441,-96.6616465,building,AMBIGUOUS,high,19684.7,,19.147722244262695,0.025,1,0.045,1,0.065,1,6.0,,non_burnable,0.24444444444444444,2.0,0.1640625,3.0,0.23870967741935484,3.0,False
dc_b5e19f1a3ea5,Rackspace Richardson DFW3,Rackspace,unknown,operational,TX,Dallas,32.9647813,-96.7158554,building,VERIFIED,high,112950.8,1.0,18.841638565063477,0.025,1,0.045,1,0.065,1,6.0,,non_burnable,0.0,0.0,0.0625,3.0,0.11889400921658987,3.0,False
dc_7bec7a33a3ec,Digital Realty Dallas DFW17,Digital Realty,colocation,operational,TX,Dallas,32.966739,-96.714402,building,VERIFIED,high,83615.3,,18.841638565063477,0.025,1,0.045,1,0.065,1,6.0,,non_burnable,0.0,0.0,0.05859375,3.0,0.11889400921658987,3.0,False
dc_6a37107362a1,Digital Realty Dallas DFW29,Digital Realty,colocation,operational,TX,Dallas,32.96725,-96.71155,building,VERIFIED,high,122437.0,,18.841638565063477,0.025,1,0.045,1,0.065,1,6.0,,non_burnable,0.0,0.0,0.07421875,3.0,0.1152073732718894,3.0,False
dc_ab141916e295,DataBank Dallas (DFW2),,colocation,operational,TX,Dallas,32.96739,-96.71364,building,VERIFIED,high,62460.6,,18.841638565063477,0.025,1,0.045,1,0.065,1,6.0,,non_burnable,0.0,0.0,0.05859375,3.0,0.1152073732718894,3.0,False
dc_833370eeca59,Digital Realty Dallas DFW28,Digital Realty,colocation,operational,TX,Dallas,32.9673,-96.7141,building,CANDIDATE,high,122015.2,,18.841638565063477,0.025,1,0.045,1,0.065,1,6.0,,non_burnable,0.0,0.0,0.05859375,3.0,0.1152073732718894,3.0,False
dc_1f6063348ac4,Digital Realty Dallas DFW35,Digital Realty,colocation,operational,TX,Dallas,32.964263,-96.710598,building,CANDIDATE,high,116539.9,1.0,18.841638565063477,0.025,1,0.045,1,0.065,1,6.0,,non_burnable,0.0,0.0,0.05078125,3.0,0.11981566820276497,3.0,False
dc_cd26fe372499,Digital Realty Dallas DFW18,Digital Realty,colocation,operational,TX,Dallas,32.96526,-96.71261,building,CANDIDATE,high,222335.4,2.0,18.841638565063477,0.025,1,0.045,1,0.065,1,6.0,,non_burnable,0.0,0.0,0.06640625,3.0,0.11981566820276497,3.0,False
dc_4e931334ea09,Digital Realty Dallas DFW16,Digital Realty,colocation,operational,TX,Dallas,32.9660428,-96.715592,building,CANDIDATE,high,109470.7,,18.841638565063477,0.025,1,0.045,1,0.065,1,6.0,,non_burnable,0.0,0.0,0.05859375,3.0,0.11889400921658987,3.0,False
dc_086d8706935f,Digital Realty Northern Virginia IAD36,Digital Realty,colocation,operational,VA,Loudoun,39.0015493,-77.4793749,building,pending,high,112516.8,,13.613815307617188,0.055,1,0.095,1,0.175,1,6.0,,non_burnable,0.5333333333333333,1.0,0.3984375,1.0,0.3529953917050691,1.0,False
dc_ea0f41d7fc65,Digital Realty Northern Virginia IAD35,Digital Realty,colocation,operational,VA,Loudoun,39.0005331,-77.4805775,building,pending,high,206226.1,,13.613815307617188,0.055,1,0.095,1,0.175,1,6.0,,non_burnable,0.5555555555555556,1.0,0.41796875,1.0,0.3529953917050691,1.0,False
dc_1ee8b3394320,Digital Realty Northern Virginia IAD37,Digital Realty,colocation,operational,VA,Loudoun,39.000032,-77.4780146,building,pending,high,144298.7,,13.613815307617188,0.055,1,0.095,1,0.175,1,6.0,,non_burnable,0.5555555555555556,1.0,0.41015625,1.0,0.35023041474654376,1.0,False
dc_340e8292278e,Digital Realty Northern Virginia IAD38,Digital Realty,colocation,operational,VA,Loudoun,39.0010841,-77.4772014,building,pending,high,114543.2,,13.613815307617188,0.055,1,0.095,1,0.175,1,6.0,,non_burnable,0.5777777777777777,1.0,0.40625,1.0,0.35023041474654376,1.0,False
dc_4e2bc52efbde,State Farm Data Center,,unknown,operational,KS,Johnson,38.9401343,-94.8676823,building,VERIFIED,high,198601.5,,20.538841247558594,0.025,1,0.045,1,0.07500000000000001,1,6.0,,non_burnable,0.6888888888888889,3.0,0.5546875,3.0,0.6110599078341014,3.0,False
dc_74567a4bd1f1,U.S. Bank National Data Process Center,,unknown,operational,KS,Johnson,38.935867,-94.864333,building,VERIFIED,high,162098.5,,20.538841247558594,0.025,1,0.045,1,0.07500000000000001,1,6.0,,non_burnable,0.5111111111111111,2.0,0.55859375,3.0,0.6027649769585254,3.0,False
dc_0912ba349988,Equinix SV10,Equinix,colocation,operational,CA,Santa Clara,37.2412288,-121.7847536,building,pending,high,86340.7,,0.12219325453042984,0.605,1,0.785,1,1.025,1,3.0,3.0,moderate,0.08888888888888889,3.0,0.22265625,4.0,0.5216589861751152,5.0,False
dc_cf6c58c618b0,,,unknown,operational,NJ,Gloucester,39.8309301,-75.1953233,building,pending,high,41058.6,,9.466512680053711,0.07500000000000001,1,0.125,1,0.245,1,6.0,,non_burnable,0.4222222222222222,4.0,0.4765625,4.0,0.38894009216589864,4.0,False
dc_893226092cbf,,Verizon Wireless,unknown,operational,NE,Douglas,41.2204018,-96.1476408,building,pending,high,38873.5,,15.336313247680664,0.015,1,0.025,1,0.045,1,6.0,,non_burnable,0.15555555555555556,2.0,0.08203125,3.0,0.15023041474654378,4.0,False
dc_5ee3b5325f08,HostDime Orlando Data Center,,unknown,operational,FL,Orange,28.6174494,-81.3934606,building,pending,high,107548.5,,28.079456329345703,0.015,1,0.025,1,0.035,1,2.0,2.0,low,0.3111111111111111,3.0,0.28125,4.0,0.2543778801843318,4.0,False
dc_0ef64a43e0fb,Google,Google,hyperscale,operational,SC,Berkeley,33.0642722,-80.0414534,building,pending,high,146623.6,,19.197458267211914,0.395,1,0.735,1,1.375,1,6.0,,non_burnable,0.5777777777777777,4.0,0.80078125,4.0,0.7668202764976959,5.0,False
dc_81f85512b730,TierPoint Baltimore BWI,,colocation,operational,MD,Anne Arundel,39.213455,-76.682834,building,pending,high,33372.1,,14.052087783813477,0.055,1,0.095,1,0.165,1,6.0,,non_burnable,0.3333333333333333,1.0,0.3828125,1.0,0.4073732718894009,1.0,False
dc_9ff573d8cbd4,NTT Ashburn VA2 Data Center,NTT,colocation,operational,VA,Loudoun,39.0250127,-77.4576402,building,pending,high,74198.0,,13.613815307617188,0.055,1,0.095,1,0.175,1,6.0,,non_burnable,0.2222222222222222,1.0,0.30078125,1.0,0.3216589861751152,1.0,False
dc_1397a4d8be12,Strata Networks,,unknown,operational,UT,Uintah,40.4565951,-109.5290169,building,pending,high,12971.8,,5.19505500793457,0.08499999999999999,1,0.135,1,0.235,1,6.0,,non_burnable,0.15555555555555556,2.0,0.4375,3.0,0.528110599078341,3.0,False
dc_edfca97bd4a7,Goldman Sachs,,unknown,operational,NJ,Somerset,40.57157,-74.66273,building,VERIFIED,high,276730.2,,8.329419136047363,0.095,1,0.155,1,0.295,1,6.0,,non_burnable,0.4,4.0,0.52734375,4.0,0.5539170506912442,4.0,False
dc_94c07a192a70,Mapletree Industrial,,unknown,operational,GA,Fulton,34.096708,-84.2374791,building,pending,high,116842.7,,16.0975399017334,0.065,1,0.10500000000000001,1,0.165,1,6.0,,non_burnable,0.4666666666666667,3.0,0.40234375,3.0,0.38433179723502303,4.0,False
dc_ee18f261d905,Switch Las Vegas 11,Switch,colocation,operational,NV,Clark,36.0558853,-115.2141369,building,pending,high,230261.6,,3.602787733078003,0.065,1,0.10500000000000001,1,0.165,1,6.0,,non_burnable,0.2,2.0,0.19140625,2.0,0.24976958525345622,2.0,False
dc_12ade908d006,365 Bridgewater NJ,,unknown,operational,NJ,Somerset,40.581484,-74.5738875,building,pending,high,28468.2,,8.329419136047363,0.095,1,0.165,1,0.315,1,4.0,4.0,high,0.4222222222222222,4.0,0.45703125,4.0,0.48847926267281105,4.0,False
dc_7dfcb0eb02f9,Google Berkeley County Data Center,Google,hyperscale,operational,SC,Berkeley,33.0640078,-80.0423742,campus_centroid,pending,high,8310950.9,,19.197458267211914,0.395,1,0.745,1,1.375,1,6.0,,non_burnable,0.6222222222222222,4.0,0.80078125,4.0,0.7668202764976959,5.0,False
dc_c4e49d4ab25f,AngelTrax Data Center,AngelTrax Mobile Video Surveillance Solutions,unknown,operational,AL,Houston,31.2318987,-85.455834,building,pending,high,10688.3,,23.49799156188965,0.025,1,0.035,1,0.055,1,6.0,,non_burnable,0.24444444444444444,2.0,0.37109375,3.0,0.480184331797235,3.0,False
dc_a0f70db62abb,Meta,Meta,hyperscale,operational,NM,Valencia,34.8302421,-106.7838124,building,VERIFIED,high,654434.2,,10.36793041229248,0.065,1,0.10500000000000001,1,0.185,1,6.0,,non_burnable,0.7777777777777778,3.0,0.81640625,3.0,0.7898617511520737,3.0,False
dc_95f1c2f09a55,Amazon Web Services,Amazon Web Services,hyperscale,operational,OR,Morrow,45.841373,-119.6579323,building,pending,high,284033.9,1.0,1.9345662593841553,0.055,1,0.095,1,0.155,1,6.0,,non_burnable,0.26666666666666666,2.0,0.34375,3.0,0.3142857142857143,4.0,False
dc_4099bfe11e86,Amazon Web Services,Amazon Web Services,hyperscale,operational,OR,Morrow,45.840659,-119.654311,building,VERIFIED,high,19935.9,,1.9345662593841553,0.055,1,0.095,1,0.155,1,6.0,,non_burnable,0.26666666666666666,2.0,0.35546875,3.0,0.31152073732718893,4.0,False
dc_605d28c1cd25,Centeris SH2 Build-to-Suit,,unknown,operational,WA,Pierce,47.1589163,-122.2798634,building,pending,high,93539.2,,0.46316325664520264,0.305,1,0.415,1,0.605,1,6.0,,non_burnable,0.28888888888888886,2.0,0.22265625,2.0,0.2857142857142857,2.0,False
dc_d39ed5f3b9d9,Centeris SH1 Colocation,,unknown,operational,WA,Pierce,47.1608506,-122.2792463,building,pending,high,115787.0,,0.46316325664520264,0.305,1,0.415,1,0.605,1,6.0,,non_burnable,0.35555555555555557,2.0,0.21875,2.0,0.2912442396313364,2.0,False
dc_230712d60e56,Ascent - Atlanta Data Center,Ascent,unknown,operational,GA,Fulton,34.0570922,-84.273003,building,pending,high,595318.2,,16.0975399017334,0.065,1,0.095,1,0.165,1,6.0,,non_burnable,0.3333333333333333,3.0,0.34375,3.0,0.3686635944700461,3.0,False
dc_09787eeb77bc,Microsoft TRP2,Microsoft,hyperscale,operational,TX,Bexar,29.411987,-98.8039948,building,pending,high,169782.0,,12.881298065185547,0.005,1,0.015,1,0.025,1,6.0,,non_burnable,0.7777777777777778,3.0,0.77734375,3.0,0.8147465437788018,3.0,False
dc_0f59160e4785,Microsoft TRP1,Microsoft,hyperscale,operational,TX,Bexar,29.4120123,-98.8027302,building,pending,high,177469.0,,12.881298065185547,0.005,1,0.015,1,0.025,1,2.0,2.0,low,0.8,3.0,0.77734375,3.0,0.8119815668202764,3.0,False
dc_1dd477f34bc5,CyrusOne Quincy,CyrusOne,colocation,operational,WA,Grant,47.24373,-119.86897,building,VERIFIED,high,1779564.5,,1.113155484199524,0.07500000000000001,1,0.11499999999999999,1,0.175,1,1.0,1.0,very_low,0.24444444444444444,1.0,0.1875,1.0,0.447926267281106,4.0,False
dc_f6fb22a146c3,,AT&T,unknown,operational,MO,Adair,40.1944836,-92.5812336,building,pending,high,8485.9,,17.235868453979492,0.025,1,0.045,1,0.07500000000000001,1,6.0,,non_burnable,0.1111111111111111,1.0,0.4296875,2.0,0.6193548387096774,2.0,False
dc_6665f22986f2,Digital Realty ACC7,Digital Realty,colocation,operational,VA,Loudoun,39.017472,-77.4656752,building,pending,high,409481.1,,13.613815307617188,0.055,1,0.095,1,0.175,1,6.0,,non_burnable,0.1111111111111111,1.0,0.3515625,1.0,0.3244239631336406,1.0,False
dc_fdba30db93f1,NTT Ashburn VA3 Data Center,NTT,colocation,operational,VA,Loudoun,39.017225,-77.4703718,building,pending,high,231924.5,,13.613815307617188,0.055,1,0.095,1,0.175,1,6.0,,non_burnable,0.13333333333333333,1.0,0.3203125,1.0,0.3216589861751152,1.0,False
dc_b74d4fad6802,Digital Realty ACC9,Digital Realty,colocation,operational,VA,Loudoun,39.0154331,-77.4673732,building,pending,high,329257.8,,13.613815307617188,0.055,1,0.095,1,0.175,1,6.0,,non_burnable,0.17777777777777778,1.0,0.3359375,1.0,0.3262672811059908,1.0,False
dc_e4b9d11fc296,Flexential Dallas - Plano,Flexential,colocation,operational,TX,Collin,33.006168,-96.670186,building,VERIFIED,high,217851.0,,19.147722244262695,0.025,1,0.045,1,0.07500000000000001,1,6.0,,non_burnable,0.08888888888888889,2.0,0.1484375,3.0,0.25161290322580643,3.0,False
dc_e3b416a1407f,,,unknown,operational,NC,Catawba,35.5870542,-81.2602838,building,pending,high,207083.8,,12.06896686553955,0.065,1,0.095,1,0.155,1,6.0,,non_burnable,0.6888888888888889,4.0,0.75,4.0,0.7824884792626728,4.0,False
dc_ac648486d8b7,US Signal - OR01 Bend,US Signal,unknown,operational,OR,Deschutes,44.0861049,-121.2830411,building,pending,high,30111.2,,2.4713661670684814,0.045,1,0.07500000000000001,1,0.125,1,6.0,,non_burnable,0.17777777777777778,4.0,0.234375,4.0,0.5235023041474655,4.0,False
dc_a07b002af4ce,Expedient Milwaukee,,unknown,operational,WI,Milwaukee,42.8631424,-87.9778759,building,pending,high,26099.4,,12.258405685424805,0.025,1,0.035,1,0.065,1,6.0,,non_burnable,0.35555555555555557,2.0,0.515625,2.0,0.4774193548387097,2.0,False
dc_4ff698fbffc3,Amazon Web Services,Amazon Web Services,hyperscale,operational,VA,Prince William,38.7793815,-77.5417245,building,pending,high,149064.7,,12.71955680847168,0.065,1,0.10500000000000001,1,0.185,1,6.0,,non_burnable,0.4444444444444444,1.0,0.36328125,2.0,0.47557603686635946,2.0,False
dc_420b62321920,Oxford Networks,FirstLight,unknown,operational,ME,Cumberland,43.8951573,-69.9234342,building,pending,high,55383.1,,1.806485891342163,0.065,1,0.10500000000000001,1,0.20500000000000002,1,6.0,,non_burnable,0.4,2.0,0.6015625,2.0,0.5963133640552996,2.0,False
dc_048121696554,NAO 1/NAO 2,Meta,hyperscale,operational,OH,Licking,40.0684176,-82.7503131,building,VERIFIED,high,663239.3,,14.810942649841309,0.035,1,0.055,1,0.095,1,6.0,,non_burnable,0.4444444444444444,1.0,0.40625,1.0,0.4838709677419355,1.0,False
dc_88e2629c4bed,NTT,NTT,colocation,operational,TX,Dallas,32.9810371,-96.6563775,building,pending,high,204506.3,,18.841638565063477,0.025,1,0.045,1,0.065,1,6.0,,non_burnable,0.24444444444444444,2.0,0.28125,3.0,0.2359447004608295,3.0,False
dc_b5dbae714a3e,Rice Data Center,,unknown,operational,TX,Harris,29.6581451,-95.4433121,building,pending,high,25487.4,,20.972787857055664,0.015,1,0.025,1,0.045,1,6.0,,non_burnable,0.28888888888888886,2.0,0.31640625,2.0,0.1815668202764977,2.0,False
dc_90a6848e7223,Facebook Fort Worth Datacenter,Meta,hyperscale,operational,TX,Tarrant,32.9849203,-97.2550451,building,pending,high,435207.4,1.0,17.917001724243164,0.025,1,0.035,1,0.065,1,6.0,,non_burnable,0.24444444444444444,2.0,0.3515625,3.0,0.4359447004608295,3.0,False
dc_dfc666f9c4cb,Amazon Web Services,Amazon Web Services,hyperscale,operational,OH,Franklin,40.0611521,-83.1351729,building,pending,high,161809.5,,15.455096244812012,0.035,1,0.055,1,0.10500000000000001,1,6.0,,non_burnable,0.2,1.0,0.1796875,1.0,0.2110599078341014,1.0,False
dc_3c709b4835c3,Microsoft Boydton Data Center,Microsoft,hyperscale,operational,VA,Mecklenburg,36.6859202,-78.3764101,campus_centroid,AMBIGUOUS,high,11273964.4,,14.693286895751953,0.055,1,0.08499999999999999,1,0.135,1,6.0,,non_burnable,0.6888888888888889,3.0,0.84375,3.0,0.8986175115207373,3.0,False
dc_be3f35a6c8d6,Iron Mountain AZP-2,Iron Mountain,colocation,operational,AZ,Maricopa,33.4521575,-111.9772945,building,pending,high,463396.1,,7.883434772491455,0.025,1,0.035,1,0.065,1,6.0,,non_burnable,0.08888888888888889,4.0,0.2109375,5.0,0.12995391705069123,5.0,False
dc_feaaf89fa226,Amazon IAD68,Amazon Web Services,hyperscale,operational,VA,Loudoun,38.9486869,-77.5209516,building,pending,high,181794.8,,12.71955680847168,0.065,1,0.095,1,0.175,1,6.0,,non_burnable,0.7555555555555555,1.0,0.66015625,1.0,0.5262672811059907,1.0,False
dc_0c42588f498d,Amazon IAD81,Amazon Web Services,hyperscale,operational,VA,Loudoun,38.9483877,-77.5218303,building,pending,high,184908.0,,12.71955680847168,0.065,1,0.095,1,0.175,1,6.0,,non_burnable,0.6666666666666666,1.0,0.62890625,1.0,0.5308755760368664,1.0,False
dc_91f5a2b35cfd,Google,Google,hyperscale,operational,VA,Loudoun,38.9432045,-77.5243301,building,pending,high,215928.8,,12.71955680847168,0.065,1,0.095,1,0.175,1,6.0,,non_burnable,0.5555555555555556,1.0,0.5859375,1.0,0.5262672811059907,1.0,False
dc_ef10904644d7,Amazon IAD120,Amazon Web Services,hyperscale,operational,VA,Loudoun,38.9579165,-77.4980579,building,pending,high,188334.2,,13.629328727722168,0.055,1,0.095,1,0.175,1,6.0,,non_burnable,0.5333333333333333,1.0,0.640625,1.0,0.5087557603686635,1.0,False
dc_1a6315f98500,Amazon IAD121,Amazon Web Services,hyperscale,operational,VA,Loudoun,38.9567768,-77.4977837,building,pending,high,154814.9,,13.629328727722168,0.055,1,0.095,1,0.175,1,6.0,,non_burnable,0.5333333333333333,1.0,0.65234375,1.0,0.5087557603686635,1.0,False
dc_33704ffbd31e,Microsoft,Microsoft,hyperscale,operational,WA,Grant,47.2376618,-119.8875314,building,VERIFIED,high,112036.6,,1.113155484199524,0.07500000000000001,1,0.11499999999999999,1,0.175,1,6.0,,non_burnable,0.2222222222222222,1.0,0.3046875,3.0,0.48294930875576036,4.0,False
dc_221b5b4e4cbe,Microsoft,Microsoft,hyperscale,operational,WA,Grant,47.2376316,-119.8832191,building,pending,high,116001.4,,1.113155484199524,0.07500000000000001,1,0.11499999999999999,1,0.175,1,6.0,,non_burnable,0.2222222222222222,1.0,0.27734375,3.0,0.45069124423963136,4.0,False
dc_cb7067a8f749,Microsoft,Microsoft,hyperscale,operational,WA,Grant,47.23672,-119.88333,building,CANDIDATE,high,157192.0,,1.113155484199524,0.07500000000000001,1,0.11499999999999999,1,0.175,1,6.0,,non_burnable,0.15555555555555556,1.0,0.2890625,3.0,0.45069124423963136,4.0,False
dc_c78cab6d2736,Microsoft,Microsoft,hyperscale,operational,WA,Grant,47.23774,-119.88743,building,VERIFIED,high,162609.0,,1.113155484199524,0.07500000000000001,1,0.11499999999999999,1,0.175,1,6.0,,non_burnable,0.2222222222222222,1.0,0.3046875,3.0,0.48294930875576036,4.0,False
dc_f3f12ded37f2,Vantage WA12,,colocation,operational,WA,Grant,47.2539697,-119.8136985,building,pending,high,124695.1,,1.113155484199524,0.07500000000000001,1,0.10500000000000001,1,0.175,1,6.0,,non_burnable,0.2222222222222222,1.0,0.40625,4.0,0.4304147465437788,4.0,False
dc_05ea777c5bb7,,,unknown,operational,VA,Loudoun,39.0120268,-77.4715605,building,AMBIGUOUS,high,48591.1,,13.613815307617188,0.055,1,0.095,1,0.175,1,6.0,,non_burnable,0.24444444444444444,1.0,0.390625,1.0,0.3391705069124424,1.0,False
dc_f7f92d6bf396,QTS Ashburn 1,Quality Technology Services,colocation,operational,VA,Loudoun,38.9995402,-77.4498559,building,pending,high,164144.7,,13.629328727722168,0.055,1,0.095,1,0.175,1,6.0,,non_burnable,0.4,1.0,0.33984375,1.0,0.3317972350230415,1.0,False
dc_9c363afc7136,Amazon IAD57,Amazon Web Services,hyperscale,operational,VA,Loudoun,38.9869931,-77.4426325,building,pending,high,116533.4,,13.629328727722168,0.055,1,0.095,1,0.175,1,6.0,,non_burnable,0.08888888888888889,1.0,0.3671875,1.0,0.3327188940092166,1.0,False
dc_ba22ed99a4e2,Amazon IAD64,Amazon Web Services,hyperscale,operational,VA,Prince William,38.8151324,-77.6529193,building,pending,high,147548.0,,12.71955680847168,0.065,1,0.10500000000000001,1,0.185,1,2.0,2.0,low,0.6666666666666666,2.0,0.62109375,2.0,0.6138248847926268,2.0,False
dc_4a132824cfec,Amazon IAD84,Amazon Web Services,hyperscale,operational,VA,Prince William,38.8159745,-77.6525395,building,pending,high,152693.1,,12.71955680847168,0.065,1,0.10500000000000001,1,0.185,1,6.0,,non_burnable,0.6444444444444445,2.0,0.59375,2.0,0.6156682027649769,2.0,False
dc_8efe4675d0f1,Amazon Web Services,Amazon Web Services,hyperscale,operational,OR,Umatilla,45.9138823,-119.2676514,building,pending,high,271590.4,,2.1825551986694336,0.055,1,0.08499999999999999,1,0.14500000000000002,1,6.0,,non_burnable,0.8,5.0,0.70703125,5.0,0.5050691244239631,5.0,False
dc_ecfbfcfe278f,Amazon Web Services,Amazon Web Services,hyperscale,operational,OR,Morrow,45.8411742,-119.6554491,building,pending,high,123601.6,,1.9345662593841553,0.055,1,0.095,1,0.155,1,6.0,,non_burnable,0.26666666666666666,2.0,0.34765625,3.0,0.3142857142857143,4.0,False
dc_5218a11a35e9,Amazon Web Services,Amazon Web Services,hyperscale,operational,OR,Morrow,45.853786,-119.6300361,building,VERIFIED,high,263672.4,,1.9345662593841553,0.055,1,0.095,1,0.155,1,6.0,,non_burnable,0.4,2.0,0.4140625,3.0,0.26912442396313363,4.0,False
dc_5aad22ea436a,Amazon Web Services,Amazon Web Services,hyperscale,operational,OR,Morrow,45.8466554,-119.6037093,building,pending,high,211982.0,,1.9345662593841553,0.055,1,0.095,1,0.155,1,6.0,,non_burnable,0.2222222222222222,1.0,0.32421875,2.0,0.28847926267281104,4.0,False
dc_bbebb5bd9416,Google Taylor Lake Data Center,Google,hyperscale,operational,OR,Wasco,45.6381,-121.20248,building,VERIFIED,high,1100933.8,,0.5895698070526123,0.08499999999999999,1,0.125,1,0.195,1,6.0,,non_burnable,0.4888888888888889,4.0,0.60546875,4.0,0.7188940092165899,5.0,False
dc_f8f41a355b01,Digital Realty Northern Virginia IAD73,Digital Realty,colocation,operational,VA,Loudoun,39.0066187,-77.4664074,building,pending,high,134518.7,,13.613815307617188,0.055,1,0.095,1,0.175,1,6.0,,non_burnable,0.5111111111111111,1.0,0.37890625,1.0,0.33640552995391704,1.0,False
dc_9e58a3cef4db,Digital Realty Northern Virginia IAD39,Digital Realty,colocation,operational,VA,Loudoun,39.0076143,-77.4676305,building,VERIFIED,high,549224.1,,13.613815307617188,0.055,1,0.095,1,0.175,1,6.0,,non_burnable,0.4888888888888889,1.0,0.375,1.0,0.3336405529953917,1.0,False
dc_cbf981ab067c,Digital Realty ACC10,Digital Realty,colocation,operational,VA,Loudoun,39.0126563,-77.4656035,building,pending,high,289043.6,,13.613815307617188,0.055,1,0.095,1,0.175,1,6.0,,non_burnable,0.3111111111111111,1.0,0.3671875,1.0,0.3336405529953917,1.0,False
dc_00512a7203c4,Sentinel Ashburn Nexus Data Center,GI Partners,unknown,operational,VA,Loudoun,39.0006465,-77.4398077,building,pending,high,224621.6,,13.613815307617188,0.055,1,0.095,1,0.175,1,6.0,,non_burnable,0.2222222222222222,1.0,0.28125,1.0,0.32534562211981566,1.0,False
dc_1abdc6f74897,Vantage VA11,Vantage Data Centers,colocation,operational,VA,Loudoun,39.0023794,-77.4376878,building,AMBIGUOUS,high,127578.5,,13.613815307617188,0.055,1,0.095,1,0.175,1,6.0,,non_burnable,0.13333333333333333,1.0,0.26171875,1.0,0.31889400921658984,1.0,False
dc_18fb4cc70d24,Amazon IAD90,Amazon Web Services,hyperscale,operational,VA,Loudoun,38.9886031,-77.4116516,building,pending,high,147749.9,,13.629328727722168,0.055,1,0.095,1,0.175,1,6.0,,non_burnable,0.17777777777777778,1.0,0.2109375,1.0,0.28663594470046083,1.0,False
dc_54774f9d575c,Amazon IAD91,Amazon Web Services,hyperscale,operational,VA,Loudoun,38.9878471,-77.4111191,building,pending,high,149486.8,,13.629328727722168,0.055,1,0.095,1,0.175,1,6.0,,non_burnable,0.17777777777777778,1.0,0.21484375,1.0,0.28294930875576035,1.0,False
dc_5c56cb4398bf,Amazon IAD92,Amazon Web Services,hyperscale,operational,VA,Loudoun,38.9869426,-77.4104754,building,pending,high,149858.1,,13.629328727722168,0.055,1,0.095,1,0.175,1,6.0,,non_burnable,0.17777777777777778,1.0,0.20703125,1.0,0.28110599078341014,1.0,False
dc_c46ec9dd6e53,Amazon IAD144,Amazon Web Services,hyperscale,operational,VA,Loudoun,38.9801,-77.42555,building,CANDIDATE,high,150384.6,,13.629328727722168,0.055,1,0.095,1,0.175,1,6.0,,non_burnable,0.26666666666666666,1.0,0.2421875,1.0,0.29493087557603687,1.0,False
dc_6de50b540090,CyrusOne NVA8,CyrusOne,colocation,operational,VA,Loudoun,39.0211789,-77.4132443,building,pending,high,154011.4,,13.613815307617188,0.055,1,0.095,1,0.175,1,1.0,1.0,very_low,0.15555555555555556,1.0,0.25390625,1.0,0.3336405529953917,1.0,False
dc_c5814c3bae92,Amazon IAD98,Amazon Web Services,hyperscale,operational,VA,Loudoun,39.0202249,-77.4338857,building,pending,high,150826.6,,13.613815307617188,0.055,1,0.095,1,0.175,1,6.0,,non_burnable,0.4,1.0,0.2734375,1.0,0.3013824884792627,1.0,False
dc_0e2031e82e1b,Amazon IAD99,Amazon Web Services,hyperscale,operational,VA,Loudoun,39.01917,-77.43403,building,VERIFIED,high,150804.3,,13.613815307617188,0.055,1,0.095,1,0.175,1,6.0,,non_burnable,0.37777777777777777,1.0,0.296875,1.0,0.3013824884792627,1.0,False
dc_f1a86c9afb0a,Amazon IAD114,Amazon Web Services,hyperscale,operational,VA,Loudoun,39.035494,-77.4506986,building,pending,high,148005.5,,13.613815307617188,0.055,1,0.095,1,0.175,1,1.0,1.0,very_low,0.35555555555555557,1.0,0.33203125,1.0,0.35944700460829493,1.0,False
dc_ad7345365e4c,Amazon IAD115,Amazon Web Services,hyperscale,operational,VA,Loudoun,39.0362941,-77.4497948,building,pending,high,146335.6,,13.613815307617188,0.055,1,0.095,1,0.175,1,6.0,,non_burnable,0.4,1.0,0.3359375,1.0,0.3640552995391705,1.0,False
dc_790645b0b559,Amazon IAD65,Amazon Web Services,hyperscale,operational,VA,Loudoun,38.9170108,-77.4943665,building,pending,high,151356.9,,13.629328727722168,0.065,1,0.095,1,0.175,1,6.0,,non_burnable,0.37777777777777777,1.0,0.48828125,1.0,0.5419354838709678,1.0,False
dc_6b77189e7c43,Amazon IAD150,Amazon Web Services,hyperscale,operational,VA,Loudoun,38.9160727,-77.4772491,building,pending,high,213595.8,,13.629328727722168,0.065,1,0.095,1,0.175,1,6.0,,non_burnable,0.4444444444444444,1.0,0.578125,1.0,0.49032258064516127,1.0,False
dc_d3c309846778,,,unknown,operational,NM,Bernalillo,35.0483475,-106.5421546,building,pending,high,43011.1,,9.913078308105469,0.055,1,0.095,1,0.175,1,6.0,,non_burnable,0.2,3.0,0.453125,3.0,0.48663594470046084,3.0,False
dc_2ae3bfe26148,Stonewall Creek Business Park,Google,hyperscale,operational,VA,Loudoun,39.051467,-77.5394376,building,VERIFIED,high,1291754.9,,11.454973220825195,0.055,1,0.095,1,0.175,1,6.0,,non_burnable,0.6666666666666666,2.0,0.67578125,2.0,0.5548387096774193,2.0,False
dc_5f4d636f1ee7,Apple,Apple Inc.,hyperscale,operational,OR,Crook,44.2872,-120.8702,building,VERIFIED,high,344666.1,,2.428783893585205,0.045,1,0.065,1,0.10500000000000001,1,6.0,,non_burnable,0.6666666666666666,3.0,0.6484375,4.0,0.7023041474654378,4.0,False
dc_45390bd84c06,Meta,Meta,hyperscale,operational,OR,Crook,44.2936872,-120.8815985,building,VERIFIED,high,328376.9,,2.428783893585205,0.045,1,0.065,1,0.10500000000000001,1,6.0,,non_burnable,0.5111111111111111,3.0,0.65625,4.0,0.6903225806451613,4.0,False
dc_efab6ab952e9,Amazon Web Services,Amazon Web Services,hyperscale,operational,OR,Umatilla,45.797809,-119.3666157,building,pending,high,215703.9,,2.1825551986694336,0.055,1,0.08499999999999999,1,0.135,1,1.0,1.0,very_low,0.4444444444444444,2.0,0.3359375,3.0,0.3723502304147465,4.0,False
dc_3754a7061eec,Sabey Intergate.Ashburn,,unknown,operational,VA,Loudoun,39.015362,-77.476604,building,CANDIDATE,high,144382.5,,13.613815307617188,0.055,1,0.095,1,0.175,1,6.0,,non_burnable,0.2222222222222222,1.0,0.3515625,1.0,0.33548387096774196,1.0,False
dc_9f26b8e594c9,Google Montgomery Data Center,Google LLC,hyperscale,operational,TN,Montgomery,36.6282547,-87.2601021,campus_centroid,pending,high,26612189.2,,16.438068389892578,0.11499999999999999,1,0.185,1,0.305,1,6.0,,non_burnable,0.15555555555555556,1.0,0.33203125,1.0,0.343778801843318,1.0,False
dc_f03287bb770b,Google Data Center,Google,hyperscale,operational,VA,Loudoun,39.05247,-77.53966,building,VERIFIED,high,140634.6,2.0,11.454973220825195,0.055,1,0.095,1,0.175,1,6.0,,non_burnable,0.6222222222222222,2.0,0.6640625,2.0,0.5751152073732719,2.0,False
dc_5447998cc8d7,Centersquare Atlanta ATL1,Centersquare,colocation,operational,GA,Douglas,33.7442251,-84.5812077,building,pending,high,248182.7,,17.153179168701172,0.055,1,0.08499999999999999,1,0.14500000000000002,1,6.0,,non_burnable,0.24444444444444444,3.0,0.25,3.0,0.4534562211981567,3.0,False
dc_20ffe88937a6,Digital Realty CH3,Digital Realty,colocation,operational,IL,Cook,41.9943531,-87.9649422,building,pending,high,348221.2,,16.118194580078125,0.035,1,0.055,1,0.095,1,6.0,,non_burnable,0.022222222222222223,1.0,0.0234375,1.0,0.12626728110599078,1.0,False
dc_0895931a44dc,Digital Realty CH2,Digital Realty,colocation,operational,IL,Cook,41.9945332,-87.9577513,building,pending,high,302974.3,,16.118194580078125,0.035,1,0.055,1,0.095,1,6.0,,non_burnable,0.0,0.0,0.03125,1.0,0.10138248847926268,1.0,False
dc_433c57ca1a5b,DataBank SLC2,DataBank,colocation,operational,UT,Salt Lake,40.4797749,-111.9047692,building,pending,high,71662.3,,4.538047790527344,0.165,1,0.275,1,0.455,1,6.0,,non_burnable,0.3111111111111111,3.0,0.37890625,5.0,0.4838709677419355,5.0,False
dc_34f9f44aa908,DataBank SLC4,DataBank,colocation,operational,UT,Salt Lake,40.4813166,-111.9050026,building,pending,high,29753.9,,4.538047790527344,0.165,1,0.275,1,0.455,1,6.0,,non_burnable,0.26666666666666666,2.0,0.38671875,5.0,0.4682027649769585,5.0,False
dc_5a2516f556b3,DataBank Plano Data Center,,colocation,operational,TX,Collin,33.0877,-96.8152,building,CANDIDATE,high,375691.3,,19.147722244262695,0.025,1,0.045,1,0.07500000000000001,1,6.0,,non_burnable,0.13333333333333333,2.0,0.12890625,3.0,0.15115207373271888,3.0,False
dc_adec6a6778f5,Equinix Secaucus NY6,Equinix,colocation,operational,NJ,Hudson,40.7775486,-74.0726876,building,pending,high,70938.3,,7.277477264404297,0.10500000000000001,1,0.175,1,0.345,1,6.0,,non_burnable,0.0,0.0,0.1640625,5.0,0.19447004608294932,5.0,False
dc_0beb79d0e77c,Google Data Center,Google,hyperscale,operational,VA,Loudoun,38.941988,-77.527414,campus_centroid,CANDIDATE,high,2143145.8,,12.71955680847168,0.065,1,0.095,1,0.175,1,1.0,1.0,very_low,0.4888888888888889,1.0,0.5859375,1.0,0.528110599078341,1.0,False
dc_9b36c38fcc40,Skybox Houston One,Skybox,unknown,operational,TX,Harris,29.802893,-95.7553386,building,pending,high,344541.0,,19.917362213134766,0.015,1,0.025,1,0.045,1,6.0,,non_burnable,0.17777777777777778,1.0,0.21484375,2.0,0.21658986175115208,2.0,False
dc_d44ec64700fa,Google Jackson County Data Center,Google LLC,hyperscale,operational,AL,Jackson,34.9146647,-85.7483715,campus_centroid,UNRESOLVABLE,high,7582149.1,,16.770959854125977,0.10500000000000001,1,0.165,1,0.28500000000000003,1,2.0,2.0,low,0.7555555555555555,3.0,0.73828125,4.0,0.719815668202765,4.0,False
dc_8379a521a52c,PSE&G Delivery Emergency Response Center,PSE&G,unknown,operational,NJ,Somerset,40.5798956,-74.5194023,building,pending,high,85030.1,,8.329419136047363,0.095,1,0.165,1,0.315,1,3.0,3.0,moderate,0.5777777777777777,4.0,0.4296875,4.0,0.44608294930875575,4.0,False
dc_ef8eba6bb65f,T5 Charlotte Campus,,unknown,operational,NC,Cleveland,35.2504249,-81.395039,building,pending,high,379991.0,,13.459467887878418,0.065,1,0.095,1,0.165,1,6.0,,non_burnable,0.7111111111111111,4.0,0.7265625,4.0,0.7345622119815668,4.0,False
dc_d334913cb26e,Epic / Mayo Data Center,,unknown,operational,MN,Olmsted,44.0707955,-92.5221323,building,pending,high,48317.8,,9.351232528686523,0.005,1,0.015,1,0.025,1,6.0,,non_burnable,0.4222222222222222,1.0,0.3203125,1.0,0.3225806451612903,1.0,False
dc_7f2eb6b38fbd,STACK New Albany,,unknown,operational,OH,Franklin,40.1063006,-82.8007623,building,pending,high,563284.3,,14.810942649841309,0.035,1,0.055,1,0.095,1,6.0,,non_burnable,0.4222222222222222,1.0,0.50390625,1.0,0.4857142857142857,1.0,False
dc_8af4ea407ec3,Choctaw Nation of Oklahoma Data Center,Choctaw Nation of oklahoma,unknown,operational,OK,Bryan,33.9716849,-96.4028488,building,CANDIDATE,high,13495.0,1.0,20.31074333190918,0.035,1,0.065,1,0.11499999999999999,1,6.0,,non_burnable,0.5111111111111111,1.0,0.72265625,2.0,0.7511520737327189,2.0,False
dc_3693cec0112a,QTS Data Center - Hillsboro 1,Quality Technology Services,colocation,operational,OR,Washington,45.5588149,-122.9277661,building,pending,high,157854.2,,0.49183908104896545,0.175,1,0.28500000000000003,1,0.46499999999999997,1,1.0,1.0,very_low,0.2222222222222222,1.0,0.1953125,2.0,0.2313364055299539,2.0,False
dc_330093ad86f7,,,unknown,operational,NJ,Middlesex,40.5843719,-74.2433813,building,pending,high,159160.5,,7.277477264404297,0.10500000000000001,1,0.175,1,0.345,1,6.0,,non_burnable,0.044444444444444446,4.0,0.1640625,4.0,0.18525345622119815,4.0,False
dc_3a23c08ab006,Flexential Salt Lake City - Downtown,Flexential,colocation,operational,UT,Salt Lake,40.7563065,-111.9548375,building,pending,high,63362.9,,5.014902114868164,0.195,1,0.345,1,0.585,1,6.0,,non_burnable,0.13333333333333333,2.0,0.09375,2.0,0.1400921658986175,3.0,False
dc_d3c9d1fc34c5,Oregon State Data Center,State of Oregon,unknown,operational,OR,Marion,44.9265658,-123.001847,building,pending,high,46536.7,,0.3777052164077759,0.155,1,0.255,1,0.435,1,6.0,,non_burnable,0.08888888888888889,2.0,0.078125,2.0,0.20460829493087557,2.0,False
dc_f9abac844891,Digital Realty PDX11 Data Center,Digital Realty,colocation,operational,OR,Washington,45.5679542,-122.9167725,building,pending,high,283056.8,,0.49183908104896545,0.175,1,0.28500000000000003,1,0.46499999999999997,1,6.0,,non_burnable,0.1111111111111111,1.0,0.1875,2.0,0.30599078341013825,2.0,False
dc_443bffa57334,Flexential Fort Lauderdale,Flexential,colocation,operational,FL,Broward,26.1900857,-80.1932967,building,pending,high,73580.6,,26.052785873413086,0.005,1,0.015,1,0.025,1,6.0,,non_burnable,0.1111111111111111,2.0,0.10546875,2.0,0.14654377880184333,4.0,False
dc_e9deb284a87f,Amazon IAD145,Amazon Web Services,hyperscale,operational,VA,Loudoun,38.9825519,-77.4246299,building,pending,high,103663.9,,13.629328727722168,0.055,1,0.095,1,0.175,1,6.0,,non_burnable,0.17777777777777778,1.0,0.21484375,1.0,0.2995391705069124,1.0,False
dc_ebdae989294c,Amazon Web Services IAD117,Amazon Web Services,hyperscale,operational,VA,Loudoun,39.0236982,-77.4190947,building,pending,high,102452.6,,13.613815307617188,0.055,1,0.095,1,0.175,1,6.0,,non_burnable,0.044444444444444446,1.0,0.28515625,1.0,0.3317972350230415,1.0,False
dc_7a35346543ed,Amazon Web Services IAD116,Amazon Web Services,hyperscale,operational,VA,Loudoun,39.0243461,-77.4204393,building,pending,high,102629.2,,13.613815307617188,0.055,1,0.095,1,0.175,1,6.0,,non_burnable,0.044444444444444446,1.0,0.30859375,1.0,0.3317972350230415,1.0,False
dc_8df36a0a09b5,Flexential Las Vegas - North,Flexential,colocation,operational,NV,Clark,36.2481633,-115.1012553,building,pending,high,110729.0,,3.602787733078003,0.07500000000000001,1,0.11499999999999999,1,0.195,1,6.0,,non_burnable,0.24444444444444444,2.0,0.1015625,2.0,0.19815668202764977,2.0,False
dc_8fb393ce5cb8,,,unknown,operational,TX,Wichita,33.9533733,-98.5247859,building,pending,high,39127.9,,18.23219108581543,0.035,1,0.055,1,0.11499999999999999,1,6.0,,non_burnable,0.5333333333333333,3.0,0.44921875,4.0,0.4589861751152074,4.0,False
dc_f5a70ed2b195,Fort Rock DC,Fort Rock Data Center,unknown,operational,OR,Deschutes,44.0474074,-121.3285496,building,pending,high,11249.7,,2.4713661670684814,0.055,1,0.07500000000000001,1,0.135,1,6.0,,non_burnable,0.17777777777777778,4.0,0.26171875,4.0,0.432258064516129,4.0,False
dc_110a4aba51b3,,,unknown,operational,MI,Genesee,42.9687271,-83.779585,building,pending,high,36835.3,,15.162821769714355,0.025,1,0.035,1,0.065,1,6.0,,non_burnable,0.4444444444444444,1.0,0.4296875,1.0,0.38525345622119817,1.0,False
dc_1b4a6e68cdff,,,unknown,operational,NJ,Somerset,40.5993632,-74.7096745,building,UNRESOLVABLE,high,19551.5,,8.329419136047363,0.08499999999999999,1,0.155,1,0.28500000000000003,1,4.0,4.0,high,0.4666666666666667,4.0,0.58203125,4.0,0.6783410138248848,4.0,False
dc_03eee2face55,Meta,Meta,hyperscale,operational,NM,Valencia,34.8302786,-106.7801283,building,VERIFIED,high,543736.5,,10.36793041229248,0.065,1,0.10500000000000001,1,0.185,1,6.0,,non_burnable,0.7111111111111111,3.0,0.77734375,3.0,0.776036866359447,3.0,False
dc_c0e58b97b609,iGLASS Networks,,unknown,operational,NC,Wake,35.766751,-78.7839874,building,pending,high,8134.6,,15.275832176208496,0.035,1,0.055,1,0.095,1,6.0,,non_burnable,0.37777777777777777,3.0,0.4609375,3.0,0.432258064516129,3.0,False
dc_fd81772613cf,Central Office,AT&T,unknown,operational,WI,Walworth,42.8336437,-88.7339975,building,pending,high,9001.6,,13.097433090209961,0.025,1,0.035,1,0.065,1,6.0,,non_burnable,0.2222222222222222,1.0,0.375,1.0,0.24700460829493087,1.0,False
dc_d139d3d1026e,,,unknown,operational,MT,Granite,46.3321316,-113.2926719,building,pending,high,1510.5,,5.523123264312744,0.055,1,0.08499999999999999,1,0.135,1,6.0,,non_burnable,0.6888888888888889,5.0,0.8359375,5.0,0.9253456221198156,5.0,False
dc_685f4d6dffe6,Vital Records,,unknown,operational,NJ,Somerset,40.5280718,-74.6828163,building,pending,high,7942.2,,8.329419136047363,0.095,1,0.155,1,0.295,1,6.0,,non_burnable,0.5333333333333333,4.0,0.6328125,4.0,0.6387096774193548,4.0,False
dc_1562ba96259b,Verizon Wireless NE Headquarters,,unknown,operational,NJ,Somerset,40.5556094,-74.7055199,building,pending,high,156692.1,,8.329419136047363,0.08499999999999999,1,0.155,1,0.28500000000000003,1,6.0,,non_burnable,0.4666666666666667,4.0,0.60546875,4.0,0.663594470046083,4.0,False
dc_c0fdbe032d75,Meta Henrico Data Center,Meta,hyperscale,operational,VA,Henrico,37.4839132,-77.2373305,building,VERIFIED,high,588190.3,,13.860154151916504,0.07500000000000001,1,0.135,1,0.255,1,6.0,,non_burnable,0.5777777777777777,2.0,0.81640625,2.0,0.8285714285714286,3.0,False
dc_e0148a6d7cfe,,Involta,unknown,operational,WI,Calumet,44.2044349,-88.3449304,building,pending,high,60180.6,,5.673304557800293,0.015,1,0.015,1,0.035,1,1.0,1.0,very_low,0.4444444444444444,1.0,0.23828125,1.0,0.16036866359447005,2.0,False
dc_72321c59e96b,Meta,Meta,hyperscale,operational,OR,Crook,44.2990903,-120.8794444,building,VERIFIED,high,630161.4,,2.428783893585205,0.045,1,0.065,1,0.10500000000000001,1,6.0,,non_burnable,0.5333333333333333,3.0,0.59375,4.0,0.6682027649769585,4.0,False
dc_5da707de5ff8,Meta,Meta,hyperscale,operational,OR,Crook,44.3013,-120.8903,building,VERIFIED,high,622981.5,,2.428783893585205,0.045,1,0.065,1,0.10500000000000001,1,6.0,,non_burnable,0.6222222222222222,4.0,0.65625,4.0,0.6700460829493088,4.0,False
dc_b38461998b03,,US Signal,unknown,operational,MI,Wayne,42.2353267,-83.4441406,building,pending,high,24599.3,1.0,17.9299373626709,0.035,1,0.055,1,0.10500000000000001,1,6.0,,non_burnable,0.37777777777777777,2.0,0.421875,2.0,0.4414746543778802,2.0,False
dc_69a7a940e136,,,unknown,operational,NV,Washoe,39.5677144,-119.5423627,building,AMBIGUOUS,high,89832.0,,1.7456742525100708,0.225,1,0.315,1,0.455,1,6.0,,non_burnable,0.5555555555555556,3.0,0.77734375,4.0,0.8930875576036866,5.0,False
dc_6eb02d929ac3,,,unknown,operational,NV,Washoe,39.567501,-119.5432095,building,VERIFIED,high,89572.0,,1.7456742525100708,0.225,1,0.315,1,0.455,1,6.0,,non_burnable,0.5777777777777777,3.0,0.77734375,4.0,0.8949308755760369,5.0,False
dc_e7490836256a,,,unknown,operational,NV,Washoe,39.567161,-119.544388,building,VERIFIED,high,88594.3,,1.7456742525100708,0.225,1,0.315,1,0.455,1,6.0,,non_burnable,0.5333333333333333,3.0,0.75390625,4.0,0.8949308755760369,5.0,False
dc_bd7ec689a7b2,,,unknown,operational,NV,Washoe,39.5669208,-119.5452269,building,AMBIGUOUS,high,92133.2,,1.7456742525100708,0.225,1,0.315,1,0.455,1,6.0,,non_burnable,0.5333333333333333,3.0,0.78125,4.0,0.8949308755760369,5.0,False
dc_b79d42c9a3ab,,,unknown,operational,NV,Washoe,39.5657583,-119.5479741,building,CANDIDATE,high,90712.1,,1.7456742525100708,0.225,1,0.315,1,0.455,1,6.0,,non_burnable,0.6444444444444445,3.0,0.76953125,4.0,0.8986175115207373,5.0,False
dc_a6e1f2ad575b,,,unknown,operational,NV,Washoe,39.5651062,-119.5476898,building,UNRESOLVABLE,high,89076.9,,1.7456742525100708,0.225,1,0.315,1,0.455,1,6.0,,non_burnable,0.6,3.0,0.76953125,4.0,0.8995391705069125,5.0,False
dc_a84467e0fe1e,Tennessee Processing Center LLC,BNYM,unknown,operational,TN,Davidson,36.2156443,-86.7840012,building,pending,high,580077.4,,16.571094512939453,0.08499999999999999,1,0.135,1,0.225,1,6.0,,non_burnable,0.37777777777777777,1.0,0.3828125,1.0,0.3741935483870968,1.0,False
dc_c52613c23f50,Allentown-TekPark,,unknown,operational,PA,Lehigh,40.5442553,-75.6543694,building,CANDIDATE,high,146118.2,,10.801614761352539,0.065,1,0.11499999999999999,1,0.20500000000000002,1,6.0,,non_burnable,0.4222222222222222,2.0,0.30078125,2.0,0.26820276497695855,2.0,False
dc_66477ccffb02,Meta,Meta,hyperscale,operational,NM,Valencia,34.8303,-106.77646,building,VERIFIED,high,654617.6,,10.36793041229248,0.065,1,0.10500000000000001,1,0.185,1,2.0,2.0,low,0.6888888888888889,3.0,0.71484375,3.0,0.7603686635944701,3.0,False
dc_83f0a31399f3,US Signal CO01 - Denver,,unknown,operational,CO,Douglas,39.5590684,-104.8335336,building,pending,high,28132.1,,10.969576835632324,0.045,1,0.07500000000000001,1,0.155,1,3.0,3.0,moderate,0.5333333333333333,3.0,0.546875,4.0,0.40829493087557606,4.0,False
dc_bf74522cdc31,PG&E Datacenter,,unknown,operational,CA,Solano,38.2462382,-122.0671844,building,pending,high,55270.7,,0.09790622442960739,0.385,1,0.535,1,0.785,1,6.0,,non_burnable,0.15555555555555556,3.0,0.28125,4.0,0.3105990783410138,4.0,False
dc_697fb0253e39,CyrusOne PHX6,CyrusOne,colocation,operational,AZ,Maricopa,33.2676301,-111.8825116,building,pending,high,98354.8,,7.883434772491455,0.025,1,0.035,1,0.055,1,6.0,,non_burnable,0.17777777777777778,4.0,0.3203125,4.0,0.2663594470046083,5.0,False
dc_2a23ca86f39a,Facebook Altoona Data Center 4,Meta,hyperscale,operational,IA,Polk,41.6677428,-93.5164071,building,pending,high,606959.0,,14.173967361450195,0.015,1,0.025,1,0.045,1,6.0,,non_burnable,0.28888888888888886,1.0,0.296875,1.0,0.3032258064516129,1.0,False
dc_53d2895afa2f,Digital Realty IAD41 (Building P),Digital Realty,colocation,operational,VA,Loudoun,39.0088059,-77.4582358,building,pending,high,396985.3,,13.613815307617188,0.055,1,0.095,1,0.175,1,6.0,,non_burnable,0.4444444444444444,1.0,0.37109375,1.0,0.3317972350230415,1.0,False
dc_64b54588a2f9,Amazon IAD118,Amazon Web Services,hyperscale,operational,VA,Loudoun,39.0185086,-77.4388362,building,pending,high,105629.3,,13.613815307617188,0.055,1,0.095,1,0.175,1,1.0,1.0,very_low,0.3111111111111111,1.0,0.2734375,1.0,0.3032258064516129,1.0,False
dc_340ff7de7b3d,Aligned Ashburn,Aligned,colocation,operational,VA,Loudoun,39.0136079,-77.4705563,building,pending,high,140141.1,,13.613815307617188,0.055,1,0.095,1,0.175,1,6.0,,non_burnable,0.28888888888888886,1.0,0.36328125,1.0,0.32903225806451614,1.0,False
dc_ee1d5c95c480,Equinix Ashburn DC15,Equinix,colocation,operational,VA,Loudoun,39.0225001,-77.4502558,building,pending,high,76665.6,,13.613815307617188,0.055,1,0.095,1,0.175,1,6.0,,non_burnable,0.4,1.0,0.3203125,1.0,0.3170506912442396,1.0,False
dc_9a9772149ba3,Sabey Intergate.Ashburn (Building A),Sabey Data Centers,unknown,operational,VA,Loudoun,39.0144996,-77.4799874,building,pending,high,131966.5,,13.613815307617188,0.055,1,0.095,1,0.175,1,6.0,,non_burnable,0.3111111111111111,1.0,0.3359375,1.0,0.3456221198156682,1.0,False
dc_1a5e11d27901,NTT Ashburn VA5 Data Center,NTT,colocation,operational,VA,Loudoun,39.0183033,-77.472611,building,pending,high,124046.8,,13.613815307617188,0.055,1,0.095,1,0.175,1,6.0,,non_burnable,0.1111111111111111,1.0,0.3046875,1.0,0.3262672811059908,1.0,False
dc_d740e4f61b56,NTT Ashburn VA4 Data Center,NTT,colocation,operational,VA,Loudoun,39.0198684,-77.4725917,building,CANDIDATE,high,160282.7,,13.613815307617188,0.055,1,0.095,1,0.175,1,6.0,,non_burnable,0.08888888888888889,1.0,0.3125,1.0,0.31889400921658984,1.0,False
dc_ff3b81fbfd6f,CloudHQ LC1,CloudHQ,unknown,operational,VA,Loudoun,39.0102471,-77.4626713,building,pending,high,499195.4,,13.613815307617188,0.055,1,0.095,1,0.175,1,6.0,,non_burnable,0.3111111111111111,1.0,0.390625,1.0,0.3317972350230415,1.0,False
dc_2328225d0c1f,CloudHQ LC2,CloudHQ,unknown,operational,VA,Loudoun,39.0117547,-77.4624592,building,pending,high,252770.9,,13.613815307617188,0.055,1,0.095,1,0.175,1,6.0,,non_burnable,0.3111111111111111,1.0,0.37890625,1.0,0.3317972350230415,1.0,False
dc_d693a8cbac60,Amazon IAD146,Amazon Web Services,hyperscale,operational,VA,Loudoun,38.9969711,-77.4357639,building,CANDIDATE,high,103076.9,,13.629328727722168,0.055,1,0.095,1,0.175,1,1.0,1.0,very_low,0.2222222222222222,1.0,0.24609375,1.0,0.3225806451612903,1.0,False
dc_4eff2c1f5e0f,PHX-10,Microsoft,hyperscale,operational,AZ,Maricopa,33.4079462,-112.3648297,building,pending,high,246184.3,,7.057002544403076,0.025,1,0.035,1,0.055,1,4.0,4.0,high,0.24444444444444444,4.0,0.44140625,5.0,0.45806451612903226,5.0,False
dc_c4b9bcee32cd,Equinix Ashburn DC21,Equinix,colocation,operational,VA,Loudoun,39.01125,-77.4541,building,VERIFIED,high,78961.7,3.0,13.613815307617188,0.055,1,0.095,1,0.175,1,6.0,,non_burnable,0.28888888888888886,1.0,0.359375,1.0,0.3244239631336406,1.0,False
dc_34504f6932cc,,,unknown,operational,NY,Westchester,40.9512698,-73.897901,building,pending,high,13426.2,,6.484174728393555,0.10500000000000001,1,0.175,1,0.335,1,6.0,,non_burnable,0.13333333333333333,5.0,0.1484375,5.0,0.32995391705069127,5.0,False
dc_ed91aed5b37e,NAO 3,Meta,hyperscale,operational,OH,Licking,40.0657248,-82.7491176,building,pending,high,365921.7,,14.810942649841309,0.035,1,0.055,1,0.095,1,6.0,,non_burnable,0.4888888888888889,1.0,0.4140625,1.0,0.4838709677419355,1.0,False
dc_114c47a01e77,,,unknown,operational,WA,Grant,47.2370973,-119.895155,building,CANDIDATE,high,216848.4,,1.113155484199524,0.07500000000000001,1,0.11499999999999999,1,0.175,1,6.0,,non_burnable,0.3111111111111111,1.0,0.37890625,3.0,0.504147465437788,4.0,False
dc_aca4fdbc3f4a,EdgeCore,,unknown,operational,AZ,Maricopa,33.3441489,-111.619588,building,pending,high,112901.4,,7.883434772491455,0.025,1,0.035,1,0.065,1,6.0,,non_burnable,0.8444444444444444,4.0,0.6015625,4.0,0.5585253456221199,4.0,False
dc_415ec14e7f88,Comcast,Comcast,unknown,operational,MI,Wayne,42.213902,-83.198214,building,pending,high,953.3,,17.9299373626709,0.035,1,0.055,1,0.11499999999999999,1,6.0,,non_burnable,0.0,0.0,0.08984375,2.0,0.12903225806451613,2.0,False
dc_ba84f7107278,SAP COS02,SAP,unknown,operational,CO,El Paso,38.9889158,-104.7863291,building,pending,high,47705.1,,11.859444618225098,0.045,1,0.07500000000000001,1,0.135,1,6.0,,non_burnable,0.6888888888888889,4.0,0.61328125,5.0,0.6414746543778802,5.0,False
dc_6d4376c7e8a2,Actapio,Actapio,unknown,operational,WA,Douglas,47.40732,-120.2141,building,VERIFIED,high,362519.4,,0.9799042344093323,0.08499999999999999,1,0.125,1,0.20500000000000002,1,4.0,4.0,high,0.5111111111111111,4.0,0.7109375,4.0,0.7179723502304147,4.0,False
dc_89ac9b873c30,,,unknown,operational,WA,Douglas,47.3921494,-120.2174624,building,UNRESOLVABLE,high,13946.4,,0.9799042344093323,0.08499999999999999,1,0.125,1,0.20500000000000002,1,6.0,,non_burnable,0.6,3.0,0.62890625,4.0,0.6866359447004609,5.0,False
dc_93a4507ebb34,Facebook Fort Worth Datacenter,Meta,hyperscale,operational,TX,Tarrant,32.9883157,-97.255111,building,VERIFIED,high,753193.8,,17.917001724243164,0.025,1,0.035,1,0.065,1,6.0,,non_burnable,0.28888888888888886,2.0,0.37109375,3.0,0.4368663594470046,3.0,False
dc_c5af5e7b67f8,Charles Schwab Data Center,,unknown,operational,TX,Denton,33.0045123,-97.2461412,building,pending,high,79688.5,,17.93877601623535,0.025,1,0.035,1,0.065,1,6.0,,non_burnable,0.37777777777777777,2.0,0.41796875,3.0,0.47557603686635946,3.0,False
dc_230dec843522,Amazon IAD140,Amazon Web Services,hyperscale,operational,VA,Loudoun,38.9814552,-77.4175501,building,pending,high,215095.9,,13.629328727722168,0.055,1,0.095,1,0.175,1,6.0,,non_burnable,0.17777777777777778,1.0,0.21875,1.0,0.29493087557603687,1.0,False
dc_d5be93382554,Amazon IAD141,Amazon Web Services,hyperscale,operational,VA,Loudoun,38.9823877,-77.4167858,building,pending,high,216850.2,,13.629328727722168,0.055,1,0.095,1,0.175,1,6.0,,non_burnable,0.17777777777777778,1.0,0.22265625,1.0,0.29493087557603687,1.0,False
dc_9f86a9be9cdb,1623 Farnam,News-Press & Gazette Company,unknown,operational,NE,Douglas,41.257546,-95.937526,building,CANDIDATE,high,35689.3,,17.158601760864258,0.015,1,0.025,1,0.045,1,6.0,,non_burnable,0.022222222222222223,1.0,0.11328125,2.0,0.14193548387096774,4.0,False
dc_8a8de44b5d59,Credit Suisse: Clifton Data Center,,unknown,operational,NJ,Passaic,40.83345,-74.1402187,building,CANDIDATE,high,140278.5,,7.277477264404297,0.10500000000000001,1,0.175,1,0.345,1,6.0,,non_burnable,0.13333333333333333,4.0,0.07421875,4.0,0.11059907834101383,4.0,False
dc_cffe36ef20e3,HCA Information Technology & Services Data Center,,unknown,operational,TN,Davidson,36.0327164,-86.637789,building,pending,high,545524.3,,16.571094512939453,0.08499999999999999,1,0.125,1,0.20500000000000002,1,6.0,,non_burnable,0.5333333333333333,1.0,0.6328125,1.0,0.5834101382488479,1.0,False
dc_ca4ce1d1a929,TierPoint,,colocation,operational,TN,Williamson,35.92452,-86.85575,building,VERIFIED,high,285740.4,,16.486181259155273,0.08499999999999999,1,0.135,1,0.225,1,6.0,,non_burnable,0.3111111111111111,1.0,0.40234375,1.0,0.4147465437788018,1.0,False
dc_d1ab1505b7c8,Amazon Web Services,Amazon Web Services,hyperscale,operational,OH,Franklin,40.1025733,-83.1996982,building,pending,high,151703.2,,15.455096244812012,0.035,1,0.065,1,0.10500000000000001,1,6.0,,non_burnable,0.1111111111111111,1.0,0.16015625,1.0,0.2110599078341014,1.0,False
dc_7d1001e2c4ce,Amazon Web Services,Amazon Web Services,hyperscale,operational,OH,Franklin,40.1035866,-83.199764,building,pending,high,159123.9,,15.455096244812012,0.035,1,0.065,1,0.10500000000000001,1,6.0,,non_burnable,0.1111111111111111,1.0,0.17578125,1.0,0.2110599078341014,1.0,False
dc_c123c483cf92,Flexential Brentwood Data Center,,colocation,operational,TN,Williamson,35.9725623,-86.8080418,building,pending,high,956161.4,,16.486181259155273,0.08499999999999999,1,0.135,1,0.215,1,6.0,,non_burnable,0.3111111111111111,1.0,0.49609375,1.0,0.5834101382488479,1.0,False
dc_eff2b6ea88b4,,,unknown,operational,TN,Williamson,36.0234892,-86.7916196,campus_centroid,pending,high,1834567.6,,16.571094512939453,0.08499999999999999,1,0.135,1,0.215,1,6.0,,non_burnable,0.3333333333333333,1.0,0.54296875,1.0,0.6341013824884792,1.0,False
dc_2e8f13854547,StrongMind,,unknown,operational,AZ,Maricopa,33.3426083,-111.8409621,building,pending,high,20604.7,,7.883434772491455,0.025,1,0.035,1,0.055,1,6.0,,non_burnable,0.13333333333333333,4.0,0.12890625,4.0,0.0967741935483871,4.0,False
dc_f9dd91d3b5f8,BB&T Data Center,,unknown,operational,NC,Wake,35.83934,-78.32826,building,CANDIDATE,high,143011.5,,15.441021919250488,0.035,1,0.055,1,0.08499999999999999,1,6.0,,non_burnable,0.4222222222222222,3.0,0.52734375,3.0,0.6580645161290323,3.0,False
dc_4bbf56c61529,Microsoft,Microsoft,hyperscale,operational,IA,Polk,41.5167412,-93.7025134,building,pending,high,153957.0,,14.173967361450195,0.015,1,0.025,1,0.045,1,6.0,,non_burnable,0.4888888888888889,1.0,0.45703125,1.0,0.471889400921659,3.0,False
dc_adfa37d6eb75,Microsoft,Microsoft,hyperscale,operational,IA,Polk,41.5158346,-93.702492,building,pending,high,149149.7,,14.173967361450195,0.015,1,0.025,1,0.045,1,6.0,,non_burnable,0.4,1.0,0.453125,1.0,0.471889400921659,3.0,False
dc_5c188ee0a08e,Microsoft,Microsoft,hyperscale,operational,IA,Polk,41.5158177,-93.7063005,building,pending,high,144428.9,,14.173967361450195,0.015,1,0.025,1,0.045,1,6.0,,non_burnable,0.4222222222222222,1.0,0.42578125,1.0,0.47465437788018433,3.0,False
dc_82c838320fc4,Microsoft,Microsoft,hyperscale,operational,IA,Polk,41.5167061,-93.7063257,building,pending,high,146483.0,,14.173967361450195,0.015,1,0.025,1,0.045,1,6.0,,non_burnable,0.37777777777777777,1.0,0.453125,1.0,0.47465437788018433,3.0,False
dc_6b0fbb988249,Microsoft,Microsoft,hyperscale,operational,IA,Polk,41.5185012,-93.7063325,building,VERIFIED,high,145134.8,,14.173967361450195,0.015,1,0.025,1,0.045,1,6.0,,non_burnable,0.4444444444444444,1.0,0.48046875,1.0,0.4783410138248848,3.0,False
dc_d022a0bae9de,Microsoft,Microsoft,hyperscale,operational,IA,Polk,41.517778,-93.7062,building,CANDIDATE,high,143146.1,,14.173967361450195,0.015,1,0.025,1,0.045,1,6.0,,non_burnable,0.4888888888888889,1.0,0.453125,1.0,0.4783410138248848,3.0,False
dc_5077380c4e9c,Microsoft,Microsoft,hyperscale,operational,IA,Polk,41.5176423,-93.7024991,building,pending,high,141016.7,,14.173967361450195,0.015,1,0.025,1,0.045,1,6.0,,non_burnable,0.5111111111111111,1.0,0.45703125,1.0,0.47557603686635946,3.0,False
dc_5655c21db942,Microsoft,Microsoft,hyperscale,operational,IA,Polk,41.5185369,-93.7025209,building,VERIFIED,high,141225.5,,14.173967361450195,0.015,1,0.025,1,0.045,1,6.0,,non_burnable,0.5111111111111111,1.0,0.46875,1.0,0.47557603686635946,3.0,False
dc_af3b818f5474,Microsoft,Microsoft,hyperscale,operational,IA,Warren,41.4978557,-93.7870593,building,pending,high,239270.8,,16.575979232788086,0.015,1,0.025,1,0.045,1,6.0,,non_burnable,0.26666666666666666,1.0,0.359375,2.0,0.4912442396313364,2.0,False
dc_3b086a495bdc,Microsoft,Microsoft,hyperscale,operational,IA,Warren,41.4989008,-93.7870702,building,pending,high,243678.8,,16.575979232788086,0.015,1,0.025,1,0.045,1,6.0,,non_burnable,0.28888888888888886,1.0,0.3828125,2.0,0.4912442396313364,2.0,False
dc_91374edadfb6,Facebook Altoona Data Center 5,Meta,hyperscale,operational,IA,Polk,41.6711866,-93.5165942,building,CANDIDATE,high,628004.4,,14.173967361450195,0.015,1,0.025,1,0.045,1,1.0,1.0,very_low,0.35555555555555557,1.0,0.29296875,1.0,0.2976958525345622,1.0,False
dc_25aa98305d4b,,Blockfusion,unknown,operational,NY,Niagara,43.074831,-78.944809,building,pending,high,16242.9,,7.1311845779418945,0.025,1,0.045,1,0.095,1,6.0,,non_burnable,0.4222222222222222,4.0,0.3671875,4.0,0.4515235457063712,4.0,False
dc_aa188d117b03,Blockfusion Niagra Falls,,unknown,operational,NY,Niagara,43.082113,-79.001469,building,CANDIDATE,high,515.0,,8.914331436157227,0.025,1,0.045,1,0.095,1,6.0,,non_burnable,0.08888888888888889,3.0,0.1532258064516129,4.0,0.2996706915477497,4.0,False
dc_ee6643a8eb7d,Lumen,Lumen Technologies,colocation,operational,UT,Washington,37.062799,-113.5447485,building,pending,high,1833.7,,4.522087574005127,0.07500000000000001,1,0.125,1,0.215,1,2.0,2.0,low,0.5111111111111111,3.0,0.4609375,3.0,0.5732718894009217,4.0,False
dc_84ad60eb1b07,Sungard Systems International,,unknown,operational,AL,Jefferson,33.4047,-86.9116,building,VERIFIED,high,665569.5,,20.48419952392578,0.065,1,0.11499999999999999,1,0.195,1,6.0,,non_burnable,0.7777777777777778,4.0,0.765625,4.0,0.6175115207373272,4.0,False
dc_44d6e3741482,Myndshift Technologies,,unknown,operational,AZ,Maricopa,33.4754208,-111.7191652,building,pending,high,21279.4,,7.883434772491455,0.025,1,0.035,1,0.07500000000000001,1,6.0,,non_burnable,0.3111111111111111,4.0,0.46484375,4.0,0.44608294930875575,4.0,False
dc_72e0b2b6bdf4,ForceAmp.com,,unknown,operational,IA,Johnson,41.7039984,-91.5870781,building,UNRESOLVABLE,high,2709.0,,9.7930326461792,0.025,1,0.035,1,0.055,1,6.0,,non_burnable,0.28888888888888886,2.0,0.43359375,2.0,0.45622119815668205,4.0,False
dc_3abd12c5de38,TierPoint - Charlotte Data Center,TierPoint,colocation,operational,NC,Mecklenburg,35.1731955,-80.928121,building,pending,high,61578.7,,14.088505744934082,0.065,1,0.095,1,0.155,1,6.0,,non_burnable,0.6666666666666666,4.0,0.58984375,4.0,0.4608294930875576,4.0,False
dc_2b8dfc559922,SEGRA,,unknown,operational,NC,Mecklenburg,35.1800507,-80.9263597,building,pending,high,18094.7,,14.088505744934082,0.065,1,0.095,1,0.155,1,2.0,2.0,low,0.5333333333333333,4.0,0.57421875,4.0,0.45806451612903226,4.0,False
dc_7d96f21e96e8,Middletown Data Center,,unknown,operational,VA,Frederick,39.0176781,-78.2909424,building,pending,high,273198.5,,10.967270851135254,0.055,1,0.095,1,0.175,1,6.0,,non_burnable,0.7777777777777778,3.0,0.77734375,3.0,0.8460829493087557,3.0,False
dc_3aebc3edbd4d,CoreSite Chicago Data Center (CH2),CoreSite,colocation,operational,IL,Cook,41.8627972,-87.6413012,building,pending,high,61773.5,,16.118194580078125,0.035,1,0.055,1,0.095,1,6.0,,non_burnable,0.0,0.0,0.0,0.0,0.009216589861751152,1.0,False
dc_5251c1998ce0,Norma Beach Cable Landing Station,Unity Cable System,unknown,operational,WA,Snohomish,47.8646928,-122.2841532,building,pending,high,2369.9,,0.6047859191894531,0.295,1,0.405,1,0.595,1,6.0,,non_burnable,0.08888888888888889,1.0,0.1875,1.0,0.2,2.0,False
dc_d418410619e1,,DirecTV,unknown,operational,AZ,Pima,32.0927065,-110.7874236,building,pending,high,14373.7,,9.74954605102539,0.015,1,0.025,1,0.055,1,3.0,3.0,moderate,0.6444444444444445,3.0,0.59375,4.0,0.7944700460829494,5.0,False
dc_d9771f2d7f9f,Google,Google,hyperscale,operational,NV,Clark,36.0562713,-115.0085752,building,pending,high,143869.7,,3.602787733078003,0.07500000000000001,1,0.11499999999999999,1,0.185,1,6.0,,non_burnable,0.24444444444444444,1.0,0.17578125,1.0,0.17050691244239632,3.0,False
dc_d9c874755de8,Google,Google,hyperscale,operational,NV,Clark,36.05625,-115.00915,building,VERIFIED,high,141227.8,,3.602787733078003,0.07500000000000001,1,0.11499999999999999,1,0.185,1,6.0,,non_burnable,0.2222222222222222,1.0,0.17578125,1.0,0.17695852534562212,3.0,False
dc_e022cb5d327b,Google,Google,hyperscale,operational,AL,Jackson,34.9136673,-85.7474223,building,UNRESOLVABLE,high,144997.0,,16.770959854125977,0.10500000000000001,1,0.165,1,0.295,1,2.0,2.0,low,0.7333333333333333,3.0,0.73828125,4.0,0.719815668202765,4.0,False
dc_1390c65c85f0,Google,Google,hyperscale,operational,AL,Jackson,34.9136413,-85.7459237,building,UNRESOLVABLE,high,141947.9,,16.770959854125977,0.10500000000000001,1,0.165,1,0.295,1,2.0,2.0,low,0.7555555555555555,3.0,0.73828125,4.0,0.7133640552995392,4.0,False
dc_573f8a5781df,,,unknown,operational,VA,Loudoun,39.050601,-77.5400225,building,VERIFIED,high,140157.6,,11.454973220825195,0.055,1,0.095,1,0.175,1,1.0,1.0,very_low,0.6,2.0,0.67578125,2.0,0.5852534562211982,2.0,False
dc_916641fe1369,Google,Google,hyperscale,operational,TX,Ellis,32.4421391,-97.0624648,building,pending,high,144574.3,,17.523134231567383,0.025,1,0.035,1,0.055,1,6.0,,non_burnable,0.4888888888888889,2.0,0.59765625,3.0,0.6285714285714286,3.0,False
dc_7910da66ad06,Google,Google,hyperscale,operational,TX,Ellis,32.4435639,-97.0633095,building,pending,high,138231.0,,17.523134231567383,0.025,1,0.035,1,0.055,1,6.0,,non_burnable,0.5111111111111111,2.0,0.578125,3.0,0.6285714285714286,3.0,False
dc_e3eea2ec5e00,Google,Google,hyperscale,operational,TN,Montgomery,36.62459,-87.2612916,building,VERIFIED,high,169736.6,2.0,16.438068389892578,0.11499999999999999,1,0.185,1,0.305,1,6.0,,non_burnable,0.2,1.0,0.32421875,1.0,0.34654377880184334,1.0,False
dc_478c687740da,Google NBY-1,Google,hyperscale,operational,OH,Licking,40.0611606,-82.7643286,building,VERIFIED,high,141300.9,2.0,14.810942649841309,0.035,1,0.055,1,0.095,1,6.0,,non_burnable,0.4444444444444444,1.0,0.48828125,1.0,0.511520737327189,1.0,False
dc_cec54ea43a46,Meta Sarpy Data center,Meta,hyperscale,operational,NE,Sarpy,41.12353,-96.1442,building,CANDIDATE,high,666383.7,,15.336313247680664,0.015,1,0.025,1,0.045,1,6.0,,non_burnable,0.28888888888888886,1.0,0.23046875,2.0,0.23870967741935484,3.0,False
dc_ed5526cb2443,Meta Sarpy Data center,Meta,hyperscale,operational,NE,Sarpy,41.1206,-96.1446,building,VERIFIED,high,515085.1,,15.336313247680664,0.015,1,0.025,1,0.045,1,6.0,,non_burnable,0.26666666666666666,1.0,0.2265625,2.0,0.2313364055299539,3.0,False
dc_83e8ea7d14a0,Google,Google,hyperscale,operational,NE,Sarpy,41.135,-96.1465,building,VERIFIED,high,152487.2,,15.336313247680664,0.015,1,0.025,1,0.045,1,6.0,,non_burnable,0.24444444444444444,1.0,0.2578125,3.0,0.25990783410138246,4.0,False
dc_45101812ebde,JPMorgan Chase,JPMorgan Chase,unknown,operational,CO,Broomfield,39.9891579,-105.0207261,building,CANDIDATE,high,188160.6,,8.949381828308105,0.055,1,0.08499999999999999,1,0.165,1,6.0,,non_burnable,0.37777777777777777,3.0,0.44140625,4.0,0.5096774193548387,4.0,False
dc_b7f05da064df,Marquette-Adams Telephone Coop,,unknown,operational,WI,Marquette,43.7821763,-89.5748406,building,pending,high,8257.5,,6.929514408111572,0.015,1,0.025,1,0.035,1,4.0,4.0,high,0.4222222222222222,4.0,0.45703125,4.0,0.5797235023041475,4.0,False
dc_c875f8a125cb,Compass Data Center,,unknown,operational,TX,Ellis,32.5387671,-96.8044586,building,AMBIGUOUS,high,41692.8,,18.841638565063477,0.025,1,0.035,1,0.055,1,2.0,2.0,low,0.5777777777777777,2.0,0.52734375,3.0,0.6285714285714286,3.0,False
dc_787326b05d49,Amazon IAD119,Amazon Web Services,hyperscale,operational,VA,Loudoun,39.0169314,-77.4393886,building,pending,high,127104.6,,13.613815307617188,0.055,1,0.095,1,0.175,1,1.0,1.0,very_low,0.4,1.0,0.265625,1.0,0.30783410138248846,1.0,False
dc_e3f7200338fd,Flexential Portland - Hillsboro 4,Flexential,colocation,operational,OR,Washington,45.5553133,-122.9401317,building,pending,high,97536.5,,0.49183908104896545,0.175,1,0.28500000000000003,1,0.455,1,6.0,,non_burnable,0.3333333333333333,2.0,0.21484375,2.0,0.21658986175115208,2.0,False
dc_91489ab87680,Stream Chicago II,Stream,unknown,operational,IL,Cook,41.9991244,-87.9577647,building,pending,high,215923.0,,16.118194580078125,0.035,1,0.055,1,0.095,1,6.0,,non_burnable,0.022222222222222223,1.0,0.03125,1.0,0.10783410138248847,1.0,False
dc_144cef939b14,STACK Chicago CHI01,Stack Infrastructure,colocation,operational,IL,Cook,42.006856,-87.9651767,building,pending,high,298471.6,,14.088419914245605,0.035,1,0.055,1,0.095,1,6.0,,non_burnable,0.0,0.0,0.03125,1.0,0.1391705069124424,1.0,False
dc_9c4211d3ccea,Stream Chicago I,Stream,unknown,operational,IL,Cook,42.0026304,-87.9511119,building,pending,high,120616.3,,14.088419914245605,0.035,1,0.055,1,0.095,1,6.0,,non_burnable,0.0,0.0,0.04296875,1.0,0.09953917050691244,1.0,False
dc_23b0f1f2b92c,Turnkey Internet,,unknown,operational,NY,Albany,42.7454447,-73.7592013,building,pending,high,10465.7,,8.666078567504883,0.055,1,0.08499999999999999,1,0.155,1,6.0,,non_burnable,0.2222222222222222,4.0,0.3359375,4.0,0.4470046082949309,4.0,False
dc_2a56d8b8fa00,Microsoft,Microsoft,hyperscale,operational,IA,Dallas,41.5406505,-93.8278773,building,VERIFIED,high,220735.6,,14.173967361450195,0.015,1,0.025,1,0.045,1,6.0,,non_burnable,0.37777777777777777,1.0,0.5,2.0,0.4552995391705069,2.0,False
dc_12edc16ab3f5,,,unknown,operational,NC,Catawba,35.5903924,-81.2645696,building,pending,high,203410.7,,12.06896686553955,0.065,1,0.095,1,0.155,1,2.0,2.0,low,0.7555555555555555,4.0,0.7578125,4.0,0.7723502304147466,4.0,False
dc_3cee381ca6c0,Amazon Web Services,Amazon Web Services,hyperscale,operational,OH,Franklin,40.0601472,-83.1349074,building,pending,high,161757.8,,15.455096244812012,0.035,1,0.055,1,0.10500000000000001,1,6.0,,non_burnable,0.28888888888888886,1.0,0.18359375,1.0,0.2110599078341014,1.0,False
dc_1592f8a75bc6,Iron Mountain,,colocation,operational,WA,Spokane,47.5946162,-117.5371477,building,pending,high,14085.9,,2.2244133949279785,0.035,1,0.055,1,0.095,1,6.0,,non_burnable,0.5777777777777777,4.0,0.58203125,4.0,0.6294930875576037,4.0,False
dc_65d48b7b2fd8,DBT Data - Harrisonburg Center,,unknown,operational,VA,Harrisonburg,38.46235,-78.85656,building,VERIFIED,high,505755.5,,10.62856388092041,0.065,1,0.10500000000000001,1,0.185,1,6.0,,non_burnable,0.24444444444444444,1.0,0.3359375,2.0,0.5391705069124424,3.0,False
dc_b93bd4dfbee7,amnet Data Center,,unknown,operational,CT,Western Connecticut,41.0917847,-73.5166728,building,CANDIDATE,high,10527.0,,6.558852672576904,0.08499999999999999,1,0.155,1,0.295,1,6.0,,non_burnable,0.3333333333333333,4.0,0.44921875,4.0,0.41751152073732717,4.0,False
dc_e06c46dabeb5,TierPoint Kansas City - Lenexa,TierPoint,colocation,operational,KS,Johnson,38.9406295,-94.7552326,building,pending,high,58095.9,,20.538841247558594,0.025,1,0.045,1,0.07500000000000001,1,6.0,,non_burnable,0.06666666666666667,2.0,0.12890625,3.0,0.22119815668202766,3.0,False
dc_f5513f749da8,CloudHQ MCC1,CloudHQ,unknown,operational,VA,Prince William,38.7170622,-77.4999396,building,pending,high,399915.5,,13.629328727722168,0.065,1,0.10500000000000001,1,0.185,1,6.0,,non_burnable,0.6444444444444445,2.0,0.53515625,2.0,0.5732718894009217,2.0,False
dc_7fc2fd8eb460,Meta,Meta,hyperscale,operational,NC,Rutherford,35.3166121,-81.8251761,building,pending,high,319829.8,,13.04412841796875,0.065,1,0.10500000000000001,1,0.185,1,6.0,,non_burnable,0.6888888888888889,4.0,0.76171875,4.0,0.7751152073732719,4.0,False
dc_d6f640fb6635,Amazon IAD129,Amazon Web Services,hyperscale,operational,VA,Loudoun,39.0166636,-77.4387985,building,CANDIDATE,high,105735.2,,13.613815307617188,0.055,1,0.095,1,0.175,1,1.0,1.0,very_low,0.37777777777777777,1.0,0.265625,1.0,0.3032258064516129,1.0,False
dc_fd0192eae06a,Microsoft,Microsoft,hyperscale,operational,VA,Loudoun,39.0747869,-77.564129,building,pending,high,155317.7,,11.454973220825195,0.055,1,0.095,1,0.175,1,6.0,,non_burnable,0.6222222222222222,2.0,0.59765625,2.0,0.6129032258064516,2.0,False
dc_f66efb0a0bc9,NTT Silicon Valley SV1 Data Center,NTT,colocation,operational,CA,Santa Clara,37.3690532,-121.9553378,building,pending,high,38759.4,,0.12219325453042984,0.555,1,0.705,1,0.925,1,6.0,,non_burnable,0.0,0.0,0.01953125,3.0,0.04423963133640553,4.0,False
dc_b54674e4a1dd,T5 Data Center,,unknown,operational,GA,Fulton,34.0757915,-84.264267,building,pending,high,99033.0,,16.0975399017334,0.065,1,0.10500000000000001,1,0.165,1,6.0,,non_burnable,0.3333333333333333,3.0,0.36328125,3.0,0.38433179723502303,3.0,False
dc_73600f71acda,Microsoft Data Center,Microsoft,hyperscale,operational,VA,Loudoun,38.9495184,-77.5594451,building,VERIFIED,high,1475310.4,,12.71955680847168,0.065,1,0.095,1,0.175,1,1.0,1.0,very_low,0.6222222222222222,1.0,0.60546875,1.0,0.5898617511520737,2.0,False
dc_b8ec7b743908,Arcola Tech Park,,unknown,operational,VA,Loudoun,38.948935,-77.555793,campus_centroid,CANDIDATE,high,1735469.4,,12.71955680847168,0.065,1,0.095,1,0.175,1,1.0,1.0,very_low,0.6888888888888889,1.0,0.59765625,1.0,0.5594470046082949,2.0,False
dc_8f7e3fd47d8b,Amazon IAD125,Amazon Web Services,hyperscale,operational,VA,Loudoun,38.9480895,-77.5605449,building,pending,high,104431.3,,12.71955680847168,0.065,1,0.095,1,0.175,1,1.0,1.0,very_low,0.5555555555555556,1.0,0.60546875,1.0,0.591705069124424,2.0,False
dc_e06390a3cf71,Amazon IAD124,Amazon Web Services,hyperscale,operational,VA,Loudoun,38.95,-77.5602,building,CANDIDATE,high,104434.8,,12.71955680847168,0.065,1,0.095,1,0.175,1,1.0,1.0,very_low,0.6,1.0,0.6171875,1.0,0.5898617511520737,2.0,False
dc_711866d61cdd,Stack Infrastructure - POR03,Stack Infrastructure,colocation,operational,OR,Washington,45.5541322,-122.9379069,building,pending,high,94011.0,,0.49183908104896545,0.175,1,0.28500000000000003,1,0.455,1,6.0,,non_burnable,0.26666666666666666,2.0,0.1953125,2.0,0.21566820276497695,2.0,False
dc_924bac73f757,,Quicken Loans,unknown,operational,MI,Wayne,42.3261779,-83.0697687,building,pending,high,46220.2,,17.9299373626709,0.035,1,0.055,1,0.095,1,6.0,,non_burnable,0.0,0.0,0.00980392156862745,1.0,0.011597938144329897,1.0,False
dc_37633208c606,Family History Center,The Church of Jesus Christ of Latter-day Saints,unknown,operational,ID,Bear Lake,42.3172742,-111.304246,building,pending,high,4081.5,,4.267071723937988,0.165,1,0.235,1,0.375,1,6.0,,non_burnable,0.17777777777777778,1.0,0.5234375,3.0,0.6580645161290323,3.0,False
dc_02ca9e4d5343,,,unknown,operational,TN,Grainger,36.3280739,-83.3767035,building,UNRESOLVABLE,high,1232.9,,11.511784553527832,0.125,1,0.20500000000000002,1,0.385,1,1.0,1.0,very_low,0.6222222222222222,2.0,0.71484375,3.0,0.8147465437788018,3.0,False
dc_8b186260df9f,42310 THUNDERBALL DR,True North Data Solutions,unknown,operational,VA,Loudoun,39.0441027,-77.5397106,building,pending,high,78907.6,1.0,11.454973220825195,0.055,1,0.095,1,0.175,1,6.0,,non_burnable,0.6,1.0,0.65625,2.0,0.5797235023041475,2.0,False
dc_84d7cd7f77ed,QTS Data Center - Hillsboro 2,Quality Technology Services,colocation,operational,OR,Washington,45.5587993,-122.9297741,building,pending,high,172698.7,,0.49183908104896545,0.175,1,0.28500000000000003,1,0.46499999999999997,1,6.0,,non_burnable,0.2,1.0,0.1953125,2.0,0.2368663594470046,2.0,False
dc_6029c6e6072f,Amazon Web Services,Amazon Web Services,hyperscale,operational,OR,Morrow,45.83792,-119.68835,building,VERIFIED,high,210994.4,,1.9345662593841553,0.055,1,0.095,1,0.155,1,6.0,,non_burnable,0.6666666666666666,3.0,0.38671875,3.0,0.30783410138248846,4.0,False
dc_c01fb29e88f6,Amazon Web Services,Amazon Web Services,hyperscale,operational,OR,Morrow,45.8375401,-119.6931286,building,pending,high,211026.7,,1.9345662593841553,0.055,1,0.095,1,0.155,1,1.0,1.0,very_low,0.5777777777777777,3.0,0.41015625,3.0,0.3105990783410138,4.0,False
dc_b1c2cb55694d,Amazon Web Services,Amazon Web Services,hyperscale,operational,OR,Morrow,45.846655,-119.6056452,building,pending,high,211939.2,,1.9345662593841553,0.055,1,0.095,1,0.155,1,6.0,,non_burnable,0.28888888888888886,1.0,0.3515625,2.0,0.28847926267281104,4.0,False
dc_26679b49b723,,,unknown,operational,CO,Arapahoe,39.72965,-104.71278,building,VERIFIED,high,184276.0,,10.969576835632324,0.045,1,0.07500000000000001,1,0.155,1,6.0,,non_burnable,0.5111111111111111,3.0,0.546875,4.0,0.6497695852534562,4.0,False
dc_f1a652f10359,,,unknown,operational,NY,Erie,43.0449439,-78.7492033,building,pending,high,41938.5,,7.1311845779418945,0.025,1,0.045,1,0.095,1,6.0,,non_burnable,0.5111111111111111,4.0,0.5703125,4.0,0.6359447004608295,4.0,False
dc_d71a4f367977,QTS Data Center - Hillsboro 2,Quality Technology Services,colocation,operational,OR,Washington,45.5587842,-122.9318143,building,pending,high,171585.6,,0.49183908104896545,0.175,1,0.28500000000000003,1,0.455,1,6.0,,non_burnable,0.24444444444444444,1.0,0.2109375,2.0,0.2368663594470046,2.0,False
dc_3b5df59ce5b8,QTS Data Center - Hillsboro 2,Quality Technology Services,colocation,operational,OR,Washington,45.5594,-122.9345,building,VERIFIED,high,168922.1,,0.49183908104896545,0.175,1,0.28500000000000003,1,0.455,1,6.0,,non_burnable,0.2222222222222222,1.0,0.21484375,2.0,0.22857142857142856,2.0,False
dc_bac15142be82,QTS Data Center - Hillsboro 2,Quality Technology Services,colocation,operational,OR,Washington,45.5587955,-122.9330017,building,VERIFIED,high,173993.3,,0.49183908104896545,0.175,1,0.28500000000000003,1,0.455,1,6.0,,non_burnable,0.2222222222222222,1.0,0.2109375,2.0,0.22857142857142856,2.0,False
dc_403473c81f1f,Flexential Portland - Hillsboro 3,Flexential,colocation,operational,OR,Washington,45.559537,-122.937613,building,VERIFIED,high,337275.2,,0.49183908104896545,0.175,1,0.28500000000000003,1,0.455,1,6.0,,non_burnable,0.28888888888888886,2.0,0.21484375,2.0,0.2294930875576037,2.0,False
dc_5df588dae044,,,unknown,operational,WI,Racine,42.675665,-87.9184055,building,UNRESOLVABLE,high,9094.2,,12.258405685424805,0.025,1,0.035,1,0.065,1,6.0,,non_burnable,0.15555555555555556,1.0,0.19921875,1.0,0.24147465437788018,1.0,False
dc_87d4cffa460b,Lumen Cleveland,,colocation,operational,OH,Cuyahoga,41.5050658,-81.6577764,building,pending,high,29490.9,,14.61642074584961,0.035,1,0.055,1,0.095,1,6.0,,non_burnable,0.022222222222222223,1.0,0.015625,1.0,0.034101382488479264,1.0,False
dc_a2db55d0efea,,,unknown,operational,NC,Union,35.1794881,-80.5701825,building,UNRESOLVABLE,high,608141.6,,14.088505744934082,0.055,1,0.08499999999999999,1,0.155,1,4.0,4.0,high,0.8222222222222222,4.0,0.8203125,4.0,0.7179723502304147,4.0,False
dc_1dd5890ebb6b,Tennessee South Data Center,State of Tennessee,unknown,operational,TN,Rutherford,35.99343,-86.49566,building,CANDIDATE,high,242055.5,,15.39881706237793,0.08499999999999999,1,0.125,1,0.195,1,6.0,,non_burnable,0.35555555555555557,1.0,0.45703125,1.0,0.511520737327189,2.0,False
dc_a452347faec2,,,unknown,operational,CA,San Diego,33.1536001,-117.2388464,building,UNRESOLVABLE,high,13597.2,,0.8219090104103088,0.235,1,0.315,1,0.445,1,4.0,4.0,high,0.4,4.0,0.26953125,4.0,0.26175115207373273,4.0,False
dc_4eb1e48ec0be,Amazon IAD163,Amazon Web Services,hyperscale,operational,VA,Loudoun,39.0323054,-77.4297021,building,pending,high,131936.6,,13.613815307617188,0.055,1,0.095,1,0.175,1,1.0,1.0,very_low,0.3333333333333333,1.0,0.31640625,1.0,0.3529953917050691,1.0,False
dc_f04188e560e6,Johns Hopkins Data Center,,unknown,operational,MD,Baltimore,39.2935593,-76.5517314,building,pending,high,3880.1,,14.052087783813477,0.055,1,0.095,1,0.175,1,6.0,,non_burnable,0.08888888888888889,1.0,0.140625,1.0,0.14838709677419354,1.0,False
dc_d365c72ea3b9,Ebay,,unknown,operational,UT,Salt Lake,40.5641125,-112.050635,building,pending,high,146408.4,,5.1958088874816895,0.165,1,0.255,1,0.415,1,2.0,2.0,low,0.5111111111111111,2.0,0.5,5.0,0.47649769585253454,5.0,False
dc_191efb7ea726,Edgeconnex Data Center,EdgeConneX,colocation,operational,CA,Sacramento,38.5922987,-121.27744,building,pending,high,29318.9,,0.568257212638855,0.11499999999999999,1,0.14500000000000002,1,0.20500000000000002,1,6.0,,non_burnable,0.08888888888888889,3.0,0.12890625,4.0,0.4055299539170507,4.0,False
dc_1bdb44e1842a,,,unknown,operational,NJ,Somerset,40.52436,-74.54796,building,CANDIDATE,high,281820.8,,8.329419136047363,0.095,1,0.165,1,0.315,1,2.0,2.0,low,0.4888888888888889,4.0,0.453125,4.0,0.4258064516129032,4.0,False
dc_84eaf8742a3f,,,unknown,operational,AZ,Maricopa,33.4393768,-112.377048,building,pending,high,224651.8,,7.057002544403076,0.025,1,0.035,1,0.055,1,6.0,,non_burnable,0.37777777777777777,4.0,0.35546875,4.0,0.3271889400921659,4.0,False
dc_a0c66ebeafd4,Omnis Network,,unknown,operational,AZ,Maricopa,33.3944358,-111.9525168,building,pending,high,16956.5,,7.883434772491455,0.025,1,0.035,1,0.055,1,6.0,,non_burnable,0.022222222222222223,4.0,0.01953125,5.0,0.07741935483870968,5.0,False
dc_a320d760368f,Travelers Insurance,Travelers Insurance,unknown,operational,NE,Sarpy,41.1278718,-96.1450714,building,VERIFIED,high,182408.7,,15.336313247680664,0.015,1,0.025,1,0.045,1,1.0,1.0,very_low,0.24444444444444444,1.0,0.2265625,3.0,0.2488479262672811,4.0,False
dc_00a02e9b7cf8,Flexential Nashville - Franklin,Flexential,colocation,operational,TN,Williamson,35.9204203,-86.8155401,building,pending,high,74934.6,,16.486181259155273,0.08499999999999999,1,0.135,1,0.215,1,6.0,,non_burnable,0.37777777777777777,1.0,0.34765625,1.0,0.4986175115207373,1.0,False
dc_c3af76581e21,Verizon,,unknown,operational,UT,Salt Lake,40.5908144,-111.9037856,building,pending,high,15829.6,,5.014902114868164,0.185,1,0.305,1,0.495,1,6.0,,non_burnable,0.2,3.0,0.15625,3.0,0.10506912442396313,3.0,False
dc_2e0d7065c5b2,,,unknown,operational,IA,Polk,41.5580811,-93.5276562,building,pending,high,6991.6,,14.173967361450195,0.015,1,0.025,1,0.045,1,6.0,,non_burnable,0.4444444444444444,3.0,0.49609375,3.0,0.44608294930875575,3.0,False
dc_7a05f73ca77d,,,unknown,operational,OK,Tulsa,36.0812515,-95.8541492,building,pending,high,8589.3,,21.064456939697266,0.035,1,0.055,1,0.095,1,1.0,1.0,very_low,0.06666666666666667,1.0,0.12109375,1.0,0.18341013824884791,1.0,False
dc_d63cf08f250a,Amazon IAD175,Amazon Web Services,hyperscale,operational,VA,Loudoun,38.9798678,-77.425476,building,pending,high,86503.2,,13.629328727722168,0.055,1,0.095,1,0.175,1,6.0,,non_burnable,0.28888888888888886,1.0,0.2421875,1.0,0.29493087557603687,1.0,False
dc_31eac5a9a731,DLI ONE,DLI ONE,unknown,operational,GA,Muscogee,32.4982,-84.8836,building,VERIFIED,high,420795.7,1.0,19.272188186645508,0.035,1,0.055,1,0.08499999999999999,1,6.0,,non_burnable,0.37777777777777777,3.0,0.43359375,3.0,0.5013824884792627,4.0,False
dc_869246c3ddf0,Amazon IAD147,Amazon Web Services,hyperscale,operational,VA,Loudoun,38.9951,-77.4354,building,CANDIDATE,high,102767.9,,13.629328727722168,0.055,1,0.095,1,0.175,1,6.0,,non_burnable,0.2,1.0,0.24609375,1.0,0.3225806451612903,1.0,False
dc_db551e60c8c7,E-Foam,,unknown,operational,FL,Orange,28.5779418,-81.5645492,building,pending,high,8403.5,,30.67380142211914,0.015,1,0.025,1,0.035,1,6.0,,non_burnable,0.4222222222222222,3.0,0.40625,3.0,0.29308755760368665,4.0,False
dc_e3e2113ca594,,,unknown,operational,CT,South Central Connecticut,41.4788147,-72.8010139,building,pending,high,53967.5,,4.001034736633301,0.07500000000000001,1,0.125,1,0.245,1,6.0,,non_burnable,0.4,3.0,0.4140625,3.0,0.5050691244239631,3.0,False
dc_585b130bbc37,SimpleHelix,,unknown,operational,AL,Madison,34.745431,-86.691883,building,pending,high,16411.5,,18.687423706054688,0.08499999999999999,1,0.125,1,0.20500000000000002,1,1.0,1.0,very_low,0.4,2.0,0.421875,2.0,0.3723502304147465,2.0,False
dc_719da80ba59e,CenturyLink,CenturyLink,unknown,operational,OR,Marion,44.9380753,-123.0337222,building,pending,high,24529.9,2.0,0.3777052164077759,0.155,1,0.255,1,0.435,1,6.0,,non_burnable,0.13333333333333333,2.0,0.1640625,2.0,0.20460829493087557,2.0,False
dc_9656dea8298d,Date Center West - Eugene,"Data Center West, Inc.",unknown,operational,OR,Jackson,42.3324601,-122.880426,building,pending,high,1969.4,,1.3978122472763062,0.10500000000000001,1,0.175,1,0.305,1,6.0,,non_burnable,0.022222222222222223,4.0,0.10546875,4.0,0.35391705069124424,4.0,False
dc_16409bb98d9c,DataBank SLC5,DataBank,colocation,operational,UT,Salt Lake,40.4811374,-111.9039534,building,pending,high,91084.8,,4.538047790527344,0.165,1,0.275,1,0.455,1,6.0,,non_burnable,0.24444444444444444,2.0,0.3828125,5.0,0.4682027649769585,5.0,False
dc_e9ba7c30d146,Digital Realty Atlanta ATL11,Digital Realty,colocation,operational,GA,Douglas,33.7465605,-84.5797407,building,pending,high,313517.0,,17.153179168701172,0.055,1,0.08499999999999999,1,0.14500000000000002,1,6.0,,non_burnable,0.2222222222222222,3.0,0.2578125,3.0,0.44516129032258067,3.0,False
dc_e7e879fe0f05,Switch Data Center,Switch,colocation,operational,GA,Douglas,33.7550251,-84.5872685,building,pending,high,171499.8,,17.153179168701172,0.055,1,0.08499999999999999,1,0.14500000000000002,1,6.0,,non_burnable,0.28888888888888886,3.0,0.359375,3.0,0.4470046082949309,3.0,False
dc_e8a35c14d2f4,Amazon Web Services,Amazon Web Services,hyperscale,operational,OH,Franklin,40.0593252,-83.1346064,building,pending,high,170922.2,,15.455096244812012,0.035,1,0.055,1,0.10500000000000001,1,6.0,,non_burnable,0.24444444444444444,1.0,0.18359375,1.0,0.2129032258064516,1.0,False
dc_1624f2fc727a,Amazon Web Services,Amazon Web Services,hyperscale,operational,OH,Franklin,40.0583089,-83.1340906,building,VERIFIED,high,133710.0,,15.455096244812012,0.035,1,0.055,1,0.10500000000000001,1,6.0,,non_burnable,0.2,1.0,0.18359375,1.0,0.20829493087557605,1.0,False
dc_0a48e11e6871,Amazon Web Services,Amazon Web Services,hyperscale,operational,OH,Franklin,40.0607795,-83.1327529,building,pending,high,142297.5,,15.455096244812012,0.035,1,0.055,1,0.10500000000000001,1,6.0,,non_burnable,0.2,1.0,0.1953125,1.0,0.2129032258064516,1.0,False
dc_9df53017280d,CyrusOne PHX7,,colocation,operational,AZ,Maricopa,33.2663745,-111.8818937,building,pending,high,138671.9,,7.883434772491455,0.025,1,0.035,1,0.055,1,6.0,,non_burnable,0.17777777777777778,4.0,0.3046875,4.0,0.27557603686635945,5.0,False
dc_4099d52bf841,CyrusOne PHX4,CyrusOne,colocation,operational,AZ,Maricopa,33.268778,-111.8825216,building,pending,high,103008.5,,7.883434772491455,0.025,1,0.035,1,0.055,1,6.0,,non_burnable,0.17777777777777778,4.0,0.3515625,5.0,0.2663594470046083,5.0,False
dc_04ab62405005,CyrusOne PHX5,CyrusOne,colocation,operational,AZ,Maricopa,33.2697502,-111.8815838,building,pending,high,102958.4,,7.883434772491455,0.025,1,0.035,1,0.055,1,6.0,,non_burnable,0.13333333333333333,4.0,0.30859375,4.0,0.25990783410138246,5.0,False
dc_2d889a97f7e9,Northwest Data Center and Communications Hub,,unknown,operational,CA,Santa Clara,37.4334128,-122.1807076,building,pending,high,10145.9,,0.0865766629576683,0.595,1,0.805,1,1.1150000000000002,1,6.0,,non_burnable,0.17777777777777778,3.0,0.27734375,4.0,0.35576036866359445,4.0,False
dc_627ff60a8500,Digital Crossroad,Digital Crossroad,unknown,operational,IN,Lake,41.7074166,-87.5202329,building,pending,high,116014.3,,16.118194580078125,0.035,1,0.055,1,0.095,1,6.0,,non_burnable,0.022222222222222223,1.0,0.05078125,2.0,0.07004608294930875,2.0,False
dc_2e94aa76b2e3,CyrusOne NVA7,CyrusOne,colocation,operational,VA,Loudoun,39.0263152,-77.4340194,building,pending,high,60930.9,,13.613815307617188,0.055,1,0.095,1,0.175,1,1.0,1.0,very_low,0.4666666666666667,1.0,0.30078125,1.0,0.32903225806451614,1.0,False
dc_8655b82b45fe,Switch Las Vegas 10,,colocation,operational,NV,Clark,36.0553,-115.2164,building,CANDIDATE,high,206411.7,,3.602787733078003,0.065,1,0.10500000000000001,1,0.165,1,6.0,,non_burnable,0.2,2.0,0.1875,2.0,0.2488479262672811,2.0,False
dc_ae5f9fdee7ee,Amazon IAD174,Amazon Web Services,hyperscale,operational,VA,Loudoun,39.0289143,-77.4274784,building,pending,high,132388.9,,13.613815307617188,0.055,1,0.095,1,0.175,1,6.0,,non_burnable,0.2222222222222222,1.0,0.30859375,1.0,0.33640552995391704,1.0,False
dc_8346029d9f3d,Amazon IAD164,Amazon Web Services,hyperscale,operational,VA,Loudoun,39.0304712,-77.4289455,building,pending,high,132374.9,,13.613815307617188,0.055,1,0.095,1,0.175,1,6.0,,non_burnable,0.2,1.0,0.328125,1.0,0.3400921658986175,1.0,False
dc_265564f45ed2,Vantage VA12,Vantage Data Centers,colocation,operational,VA,Loudoun,39.0019,-77.43806,building,VERIFIED,high,115614.1,,13.613815307617188,0.055,1,0.095,1,0.175,1,6.0,,non_burnable,0.13333333333333333,1.0,0.2578125,1.0,0.31889400921658984,1.0,False
dc_199ded780f63,Microsoft,Microsoft,hyperscale,operational,VA,Loudoun,39.07501,-77.56391,building,VERIFIED,high,97581.5,,11.454973220825195,0.055,1,0.095,1,0.175,1,6.0,,non_burnable,0.6222222222222222,2.0,0.59375,2.0,0.6129032258064516,2.0,False
dc_c3e3abbeb801,Verizon Wireless Mew Building,,unknown,operational,TX,Tarrant,32.9720407,-97.1567144,building,pending,high,176383.3,,17.917001724243164,0.025,1,0.035,1,0.065,1,6.0,,non_burnable,0.4,2.0,0.4375,3.0,0.4119815668202765,3.0,False
dc_b2ae0d89652f,,,unknown,operational,NJ,Somerset,40.5433323,-74.5383736,building,pending,high,259174.8,,8.329419136047363,0.095,1,0.165,1,0.315,1,6.0,,non_burnable,0.26666666666666666,4.0,0.2734375,4.0,0.37695852534562213,4.0,False
dc_e89730a17213,Amazon IAD152,Amazon Web Services,hyperscale,operational,VA,Loudoun,38.9165716,-77.479733,building,pending,high,156644.4,,13.629328727722168,0.065,1,0.095,1,0.175,1,6.0,,non_burnable,0.4222222222222222,1.0,0.6015625,1.0,0.4976958525345622,1.0,False
dc_ede8e462546a,Amazon IAD151,Amazon Web Services,hyperscale,operational,VA,Loudoun,38.9161469,-77.4786956,building,pending,high,155542.7,,13.629328727722168,0.065,1,0.095,1,0.175,1,6.0,,non_burnable,0.4666666666666667,1.0,0.578125,1.0,0.4976958525345622,1.0,False
dc_08e7c19da1a8,Amazon IAD83,Amazon Web Services,hyperscale,operational,VA,Loudoun,38.9479489,-77.5230989,building,pending,high,156167.0,,12.71955680847168,0.065,1,0.095,1,0.175,1,6.0,,non_burnable,0.6444444444444445,1.0,0.61328125,1.0,0.5308755760368664,1.0,False
dc_81f8dd3b6f39,Amazon Web Services,Amazon Web Services,hyperscale,operational,VA,Loudoun,38.9465392,-77.5221879,building,AMBIGUOUS,high,16739.6,,12.71955680847168,0.065,1,0.095,1,0.175,1,1.0,1.0,very_low,0.6222222222222222,1.0,0.64453125,1.0,0.528110599078341,1.0,False
dc_ac6c1bbc4b5a,Amazon IAD122,Amazon Web Services,hyperscale,operational,VA,Loudoun,38.9558707,-77.4971865,building,pending,high,153274.1,,13.629328727722168,0.055,1,0.095,1,0.175,1,6.0,,non_burnable,0.5777777777777777,1.0,0.65234375,1.0,0.4967741935483871,1.0,False
dc_510cff48ca13,CyrusOne Sterling IX,CyrusOne,colocation,operational,VA,Loudoun,38.9583257,-77.5057277,building,VERIFIED,high,266078.5,,12.71955680847168,0.055,1,0.095,1,0.175,1,1.0,1.0,very_low,0.5111111111111111,1.0,0.6328125,1.0,0.5216589861751152,1.0,False
dc_186227436fd6,Iron Mountain VA-2,Iron Mountain,colocation,operational,VA,Prince William,38.7772373,-77.5459965,building,pending,high,158664.7,,12.71955680847168,0.065,1,0.10500000000000001,1,0.185,1,6.0,,non_burnable,0.3111111111111111,1.0,0.375,2.0,0.45622119815668205,2.0,False
dc_3d475b731d7a,Iron Mountain VA-1,Iron Mountain,colocation,operational,VA,Prince William,38.777963,-77.5471012,building,pending,high,163790.2,,12.71955680847168,0.065,1,0.10500000000000001,1,0.185,1,6.0,,non_burnable,0.37777777777777777,1.0,0.40234375,2.0,0.45622119815668205,2.0,False
dc_757f768eba9e,Amazon Web Services,Amazon Web Services,hyperscale,operational,VA,Prince William,38.7801515,-77.5398838,building,pending,high,149064.8,,12.71955680847168,0.065,1,0.10500000000000001,1,0.185,1,6.0,,non_burnable,0.4444444444444444,1.0,0.3671875,2.0,0.47557603686635946,2.0,False
dc_907bebabdb02,Amazon Web Services,Amazon Web Services,hyperscale,operational,VA,Prince William,38.7784509,-77.539427,building,pending,high,214749.1,,12.71955680847168,0.065,1,0.10500000000000001,1,0.185,1,6.0,,non_burnable,0.3333333333333333,1.0,0.359375,2.0,0.46912442396313364,2.0,False
dc_5270a2cc2b71,Amazon Web Services,Amazon Web Services,hyperscale,operational,VA,Prince William,38.7793425,-77.542896,building,pending,high,214663.0,,12.71955680847168,0.065,1,0.10500000000000001,1,0.185,1,6.0,,non_burnable,0.4,1.0,0.36328125,2.0,0.471889400921659,2.0,False
dc_f64d056bbae2,Amazon IAD102,Amazon Web Services,hyperscale,operational,VA,Prince William,38.7359728,-77.5048957,building,pending,high,214338.9,,12.71955680847168,0.065,1,0.10500000000000001,1,0.185,1,2.0,2.0,low,0.4444444444444444,2.0,0.33203125,2.0,0.423963133640553,2.0,False
dc_215283604b6e,Amazon IAD101,Amazon Web Services,hyperscale,operational,VA,Prince William,38.73544,-77.5057,building,VERIFIED,high,214330.6,,12.71955680847168,0.065,1,0.10500000000000001,1,0.185,1,6.0,,non_burnable,0.4222222222222222,2.0,0.32421875,2.0,0.4248847926267281,2.0,False
dc_0f715e95c136,Amazon IAD100,Amazon Web Services,hyperscale,operational,VA,Prince William,38.7346,-77.50664,building,VERIFIED,high,214611.7,,12.71955680847168,0.065,1,0.10500000000000001,1,0.185,1,6.0,,non_burnable,0.4444444444444444,2.0,0.34765625,2.0,0.4248847926267281,2.0,False
dc_03018a9d0b6e,CloudHQ MCC2,CloudHQ,unknown,operational,VA,Prince William,38.7231919,-77.4989708,building,pending,high,351091.8,,13.629328727722168,0.065,1,0.10500000000000001,1,0.185,1,1.0,1.0,very_low,0.4888888888888889,2.0,0.44921875,2.0,0.5447004608294931,2.0,False
dc_78d8f7c02c3f,Rackspace Somerset NYC1,,unknown,operational,NJ,Somerset,40.5445265,-74.5377876,building,pending,high,18407.6,,8.329419136047363,0.095,1,0.165,1,0.315,1,6.0,,non_burnable,0.2222222222222222,4.0,0.25390625,4.0,0.37695852534562213,4.0,False
dc_dd7f371bd132,Rackspace Belmont NYC2,,unknown,operational,NJ,Somerset,40.540843,-74.5374915,building,pending,high,57471.5,,8.329419136047363,0.095,1,0.165,1,0.315,1,6.0,,non_burnable,0.24444444444444444,4.0,0.29296875,4.0,0.3797235023041475,4.0,False
dc_d8396c50b3ee,Amazon Web Services,Amazon Web Services,hyperscale,operational,VA,Prince William,38.7430518,-77.5333746,building,pending,high,112502.9,2.0,12.71955680847168,0.065,1,0.10500000000000001,1,0.185,1,6.0,,non_burnable,0.5111111111111111,2.0,0.44140625,2.0,0.4304147465437788,2.0,False
dc_eb20055e37d8,QTS Ashburn-Shellhorn DC1,Quality Technology Services,colocation,operational,VA,Loudoun,38.9980776,-77.4754706,building,pending,high,156810.2,,13.629328727722168,0.055,1,0.095,1,0.175,1,1.0,1.0,very_low,0.6888888888888889,1.0,0.45703125,1.0,0.35207373271889403,1.0,False
dc_e8d31e068a27,QTS Atlanta Data Center 2,Quality Technology Services,colocation,operational,GA,Fulton,33.7776013,-84.4194463,building,pending,high,283307.6,,16.562829971313477,0.055,1,0.08499999999999999,1,0.14500000000000002,1,6.0,,non_burnable,0.17777777777777778,3.0,0.18359375,3.0,0.2608294930875576,3.0,False
dc_74a74b023e2f,,,unknown,operational,TX,Bexar,29.4190024,-98.7874813,building,pending,high,109489.5,,12.881298065185547,0.005,1,0.015,1,0.025,1,6.0,,non_burnable,0.6888888888888889,2.0,0.6796875,3.0,0.8,3.0,False
dc_6bab7da413ec,Microsoft TRP3 (SAT46),Microsoft,hyperscale,operational,TX,Medina,29.412977,-98.8063744,building,pending,high,228897.6,,12.881298065185547,0.005,1,0.015,1,0.025,1,3.0,3.0,moderate,0.8222222222222222,3.0,0.7734375,3.0,0.8165898617511521,3.0,False
dc_28267cfc3b00,Microsoft,Microsoft,hyperscale,operational,TX,Bexar,29.4157967,-98.803316,building,pending,high,228882.9,,12.881298065185547,0.005,1,0.015,1,0.025,1,6.0,,non_burnable,0.6888888888888889,3.0,0.76171875,3.0,0.8211981566820277,3.0,False
dc_fae6b5693fbe,Microsoft,Microsoft,hyperscale,operational,TX,Bexar,29.4157956,-98.8045148,building,pending,high,228885.7,,12.881298065185547,0.005,1,0.015,1,0.025,1,6.0,,non_burnable,0.7111111111111111,3.0,0.76171875,3.0,0.8211981566820277,3.0,False
dc_999534d8e27f,Pewaukee Data Center,WE Energies,unknown,operational,WI,Waukesha,43.0513735,-88.216698,building,pending,high,47298.5,,8.656561851501465,0.015,1,0.035,1,0.055,1,6.0,,non_burnable,0.3111111111111111,1.0,0.4140625,2.0,0.3622119815668203,2.0,False
dc_9d8cf5da6d03,,,unknown,operational,GA,Fulton,34.060998,-84.2740266,building,pending,high,150996.7,,16.0975399017334,0.065,1,0.095,1,0.165,1,6.0,,non_burnable,0.26666666666666666,3.0,0.359375,3.0,0.3695852534562212,3.0,False
dc_08f38c9b891d,CenturyLink,,unknown,operational,NV,Clark,36.1829977,-115.0626696,building,pending,high,11601.6,,3.602787733078003,0.07500000000000001,1,0.11499999999999999,1,0.195,1,6.0,,non_burnable,0.2,1.0,0.0703125,1.0,0.11889400921658987,1.0,False
dc_3bcbc5a11a48,EdgeConneX PHX02 Data Center,EdgeConneX,colocation,operational,AZ,Maricopa,33.3520091,-111.6475291,building,pending,high,654106.4,,7.883434772491455,0.025,1,0.035,1,0.065,1,3.0,3.0,moderate,0.7555555555555555,4.0,0.60546875,4.0,0.4488479262672811,4.0,False
dc_699df009d618,Amazon IAD601,Amazon Web Services,hyperscale,operational,VA,Prince William,38.7788593,-77.5571158,building,pending,high,14470.0,,12.71955680847168,0.065,1,0.10500000000000001,1,0.185,1,6.0,,non_burnable,0.3333333333333333,2.0,0.44921875,2.0,0.46728110599078343,2.0,False
dc_e956e70cd991,Switch Edge 1,,colocation,operational,NV,Clark,36.0591345,-115.213688,building,pending,high,27670.2,,3.602787733078003,0.065,1,0.10500000000000001,1,0.165,1,6.0,,non_burnable,0.2222222222222222,2.0,0.2265625,2.0,0.2359447004608295,2.0,False
dc_bb73a0990371,Switch Las Vegas 4,Switch,colocation,operational,NV,Clark,36.143646,-115.076779,building,pending,high,27777.6,,3.602787733078003,0.07500000000000001,1,0.11499999999999999,1,0.185,1,6.0,,non_burnable,0.022222222222222223,1.0,0.046875,1.0,0.06451612903225806,1.0,False
dc_3c2574f581bf,Switch Las Vegas 5,Switch,colocation,operational,NV,Clark,36.1427635,-115.0766965,building,pending,high,15026.9,,3.602787733078003,0.07500000000000001,1,0.11499999999999999,1,0.185,1,6.0,,non_burnable,0.022222222222222223,1.0,0.04296875,1.0,0.06451612903225806,1.0,False
dc_0ecb384a674e,T-Mobile Everglades MSO Data Center,,unknown,operational,FL,Broward,26.1849937,-80.2868773,building,pending,high,49233.2,,26.052785873413086,0.005,1,0.015,1,0.025,1,6.0,,non_burnable,0.2222222222222222,2.0,0.23046875,5.0,0.3640552995391705,5.0,False
dc_ecc6d4f818f6,EdgeConneX - Portland,EdgeConneX,colocation,operational,OR,Washington,45.55659,-122.91221,building,VERIFIED,high,84472.4,,0.49183908104896545,0.175,1,0.28500000000000003,1,0.46499999999999997,1,6.0,,non_burnable,0.08888888888888889,1.0,0.13671875,2.0,0.2423963133640553,2.0,False
dc_9e9c29814c16,DC Blox Data Center,,unknown,operational,AL,Jefferson,33.5006749,-86.8208315,building,pending,high,26875.7,,19.824186325073242,0.065,1,0.11499999999999999,1,0.195,1,6.0,,non_burnable,0.044444444444444446,2.0,0.078125,4.0,0.1391705069124424,4.0,False
dc_db49eaafdae8,Amazon Web Services CMH56,Amazon Web Services,hyperscale,operational,OH,Licking,40.0965342,-82.7520513,building,pending,high,154677.7,,14.810942649841309,0.035,1,0.055,1,0.095,1,6.0,,non_burnable,0.4222222222222222,1.0,0.45703125,1.0,0.45714285714285713,1.0,False
dc_dd23e424efc1,Amazon Web Services  CMH59,Amazon Web Services,hyperscale,operational,OH,Licking,40.0940462,-82.7474911,building,pending,high,161123.5,,14.810942649841309,0.035,1,0.055,1,0.095,1,1.0,1.0,very_low,0.4666666666666667,1.0,0.453125,1.0,0.45714285714285713,1.0,False
dc_02d1d5411388,Searcy Information Technologies,City of Searcy,unknown,operational,AR,White,35.2492161,-91.7409058,building,pending,high,4580.4,,22.199132919311523,0.175,1,0.28500000000000003,1,0.46499999999999997,1,6.0,,non_burnable,0.022222222222222223,1.0,0.38671875,3.0,0.6230414746543779,3.0,False
dc_5ce525abc4b0,Amazon Web Services,Amazon Web Services,hyperscale,operational,VA,Loudoun,38.9958502,-77.4712939,building,pending,high,131476.6,,13.629328727722168,0.055,1,0.095,1,0.175,1,1.0,1.0,very_low,0.6888888888888889,1.0,0.45703125,1.0,0.35576036866359445,1.0,False
dc_f16da2318b3f,Amazon Web Services,Amazon Web Services,hyperscale,operational,VA,Loudoun,38.9966044,-77.4732601,building,pending,high,131482.9,,13.629328727722168,0.055,1,0.095,1,0.175,1,1.0,1.0,very_low,0.6444444444444445,1.0,0.46484375,1.0,0.35576036866359445,1.0,False
dc_5b3b4f66f387,Digital Loudoun Plaza,,unknown,operational,VA,Loudoun,39.0048431,-77.4851266,building,pending,high,686547.8,,13.613815307617188,0.055,1,0.095,1,0.175,1,6.0,,non_burnable,0.4666666666666667,1.0,0.3984375,1.0,0.3585253456221198,1.0,False
dc_2d6ea7ca3b60,Digital Loudoun Plaza,,unknown,operational,VA,Loudoun,39.0016288,-77.4823625,campus_centroid,pending,high,2859897.9,,13.613815307617188,0.055,1,0.095,1,0.175,1,6.0,,non_burnable,0.5111111111111111,1.0,0.41015625,1.0,0.3576036866359447,1.0,False
dc_e99dc41af8d5,Meta Eagle Mountain Data Center,Meta,hyperscale,operational,UT,Utah,40.267923,-112.015266,building,VERIFIED,high,344790.0,,4.540343761444092,0.14500000000000002,1,0.20500000000000002,1,0.305,1,2.0,2.0,low,0.7555555555555555,5.0,0.73828125,5.0,0.8258064516129032,5.0,False
dc_10325eee14b2,Meta Eagle Mountain Data Center,Meta,hyperscale,operational,UT,Utah,40.26556,-112.01513,building,VERIFIED,high,626372.4,,4.540343761444092,0.14500000000000002,1,0.20500000000000002,1,0.305,1,6.0,,non_burnable,0.7333333333333333,5.0,0.77734375,5.0,0.8359447004608295,5.0,False
dc_0c8314ec56c5,,,unknown,operational,KS,Johnson,38.92681,-94.76837,building,CANDIDATE,high,4913.0,1.0,20.538841247558594,0.025,1,0.045,1,0.07500000000000001,1,6.0,,non_burnable,0.1111111111111111,3.0,0.203125,3.0,0.2423963133640553,3.0,False
dc_e4f0ffd292d9,Digital Realty IAD42 (Building R),Digital Realty,colocation,operational,VA,Loudoun,39.0056891,-77.4494637,building,pending,high,218174.7,,13.613815307617188,0.055,1,0.095,1,0.175,1,1.0,1.0,very_low,0.4,1.0,0.34765625,1.0,0.32995391705069127,1.0,False
dc_247030637655,Amazon Web Services,Amazon Web Services,hyperscale,operational,OR,Morrow,45.84667,-119.60704,building,VERIFIED,high,211939.1,,1.9345662593841553,0.055,1,0.095,1,0.155,1,6.0,,non_burnable,0.28888888888888886,1.0,0.3515625,2.0,0.2857142857142857,4.0,False
dc_d485de36a4e3,Amazon Web Services,Amazon Web Services,hyperscale,operational,OR,Morrow,45.846754,-119.608937,building,CANDIDATE,high,221562.9,,1.9345662593841553,0.055,1,0.095,1,0.155,1,6.0,,non_burnable,0.28888888888888886,1.0,0.34765625,2.0,0.28294930875576035,4.0,False
dc_4fbb34622183,Meta Henrico Data Center,Meta,hyperscale,operational,VA,Henrico,37.4819534,-77.2337115,building,pending,high,327920.5,,13.860154151916504,0.07500000000000001,1,0.135,1,0.255,1,6.0,,non_burnable,0.6666666666666666,2.0,0.80859375,2.0,0.8368663594470046,3.0,False
dc_0d21ead2053e,,,unknown,operational,FL,Polk,28.2940687,-81.8348651,building,pending,high,22578.3,,31.471725463867188,0.015,1,0.015,1,0.035,1,6.0,,non_burnable,0.9111111111111111,5.0,0.94140625,5.0,0.9622119815668203,5.0,False
dc_10de28f82ea3,DataBank Las Vegas LAS1,DataBank,colocation,operational,NV,Clark,36.059754,-115.1471723,building,CANDIDATE,high,58547.5,,3.602787733078003,0.065,1,0.10500000000000001,1,0.165,1,6.0,,non_burnable,0.0,0.0,0.07421875,2.0,0.11428571428571428,2.0,False
dc_57b520c4877c,Meta Eagle Mountain Data Center,Meta,hyperscale,operational,UT,Utah,40.2723307,-112.0150579,building,VERIFIED,high,628165.9,,4.540343761444092,0.14500000000000002,1,0.20500000000000002,1,0.315,1,6.0,,non_burnable,0.7333333333333333,5.0,0.7265625,5.0,0.8110599078341014,5.0,False
dc_c6d76c93385d,Amazon IAD601,Amazon Web Services,hyperscale,operational,VA,Loudoun,39.0152596,-77.4377755,building,AMBIGUOUS,high,14384.5,,13.613815307617188,0.055,1,0.095,1,0.175,1,6.0,,non_burnable,0.3333333333333333,1.0,0.26953125,1.0,0.30783410138248846,1.0,False
dc_262cc9519516,,DirecTV,unknown,operational,AZ,Cochise,31.9726748,-110.3047517,building,pending,high,7539.3,,10.892617225646973,0.015,1,0.025,1,0.055,1,3.0,3.0,moderate,0.4222222222222222,5.0,0.76171875,5.0,0.8672811059907835,5.0,False
dc_48a36602236c,,,unknown,operational,AZ,Maricopa,33.4933506,-112.0705502,building,pending,high,294299.1,,7.057002544403076,0.025,1,0.035,1,0.065,1,6.0,,non_burnable,0.044444444444444446,4.0,0.04296875,4.0,0.02304147465437788,5.0,False
dc_c4344c114a1e,Meta Stanton Springs Data Center,Meta,hyperscale,operational,GA,Newton,33.600607,-83.697704,campus_centroid,CANDIDATE,high,9032406.1,,16.249792098999023,0.055,1,0.08499999999999999,1,0.14500000000000002,1,4.0,4.0,high,0.8222222222222222,4.0,0.90625,4.0,0.8764976958525346,4.0,False
dc_3a1b184b17f4,,Meta,hyperscale,operational,GA,Newton,33.6014,-83.7054,building,VERIFIED,high,660259.3,,16.249792098999023,0.055,1,0.08499999999999999,1,0.14500000000000002,1,4.0,4.0,high,0.8666666666666667,4.0,0.890625,4.0,0.8755760368663594,4.0,False
dc_27b1c3e36589,Flexential Salt Lake City - Millcreek,Flexential,colocation,operational,UT,Salt Lake,40.685569,-111.8850505,building,pending,high,28092.2,,5.014902114868164,0.185,1,0.315,1,0.525,1,6.0,,non_burnable,0.022222222222222223,2.0,0.03125,2.0,0.0792626728110599,2.0,False
dc_99fd51d91906,Amazon Web Services,Amazon Web Services,hyperscale,operational,OR,Morrow,45.8365499,-119.6898735,building,VERIFIED,high,213828.0,,1.9345662593841553,0.055,1,0.095,1,0.155,1,1.0,1.0,very_low,0.6222222222222222,3.0,0.41796875,3.0,0.3105990783410138,4.0,False
dc_3fcfdde53010,Amazon Web Services,Amazon Web Services,hyperscale,operational,VA,Prince William,38.7442865,-77.5333323,building,pending,high,111697.8,,12.71955680847168,0.065,1,0.10500000000000001,1,0.185,1,1.0,1.0,very_low,0.5111111111111111,2.0,0.44921875,2.0,0.41566820276497696,2.0,False
dc_7ef3283adb5a,,,unknown,operational,VA,Prince William,38.746,-77.53745,building,VERIFIED,high,257960.5,2.0,12.71955680847168,0.065,1,0.10500000000000001,1,0.185,1,1.0,1.0,very_low,0.5111111111111111,2.0,0.43359375,2.0,0.42764976958525347,2.0,False
dc_3c9eb2937c6d,COPT Innovation Park Data Center,Amazon Web Services,hyperscale,operational,VA,Prince William,38.7438863,-77.5306249,building,pending,high,149207.0,2.0,12.71955680847168,0.065,1,0.10500000000000001,1,0.185,1,6.0,,non_burnable,0.4444444444444444,2.0,0.4609375,2.0,0.4129032258064516,2.0,False
dc_bb427e05d591,COPT Data Center Bldg 2,Amazon Web Services,hyperscale,operational,VA,Prince William,38.7440549,-77.5291961,building,pending,high,104114.5,2.0,12.71955680847168,0.065,1,0.10500000000000001,1,0.185,1,6.0,,non_burnable,0.4666666666666667,2.0,0.43359375,2.0,0.4129032258064516,2.0,False
dc_43894af7cd6d,QTS Ashburn Lockridge,Quality Technology Services,colocation,operational,VA,Loudoun,38.9959297,-77.4562445,building,VERIFIED,high,1244515.9,,13.629328727722168,0.055,1,0.095,1,0.175,1,1.0,1.0,very_low,0.4666666666666667,1.0,0.41015625,1.0,0.34654377880184334,1.0,False
dc_b58a2083db92,Amazon,Amazon Web Services,hyperscale,operational,CA,Santa Clara,37.3899287,-121.9659908,building,pending,high,98142.8,,0.12219325453042984,0.535,1,0.675,1,0.885,1,6.0,,non_burnable,0.022222222222222223,3.0,0.0703125,3.0,0.09493087557603687,4.0,False
dc_178b28f5cd76,,Google,hyperscale,operational,SC,Berkeley,33.06207,-80.03846,building,VERIFIED,high,182645.9,,19.197458267211914,0.395,1,0.745,1,1.375,1,6.0,,non_burnable,0.6444444444444445,4.0,0.8046875,4.0,0.7705069124423963,5.0,False
dc_c806773aba18,Google,Google,hyperscale,operational,SC,Berkeley,33.06218,-80.04007,building,VERIFIED,high,181261.3,,19.197458267211914,0.395,1,0.745,1,1.375,1,6.0,,non_burnable,0.6888888888888889,4.0,0.80859375,4.0,0.7612903225806451,5.0,False
dc_e32fbe5604ea,Google,Google,hyperscale,operational,SC,Berkeley,33.061931,-80.0411281,building,VERIFIED,high,206253.0,,19.197458267211914,0.395,1,0.745,1,1.375,1,6.0,,non_burnable,0.6444444444444445,4.0,0.80859375,4.0,0.7529953917050691,5.0,False
dc_da711190ad53,Google,Google,hyperscale,operational,SC,Berkeley,33.0643114,-80.03845,building,pending,high,181645.3,,19.197458267211914,0.395,1,0.735,1,1.375,1,6.0,,non_burnable,0.5555555555555556,4.0,0.796875,4.0,0.7705069124423963,5.0,False
dc_7c9ebf6e3c47,Google,Google,hyperscale,operational,SC,Berkeley,33.0663558,-80.0385236,building,VERIFIED,high,131216.8,,19.197458267211914,0.395,1,0.735,1,1.3650000000000002,1,3.0,3.0,moderate,0.4888888888888889,4.0,0.79296875,4.0,0.784331797235023,5.0,False
dc_49df3f3fad96,Google,Google,hyperscale,operational,SC,Berkeley,33.0641647,-80.0436036,building,pending,high,249320.3,,19.197458267211914,0.395,1,0.745,1,1.375,1,6.0,,non_burnable,0.6444444444444445,4.0,0.8046875,4.0,0.7585253456221198,5.0,False
dc_46c732da4507,Google,Google,hyperscale,operational,SC,Berkeley,33.0620387,-80.0449828,building,VERIFIED,high,697832.5,,19.197458267211914,0.395,1,0.745,1,1.375,1,6.0,,non_burnable,0.6888888888888889,4.0,0.828125,4.0,0.7493087557603687,5.0,False
dc_8b4592f3e993,Google,Google,hyperscale,operational,SC,Berkeley,33.0644422,-80.0460576,building,pending,high,145533.5,,19.197458267211914,0.395,1,0.745,1,1.375,1,6.0,,non_burnable,0.6888888888888889,4.0,0.82421875,4.0,0.7539170506912443,5.0,False
dc_4d8a5f0cb9bc,,Meta,hyperscale,operational,GA,Newton,33.6000742,-83.6968472,building,VERIFIED,high,763507.1,,16.249792098999023,0.055,1,0.08499999999999999,1,0.14500000000000002,1,4.0,4.0,high,0.8222222222222222,4.0,0.89453125,4.0,0.8764976958525346,4.0,False
dc_10d0eb56510d,,Meta,hyperscale,operational,GA,Newton,33.5980717,-83.6950212,building,VERIFIED,high,342886.3,,16.249792098999023,0.055,1,0.08499999999999999,1,0.14500000000000002,1,4.0,4.0,high,0.8888888888888888,4.0,0.890625,4.0,0.880184331797235,4.0,False
dc_7f252a87585c,Microsoft EAT02,Microsoft,hyperscale,operational,WA,Douglas,47.416868,-120.2076878,building,AMBIGUOUS,high,246129.4,,0.9799042344093323,0.08499999999999999,1,0.125,1,0.20500000000000002,1,2.0,2.0,low,0.8444444444444444,4.0,0.79296875,4.0,0.7410138248847926,4.0,False
dc_9f03a5bdb15d,Google,Google,hyperscale,operational,IA,Pottawattamie,41.1773457,-95.8048567,building,VERIFIED,high,76005.6,,17.158601760864258,0.015,1,0.025,1,0.045,1,6.0,,non_burnable,0.24444444444444444,1.0,0.296875,3.0,0.45714285714285713,5.0,False
dc_d12fd41fa0cc,Google,Google,hyperscale,operational,IA,Pottawattamie,41.177407,-95.806318,building,CANDIDATE,high,318941.1,,17.158601760864258,0.015,1,0.025,1,0.045,1,6.0,,non_burnable,0.24444444444444444,1.0,0.28125,3.0,0.45714285714285713,5.0,False
dc_b13d123c2fa9,Google,Google,hyperscale,operational,IA,Pottawattamie,41.1774831,-95.8031865,building,VERIFIED,high,258223.2,,17.158601760864258,0.015,1,0.025,1,0.045,1,6.0,,non_burnable,0.24444444444444444,1.0,0.296875,3.0,0.46175115207373274,5.0,False
dc_f7b7979f9b54,Google,Google,hyperscale,operational,IA,Pottawattamie,41.17749,-95.80092,building,VERIFIED,high,211544.0,,17.158601760864258,0.015,1,0.025,1,0.045,1,6.0,,non_burnable,0.2,1.0,0.3046875,3.0,0.46175115207373274,5.0,False
dc_f9e787337659,Google,Google,hyperscale,operational,IA,Pottawattamie,41.17552,-95.80678,building,VERIFIED,high,131491.3,,17.158601760864258,0.015,1,0.025,1,0.045,1,6.0,,non_burnable,0.3333333333333333,3.0,0.3125,3.0,0.4599078341013825,5.0,False
dc_e3094350f227,Google,Google,hyperscale,operational,IA,Pottawattamie,41.1755246,-95.8056388,building,VERIFIED,high,129827.7,,17.158601760864258,0.015,1,0.025,1,0.045,1,6.0,,non_burnable,0.3333333333333333,1.0,0.30859375,3.0,0.45714285714285713,5.0,False
dc_a2bac79b8856,Google,Google,hyperscale,operational,IA,Pottawattamie,41.1755259,-95.804509,building,VERIFIED,high,132118.3,,17.158601760864258,0.015,1,0.025,1,0.045,1,6.0,,non_burnable,0.3333333333333333,1.0,0.3125,3.0,0.45714285714285713,5.0,False
dc_1fea4ccdacb1,Google,Google,hyperscale,operational,IA,Pottawattamie,41.1755278,-95.803375,building,VERIFIED,high,132254.8,,17.158601760864258,0.015,1,0.025,1,0.045,1,6.0,,non_burnable,0.3333333333333333,1.0,0.3125,3.0,0.46175115207373274,5.0,False
dc_1569e6fccb74,Google,Google,hyperscale,operational,IA,Pottawattamie,41.1755307,-95.8022395,building,VERIFIED,high,130821.1,,17.158601760864258,0.015,1,0.025,1,0.045,1,6.0,,non_burnable,0.35555555555555557,1.0,0.3046875,3.0,0.46175115207373274,5.0,False
dc_d4eba7bb95c9,Google,Google,hyperscale,operational,IA,Pottawattamie,41.175613,-95.801106,building,CANDIDATE,high,129629.0,,17.158601760864258,0.015,1,0.025,1,0.045,1,6.0,,non_burnable,0.35555555555555557,1.0,0.33203125,3.0,0.46175115207373274,5.0,False
dc_b8c6e0dbdf86,Google,Google,hyperscale,operational,IA,Pottawattamie,41.1755366,-95.7999641,building,VERIFIED,high,134444.5,,17.158601760864258,0.015,1,0.025,1,0.045,1,6.0,,non_burnable,0.26666666666666666,1.0,0.33203125,3.0,0.4626728110599078,5.0,False
dc_1da0c5d7a144,Google,Google,hyperscale,operational,IA,Pottawattamie,41.1726404,-95.8040298,building,VERIFIED,high,174264.8,,17.158601760864258,0.015,1,0.025,1,0.045,1,6.0,,non_burnable,0.3111111111111111,1.0,0.35546875,3.0,0.4543778801843318,5.0,False
dc_2c9c352d5cb0,Google,Google,hyperscale,operational,IA,Pottawattamie,41.1726458,-95.8025278,building,AMBIGUOUS,high,174583.8,,17.158601760864258,0.015,1,0.025,1,0.045,1,6.0,,non_burnable,0.3333333333333333,1.0,0.35546875,3.0,0.4599078341013825,5.0,False
dc_a886b4d06283,Google,Google,hyperscale,operational,IA,Pottawattamie,41.17256,-95.80113,building,VERIFIED,high,158241.9,,17.158601760864258,0.015,1,0.025,1,0.045,1,6.0,,non_burnable,0.24444444444444444,1.0,0.35546875,3.0,0.4599078341013825,5.0,False
dc_90a5aa0e6a9f,Microsoft,Microsoft,hyperscale,operational,IA,Warren,41.4968303,-93.7869962,building,VERIFIED,high,242271.1,,16.575979232788086,0.015,1,0.025,1,0.045,1,6.0,,non_burnable,0.35555555555555557,2.0,0.390625,2.0,0.4912442396313364,2.0,False
dc_ec0baf9bd582,Microsoft,Microsoft,hyperscale,operational,IA,Dallas,41.539814,-93.8263137,building,pending,high,90065.6,,14.173967361450195,0.015,1,0.025,1,0.045,1,6.0,,non_burnable,0.4,1.0,0.5,2.0,0.45069124423963136,2.0,False
dc_abd7ac10d990,Microsoft,Microsoft,hyperscale,operational,IA,Dallas,41.5396705,-93.8286654,building,VERIFIED,high,80538.5,,14.173967361450195,0.015,1,0.025,1,0.045,1,6.0,,non_burnable,0.4,1.0,0.484375,2.0,0.4552995391705069,2.0,False
dc_f97d793b329a,,,unknown,operational,CA,Santa Clara,37.3611541,-121.9423402,building,pending,high,108346.2,,0.12219325453042984,0.575,1,0.745,1,0.975,1,6.0,,non_burnable,0.06666666666666667,2.0,0.04296875,4.0,0.03778801843317972,4.0,False
dc_d9f6b1c94072,xAI Macrohardrr,xAI,unknown,operational,MS,DeSoto,34.987,-89.9649,building,CANDIDATE,high,812956.5,,19.638996124267578,0.235,1,0.385,1,0.645,1,6.0,,non_burnable,0.37777777777777777,2.0,0.4609375,2.0,0.4663594470046083,2.0,False
dc_5d6a8401ff0b,Flexential Portland - Hillsboro 4 Expansion,Flexential,colocation,operational,OR,Washington,45.5553909,-122.941087,building,pending,high,20041.9,,0.49183908104896545,0.175,1,0.28500000000000003,1,0.455,1,6.0,,non_burnable,0.35555555555555557,2.0,0.21484375,2.0,0.21658986175115208,2.0,False
dc_b63c46c43ef7,Flexential Portland - Hillsboro 5,Flexential,colocation,operational,OR,Washington,45.5563407,-122.9394067,building,CANDIDATE,high,180625.1,,0.49183908104896545,0.175,1,0.28500000000000003,1,0.455,1,6.0,,non_burnable,0.3333333333333333,2.0,0.20703125,2.0,0.21658986175115208,2.0,False
dc_7fe16fd74581,QTS San Antonio II,Quality Technology Services,colocation,operational,TX,Bexar,29.4492,-98.65315,building,VERIFIED,high,140322.0,,12.881298065185547,0.015,1,0.015,1,0.035,1,6.0,,non_burnable,0.28888888888888886,2.0,0.22265625,3.0,0.23778801843317973,3.0,False
dc_1cb556e009e0,T5@Colorado Springs,,unknown,operational,CO,El Paso,38.7861601,-104.7885828,building,pending,high,74307.2,,11.859444618225098,0.035,1,0.065,1,0.125,1,6.0,,non_burnable,0.4222222222222222,4.0,0.26953125,4.0,0.3087557603686636,5.0,False
dc_77bfb34f333b,Flexential Tampa - North,Flexential,colocation,operational,FL,Hillsborough,28.0738698,-82.3683619,building,pending,high,30643.8,,28.979448318481445,0.005,1,0.015,1,0.035,1,3.0,3.0,moderate,0.6222222222222222,4.0,0.64453125,4.0,0.5981566820276498,5.0,False
dc_42c854b8c335,,PowerHouse,unknown,operational,VA,Chesterfield,37.356296,-77.333741,building,VERIFIED,high,278050.6,,13.860154151916504,0.08499999999999999,1,0.14500000000000002,1,0.275,1,2.0,2.0,low,0.6222222222222222,2.0,0.63671875,2.0,0.5483870967741935,3.0,False
dc_370cc6f40ea9,Amazon IAD-169,Amazon Web Services,hyperscale,operational,VA,Loudoun,39.0167452,-77.4520059,building,pending,high,96373.0,,13.613815307617188,0.055,1,0.095,1,0.175,1,6.0,,non_burnable,0.3111111111111111,1.0,0.34375,1.0,0.3142857142857143,1.0,False
dc_9b04c18bf82a,Amazon IAD-179,Amazon Web Services,hyperscale,operational,VA,Loudoun,39.015885,-77.4531399,building,pending,high,96367.6,,13.613815307617188,0.055,1,0.095,1,0.175,1,6.0,,non_burnable,0.28888888888888886,1.0,0.3515625,1.0,0.3170506912442396,1.0,False
dc_b6815d83ac53,Aligned IAD02,Aligned,colocation,operational,VA,Loudoun,39.0104171,-77.4751585,building,pending,high,208188.2,,13.613815307617188,0.055,1,0.095,1,0.175,1,6.0,,non_burnable,0.3333333333333333,1.0,0.41796875,1.0,0.343778801843318,1.0,False
dc_429c38217707,QTS Manassas DC5,Quality Technology Services,colocation,operational,VA,Prince William,38.7547679,-77.5173876,building,pending,high,153531.8,,12.71955680847168,0.065,1,0.10500000000000001,1,0.185,1,1.0,1.0,very_low,0.37777777777777777,1.0,0.33984375,2.0,0.33548387096774196,2.0,False
dc_0a74f3f6a21d,PHX-11,Microsoft,hyperscale,operational,AZ,Maricopa,33.4090306,-112.3648272,building,pending,high,248866.2,,7.057002544403076,0.025,1,0.035,1,0.055,1,4.0,4.0,high,0.24444444444444444,4.0,0.43359375,5.0,0.45806451612903226,5.0,False
dc_abcef906ff55,,,unknown,operational,NY,Rockland,41.0523325,-73.9717745,building,pending,high,262772.5,,6.558852672576904,0.10500000000000001,1,0.175,1,0.345,1,6.0,,non_burnable,0.5333333333333333,4.0,0.421875,4.0,0.5004608294930876,5.0,False
dc_624a20da991b,Compute North,,unknown,operational,NE,Buffalo,40.72591,-99.03842,building,VERIFIED,high,353355.2,,14.52704906463623,0.025,1,0.035,1,0.055,1,6.0,,non_burnable,0.2222222222222222,1.0,0.19140625,2.0,0.1824884792626728,2.0,False
dc_baa41125feea,Flexential Atlanta - Douglasville 1,Flexential,colocation,operational,GA,Douglas,33.7310574,-84.6160809,building,pending,high,213908.0,,17.153179168701172,0.055,1,0.08499999999999999,1,0.14500000000000002,1,2.0,2.0,low,0.8666666666666667,3.0,0.7109375,3.0,0.5797235023041475,3.0,False
dc_2143f8b4a2a6,Google,Google,hyperscale,operational,TN,Montgomery,36.62484,-87.26351,building,VERIFIED,high,169734.1,,16.438068389892578,0.11499999999999999,1,0.185,1,0.305,1,6.0,,non_burnable,0.2,1.0,0.33203125,1.0,0.34838709677419355,1.0,False
dc_f22eaad28efd,SPC3A,Google,hyperscale,operational,TN,Montgomery,36.62431,-87.25902,building,VERIFIED,high,169748.7,2.0,16.438068389892578,0.11499999999999999,1,0.185,1,0.305,1,6.0,,non_burnable,0.13333333333333333,1.0,0.32421875,1.0,0.34654377880184334,1.0,False
dc_7212377335fd,Amazon Web Services,Amazon Web Services,hyperscale,operational,VA,Loudoun,38.9795634,-77.4174915,building,pending,high,132491.5,,13.629328727722168,0.055,1,0.095,1,0.175,1,1.0,1.0,very_low,0.24444444444444444,1.0,0.234375,1.0,0.29308755760368665,1.0,False
dc_9efbddd27ce0,Meta,Meta,hyperscale,operational,NC,Rutherford,35.3156695,-81.8221092,building,pending,high,100596.9,,13.04412841796875,0.065,1,0.10500000000000001,1,0.185,1,6.0,,non_burnable,0.7333333333333333,4.0,0.79296875,4.0,0.7824884792626728,4.0,False
dc_a6ee91f963a9,,US Bitcoin,unknown,operational,NY,Niagara,43.0821786,-79.0307777,building,pending,high,61559.1,,8.914331436157227,0.025,1,0.045,1,0.095,1,6.0,,non_burnable,0.044444444444444446,2.0,0.07547169811320754,3.0,0.21517027863777088,4.0,False
dc_f377bd967513,TierPoint Valley Forge,TierPoint,colocation,operational,PA,Montgomery,40.1218812,-75.4208776,building,pending,high,62375.1,,10.887083053588867,0.07500000000000001,1,0.135,1,0.255,1,6.0,,non_burnable,0.35555555555555557,1.0,0.484375,1.0,0.4728110599078341,2.0,False
dc_c4a353e43e52,Aligned DC - PDX-01,Aligned Data Centers,colocation,operational,OR,Washington,45.5540594,-122.9492507,building,VERIFIED,high,155420.2,,0.49183908104896545,0.175,1,0.28500000000000003,1,0.455,1,6.0,,non_burnable,0.37777777777777777,2.0,0.20703125,2.0,0.21474654377880184,2.0,False
dc_b98d99d8249f,Tahoe Reno 1,Switch,colocation,operational,NV,Storey,39.5140681,-119.4755145,building,VERIFIED,high,628883.6,,1.336833119392395,0.20500000000000002,1,0.295,1,0.425,1,6.0,,non_burnable,0.8,4.0,0.921875,5.0,0.9262672811059908,5.0,False
dc_d185c3f308a0,Tahoe Reno 2,Switch,colocation,operational,NV,Storey,39.513787,-119.484853,building,CANDIDATE,high,296544.9,,1.336833119392395,0.20500000000000002,1,0.295,1,0.435,1,3.0,3.0,moderate,0.8444444444444444,4.0,0.9140625,5.0,0.9271889400921659,5.0,False
dc_25c7e68064cd,Flexential Salt Lake City - Fair Park,Flexential,colocation,operational,UT,Salt Lake,40.7667963,-111.9202947,building,pending,high,12565.0,,5.014902114868164,0.195,1,0.335,1,0.555,1,6.0,,non_burnable,0.044444444444444446,1.0,0.0390625,2.0,0.13456221198156681,4.0,False
dc_31eff1e33048,CyrusOne San Antonio IV,,colocation,operational,TX,Bexar,29.47076,-98.670723,building,pending,high,92543.8,,12.881298065185547,0.015,1,0.015,1,0.035,1,1.0,1.0,very_low,0.3111111111111111,3.0,0.2578125,3.0,0.24516129032258063,3.0,False
dc_ced68be9f4dd,Equinix Ashburn DC16,Equinix,colocation,operational,VA,Loudoun,39.024382,-77.452285,building,VERIFIED,high,87843.7,,13.613815307617188,0.055,1,0.095,1,0.175,1,1.0,1.0,very_low,0.35555555555555557,1.0,0.31640625,1.0,0.31797235023041476,1.0,False
dc_d5219db2a1d5,Microsoft IAD11,Microsoft,hyperscale,operational,VA,Loudoun,38.9483832,-77.5558692,building,CANDIDATE,high,242344.7,,12.71955680847168,0.065,1,0.095,1,0.175,1,1.0,1.0,very_low,0.6888888888888889,1.0,0.59375,1.0,0.5594470046082949,2.0,False
dc_b365760cf1a8,Amazon Web Services,Amazon Web Services,hyperscale,operational,OR,Umatilla,45.9019,-119.3205,building,VERIFIED,high,227376.5,,2.1825551986694336,0.055,1,0.08499999999999999,1,0.14500000000000002,1,6.0,,non_burnable,0.6888888888888889,5.0,0.609375,5.0,0.44516129032258067,5.0,False
dc_0f5514724b8f,Amazon Web Services,Amazon Web Services,hyperscale,operational,OR,Umatilla,45.9027657,-119.3204918,building,pending,high,217425.5,,2.1825551986694336,0.055,1,0.08499999999999999,1,0.14500000000000002,1,6.0,,non_burnable,0.6888888888888889,5.0,0.62109375,5.0,0.44516129032258067,5.0,False
dc_c7365e51dba0,Amazon Web Services,Amazon Web Services,hyperscale,operational,OR,Umatilla,45.9038538,-119.3204774,building,pending,high,219900.4,,2.1825551986694336,0.055,1,0.08499999999999999,1,0.14500000000000002,1,6.0,,non_burnable,0.7777777777777778,5.0,0.62109375,5.0,0.4470046082949309,5.0,False
dc_8e0b128bc5f7,Amazon Web Services,Amazon Web Services,hyperscale,operational,OR,Umatilla,45.9050998,-119.3201446,building,CANDIDATE,high,219736.0,,2.1825551986694336,0.055,1,0.08499999999999999,1,0.14500000000000002,1,1.0,1.0,very_low,0.7333333333333333,4.0,0.6171875,5.0,0.45622119815668205,5.0,False
dc_9acc4e51969d,Amazon Web Services,Amazon Web Services,hyperscale,operational,OR,Morrow,45.8469,-119.6038,building,VERIFIED,high,17522.9,,1.9345662593841553,0.055,1,0.095,1,0.155,1,6.0,,non_burnable,0.3111111111111111,1.0,0.32421875,2.0,0.28847926267281104,4.0,False
dc_782851ca8777,Amazon Web Services,Amazon Web Services,hyperscale,operational,OR,Umatilla,45.9157234,-119.2699703,building,pending,high,15313.9,,2.1825551986694336,0.055,1,0.08499999999999999,1,0.14500000000000002,1,6.0,,non_burnable,0.7333333333333333,4.0,0.67578125,5.0,0.504147465437788,5.0,False
dc_b6941fc8a5af,,,unknown,operational,VA,Loudoun,39.0696487,-77.5607711,building,VERIFIED,high,242639.9,,11.454973220825195,0.055,1,0.095,1,0.175,1,2.0,2.0,low,0.7777777777777778,2.0,0.6484375,2.0,0.6230414746543779,2.0,False
dc_d10d2ffca929,,,unknown,operational,VA,Loudoun,39.069906,-77.559458,building,CANDIDATE,high,247061.4,,11.454973220825195,0.055,1,0.095,1,0.175,1,2.0,2.0,low,0.7777777777777778,2.0,0.66796875,2.0,0.6027649769585254,2.0,False
dc_af15da12f636,Meta Henrico Data Center,Meta,hyperscale,operational,VA,Henrico,37.4778562,-77.2264818,building,VERIFIED,high,604697.2,,13.860154151916504,0.07500000000000001,1,0.135,1,0.255,1,2.0,2.0,low,0.7333333333333333,2.0,0.78515625,3.0,0.8387096774193549,3.0,False
dc_9641476d2168,QTS,Quality Technology Services,colocation,operational,AZ,Maricopa,33.4608806,-111.9971562,building,UNRESOLVABLE,high,156514.0,,7.883434772491455,0.025,1,0.035,1,0.065,1,4.0,4.0,high,0.1111111111111111,5.0,0.07421875,5.0,0.11428571428571428,5.0,False
dc_ff85876636d4,FiberState Datacenter,,unknown,operational,UT,Salt Lake,40.5114517,-111.8882555,building,pending,high,10425.2,,5.014902114868164,0.175,1,0.28500000000000003,1,0.475,1,6.0,,non_burnable,0.08888888888888889,3.0,0.1953125,3.0,0.3013824884792627,5.0,False
dc_cbea6272623c,,,unknown,operational,IL,Madison,38.8105602,-89.9487033,building,pending,high,204.8,,15.1636962890625,0.155,1,0.245,1,0.425,1,6.0,,non_burnable,0.35555555555555557,1.0,0.3984375,1.0,0.4184331797235023,1.0,False
dc_451e126116e7,CoreSite Reston Campus VA2,CoreSite,colocation,operational,VA,Fairfax,38.9514551,-77.363999,building,pending,high,40517.6,,13.629328727722168,0.055,1,0.095,1,0.175,1,6.0,,non_burnable,0.06666666666666667,1.0,0.2578125,1.0,0.38894009216589864,1.0,False
dc_978ee4734a31,AWS IAD105,Amazon Web Services,hyperscale,operational,VA,Prince William,38.7475999,-77.51948,building,VERIFIED,high,214270.4,,12.71955680847168,0.065,1,0.10500000000000001,1,0.185,1,6.0,,non_burnable,0.3333333333333333,2.0,0.37890625,2.0,0.3778801843317972,2.0,False
dc_6bda20d02c25,AWS IAD104,Amazon Web Services,hyperscale,operational,VA,Prince William,38.7483699,-77.5207001,building,pending,high,214258.8,,12.71955680847168,0.065,1,0.10500000000000001,1,0.185,1,6.0,,non_burnable,0.3333333333333333,2.0,0.3984375,2.0,0.3778801843317972,2.0,False
dc_e60910dea260,QTS Manassas DC1,Quality Technology Services,colocation,operational,VA,Prince William,38.7525433,-77.513108,building,pending,high,123471.4,,12.71955680847168,0.065,1,0.10500000000000001,1,0.185,1,6.0,,non_burnable,0.26666666666666666,2.0,0.32421875,2.0,0.33087557603686635,2.0,False
dc_607669b8392b,,,unknown,operational,MD,Howard,39.133687,-76.8514344,building,pending,high,112206.0,,14.052087783813477,0.055,1,0.095,1,0.165,1,1.0,1.0,very_low,0.5333333333333333,1.0,0.5234375,1.0,0.46912442396313364,1.0,False
dc_2f34cf65f086,Meta,Meta,hyperscale,operational,OR,Crook,44.3016719,-120.8945866,building,AMBIGUOUS,high,455402.3,,2.428783893585205,0.045,1,0.065,1,0.10500000000000001,1,3.0,3.0,moderate,0.7111111111111111,4.0,0.6953125,4.0,0.6811059907834102,4.0,False
dc_cb36d1bfe77c,Meta,Meta,hyperscale,operational,OR,Crook,44.29922,-120.89458,building,CANDIDATE,high,241184.1,,2.428783893585205,0.045,1,0.065,1,0.10500000000000001,1,3.0,3.0,moderate,0.6888888888888889,4.0,0.70703125,4.0,0.688479262672811,4.0,False
dc_1f13f2e4e800,Digital Realty PDX11 Data Center,Digital Realty,colocation,operational,OR,Washington,45.56834,-122.91998,building,VERIFIED,high,287848.6,,0.49183908104896545,0.175,1,0.28500000000000003,1,0.46499999999999997,1,6.0,,non_burnable,0.15555555555555556,1.0,0.19140625,2.0,0.31152073732718893,2.0,False
dc_c0c1e9788a37,Datacenter (386),UChicago Argonne LLC,unknown,operational,IL,DuPage,41.7071342,-87.9759559,building,pending,high,12413.2,,16.118194580078125,0.035,1,0.055,1,0.10500000000000001,1,6.0,,non_burnable,0.5333333333333333,1.0,0.7421875,1.0,0.4414746543778802,1.0,False
dc_40e30e32f22b,Amazon Web Services,Amazon Web Services,hyperscale,operational,OH,Franklin,40.10185,-83.19975,building,VERIFIED,high,150776.6,,15.455096244812012,0.035,1,0.065,1,0.10500000000000001,1,6.0,,non_burnable,0.17777777777777778,1.0,0.18359375,1.0,0.2129032258064516,1.0,False
dc_a5676724cc7b,Amazon Web Services,Amazon Web Services,hyperscale,operational,OH,Franklin,40.10077,-83.19947,building,VERIFIED,high,150211.9,,15.455096244812012,0.035,1,0.065,1,0.10500000000000001,1,6.0,,non_burnable,0.15555555555555556,1.0,0.171875,1.0,0.2129032258064516,1.0,False
dc_8af951b34bae,Amazon Web Services,Amazon Web Services,hyperscale,operational,OH,Franklin,40.0997864,-83.1992645,building,pending,high,131786.6,,15.455096244812012,0.035,1,0.065,1,0.10500000000000001,1,6.0,,non_burnable,0.15555555555555556,1.0,0.1640625,1.0,0.2129032258064516,1.0,False
dc_f1fa89442e45,NTT Chicago CH1,NTT,colocation,operational,IL,DuPage,41.9879619,-88.0072217,building,pending,high,113536.1,,17.22007942199707,0.035,1,0.055,1,0.095,1,6.0,,non_burnable,0.08888888888888889,1.0,0.1328125,1.0,0.2248847926267281,1.0,False
dc_fde7fcc462d1,,West Wisconsin Telcom,unknown,operational,WI,Dunn,44.8771653,-91.9199989,building,pending,high,3368.2,1.0,8.44190502166748,0.005,1,0.015,1,0.025,1,6.0,,non_burnable,0.24444444444444444,1.0,0.4140625,1.0,0.4774193548387097,1.0,False
dc_a7a75774014b,CoreSite SV7,CoreSite,colocation,operational,CA,Santa Clara,37.3760788,-121.9730567,building,pending,high,60989.2,,0.12219325453042984,0.525,1,0.665,1,0.865,1,6.0,,non_burnable,0.0,0.0,0.0078125,3.0,0.060829493087557605,4.0,False
dc_a01ca4642c9f,Meta Huntsville Data center,Meta,hyperscale,operational,AL,Madison,34.8473235,-86.6269189,building,VERIFIED,high,578343.0,,18.687423706054688,0.08499999999999999,1,0.125,1,0.20500000000000002,1,2.0,2.0,low,0.6666666666666666,3.0,0.48046875,3.0,0.4857142857142857,3.0,False
dc_7c600bd05cc6,Meta Huntsville Data center,Meta,hyperscale,operational,AL,Madison,34.8434819,-86.6288559,building,VERIFIED,high,352651.6,,18.687423706054688,0.08499999999999999,1,0.125,1,0.20500000000000002,1,6.0,,non_burnable,0.4888888888888889,3.0,0.50390625,3.0,0.511520737327189,3.0,False
dc_62fa7efb5bab,Meta Huntsville Data center,Meta,hyperscale,operational,AL,Madison,34.84044,-86.62883,building,VERIFIED,high,857149.7,,18.687423706054688,0.08499999999999999,1,0.125,1,0.20500000000000002,1,6.0,,non_burnable,0.4444444444444444,3.0,0.51171875,3.0,0.5225806451612903,3.0,False
dc_1ce5c0466dac,Amazon Web Services,Amazon Web Services,hyperscale,operational,VA,Loudoun,38.97923,-77.41999,building,VERIFIED,high,129567.1,,13.629328727722168,0.055,1,0.095,1,0.175,1,1.0,1.0,very_low,0.24444444444444444,1.0,0.2421875,1.0,0.29308755760368665,1.0,False
dc_e6229de1ac08,Microsoft EAT03,Microsoft,hyperscale,operational,WA,Douglas,47.4169,-120.2084,building,VERIFIED,high,235418.9,,0.9799042344093323,0.08499999999999999,1,0.125,1,0.20500000000000002,1,2.0,2.0,low,0.8444444444444444,4.0,0.79296875,4.0,0.7410138248847926,4.0,False
dc_07743f0f8a70,Microsoft EAT04,Microsoft,hyperscale,operational,WA,Douglas,47.4197,-120.214,building,VERIFIED,high,234835.0,,0.9799042344093323,0.08499999999999999,1,0.125,1,0.20500000000000002,1,2.0,2.0,low,0.9111111111111111,3.0,0.796875,4.0,0.7170506912442396,4.0,False
dc_329262a4db4d,Microsoft,Microsoft,hyperscale,operational,IA,Dallas,41.5349901,-93.8634444,building,AMBIGUOUS,high,250487.0,,14.173967361450195,0.015,1,0.025,1,0.045,1,6.0,,non_burnable,0.2,1.0,0.4375,2.0,0.49953917050691243,2.0,False
dc_e59e36c03e54,Google: Arcola 2,Google,hyperscale,operational,VA,Loudoun,38.9418116,-77.5274514,building,pending,high,289890.1,,12.71955680847168,0.065,1,0.095,1,0.175,1,1.0,1.0,very_low,0.4888888888888889,1.0,0.5859375,1.0,0.528110599078341,1.0,False
dc_3253db789188,,,unknown,operational,TX,Dallas,32.8947608,-96.9819377,building,pending,high,141788.7,,18.841638565063477,0.025,1,0.035,1,0.065,1,6.0,,non_burnable,0.15555555555555556,2.0,0.25,2.0,0.22580645161290322,3.0,False
dc_334b14b79218,Amazon IAD603,Amazon Web Services,hyperscale,operational,VA,Loudoun,38.9815444,-77.4193612,building,pending,high,14733.1,,13.629328727722168,0.055,1,0.095,1,0.175,1,6.0,,non_burnable,0.2,1.0,0.2265625,1.0,0.29493087557603687,1.0,False
dc_0ec1cdf95464,,,unknown,operational,WY,Laramie,41.1254028,-104.9075519,building,AMBIGUOUS,high,29178.2,,9.383162498474121,0.055,1,0.08499999999999999,1,0.14500000000000002,1,6.0,,non_burnable,0.6222222222222222,3.0,0.875,3.0,0.895852534562212,3.0,False
dc_06c6e7b867a1,,,unknown,operational,WY,Laramie,41.1264379,-104.8995158,building,AMBIGUOUS,high,33657.4,,9.383162498474121,0.055,1,0.08499999999999999,1,0.14500000000000002,1,6.0,,non_burnable,0.7111111111111111,2.0,0.8671875,3.0,0.8552995391705069,3.0,False
dc_38efcce0825d,,,unknown,operational,WY,Laramie,41.1254,-104.902,building,CANDIDATE,high,51590.7,,9.383162498474121,0.055,1,0.08499999999999999,1,0.14500000000000002,1,6.0,,non_burnable,0.6666666666666666,2.0,0.87109375,3.0,0.8691244239631336,3.0,False
dc_895c21fc08cb,,,unknown,operational,WY,Laramie,41.122266,-104.9081423,building,VERIFIED,high,218420.2,,9.383162498474121,0.055,1,0.08499999999999999,1,0.14500000000000002,1,6.0,,non_burnable,0.6666666666666666,3.0,0.890625,3.0,0.895852534562212,3.0,False
dc_7804a006dda2,,,unknown,operational,WY,Laramie,41.1222462,-104.9095169,building,VERIFIED,high,216879.5,,9.383162498474121,0.055,1,0.08499999999999999,1,0.14500000000000002,1,1.0,1.0,very_low,0.7111111111111111,3.0,0.890625,3.0,0.9087557603686636,3.0,False
dc_02a45ce844d8,Amazon IAD86,Amazon Web Services,hyperscale,operational,VA,Loudoun,38.9172562,-77.4956744,building,pending,high,150112.5,,13.629328727722168,0.065,1,0.095,1,0.175,1,6.0,,non_burnable,0.3333333333333333,1.0,0.48046875,1.0,0.5419354838709678,1.0,False
dc_a11921ca0756,Amazon IAD130,Amazon Web Services,hyperscale,operational,VA,Prince William,38.7603606,-77.5193019,building,pending,high,103128.7,,12.71955680847168,0.065,1,0.10500000000000001,1,0.185,1,6.0,,non_burnable,0.4,2.0,0.31640625,2.0,0.3336405529953917,2.0,False
dc_d49e6fd6c32a,Amazon IAD131,Amazon Web Services,hyperscale,operational,VA,Prince William,38.7611048,-77.518221,building,pending,high,104697.2,,12.71955680847168,0.065,1,0.10500000000000001,1,0.185,1,1.0,1.0,very_low,0.28888888888888886,1.0,0.31640625,2.0,0.33640552995391704,2.0,False
dc_f9ad1aa121d1,Meta Data Center,Meta,hyperscale,operational,MO,Clay,39.32263,-94.59808,building,VERIFIED,high,615937.8,,20.675199508666992,0.025,1,0.045,1,0.065,1,6.0,,non_burnable,0.35555555555555557,2.0,0.4921875,3.0,0.5889400921658986,3.0,False
dc_6216c49b2a10,QTS Ashburn-Shellhorn DC2,Quality Technology Services,colocation,operational,VA,Loudoun,38.9987099,-77.4743264,building,pending,high,152471.6,,13.629328727722168,0.055,1,0.095,1,0.175,1,1.0,1.0,very_low,0.6888888888888889,1.0,0.44921875,1.0,0.35207373271889403,1.0,False
dc_45a130be2be9,QTS Ashburn Lockridge,Quality Technology Services,colocation,operational,VA,Loudoun,38.9953067,-77.455264,building,pending,high,153253.8,,13.629328727722168,0.055,1,0.095,1,0.175,1,1.0,1.0,very_low,0.4666666666666667,1.0,0.4140625,1.0,0.34654377880184334,1.0,False
dc_646e4da4cdc0,QTS Ashburn Lockridge,Quality Technology Services,colocation,operational,VA,Loudoun,38.99518,-77.45682,building,VERIFIED,high,135570.9,,13.629328727722168,0.055,1,0.095,1,0.175,1,1.0,1.0,very_low,0.4666666666666667,1.0,0.421875,1.0,0.34654377880184334,1.0,False
dc_068c81dbe338,Amazon IAD192,Amazon Web Services,hyperscale,operational,VA,Loudoun,38.9896,-77.4348,building,VERIFIED,high,132942.2,,13.629328727722168,0.055,1,0.095,1,0.175,1,1.0,1.0,very_low,0.17777777777777778,1.0,0.23046875,1.0,0.31797235023041476,1.0,False
dc_f289518407b9,,,unknown,operational,VA,Loudoun,39.017043,-77.4733379,building,UNRESOLVABLE,high,91264.6,,13.613815307617188,0.055,1,0.095,1,0.175,1,6.0,,non_burnable,0.1111111111111111,1.0,0.34375,1.0,0.3262672811059908,1.0,False
dc_ca426d800c5e,NTT Ashburn VA8 Data Centre,NTT,colocation,operational,VA,Loudoun,39.02044,-77.47551,building,VERIFIED,high,111241.8,,13.613815307617188,0.055,1,0.095,1,0.175,1,1.0,1.0,very_low,0.13333333333333333,1.0,0.26171875,1.0,0.31797235023041476,1.0,False
dc_24d87e9fe5e5,DataBank Ashburn IAD3,DataBank,colocation,operational,VA,Loudoun,39.0179043,-77.4818188,building,pending,high,146234.5,,13.613815307617188,0.055,1,0.095,1,0.175,1,6.0,,non_burnable,0.26666666666666666,1.0,0.30078125,1.0,0.33087557603686635,1.0,False
dc_89af903960ac,PowerHouse ABX-1,PowerHouse,unknown,operational,VA,Loudoun,39.0195992,-77.4504568,building,CANDIDATE,high,131309.3,,13.613815307617188,0.055,1,0.095,1,0.175,1,6.0,,non_burnable,0.37777777777777777,1.0,0.32421875,1.0,0.3170506912442396,1.0,False
dc_351caa7b27c5,Cologix ASH1,Cologix,colocation,operational,VA,Loudoun,39.017186,-77.457688,building,CANDIDATE,high,158127.2,,13.613815307617188,0.055,1,0.095,1,0.175,1,6.0,,non_burnable,0.17777777777777778,1.0,0.36328125,1.0,0.3170506912442396,1.0,False
dc_2187c39b38fe,Meta,Meta,hyperscale,operational,NM,Valencia,34.82588,-106.77889,building,VERIFIED,high,588491.5,,10.36793041229248,0.065,1,0.10500000000000001,1,0.185,1,6.0,,non_burnable,0.6444444444444445,3.0,0.75390625,3.0,0.7723502304147466,3.0,False
dc_be1a71831407,,,unknown,operational,WA,Grant,47.2448126,-119.8180948,building,AMBIGUOUS,high,280235.5,,1.113155484199524,0.07500000000000001,1,0.10500000000000001,1,0.175,1,6.0,,non_burnable,0.24444444444444444,1.0,0.234375,1.0,0.35023041474654376,4.0,False
dc_6e1ef83981b4,,,unknown,operational,WA,Grant,47.2442897,-119.8148063,building,VERIFIED,high,147278.7,,1.113155484199524,0.07500000000000001,1,0.10500000000000001,1,0.175,1,6.0,,non_burnable,0.2222222222222222,1.0,0.2421875,1.0,0.3336405529953917,4.0,False
dc_b90668346127,Lightedge Des Moines 2,,unknown,operational,IA,Polk,41.666814,-93.4559432,building,pending,high,56626.5,,12.898967742919922,0.015,1,0.025,1,0.045,1,6.0,,non_burnable,0.2,1.0,0.19921875,1.0,0.18433179723502305,1.0,False
dc_fcf51a120a52,QTS Suwanee,Quality Technology Services,colocation,operational,GA,Gwinnett,34.0361545,-84.0593468,building,AMBIGUOUS,high,1452042.4,,16.0975399017334,0.065,1,0.095,1,0.155,1,6.0,,non_burnable,0.26666666666666666,3.0,0.35546875,3.0,0.3815668202764977,3.0,False
dc_55447331648c,,,unknown,operational,NV,Washoe,39.5697107,-119.5378592,building,VERIFIED,high,89816.7,,1.7456742525100708,0.215,1,0.315,1,0.455,1,1.0,1.0,very_low,0.6444444444444445,3.0,0.7734375,4.0,0.8912442396313364,5.0,False
dc_eb8ab216ce0f,,,unknown,operational,NV,Washoe,39.570053,-119.537092,building,VERIFIED,high,89816.2,,1.7456742525100708,0.215,1,0.315,1,0.455,1,6.0,,non_burnable,0.6444444444444445,3.0,0.7734375,4.0,0.8884792626728111,4.0,False
dc_ccf5e5778bb2,,,unknown,operational,NV,Washoe,39.57059,-119.53603,building,CANDIDATE,high,89821.9,,1.7456742525100708,0.215,1,0.315,1,0.455,1,6.0,,non_burnable,0.6666666666666666,3.0,0.7734375,4.0,0.8875576036866359,4.0,False
dc_26b206933be4,,,unknown,operational,NV,Washoe,39.5709863,-119.5353174,building,CANDIDATE,high,89824.2,,1.7456742525100708,0.215,1,0.315,1,0.455,1,6.0,,non_burnable,0.6666666666666666,3.0,0.76171875,4.0,0.8875576036866359,4.0,False
dc_64a34293fec1,Carrier Services Group,,unknown,operational,OH,Mahoning,41.041059,-80.633078,building,pending,high,75379.5,,10.923550605773926,0.025,1,0.045,1,0.07500000000000001,1,6.0,,non_burnable,0.3333333333333333,1.0,0.171875,1.0,0.30046082949308756,1.0,False
dc_82df444c36ba,Flexential Nashville - Cool Springs,Flexential,colocation,operational,TN,Williamson,35.951045,-86.833406,building,pending,high,69261.5,,16.486181259155273,0.08499999999999999,1,0.135,1,0.225,1,6.0,,non_burnable,0.37777777777777777,1.0,0.35546875,1.0,0.5152073732718894,1.0,False
dc_c2b297bd8c6e,,,unknown,operational,WI,Columbia,43.6383333,-89.7214027,building,UNRESOLVABLE,high,361.6,,6.929514408111572,0.015,1,0.025,1,0.035,1,2.0,2.0,low,0.5333333333333333,3.0,0.64453125,4.0,0.5649769585253456,4.0,False
dc_404bbc86384a,Gallatin Data Center,Meta,hyperscale,operational,TN,Sumner,36.4084957,-86.3716203,campus_centroid,AMBIGUOUS,high,17045021.7,,15.3280611038208,0.07500000000000001,1,0.11499999999999999,1,0.185,1,6.0,,non_burnable,0.35555555555555557,1.0,0.6484375,1.0,0.7188940092165899,1.0,False
dc_cc8fe699ab97,Aligned Data Center - Chicago ORD-01,Aligned,colocation,operational,IL,Cook,41.9140034,-87.9175163,building,pending,high,194551.3,,16.118194580078125,0.035,1,0.055,1,0.095,1,6.0,,non_burnable,0.022222222222222223,1.0,0.0390625,1.0,0.055299539170506916,1.0,False
dc_e750446c0bc0,Aligned Data Center - Chicago ORD-02,Aligned,colocation,operational,IL,Cook,41.9129628,-87.9175895,building,pending,high,111422.8,,16.118194580078125,0.035,1,0.055,1,0.095,1,6.0,,non_burnable,0.022222222222222223,1.0,0.0390625,1.0,0.055299539170506916,1.0,False
dc_132750142234,,,unknown,operational,IL,Cook,42.0231434,-87.9721861,building,pending,high,110472.0,,14.088419914245605,0.035,1,0.055,1,0.095,1,6.0,,non_burnable,0.022222222222222223,1.0,0.16015625,1.0,0.17695852534562212,1.0,False
dc_e3402b9266d8,T5 Chicago II,T5 Data Centers,unknown,operational,IL,Cook,42.023067,-87.974905,building,VERIFIED,high,163237.6,,14.088419914245605,0.035,1,0.055,1,0.095,1,6.0,,non_burnable,0.0,0.0,0.1796875,1.0,0.1824884792626728,1.0,False
dc_fb65457c05e8,Cortex supercomputer,,unknown,operational,TX,Travis,30.2156048,-97.6189387,building,CANDIDATE,high,426158.4,,13.630367279052734,0.015,1,0.015,1,0.035,1,2.0,2.0,low,0.8888888888888888,3.0,0.75390625,3.0,0.7004608294930875,3.0,False
dc_f7e12f7229a2,AWS IAD106,Amazon Web Services,hyperscale,operational,VA,Prince William,38.74698,-77.51852,building,CANDIDATE,high,205206.9,,12.71955680847168,0.065,1,0.10500000000000001,1,0.185,1,6.0,,non_burnable,0.3333333333333333,2.0,0.37890625,2.0,0.3778801843317972,2.0,False
dc_4f4a0b432dc9,Google NBY-2,Google,hyperscale,operational,OH,Licking,40.0596182,-82.7644645,building,pending,high,142254.2,2.0,14.810942649841309,0.035,1,0.055,1,0.095,1,6.0,,non_burnable,0.4666666666666667,1.0,0.5,1.0,0.511520737327189,1.0,False
dc_7b586018e4c3,Amazon Web Services,Amazon Web Services,hyperscale,operational,VA,Loudoun,38.9491488,-77.5235942,building,pending,high,14235.7,,12.71955680847168,0.065,1,0.095,1,0.175,1,6.0,,non_burnable,0.6666666666666666,1.0,0.64453125,1.0,0.5308755760368664,1.0,False
dc_232553a6ff95,CyrusOne OCB1 Council Bluffs,CyrusOne,colocation,operational,IA,Pottawattamie,41.21229,-95.87804,building,VERIFIED,high,351991.8,,17.158601760864258,0.015,1,0.025,1,0.045,1,1.0,1.0,very_low,0.2222222222222222,3.0,0.26171875,3.0,0.3622119815668203,5.0,False
dc_68b508c5ceaf,Amazon Web Services,Amazon Web Services,hyperscale,operational,OR,Morrow,45.8361,-119.69405,building,VERIFIED,high,213839.6,,1.9345662593841553,0.055,1,0.095,1,0.155,1,1.0,1.0,very_low,0.5777777777777777,3.0,0.4140625,3.0,0.3161290322580645,4.0,False
dc_2c47a18367ee,Novartis,,unknown,operational,TX,Tarrant,32.6512011,-97.3196729,building,pending,high,42691.7,,17.917001724243164,0.025,1,0.035,1,0.055,1,6.0,,non_burnable,0.2,2.0,0.21875,3.0,0.2838709677419355,4.0,False
dc_bf2eef1439d6,Equinix SV11,Equinix,colocation,operational,CA,Santa Clara,37.242615,-121.7840216,building,pending,high,76977.4,,0.12219325453042984,0.615,1,0.785,1,1.025,1,6.0,,non_burnable,0.08888888888888889,3.0,0.22265625,4.0,0.5059907834101383,5.0,False
dc_9b042aff160a,Amazon IAD103,Amazon Web Services,hyperscale,operational,VA,Prince William,38.7369848,-77.5040881,building,pending,high,141914.9,,12.71955680847168,0.065,1,0.10500000000000001,1,0.185,1,2.0,2.0,low,0.4444444444444444,2.0,0.33203125,2.0,0.40829493087557606,2.0,False
dc_10369a8df37e,CloudHQ MCC3,CloudHQ,unknown,operational,VA,Prince William,38.71502,-77.49512,building,VERIFIED,high,122891.9,,13.629328727722168,0.065,1,0.10500000000000001,1,0.185,1,2.0,2.0,low,0.6666666666666666,2.0,0.5234375,2.0,0.5953917050691244,2.0,False
dc_3b1559745c3a,CyrusOne PHX8,,colocation,operational,AZ,Maricopa,33.2663278,-111.8833041,building,pending,high,138766.8,,7.883434772491455,0.025,1,0.035,1,0.055,1,6.0,,non_burnable,0.2,4.0,0.3203125,4.0,0.27741935483870966,5.0,False
dc_6d2fa97e9079,CyrusOne PHX3,,colocation,operational,AZ,Maricopa,33.2719163,-111.8816269,building,pending,high,107618.9,,7.883434772491455,0.025,1,0.035,1,0.055,1,4.0,4.0,high,0.17777777777777778,4.0,0.30859375,5.0,0.2552995391705069,5.0,False
dc_39ca538ce865,CyrusOne PHX4,,colocation,operational,AZ,Maricopa,33.2718093,-111.8832625,building,pending,high,108957.4,,7.883434772491455,0.025,1,0.035,1,0.055,1,4.0,4.0,high,0.2,4.0,0.34765625,5.0,0.2552995391705069,5.0,False
dc_7af833dd4dce,Vantage VA13,Vantage Data Centers,colocation,operational,VA,Loudoun,39.0032126,-77.440175,building,CANDIDATE,high,122895.5,,13.613815307617188,0.055,1,0.095,1,0.175,1,1.0,1.0,very_low,0.15555555555555556,1.0,0.28125,1.0,0.3207373271889401,1.0,False
dc_f8de9711b6d9,Lightedge Des Moines 1,,unknown,operational,IA,Polk,41.6676628,-93.4554841,building,pending,high,30078.9,,12.898967742919922,0.015,1,0.025,1,0.045,1,6.0,,non_burnable,0.2222222222222222,1.0,0.19921875,1.0,0.18433179723502305,1.0,False
dc_5bfc1aecb5cf,Yahoo,Yahoo,unknown,operational,NE,Sarpy,41.18048,-96.08488,building,VERIFIED,high,237692.1,,15.336313247680664,0.015,1,0.025,1,0.045,1,6.0,,non_burnable,0.15555555555555556,2.0,0.18359375,3.0,0.16682027649769585,4.0,False
dc_b96977f6c390,,CenturyLink,unknown,operational,NM,Doña Ana,32.3096657,-106.7291929,building,UNRESOLVABLE,high,31837.1,,7.845077991485596,0.025,1,0.035,1,0.08499999999999999,1,6.0,,non_burnable,0.26666666666666666,1.0,0.3984375,2.0,0.4645161290322581,3.0,False
dc_7cd73fdda023,Verizon North Las Vegas,Verizon,unknown,operational,NV,Clark,36.2218945,-115.1470466,building,pending,high,25096.3,,3.602787733078003,0.07500000000000001,1,0.11499999999999999,1,0.185,1,6.0,,non_burnable,0.2222222222222222,1.0,0.1875,2.0,0.12995391705069123,2.0,False
dc_0549b113a011,Google,Google,hyperscale,operational,NE,Sarpy,41.1349,-96.1443,building,VERIFIED,high,292942.2,,15.336313247680664,0.015,1,0.025,1,0.045,1,6.0,,non_burnable,0.24444444444444444,2.0,0.2578125,3.0,0.25622119815668204,4.0,False
dc_51a81e12c581,Google,Google,hyperscale,operational,NE,Sarpy,41.1343926,-96.1559041,building,VERIFIED,high,297439.1,,15.336313247680664,0.015,1,0.025,1,0.045,1,6.0,,non_burnable,0.2222222222222222,1.0,0.2734375,3.0,0.2552995391705069,4.0,False
dc_f68c00c4207e,Involta Independence,,unknown,operational,OH,Cuyahoga,41.361071,-81.6327814,building,pending,high,26393.5,,14.31541633605957,0.025,1,0.045,1,0.095,1,6.0,,non_burnable,0.4888888888888889,1.0,0.62109375,1.0,0.584331797235023,1.0,False
dc_d0d2390b75ed,Bloomberg Data Center,Bloomberg,unknown,operational,NY,Rockland,41.0361943,-73.9876261,building,pending,high,182539.6,,6.558852672576904,0.10500000000000001,1,0.175,1,0.345,1,6.0,,non_burnable,0.26666666666666666,5.0,0.3984375,5.0,0.47096774193548385,5.0,False
dc_00b2737ad841,fifteenfortyseven CSR ORNY1,fifteenfortyseven Critical Systems Realty,unknown,operational,NY,Rockland,41.0344926,-73.9757865,building,pending,high,151516.2,,6.558852672576904,0.10500000000000001,1,0.175,1,0.345,1,6.0,,non_burnable,0.3111111111111111,5.0,0.37890625,5.0,0.49216589861751153,5.0,False
dc_091d046182c5,Stack Infrastructure - POR03,Stack Infrastructure,colocation,operational,OR,Washington,45.55415,-122.93941,building,VERIFIED,high,91092.6,,0.49183908104896545,0.175,1,0.28500000000000003,1,0.455,1,6.0,,non_burnable,0.37777777777777777,2.0,0.19921875,2.0,0.21935483870967742,2.0,False
dc_6ff36699e16a,Stack Infrastructure - POR03,Stack Infrastructure,colocation,operational,OR,Washington,45.554283,-122.940567,building,VERIFIED,high,93274.7,,0.49183908104896545,0.175,1,0.28500000000000003,1,0.455,1,6.0,,non_burnable,0.3333333333333333,2.0,0.19140625,2.0,0.21658986175115208,2.0,False
dc_2a1d188ac87d,Stack Infrastructure - POR03,Stack Infrastructure,colocation,operational,OR,Washington,45.5528982,-122.9379804,building,AMBIGUOUS,high,97942.2,,0.49183908104896545,0.175,1,0.28500000000000003,1,0.455,1,6.0,,non_burnable,0.3111111111111111,2.0,0.19140625,2.0,0.21566820276497695,2.0,False
dc_2d174e33a292,Amazon Web Services,Amazon Web Services,hyperscale,operational,VA,Fairfax,38.9043442,-77.4524692,building,AMBIGUOUS,high,120946.6,,13.629328727722168,0.065,1,0.095,1,0.175,1,6.0,,non_burnable,0.24444444444444444,1.0,0.38671875,1.0,0.4258064516129032,1.0,False
dc_1f8be8294d52,Amazon Web Services,Amazon Web Services,hyperscale,operational,VA,Fairfax,38.90492,-77.45475,building,VERIFIED,high,118988.3,,13.629328727722168,0.065,1,0.095,1,0.175,1,6.0,,non_burnable,0.2222222222222222,1.0,0.421875,1.0,0.4258064516129032,1.0,False
dc_0df484691fd4,Amazon Web Services,Amazon Web Services,hyperscale,operational,VA,Loudoun,38.9159035,-77.4905509,building,pending,high,87645.5,,13.629328727722168,0.065,1,0.095,1,0.175,1,6.0,,non_burnable,0.4888888888888889,1.0,0.52734375,1.0,0.5364055299539171,1.0,False
dc_e5ee534a8f75,Amazon Web Services,Amazon Web Services,hyperscale,operational,VA,Loudoun,38.9149908,-77.4909743,building,AMBIGUOUS,high,13879.3,,13.629328727722168,0.065,1,0.095,1,0.175,1,6.0,,non_burnable,0.4666666666666667,1.0,0.5234375,1.0,0.5364055299539171,1.0,False
dc_abb797b53b98,Amazon Web Services CMH62,Amazon Web Services,hyperscale,operational,OH,Licking,40.0929864,-82.7476276,building,pending,high,136329.8,,14.810942649841309,0.035,1,0.055,1,0.095,1,1.0,1.0,very_low,0.4444444444444444,1.0,0.453125,1.0,0.45806451612903226,1.0,False
dc_65aed79b4274,Amazon Web Services,Amazon Web Services,hyperscale,operational,OH,Licking,40.0934344,-82.7321669,building,pending,high,214329.5,,14.810942649841309,0.035,1,0.055,1,0.095,1,6.0,,non_burnable,0.4444444444444444,1.0,0.4140625,1.0,0.46543778801843316,1.0,False
dc_4b83d9872e2e,Amazon Web Services,Amazon Web Services,hyperscale,operational,OH,Licking,40.0921679,-82.7275475,building,VERIFIED,high,214261.8,,14.810942649841309,0.035,1,0.055,1,0.095,1,6.0,,non_burnable,0.5111111111111111,1.0,0.40234375,1.0,0.4700460829493088,1.0,False
dc_9853927b6203,Amazon Web Services,Amazon Web Services,hyperscale,operational,OH,Licking,40.0929609,-82.7265106,building,pending,high,14223.3,,14.810942649841309,0.035,1,0.055,1,0.095,1,6.0,,non_burnable,0.5111111111111111,1.0,0.45703125,1.0,0.4700460829493088,1.0,False
dc_c878c41c84a1,Amazon Web Services,Amazon Web Services,hyperscale,operational,OH,Union,40.11726,-83.20197,building,VERIFIED,high,218032.7,,15.455096244812012,0.035,1,0.065,1,0.10500000000000001,1,6.0,,non_burnable,0.2222222222222222,1.0,0.21484375,1.0,0.26359447004608294,1.0,False
dc_b17651764b5b,,Amazon Web Services,hyperscale,operational,OH,Union,40.1173912,-83.2020737,building,pending,high,213349.2,,15.455096244812012,0.035,1,0.065,1,0.10500000000000001,1,6.0,,non_burnable,0.24444444444444444,1.0,0.21484375,1.0,0.26359447004608294,1.0,False
dc_54e21ce1cea4,Amazon Web Services,Amazon Web Services,hyperscale,operational,OH,Union,40.1190307,-83.2002438,building,pending,high,13652.2,,15.455096244812012,0.035,1,0.065,1,0.10500000000000001,1,6.0,,non_burnable,0.17777777777777778,1.0,0.2421875,1.0,0.2709677419354839,1.0,False
dc_b80ac4ec6ffb,Amazon Web Services,Amazon Web Services,hyperscale,operational,OH,Franklin,40.0493536,-83.175465,building,pending,high,220580.5,,15.455096244812012,0.035,1,0.055,1,0.10500000000000001,1,6.0,,non_burnable,0.26666666666666666,1.0,0.234375,1.0,0.20092165898617512,1.0,False
dc_c1dd5309d7d9,,Amazon Web Services,hyperscale,operational,OH,Franklin,40.0481384,-83.1752938,building,pending,high,217845.8,,15.455096244812012,0.035,1,0.055,1,0.10500000000000001,1,6.0,,non_burnable,0.26666666666666666,1.0,0.234375,1.0,0.19907834101382488,1.0,False
dc_704355a73b47,Amazon Web Services,Amazon Web Services,hyperscale,operational,OH,Franklin,40.04815,-83.176833,building,VERIFIED,high,14456.7,,15.455096244812012,0.035,1,0.055,1,0.10500000000000001,1,6.0,,non_burnable,0.2222222222222222,1.0,0.234375,1.0,0.20092165898617512,1.0,False
dc_89fdbc2bf070,Google NBY-3,Google,hyperscale,operational,OH,Licking,40.0579063,-82.7653279,building,CANDIDATE,high,288338.0,1.0,14.810942649841309,0.035,1,0.055,1,0.095,1,1.0,1.0,very_low,0.4222222222222222,1.0,0.5078125,1.0,0.5133640552995392,1.0,False
dc_8e771aedabc9,Google NBY-4,Google,hyperscale,operational,OH,Franklin,40.0593527,-82.7717447,building,CANDIDATE,high,286799.9,1.0,14.810942649841309,0.035,1,0.055,1,0.095,1,1.0,1.0,very_low,0.37777777777777777,1.0,0.54296875,1.0,0.5096774193548387,1.0,False
dc_a565678c206d,NAO 5/NAO 6,Meta,hyperscale,operational,OH,Licking,40.06038,-82.75099,building,CANDIDATE,high,608762.0,,14.810942649841309,0.035,1,0.055,1,0.095,1,1.0,1.0,very_low,0.3111111111111111,1.0,0.4375,1.0,0.49400921658986174,1.0,False
dc_80aeb614dd61,Google,Google,hyperscale,operational,OH,Franklin,39.85208,-82.99484,building,VERIFIED,high,289874.4,,14.319350242614746,0.035,1,0.055,1,0.095,1,6.0,,non_burnable,0.2,1.0,0.390625,1.0,0.376036866359447,1.0,False
dc_4e24d0589219,Google,Google,hyperscale,operational,VA,Prince William,38.7761446,-77.5825144,building,VERIFIED,high,289731.7,,12.71955680847168,0.065,1,0.10500000000000001,1,0.185,1,1.0,1.0,very_low,0.8,2.0,0.40625,2.0,0.4700460829493088,2.0,False
dc_b588afe1a787,Amazon Web Services,Amazon Web Services,hyperscale,operational,OR,Morrow,45.859,-119.6051,building,VERIFIED,high,210570.9,,1.9345662593841553,0.055,1,0.095,1,0.155,1,6.0,,non_burnable,0.3333333333333333,2.0,0.32421875,2.0,0.30783410138248846,5.0,False
dc_9863a01aea38,Amazon Web Services,Amazon Web Services,hyperscale,operational,OR,Morrow,45.860076,-119.6051229,building,VERIFIED,high,211904.7,,1.9345662593841553,0.055,1,0.095,1,0.155,1,6.0,,non_burnable,0.3333333333333333,2.0,0.31640625,2.0,0.30783410138248846,5.0,False
dc_2901313c8c49,Amazon Web Services,Amazon Web Services,hyperscale,operational,OR,Morrow,45.8609677,-119.6051401,building,VERIFIED,high,216528.7,,1.9345662593841553,0.055,1,0.095,1,0.155,1,6.0,,non_burnable,0.3111111111111111,1.0,0.3359375,2.0,0.30783410138248846,5.0,False
dc_f049b1fca45c,Amazon Web Services,Amazon Web Services,hyperscale,operational,OR,Morrow,45.8414702,-119.6517858,building,pending,high,13765.5,,1.9345662593841553,0.055,1,0.095,1,0.155,1,6.0,,non_burnable,0.26666666666666666,2.0,0.3515625,3.0,0.31336405529953915,4.0,False
dc_ef8be669f009,Amazon Web Services,Amazon Web Services,hyperscale,operational,OR,Umatilla,45.92061,-119.23099,building,VERIFIED,high,212449.8,,2.1825551986694336,0.055,1,0.08499999999999999,1,0.14500000000000002,1,2.0,2.0,low,0.8444444444444444,3.0,0.6484375,5.0,0.4663594470046083,5.0,False
dc_f8b9e84e51e9,Amazon Web Services,Amazon Web Services,hyperscale,operational,OR,Umatilla,45.92059,-119.23,building,VERIFIED,high,213546.3,,2.1825551986694336,0.055,1,0.08499999999999999,1,0.14500000000000002,1,2.0,2.0,low,0.8444444444444444,3.0,0.63671875,5.0,0.4663594470046083,5.0,False
dc_dac6ac36fb92,Amazon Web Services,Amazon Web Services,hyperscale,operational,OR,Umatilla,45.7986,-119.35965,building,CANDIDATE,high,216778.2,,2.1825551986694336,0.055,1,0.08499999999999999,1,0.135,1,1.0,1.0,very_low,0.4444444444444444,1.0,0.328125,2.0,0.38064516129032255,4.0,False
dc_8e4b8eb39168,Amazon Web Services,Amazon Web Services,hyperscale,operational,OR,Umatilla,45.799157,-119.3666613,building,CANDIDATE,high,216903.9,,2.1825551986694336,0.055,1,0.08499999999999999,1,0.135,1,1.0,1.0,very_low,0.4666666666666667,2.0,0.33203125,3.0,0.37511520737327186,4.0,False
dc_9ddbd01cdc30,Google,Google,hyperscale,operational,OH,Fairfield,39.7240422,-82.6911124,building,VERIFIED,high,289253.4,,14.319350242614746,0.035,1,0.055,1,0.095,1,6.0,,non_burnable,0.2222222222222222,1.0,0.38671875,1.0,0.4184331797235023,1.0,False
dc_b49da9aafa96,Amazon Web Services,Amazon Web Services,hyperscale,operational,VA,Prince William,38.7462,-77.5172,building,VERIFIED,high,212702.5,,12.71955680847168,0.065,1,0.10500000000000001,1,0.185,1,6.0,,non_burnable,0.3333333333333333,2.0,0.3828125,2.0,0.376036866359447,2.0,False
dc_1209b396219a,Amazon Web Services,Amazon Web Services,hyperscale,operational,VA,Loudoun,38.9213052,-77.4858007,building,VERIFIED,high,133944.3,,13.629328727722168,0.065,1,0.095,1,0.175,1,1.0,1.0,very_low,0.6,1.0,0.6015625,1.0,0.5050691244239631,1.0,False
dc_8f212e8b9568,Amazon Web Services,Amazon Web Services,hyperscale,operational,VA,Loudoun,38.9950879,-77.4710775,building,CANDIDATE,high,14683.7,,13.629328727722168,0.055,1,0.095,1,0.175,1,1.0,1.0,very_low,0.6888888888888889,1.0,0.4765625,1.0,0.35576036866359445,1.0,False
dc_7048b76fe40b,Meta Sarpy Data center,Meta,hyperscale,operational,NE,Sarpy,41.1235744,-96.1328883,building,VERIFIED,high,628561.0,,15.336313247680664,0.015,1,0.025,1,0.045,1,1.0,1.0,very_low,0.17777777777777778,1.0,0.28125,3.0,0.2423963133640553,4.0,False
dc_8a06b58c62ce,Meta Sarpy Data center,Meta,hyperscale,operational,NE,Sarpy,41.1143501,-96.1428055,building,VERIFIED,high,625289.1,,15.336313247680664,0.015,1,0.025,1,0.045,1,6.0,,non_burnable,0.2222222222222222,1.0,0.23828125,2.0,0.21474654377880184,3.0,False
dc_647ebabf6c68,Meta Sarpy Data center,Meta,hyperscale,operational,NE,Sarpy,41.11225,-96.14162,building,VERIFIED,high,286254.6,,15.336313247680664,0.015,1,0.025,1,0.045,1,6.0,,non_burnable,0.24444444444444444,1.0,0.2734375,2.0,0.2110599078341014,3.0,False
dc_c5b50e13b2ca,Meta,Meta,hyperscale,operational,IA,Polk,41.6757843,-93.5098305,building,VERIFIED,high,493366.7,,14.173967361450195,0.015,1,0.025,1,0.045,1,6.0,,non_burnable,0.26666666666666666,1.0,0.25390625,1.0,0.2654377880184332,1.0,False
dc_865686fc232f,Meta,Meta,hyperscale,operational,IA,Polk,41.675801,-93.5060373,building,VERIFIED,high,601076.8,,14.173967361450195,0.015,1,0.025,1,0.045,1,6.0,,non_burnable,0.24444444444444444,1.0,0.24609375,1.0,0.2645161290322581,1.0,False
dc_631b3757e900,Dynamics Mining,,unknown,operational,KY,Hopkins,37.3629981,-87.5471512,building,pending,high,442423.9,,16.611671447753906,0.155,1,0.245,1,0.405,1,6.0,,non_burnable,0.6888888888888889,2.0,0.6171875,2.0,0.6147465437788019,2.0,False
dc_4f0f453ed023,Flexential Atlanta - Douglasville 2,Flexential,colocation,operational,GA,Douglas,33.731694,-84.616202,building,VERIFIED,high,311176.6,,17.153179168701172,0.055,1,0.08499999999999999,1,0.14500000000000002,1,2.0,2.0,low,0.8666666666666667,3.0,0.75,3.0,0.5797235023041475,3.0,False
dc_e4283b7046b1,,Switch,colocation,operational,NV,Clark,36.0640206,-115.221109,building,pending,high,241776.4,,3.602787733078003,0.065,1,0.10500000000000001,1,0.165,1,1.0,1.0,very_low,0.15555555555555556,2.0,0.25,2.0,0.22027649769585253,2.0,False
dc_cd7f2ff1bb19,Windbreak Cable,,unknown,operational,WY,Laramie,41.18281,-104.06832,building,CANDIDATE,high,1114.7,,10.553568840026855,0.045,1,0.065,1,0.10500000000000001,1,6.0,,non_burnable,0.26666666666666666,1.0,0.59375,3.0,0.6755760368663595,4.0,False
dc_1971ec91f74b,,,unknown,operational,VA,Manassas,38.74051,-77.50398,building,VERIFIED,high,95952.7,,12.71955680847168,0.065,1,0.10500000000000001,1,0.185,1,6.0,,non_burnable,0.4222222222222222,2.0,0.29296875,2.0,0.3880184331797235,2.0,False
dc_409183797c0d,NTT Chicago CH2,NTT,colocation,operational,IL,DuPage,41.9890149,-88.0072131,building,pending,high,115556.1,,17.22007942199707,0.035,1,0.055,1,0.095,1,6.0,,non_burnable,0.08888888888888889,1.0,0.125,1.0,0.2248847926267281,1.0,False
dc_326516e596cc,QTS,Quality Technology Services,colocation,operational,CO,Arapahoe,39.7341,-104.7079,building,VERIFIED,high,166729.5,,10.969576835632324,0.045,1,0.07500000000000001,1,0.155,1,3.0,3.0,moderate,0.37777777777777777,3.0,0.53125,4.0,0.6488479262672812,4.0,False
dc_c7c753ce6dca,Apple,Apple Inc.,hyperscale,operational,OR,Crook,44.28576,-120.86994,building,VERIFIED,high,275218.2,,2.428783893585205,0.045,1,0.065,1,0.095,1,6.0,,non_burnable,0.7111111111111111,3.0,0.6484375,4.0,0.7050691244239631,4.0,False
dc_29e4078ce63e,Amazon IAD214,Amazon Web Services,hyperscale,operational,VA,Loudoun,38.9898,-77.4353,building,CANDIDATE,high,113421.6,,13.629328727722168,0.055,1,0.095,1,0.175,1,1.0,1.0,very_low,0.17777777777777778,1.0,0.25390625,1.0,0.31797235023041476,1.0,False
dc_6697ca251c9a,Aligned IAD03,Aligned,colocation,operational,VA,Loudoun,38.9887,-77.4409,building,VERIFIED,high,79844.9,,13.629328727722168,0.055,1,0.095,1,0.175,1,6.0,,non_burnable,0.13333333333333333,1.0,0.328125,1.0,0.32995391705069127,1.0,False
dc_7a9ad2611660,Digital Realty IAD55,Digital Realty,colocation,operational,VA,Loudoun,38.99215,-77.43385,building,CANDIDATE,high,85319.2,,13.629328727722168,0.055,1,0.095,1,0.175,1,1.0,1.0,very_low,0.2,1.0,0.20703125,1.0,0.3142857142857143,1.0,False
dc_2565df2c93a6,Involta-Akron,,unknown,operational,OH,Summit,41.0573837,-81.5219276,building,pending,high,59428.0,,14.31541633605957,0.025,1,0.045,1,0.08499999999999999,1,6.0,,non_burnable,0.022222222222222223,1.0,0.03125,1.0,0.1622119815668203,1.0,False
dc_0d412ec4abac,Amazon Web Services,Amazon Web Services,hyperscale,operational,VA,Loudoun,38.9473737,-77.5202381,building,pending,high,13569.9,,12.71955680847168,0.065,1,0.095,1,0.175,1,6.0,,non_burnable,0.7333333333333333,1.0,0.62890625,1.0,0.528110599078341,1.0,False
dc_d89bd2b62165,Amazon Web Services,Amazon Web Services,hyperscale,operational,VA,Loudoun,38.9824179,-77.4169319,building,CANDIDATE,high,14079.4,,13.629328727722168,0.055,1,0.095,1,0.175,1,6.0,,non_burnable,0.17777777777777778,1.0,0.22265625,1.0,0.29493087557603687,1.0,False
dc_61f8ed64a9f7,Amazon Web Services,Amazon Web Services,hyperscale,operational,VA,Prince William,38.80285,-77.62212,building,VERIFIED,high,129225.6,,12.71955680847168,0.065,1,0.10500000000000001,1,0.185,1,2.0,2.0,low,0.37777777777777777,2.0,0.34765625,2.0,0.5161290322580645,2.0,False
dc_074fbadebefb,Amazon Web Services,Amazon Web Services,hyperscale,operational,VA,Prince William,38.7439,-77.5334,building,CANDIDATE,high,14507.0,,12.71955680847168,0.065,1,0.10500000000000001,1,0.185,1,1.0,1.0,very_low,0.5111111111111111,2.0,0.4296875,2.0,0.41566820276497696,2.0,False
dc_fb656744b899,Amazon Web Services,Amazon Web Services,hyperscale,operational,VA,Prince William,38.8145928,-77.6543195,building,pending,high,14389.1,,12.71955680847168,0.065,1,0.10500000000000001,1,0.185,1,2.0,2.0,low,0.5555555555555556,2.0,0.625,2.0,0.6027649769585254,2.0,False
dc_e1c1a14911c4,Amazon Web Services,Amazon Web Services,hyperscale,operational,VA,Prince William,38.817,-77.6521,building,CANDIDATE,high,149332.1,,12.71955680847168,0.065,1,0.10500000000000001,1,0.185,1,6.0,,non_burnable,0.6444444444444445,2.0,0.55859375,2.0,0.6156682027649769,2.0,False
dc_e810f98f642f,Amazon Web Services,Amazon Web Services,hyperscale,operational,OH,Union,40.1341815,-83.2158409,building,pending,high,233609.6,,15.455096244812012,0.035,1,0.065,1,0.10500000000000001,1,6.0,,non_burnable,0.1111111111111111,1.0,0.359375,1.0,0.31889400921658984,1.0,False
dc_387828197fcf,Amazon Web Services,Amazon Web Services,hyperscale,operational,OR,Umatilla,45.9206,-119.2289,building,VERIFIED,high,215175.2,,2.1825551986694336,0.055,1,0.08499999999999999,1,0.14500000000000002,1,2.0,2.0,low,0.8,3.0,0.63671875,5.0,0.4663594470046083,5.0,False
dc_a262f2e6c813,Amazon Web Services,Amazon Web Services,hyperscale,operational,OR,Umatilla,45.9205816,-119.2270106,building,CANDIDATE,high,214739.2,,2.1825551986694336,0.055,1,0.08499999999999999,1,0.14500000000000002,1,2.0,2.0,low,0.7555555555555555,3.0,0.6328125,5.0,0.4682027649769585,5.0,False
dc_2b3e01a68c80,Amazon Web Services,Amazon Web Services,hyperscale,operational,OR,Umatilla,45.919529,-119.2261389,building,AMBIGUOUS,high,13480.8,,2.1825551986694336,0.055,1,0.08499999999999999,1,0.14500000000000002,1,2.0,2.0,low,0.8666666666666667,3.0,0.62109375,5.0,0.4682027649769585,5.0,False
dc_79ee14f34b57,Amazon Web Services,Amazon Web Services,hyperscale,operational,OR,Umatilla,45.8825252,-119.3416566,building,VERIFIED,high,216137.9,,2.1825551986694336,0.055,1,0.08499999999999999,1,0.14500000000000002,1,6.0,,non_burnable,0.3333333333333333,2.0,0.3515625,5.0,0.38894009216589864,5.0,False
dc_86edd29795e4,Amazon Web Services,Amazon Web Services,hyperscale,operational,OR,Morrow,45.8621,-119.6053,building,VERIFIED,high,211930.9,,1.9345662593841553,0.055,1,0.095,1,0.155,1,6.0,,non_burnable,0.3111111111111111,2.0,0.3359375,2.0,0.3096774193548387,5.0,False
dc_ece390bb620e,Amazon Web Services,Amazon Web Services,hyperscale,operational,OR,Morrow,45.85888,-119.60527,building,VERIFIED,high,12811.4,,1.9345662593841553,0.055,1,0.095,1,0.155,1,6.0,,non_burnable,0.4,2.0,0.32421875,2.0,0.30783410138248846,5.0,False
dc_9c10e28655f7,Amazon Web Services,Amazon Web Services,hyperscale,operational,OR,Morrow,45.8412,-119.6544,building,VERIFIED,high,13923.7,,1.9345662593841553,0.055,1,0.095,1,0.155,1,6.0,,non_burnable,0.26666666666666666,2.0,0.34375,3.0,0.31152073732718893,4.0,False
dc_bbb7c9a29c06,Amazon Web Services,Amazon Web Services,hyperscale,operational,OR,Morrow,45.81975,-119.63209,building,VERIFIED,high,212775.4,,1.9345662593841553,0.055,1,0.095,1,0.155,1,6.0,,non_burnable,0.26666666666666666,1.0,0.34375,4.0,0.3741935483870968,4.0,False
dc_2f483ca1c248,"Google Lockbourne, OH",Google,hyperscale,operational,OH,Franklin,39.846723,-82.995655,campus_centroid,CANDIDATE,high,11463734.8,,14.319350242614746,0.035,1,0.055,1,0.095,1,6.0,,non_burnable,0.17777777777777778,1.0,0.39453125,1.0,0.3797235023041475,1.0,False
dc_d02a64f6db73,Amazon New Albany: Jug and Beach Road,,hyperscale,operational,OH,Licking,40.09983,-82.7503,campus_centroid,CANDIDATE,high,1524642.1,,14.810942649841309,0.035,1,0.055,1,0.095,1,1.0,1.0,very_low,0.5111111111111111,1.0,0.43359375,1.0,0.47465437788018433,1.0,False
dc_bb5ca6fb7836,UPS Data Center,,unknown,operational,GA,Forsyth,34.10363,-84.21503,building,VERIFIED,high,173693.8,1.0,16.0975399017334,0.065,1,0.10500000000000001,1,0.165,1,6.0,,non_burnable,0.35555555555555557,3.0,0.3671875,3.0,0.42764976958525347,4.0,False
dc_27736d0748c2,MineOne Wyoming Data Center,MineOne,unknown,operational,WY,Laramie,41.1249898,-104.8948491,building,VERIFIED,high,306030.7,,9.383162498474121,0.055,1,0.08499999999999999,1,0.14500000000000002,1,6.0,,non_burnable,0.7555555555555555,2.0,0.85546875,3.0,0.8442396313364056,3.0,False
dc_0d3e2978537f,Iron Mountain VA-3,Iron Mountain,colocation,operational,VA,Prince William,38.77555,-77.54515,building,VERIFIED,high,181174.7,,12.71955680847168,0.065,1,0.10500000000000001,1,0.185,1,1.0,1.0,very_low,0.35555555555555557,1.0,0.359375,2.0,0.4423963133640553,2.0,False
dc_d3cca9241046,Microsoft,Microsoft,hyperscale,operational,AZ,Maricopa,33.446011,-112.374262,building,CANDIDATE,high,238582.1,,7.057002544403076,0.025,1,0.035,1,0.055,1,6.0,,non_burnable,0.28888888888888886,4.0,0.33203125,4.0,0.3152073732718894,4.0,False
dc_a8c1a452b265,Google,Google,hyperscale,operational,VA,Prince William,38.77444,-77.58562,building,VERIFIED,high,289621.7,,12.71955680847168,0.065,1,0.10500000000000001,1,0.185,1,1.0,1.0,very_low,0.7555555555555555,2.0,0.43359375,2.0,0.471889400921659,2.0,False
dc_e5424615cf44,Amazon Web Services,Amazon Web Services,hyperscale,operational,VA,Prince William,38.801862,-77.621212,building,CANDIDATE,high,127011.0,,12.71955680847168,0.065,1,0.10500000000000001,1,0.185,1,2.0,2.0,low,0.4,2.0,0.3203125,2.0,0.5161290322580645,2.0,False
dc_0a62b3bc7207,Amazon Web Services,Amazon Web Services,hyperscale,operational,VA,Prince William,38.8019,-77.6206,building,VERIFIED,high,130170.6,,12.71955680847168,0.065,1,0.10500000000000001,1,0.185,1,2.0,2.0,low,0.4,2.0,0.328125,2.0,0.5161290322580645,2.0,False
dc_a46fb1abda97,Iron Mountain VA-4,Iron Mountain,colocation,operational,VA,Prince William,38.7744146,-77.54223,building,CANDIDATE,high,89044.8,,12.71955680847168,0.065,1,0.10500000000000001,1,0.185,1,6.0,,non_burnable,0.35555555555555557,1.0,0.37890625,2.0,0.4433179723502304,2.0,False
dc_c06b85cd674e,Iron Mountain VA-5,Iron Mountain,colocation,operational,VA,Prince William,38.773028,-77.5411854,building,CANDIDATE,high,106630.0,,12.71955680847168,0.065,1,0.10500000000000001,1,0.185,1,1.0,1.0,very_low,0.3111111111111111,2.0,0.359375,2.0,0.42764976958525347,2.0,False
dc_e1d5b1f3fda5,QTS Manassas DC2,Quality Technology Services,colocation,operational,VA,Prince William,38.7531664,-77.5108824,building,CANDIDATE,high,137971.4,,12.71955680847168,0.065,1,0.10500000000000001,1,0.185,1,6.0,,non_burnable,0.2222222222222222,1.0,0.3203125,2.0,0.33087557603686635,2.0,False
dc_482ea594144f,,,unknown,operational,VA,Prince William,38.7589306,-77.5166938,building,AMBIGUOUS,high,139593.0,,12.71955680847168,0.065,1,0.10500000000000001,1,0.185,1,6.0,,non_burnable,0.35555555555555557,1.0,0.3046875,2.0,0.32534562211981566,2.0,False
dc_e192ad80593e,Google,Google,hyperscale,operational,IA,Pottawattamie,41.17375,-95.7927,building,VERIFIED,high,294718.6,,17.158601760864258,0.015,1,0.025,1,0.045,1,6.0,,non_burnable,0.26666666666666666,3.0,0.44140625,3.0,0.45714285714285713,4.0,False
dc_b926ad69f0b0,Google,Google,hyperscale,operational,IA,Pottawattamie,41.1736283,-95.7886606,building,VERIFIED,high,296835.2,,17.158601760864258,0.015,1,0.025,1,0.045,1,6.0,,non_burnable,0.28888888888888886,3.0,0.515625,3.0,0.4525345622119816,4.0,False
dc_2c01eccc6cb3,T5@Cleveland,T5 Data Centers,unknown,operational,OH,Cuyahoga,41.4426,-81.8022,building,CANDIDATE,high,974792.6,,14.31541633605957,0.035,1,0.055,1,0.095,1,6.0,,non_burnable,0.044444444444444446,1.0,0.06640625,1.0,0.13456221198156681,1.0,False
dc_12f2ff8f7b4c,42311 THUNDERBALL DR,True North Data Solutions,unknown,operational,VA,Loudoun,39.0425196,-77.5382898,building,VERIFIED,high,40683.4,1.0,11.454973220825195,0.055,1,0.095,1,0.175,1,1.0,1.0,very_low,0.6,1.0,0.640625,2.0,0.5695852534562212,2.0,False
dc_ed1e2cf9b5d8,42255 THUNDERBALL DR,True North Data Solutions,unknown,operational,VA,Loudoun,39.0416534,-77.539212,building,pending,high,60458.1,1.0,11.454973220825195,0.055,1,0.095,1,0.175,1,1.0,1.0,very_low,0.6666666666666666,1.0,0.640625,2.0,0.5852534562211982,2.0,False
dc_d8e488d2ebd7,42254 THUNDERBALL DR,True North Data Solutions,unknown,operational,VA,Loudoun,39.0434964,-77.5408399,building,pending,high,77498.6,1.0,11.454973220825195,0.055,1,0.095,1,0.175,1,1.0,1.0,very_low,0.7111111111111111,1.0,0.671875,2.0,0.5852534562211982,2.0,False
dc_9c834cc92f25,Meta Gallatin Data Center,Meta,hyperscale,operational,TN,Sumner,36.4118929,-86.3696526,building,VERIFIED,high,626572.2,,15.3280611038208,0.07500000000000001,1,0.11499999999999999,1,0.185,1,1.0,1.0,very_low,0.37777777777777777,1.0,0.65234375,1.0,0.7087557603686636,1.0,False
dc_c5abef17961c,GVTC,GVTC,unknown,operational,TX,Bexar,29.686403,-98.4626475,building,pending,high,445.5,,12.824677467346191,0.015,1,0.015,1,0.035,1,6.0,,non_burnable,0.24444444444444444,2.0,0.47265625,2.0,0.5142857142857142,3.0,False
dc_ad74ffb219ab,Stream Data Centers DFWA,Stream Data Centers,unknown,operational,TX,Dallas,32.98368,-96.65813,building,VERIFIED,high,280635.2,,18.841638565063477,0.025,1,0.045,1,0.065,1,6.0,,non_burnable,0.2,2.0,0.26171875,3.0,0.23778801843317973,3.0,False
dc_21bf956aedf2,MARA Data Center,Marathon Digital Holdings,unknown,operational,TX,Hood,32.34343,-97.7324,campus_centroid,CANDIDATE,high,1768889.0,,16.607601165771484,0.015,1,0.025,1,0.045,1,2.0,2.0,low,0.8222222222222222,3.0,0.89453125,4.0,0.8451612903225807,4.0,False
dc_709476f6cd40,,,unknown,operational,VA,Loudoun,38.9480346,-77.5589842,building,VERIFIED,high,130181.3,,12.71955680847168,0.065,1,0.095,1,0.175,1,6.0,,non_burnable,0.6,1.0,0.60546875,1.0,0.5741935483870968,2.0,False
dc_533d38eafbc1,,,unknown,operational,VA,Loudoun,38.9500822,-77.5588677,building,VERIFIED,high,130174.2,,12.71955680847168,0.065,1,0.095,1,0.175,1,1.0,1.0,very_low,0.6222222222222222,1.0,0.6171875,1.0,0.5741935483870968,2.0,False
dc_c11c998fe76e,Amazon AWS Data Center,,hyperscale,operational,IN,St. Joseph,41.670256,-86.471656,campus_centroid,CANDIDATE,high,12586118.2,,14.747052192687988,0.035,1,0.045,1,0.08499999999999999,1,6.0,,non_burnable,0.06666666666666667,1.0,0.21484375,1.0,0.22211981566820277,1.0,False
dc_66e21c80d487,Iron Mountain VA-6,Iron Mountain,colocation,operational,VA,Prince William,38.76827,-77.53869,building,VERIFIED,high,181919.0,,12.71955680847168,0.065,1,0.10500000000000001,1,0.185,1,6.0,,non_burnable,0.3333333333333333,2.0,0.3828125,2.0,0.41382488479262675,2.0,False
dc_789e4943512c,Ark Duluth Data Center,,unknown,operational,MN,St. Louis,46.8274678,-92.1304819,building,pending,high,27162.6,,7.881808280944824,0.005,1,0.005,1,0.015,1,6.0,,non_burnable,0.8666666666666667,3.0,0.70703125,3.0,0.6138248847926268,3.0,False
dc_fd766e3bc945,Flexential Charlotte - North,Flexential,colocation,operational,NC,Mecklenburg,35.329773,-80.7657588,building,pending,high,62809.8,1.0,14.088505744934082,0.055,1,0.08499999999999999,1,0.14500000000000002,1,4.0,4.0,high,0.4888888888888889,4.0,0.41796875,4.0,0.46912442396313364,4.0,False
dc_904e33ba7206,Equinix Ashburn DC6,Equinix,colocation,operational,VA,Loudoun,39.0152,-77.4588,building,CANDIDATE,high,70527.1,,13.613815307617188,0.055,1,0.095,1,0.175,1,6.0,,non_burnable,0.15555555555555556,1.0,0.3671875,1.0,0.31889400921658984,1.0,False
dc_686beb9d707e,Equinix Ashburn DC4,Equinix,colocation,operational,VA,Loudoun,39.0164403,-77.4619542,building,pending,high,101052.8,,13.613815307617188,0.055,1,0.095,1,0.175,1,6.0,,non_burnable,0.1111111111111111,1.0,0.36328125,1.0,0.3216589861751152,1.0,False
dc_a9ba7c984e27,,HEB,unknown,operational,TX,Bexar,29.5801522,-98.5413037,building,pending,high,36241.6,,12.664240837097168,0.015,1,0.015,1,0.035,1,1.0,1.0,very_low,0.26666666666666666,2.0,0.2734375,2.0,0.28847926267281104,3.0,False
dc_61d80369f0b7,,Meta,hyperscale,operational,IL,DeKalb,41.88855,-88.72183,building,VERIFIED,high,568454.6,,18.317790985107422,0.035,1,0.065,1,0.11499999999999999,1,1.0,1.0,very_low,0.2,1.0,0.11328125,1.0,0.11428571428571428,1.0,False
dc_e6bbbb28df9c,,Meta,hyperscale,operational,IL,DeKalb,41.8893,-88.73103,building,VERIFIED,high,568442.6,,18.317790985107422,0.035,1,0.065,1,0.11499999999999999,1,6.0,,non_burnable,0.24444444444444444,1.0,0.12890625,1.0,0.10414746543778802,1.0,False
dc_fa02eedb0951,,Meta,hyperscale,operational,IL,DeKalb,41.890305,-88.7266276,building,AMBIGUOUS,high,320184.7,,18.317790985107422,0.035,1,0.065,1,0.11499999999999999,1,1.0,1.0,very_low,0.17777777777777778,1.0,0.12109375,1.0,0.11244239631336406,1.0,False
dc_bdd81f74b166,Meta Gallatin Data Center,Meta,hyperscale,operational,TN,Sumner,36.4118,-86.367,building,VERIFIED,high,626568.6,,15.3280611038208,0.07500000000000001,1,0.11499999999999999,1,0.185,1,1.0,1.0,very_low,0.4888888888888889,1.0,0.65234375,1.0,0.7078341013824885,1.0,False
dc_3a4bdb026ecc,Meta Gallatin Data Center,Meta,hyperscale,operational,TN,Sumner,36.4061,-86.3666,building,VERIFIED,high,626683.8,,15.3280611038208,0.07500000000000001,1,0.11499999999999999,1,0.185,1,6.0,,non_burnable,0.5333333333333333,1.0,0.64453125,1.0,0.7078341013824885,1.0,False
dc_6f3b49e3d03a,Google,Google,hyperscale,operational,NE,Sarpy,41.1379084,-96.1514321,building,VERIFIED,high,297414.6,,15.336313247680664,0.015,1,0.025,1,0.045,1,6.0,,non_burnable,0.2222222222222222,1.0,0.25390625,3.0,0.26175115207373273,4.0,False
dc_139e10563e60,,,unknown,operational,CA,Santa Clara,37.3706431,-121.9744825,building,pending,high,124070.1,,0.12219325453042984,0.525,1,0.675,1,0.875,1,6.0,,non_burnable,0.0,0.0,0.0078125,3.0,0.055299539170506916,4.0,False
dc_c99149f78d34,Vantage Santa Clara CA2,Vantage Data Centers,colocation,operational,CA,Santa Clara,37.3640012,-121.94689,building,pending,high,132032.1,,0.12219325453042984,0.565,1,0.725,1,0.955,1,6.0,,non_burnable,0.044444444444444446,3.0,0.03515625,4.0,0.035023041474654376,4.0,False
dc_4f36c545582c,Digital Realty Silicon Valley SJC37,Digital Realty,colocation,operational,CA,Santa Clara,37.3709193,-121.9472166,building,pending,high,155689.6,,0.12219325453042984,0.565,1,0.725,1,0.955,1,6.0,,non_burnable,0.022222222222222223,2.0,0.04296875,3.0,0.04516129032258064,4.0,False
dc_1d940d38b3eb,Switch Las Vegas 12,,colocation,operational,NV,Clark,36.0579919,-115.2103279,building,AMBIGUOUS,high,484037.8,,3.602787733078003,0.065,1,0.10500000000000001,1,0.165,1,6.0,,non_burnable,0.2222222222222222,2.0,0.2109375,2.0,0.223963133640553,2.0,False
dc_68ec06e28857,QTS,Quality Technology Services,colocation,operational,AZ,Maricopa,33.4646803,-111.9975601,building,UNRESOLVABLE,high,162484.9,,7.883434772491455,0.025,1,0.035,1,0.065,1,6.0,,non_burnable,0.2222222222222222,5.0,0.06640625,5.0,0.10967741935483871,5.0,False
dc_becc405617af,,,unknown,operational,IL,Cook,42.0230805,-87.9614627,building,AMBIGUOUS,high,110213.2,,14.088419914245605,0.035,1,0.055,1,0.095,1,6.0,,non_burnable,0.06666666666666667,1.0,0.0546875,1.0,0.13179723502304147,1.0,False
dc_f152760b1463,NTT,NTT,colocation,operational,TX,Dallas,32.98098,-96.6595,building,VERIFIED,high,169492.3,,18.841638565063477,0.025,1,0.045,1,0.065,1,6.0,,non_burnable,0.17777777777777778,2.0,0.26953125,3.0,0.2294930875576037,3.0,False
dc_e1a3bd223170,NTT,NTT,colocation,operational,TX,Dallas,32.9813,-96.6586,building,VERIFIED,high,201118.2,,18.841638565063477,0.025,1,0.045,1,0.065,1,6.0,,non_burnable,0.28888888888888886,2.0,0.26953125,3.0,0.2294930875576037,3.0,False
dc_dd0e72c403c9,Digital Realty Northern Virginia IAD44,Digital Realty,colocation,operational,VA,Loudoun,38.961019,-77.491648,building,VERIFIED,high,399540.5,,13.629328727722168,0.055,1,0.095,1,0.175,1,1.0,1.0,very_low,0.5777777777777777,1.0,0.6328125,1.0,0.4967741935483871,1.0,False
dc_710f9439619a,Centersquare Ashburn IAD4 Data Center,Centersquare,colocation,operational,VA,Loudoun,39.0219969,-77.4532002,building,pending,high,283393.7,,13.613815307617188,0.055,1,0.095,1,0.175,1,6.0,,non_burnable,0.3111111111111111,1.0,0.32421875,1.0,0.3225806451612903,1.0,False
dc_2603730d0b62,Microsoft,Microsoft,hyperscale,operational,IA,Warren,41.49581,-93.78705,building,VERIFIED,high,247197.9,,16.575979232788086,0.015,1,0.025,1,0.045,1,1.0,1.0,very_low,0.26666666666666666,2.0,0.37890625,2.0,0.5023041474654378,2.0,False
dc_553e538d8ae8,Microsoft,Microsoft,hyperscale,operational,IA,Warren,41.4947497,-93.7870201,building,VERIFIED,high,247201.9,,16.575979232788086,0.015,1,0.025,1,0.045,1,1.0,1.0,very_low,0.26666666666666666,2.0,0.37890625,2.0,0.5023041474654378,2.0,False
dc_d8f1873aaf3c,Apple,Apple,hyperscale,operational,IA,Dallas,41.6168519,-93.9243968,building,VERIFIED,high,313805.0,,14.173967361450195,0.015,1,0.025,1,0.045,1,6.0,,non_burnable,0.1111111111111111,1.0,0.046875,1.0,0.17327188940092167,1.0,False
dc_4b71e4693405,,,unknown,operational,VA,Loudoun,38.9498414,-77.549551,building,VERIFIED,high,172205.1,,12.71955680847168,0.065,1,0.095,1,0.175,1,1.0,1.0,very_low,0.6888888888888889,1.0,0.57421875,1.0,0.5400921658986175,2.0,False
dc_b297a9da2ee8,,,unknown,operational,OH,Delaware,40.2223,-83.041,building,CANDIDATE,high,307646.2,,15.455096244812012,0.035,1,0.055,1,0.095,1,1.0,1.0,very_low,0.7555555555555555,1.0,0.5703125,1.0,0.5087557603686635,1.0,False
dc_0ca47c2bf6c5,DC BLOX Myrtle Beach Cable Landing Station,,unknown,operational,SC,Horry,33.67461,-78.94388,building,VERIFIED,high,91946.4,,16.542938232421875,0.065,1,0.125,1,0.235,1,2.0,2.0,low,0.3333333333333333,4.0,0.34765625,4.0,0.3529953917050691,4.0,False
dc_003ce6cf7b7b,Tahoe Reno 3,Switch,colocation,operational,NV,Storey,39.5115198,-119.4833058,building,CANDIDATE,high,390893.4,,1.336833119392395,0.20500000000000002,1,0.295,1,0.435,1,3.0,3.0,moderate,0.8888888888888888,4.0,0.91796875,5.0,0.9345622119815669,5.0,False
dc_ce6ae3a25086,,,unknown,operational,VA,Loudoun,39.06602,-77.55857,building,CANDIDATE,high,153155.6,,11.454973220825195,0.055,1,0.095,1,0.175,1,2.0,2.0,low,0.6888888888888889,2.0,0.65234375,2.0,0.632258064516129,2.0,False
dc_466154b3dc5e,Nautilus Cryptomine,,unknown,operational,PA,Luzerne,41.0826255,-76.1514194,building,VERIFIED,high,57143.6,,9.674053192138672,0.055,1,0.08499999999999999,1,0.14500000000000002,1,3.0,3.0,moderate,0.6888888888888889,3.0,0.67578125,3.0,0.6949308755760368,3.0,False
dc_94f25c0bbaa4,Nautilus Cryptomine,,unknown,operational,PA,Luzerne,41.0833385,-76.1514461,building,VERIFIED,high,57220.4,,9.674053192138672,0.055,1,0.08499999999999999,1,0.14500000000000002,1,6.0,,non_burnable,0.6444444444444445,3.0,0.67578125,3.0,0.7115207373271889,3.0,False
dc_c97789fd9abd,Amazon AWS PHL,Amazon Web Services,hyperscale,operational,PA,Luzerne,41.08491,-76.14337,building,VERIFIED,high,272145.9,,9.674053192138672,0.055,1,0.08499999999999999,1,0.14500000000000002,1,6.0,,non_burnable,0.5333333333333333,3.0,0.66796875,3.0,0.7345622119815668,3.0,False
dc_57e09c860fe5,,,unknown,operational,NE,Douglas,41.341966,-96.08879,campus_centroid,CANDIDATE,high,19575941.0,,15.336313247680664,0.015,1,0.025,1,0.045,1,6.0,,non_burnable,0.37777777777777777,2.0,0.40234375,3.0,0.39631336405529954,4.0,False
dc_e63c56f58572,Meta,Meta,hyperscale,operational,NM,Valencia,34.82586,-106.78139,building,VERIFIED,high,588461.7,,10.36793041229248,0.065,1,0.10500000000000001,1,0.185,1,6.0,,non_burnable,0.6666666666666666,3.0,0.76171875,3.0,0.7880184331797235,3.0,False
dc_3e79fab29b39,DataBank,,colocation,operational,MN,Hennepin,45.143818,-93.387077,building,VERIFIED,high,114648.9,,10.388507843017578,0.005,1,0.015,1,0.025,1,6.0,,non_burnable,0.28888888888888886,2.0,0.2734375,3.0,0.3069124423963134,4.0,False
dc_7cf9062a50bd,Vantage WA13,,colocation,operational,WA,Grant,47.24742,-119.81387,building,CANDIDATE,high,252025.6,,1.113155484199524,0.07500000000000001,1,0.10500000000000001,1,0.175,1,6.0,,non_burnable,0.2222222222222222,1.0,0.30078125,2.0,0.3548387096774194,4.0,False
dc_906a3c0aa1a3,Amazon IAD-165,Amazon Web Services,hyperscale,operational,VA,Fairfax,38.9227671,-77.4278721,building,AMBIGUOUS,high,135479.8,,13.629328727722168,0.055,1,0.095,1,0.175,1,6.0,,non_burnable,0.26666666666666666,1.0,0.37890625,1.0,0.35576036866359445,1.0,False
dc_5b99fee65568,Amazon IAD-166,Amazon Web Services,hyperscale,operational,VA,Fairfax,38.9211238,-77.4265432,building,AMBIGUOUS,high,130413.8,,13.629328727722168,0.055,1,0.095,1,0.175,1,6.0,,non_burnable,0.26666666666666666,1.0,0.3671875,1.0,0.35576036866359445,1.0,False
dc_cffa148c7175,Amazon IAD-167,Amazon Web Services,hyperscale,operational,VA,Fairfax,38.9227105,-77.4263036,building,AMBIGUOUS,high,132753.9,,13.629328727722168,0.055,1,0.095,1,0.175,1,6.0,,non_burnable,0.26666666666666666,1.0,0.37890625,1.0,0.35576036866359445,1.0,False
dc_8e7d1266b66c,CyrusOne SAT10 & SAT11,CyrusOne,colocation,operational,TX,Bexar,29.4182209,-98.7878367,building,CANDIDATE,high,934178.8,,12.881298065185547,0.005,1,0.015,1,0.025,1,1.0,1.0,very_low,0.7111111111111111,2.0,0.6875,3.0,0.7981566820276498,3.0,False
dc_bb9e276ee8a3,Amazon,,hyperscale,operational,TX,Bexar,29.45093,-98.63879,building,CANDIDATE,high,104910.3,,12.881298065185547,0.015,1,0.015,1,0.035,1,1.0,1.0,very_low,0.26666666666666666,3.0,0.296875,3.0,0.24976958525345622,3.0,False
dc_ec3ac5883e2e,,,unknown,operational,TX,Bexar,29.4186,-98.78826,building,CANDIDATE,high,64212.2,,12.881298065185547,0.005,1,0.015,1,0.025,1,1.0,1.0,very_low,0.6666666666666666,2.0,0.6953125,3.0,0.7981566820276498,3.0,False
dc_1b52528a2400,Csquare SFO4,Csquare,unknown,operational,CA,Santa Clara,37.3757651,-121.9562701,building,pending,high,32249.5,,0.12219325453042984,0.545,1,0.705,1,0.925,1,6.0,,non_burnable,0.0,0.0,0.0234375,3.0,0.052534562211981564,4.0,False
dc_ac16fc556bbf,Sentinel Data Centers,,unknown,under_construction,VA,Loudoun,39.0004483,-77.4607956,building,VERIFIED,high,128835.8,,13.613815307617188,0.055,1,0.095,1,0.175,1,1.0,1.0,very_low,0.6888888888888889,1.0,0.38671875,1.0,0.3391705069124424,1.0,False
dc_a824cf17055c,,,unknown,operational,VA,Loudoun,38.99955,-77.46095,building,VERIFIED,high,130571.9,,13.629328727722168,0.055,1,0.095,1,0.175,1,1.0,1.0,very_low,0.7111111111111111,1.0,0.38671875,1.0,0.34838709677419355,1.0,False
dc_8517c7de8a9c,Digital Realty IAD43 (Building S),Digital Realty,colocation,operational,VA,Loudoun,39.0019,-77.4529,building,VERIFIED,high,189391.1,,13.613815307617188,0.055,1,0.095,1,0.175,1,1.0,1.0,very_low,0.5111111111111111,1.0,0.359375,1.0,0.32534562211981566,1.0,False
dc_521feae1aae7,Vantage VA2,Vantage Data Centers,colocation,operational,VA,Loudoun,38.997949,-77.4302306,building,VERIFIED,high,187489.2,,13.629328727722168,0.055,1,0.095,1,0.175,1,6.0,,non_burnable,0.2,1.0,0.2265625,1.0,0.30783410138248846,1.0,False
dc_6c4275f57202,CyrusOne Cincinnati-Hamilton CIN4,CyrusOne,colocation,operational,OH,Butler,39.38495,-84.56688,campus_centroid,CANDIDATE,high,1543626.7,,18.689889907836914,0.045,1,0.07500000000000001,1,0.11499999999999999,1,6.0,,non_burnable,0.2222222222222222,1.0,0.33203125,1.0,0.44055299539170506,1.0,False
dc_74688765b678,DataBank Santa Clara SFO1,DataBank,colocation,operational,CA,Santa Clara,37.4073026,-121.9659803,building,pending,high,26781.2,,0.12219325453042984,0.525,1,0.675,1,0.885,1,6.0,,non_burnable,0.24444444444444444,3.0,0.16796875,3.0,0.15299539170506912,4.0,False
dc_d79e66e14276,NTT PH1 Datacenter,NTT,colocation,operational,AZ,Maricopa,33.35004,-111.60859,campus_centroid,CANDIDATE,high,3155905.1,,7.883434772491455,0.025,1,0.035,1,0.065,1,3.0,3.0,moderate,0.7111111111111111,4.0,0.47265625,4.0,0.5493087557603686,4.0,False
dc_abb2744b3a0e,Iron Mountain AZP-1,Iron Mountain,colocation,operational,AZ,Maricopa,33.4547261,-111.9762182,building,pending,high,1261855.9,,7.883434772491455,0.025,1,0.035,1,0.065,1,6.0,,non_burnable,0.0,0.0,0.23046875,5.0,0.12903225806451613,5.0,False
dc_3220818536c7,PTC,Stayton Cooperative Telephone Company,unknown,operational,OR,Linn,44.7752235,-122.6159312,building,pending,high,2521.9,,0.7157332897186279,0.125,1,0.195,1,0.315,1,6.0,,non_burnable,0.6888888888888889,3.0,0.7890625,4.0,0.8755760368663594,4.0,False
dc_21b651e90066,,,unknown,operational,IA,Polk,41.51586,-93.72031,building,VERIFIED,high,263940.4,,14.173967361450195,0.015,1,0.025,1,0.045,1,6.0,,non_burnable,0.4,1.0,0.46484375,1.0,0.46728110599078343,3.0,False
dc_1ae3762b7463,,,unknown,operational,IA,Polk,41.51686,-93.71977,building,CANDIDATE,high,248069.4,,14.173967361450195,0.015,1,0.025,1,0.045,1,6.0,,non_burnable,0.4666666666666667,1.0,0.48828125,1.0,0.4626728110599078,3.0,False
dc_10fa54833aa4,CenturyLink,,unknown,operational,MO,Caldwell,39.7440482,-93.997376,building,pending,high,1433.2,,20.87441635131836,0.025,1,0.045,1,0.065,1,6.0,,non_burnable,0.28888888888888886,1.0,0.49609375,1.0,0.5963133640552996,2.0,False
dc_5255a71086fb,,,unknown,operational,AZ,Maricopa,33.3532147,-111.6780333,building,UNRESOLVABLE,high,241211.4,,7.883434772491455,0.025,1,0.035,1,0.065,1,6.0,,non_burnable,0.4888888888888889,3.0,0.359375,4.0,0.36589861751152075,4.0,False
dc_18348e8eb436,Amazon Web Services,Amazon Web Services,hyperscale,operational,OR,Umatilla,45.88003,-119.34171,building,VERIFIED,high,218723.6,,2.1825551986694336,0.055,1,0.08499999999999999,1,0.14500000000000002,1,6.0,,non_burnable,0.3111111111111111,2.0,0.30078125,5.0,0.38525345622119817,5.0,False
dc_679ff5ffd2c5,Amazon Web Services,Amazon Web Services,hyperscale,operational,OR,Umatilla,45.8825302,-119.3396948,building,AMBIGUOUS,high,222330.1,,2.1825551986694336,0.055,1,0.08499999999999999,1,0.14500000000000002,1,6.0,,non_burnable,0.35555555555555557,3.0,0.3515625,5.0,0.39262672811059907,5.0,False
dc_9f6f0a48ddbb,,,unknown,operational,OH,Licking,40.0592384,-82.7626774,building,pending,high,95191.0,,14.810942649841309,0.035,1,0.055,1,0.095,1,6.0,,non_burnable,0.5333333333333333,1.0,0.484375,1.0,0.5152073732718894,1.0,False
dc_11f8cf85f74c,Microsoft,Microsoft,hyperscale,operational,IA,Dallas,41.5339161,-93.863439,building,VERIFIED,high,250491.1,,14.173967361450195,0.015,1,0.025,1,0.045,1,6.0,,non_burnable,0.15555555555555556,1.0,0.4375,2.0,0.49953917050691243,2.0,False
dc_18dc72c9dac5,Microsoft,Microsoft,hyperscale,operational,IA,Dallas,41.53284,-93.86346,building,VERIFIED,high,250495.2,,14.173967361450195,0.015,1,0.025,1,0.045,1,6.0,,non_burnable,0.2222222222222222,1.0,0.41796875,2.0,0.49953917050691243,2.0,False
dc_eee0a9900e19,Microsoft,Microsoft,hyperscale,operational,IA,Dallas,41.531814,-93.8634426,building,AMBIGUOUS,high,250499.2,,14.173967361450195,0.015,1,0.025,1,0.045,1,6.0,,non_burnable,0.26666666666666666,1.0,0.45703125,2.0,0.49953917050691243,2.0,False
dc_1fe64519a772,Flexential Las Vegas - Downtown,Flexential,colocation,operational,NV,Clark,36.1686438,-115.1431445,building,pending,high,439.3,,3.602787733078003,0.07500000000000001,1,0.10500000000000001,1,0.185,1,6.0,,non_burnable,0.0,0.0,0.0078125,2.0,0.041474654377880185,2.0,False
dc_e34d7f618094,,,unknown,operational,VA,Fauquier,38.737125,-77.826322,building,CANDIDATE,high,59703.6,,12.71955680847168,0.065,1,0.10500000000000001,1,0.195,1,6.0,,non_burnable,0.8666666666666667,2.0,0.8359375,2.0,0.7870967741935484,2.0,False
dc_9f2ca161d2a1,,,unknown,operational,VA,Fauquier,38.7382145,-77.8258682,building,UNRESOLVABLE,high,107125.5,,12.71955680847168,0.065,1,0.10500000000000001,1,0.195,1,2.0,2.0,low,0.9111111111111111,2.0,0.83203125,2.0,0.7889400921658987,2.0,False
dc_6d22761134df,xAI Colossus,xAI,unknown,operational,TN,Shelby,35.06015,-90.15605,building,VERIFIED,high,776967.6,,19.404020309448242,0.275,1,0.455,1,0.795,1,6.0,,non_burnable,0.35555555555555557,1.0,0.44921875,1.0,0.5327188940092166,2.0,False
dc_e1b3a8f32643,CloudHQ,CloudHQ,unknown,operational,VA,Loudoun,39.0026,-77.472,building,CANDIDATE,high,460596.6,,13.613815307617188,0.055,1,0.095,1,0.175,1,1.0,1.0,very_low,0.6222222222222222,1.0,0.4296875,1.0,0.343778801843318,1.0,False
dc_7f4a4b98d21f,T5@Cleveland,T5 Data Centers,unknown,operational,OH,Cuyahoga,41.4426221,-81.8022998,building,pending,high,244723.9,,14.31541633605957,0.035,1,0.055,1,0.095,1,6.0,,non_burnable,0.044444444444444446,1.0,0.06640625,1.0,0.13456221198156681,1.0,False
dc_1939617702b6,Databank LGA3,Databank,colocation,operational,NY,Rockland,41.0397,-73.9897,building,VERIFIED,high,197452.6,,6.558852672576904,0.10500000000000001,1,0.175,1,0.345,1,6.0,,non_burnable,0.3111111111111111,4.0,0.4296875,5.0,0.4792626728110599,5.0,False
dc_3602336d3d9e,Amazon Web Services,Amazon Web Services,hyperscale,operational,OH,Licking,40.102426,-82.7501414,building,pending,high,213519.8,,14.810942649841309,0.035,1,0.055,1,0.095,1,1.0,1.0,very_low,0.5111111111111111,1.0,0.44921875,1.0,0.471889400921659,1.0,False
dc_bfa1717c079a,Amazon Web Services,Amazon Web Services,hyperscale,operational,OH,Licking,40.1019552,-82.7519122,building,VERIFIED,high,125656.6,,14.810942649841309,0.035,1,0.055,1,0.095,1,1.0,1.0,very_low,0.5111111111111111,1.0,0.4375,1.0,0.471889400921659,1.0,False
dc_e11210b1487c,Amazon Web Services,Amazon Web Services,hyperscale,operational,OH,Licking,40.0942,-82.7321,building,CANDIDATE,high,213119.0,,14.810942649841309,0.035,1,0.055,1,0.095,1,6.0,,non_burnable,0.4,1.0,0.41015625,1.0,0.46543778801843316,1.0,False
dc_33991d604090,Amazon Web Services,Amazon Web Services,hyperscale,operational,OH,Licking,40.0943973,-82.7292787,building,VERIFIED,high,72426.8,,14.810942649841309,0.035,1,0.055,1,0.095,1,6.0,,non_burnable,0.4666666666666667,1.0,0.42578125,1.0,0.4663594470046083,1.0,False
dc_3f57a6a92dfe,Amazon Web Services,Amazon Web Services,hyperscale,operational,OH,Licking,40.095578,-82.732088,building,VERIFIED,high,211441.8,,14.810942649841309,0.035,1,0.055,1,0.095,1,6.0,,non_burnable,0.37777777777777777,1.0,0.41015625,1.0,0.4645161290322581,1.0,False
dc_06bbdd2a31eb,Google NBY-5,Google,hyperscale,operational,OH,Franklin,40.0565,-82.7722,building,VERIFIED,high,287008.5,1.0,14.810942649841309,0.035,1,0.055,1,0.095,1,1.0,1.0,very_low,0.4,1.0,0.54296875,1.0,0.504147465437788,1.0,False
dc_a1f012a7d971,Google NBY-6,Google,hyperscale,operational,OH,Franklin,40.0539595,-82.7675946,building,CANDIDATE,high,287583.6,1.0,14.810942649841309,0.035,1,0.055,1,0.095,1,6.0,,non_burnable,0.4222222222222222,1.0,0.54296875,1.0,0.5032258064516129,1.0,False
dc_1963a1dab74f,LCO DCB 1,Meta,hyperscale,operational,OH,Licking,40.0614927,-82.7405524,building,pending,high,365548.4,,14.810942649841309,0.035,1,0.055,1,0.095,1,6.0,,non_burnable,0.4,1.0,0.40625,1.0,0.4682027649769585,1.0,False
dc_295bde3d8f29,LCO DCB 2,Meta,hyperscale,operational,OH,Licking,40.0652296,-82.7411681,building,CANDIDATE,high,304109.8,,14.810942649841309,0.035,1,0.055,1,0.095,1,6.0,,non_burnable,0.4444444444444444,1.0,0.40625,1.0,0.4737327188940092,1.0,False
dc_45a9d34cb56f,Amazon Web Services,Amazon Web Services,hyperscale,operational,OH,Union,40.1357888,-83.212641,building,pending,high,210422.1,,15.455096244812012,0.035,1,0.065,1,0.10500000000000001,1,6.0,,non_burnable,0.13333333333333333,1.0,0.3671875,1.0,0.31981566820276497,1.0,False
dc_3341e1570713,Amazon Web Services,Amazon Web Services,hyperscale,operational,OH,Union,40.1200638,-83.1993191,building,pending,high,156855.2,,15.455096244812012,0.035,1,0.065,1,0.10500000000000001,1,6.0,,non_burnable,0.15555555555555556,1.0,0.26953125,1.0,0.2672811059907834,1.0,False
dc_62ad4ef31871,Amazon Web Services,Amazon Web Services,hyperscale,operational,OH,Union,40.1193,-83.20323,building,VERIFIED,high,211969.6,,15.455096244812012,0.035,1,0.065,1,0.10500000000000001,1,6.0,,non_burnable,0.24444444444444444,1.0,0.23046875,1.0,0.2626728110599078,1.0,False
dc_5e45345b536d,Amazon Web Services,Amazon Web Services,hyperscale,operational,OH,Union,40.11805,-83.2025,building,VERIFIED,high,216190.9,,15.455096244812012,0.035,1,0.065,1,0.10500000000000001,1,6.0,,non_burnable,0.2,1.0,0.21875,1.0,0.26359447004608294,1.0,False
dc_a97ad74f1324,Amazon Web Services,Amazon Web Services,hyperscale,operational,OH,Franklin,40.05018,-83.17552,building,VERIFIED,high,214086.0,,15.455096244812012,0.035,1,0.055,1,0.10500000000000001,1,6.0,,non_burnable,0.24444444444444444,1.0,0.25,1.0,0.20092165898617512,1.0,False
dc_c4278b67d2a7,Amazon Web Services,Amazon Web Services,hyperscale,operational,OH,Franklin,40.0515221,-83.1757154,building,VERIFIED,high,211155.4,,15.455096244812012,0.035,1,0.055,1,0.10500000000000001,1,6.0,,non_burnable,0.28888888888888886,1.0,0.25,1.0,0.20092165898617512,1.0,False
dc_1d3d51cfc269,Amazon Web Services,Amazon Web Services,hyperscale,operational,OH,Franklin,40.01659,-83.12585,building,VERIFIED,high,212842.2,,15.455096244812012,0.035,1,0.055,1,0.095,1,1.0,1.0,very_low,0.2,1.0,0.140625,1.0,0.17419354838709677,1.0,False
dc_7265e2ab382c,Amazon Web Services,Amazon Web Services,hyperscale,operational,OH,Franklin,40.0210134,-83.1260205,building,VERIFIED,high,217921.1,,15.455096244812012,0.035,1,0.055,1,0.095,1,1.0,1.0,very_low,0.2,1.0,0.15625,1.0,0.17880184331797236,1.0,False
dc_38ee88266071,Amazon Web Services,Amazon Web Services,hyperscale,operational,OR,Morrow,45.8517,-119.6197,building,VERIFIED,high,214042.9,,1.9345662593841553,0.055,1,0.095,1,0.155,1,6.0,,non_burnable,0.4222222222222222,2.0,0.40234375,2.0,0.27557603686635945,4.0,False
dc_33100f7e2542,Amazon Web Services,Amazon Web Services,hyperscale,operational,OR,Morrow,45.8530947,-119.61968,building,VERIFIED,high,210337.9,,1.9345662593841553,0.055,1,0.095,1,0.155,1,6.0,,non_burnable,0.37777777777777777,2.0,0.41796875,2.0,0.27926267281105993,4.0,False
dc_384a3561c678,Amazon Web Services,Amazon Web Services,hyperscale,operational,OR,Morrow,45.8193,-119.632,building,VERIFIED,high,210662.8,,1.9345662593841553,0.055,1,0.095,1,0.155,1,6.0,,non_burnable,0.26666666666666666,1.0,0.34375,4.0,0.3741935483870968,4.0,False
dc_f138bbd8bc1d,Amazon Web Services,Amazon Web Services,hyperscale,operational,OR,Morrow,45.81929,-119.63626,building,VERIFIED,high,215555.4,,1.9345662593841553,0.055,1,0.095,1,0.155,1,6.0,,non_burnable,0.2222222222222222,2.0,0.34765625,4.0,0.3870967741935484,4.0,False
dc_d7d8441ed5db,Amazon Web Services,Amazon Web Services,hyperscale,operational,OR,Morrow,45.8199495,-119.6368556,building,CANDIDATE,high,209034.1,,1.9345662593841553,0.055,1,0.095,1,0.155,1,6.0,,non_burnable,0.26666666666666666,2.0,0.36328125,4.0,0.3972350230414747,4.0,False
dc_e58443614b83,Amazon Web Services,Amazon Web Services,hyperscale,operational,OR,Umatilla,45.810384,-119.268776,building,VERIFIED,high,211502.5,,2.1825551986694336,0.055,1,0.08499999999999999,1,0.135,1,6.0,,non_burnable,0.4666666666666667,2.0,0.51953125,3.0,0.4184331797235023,4.0,False
dc_fb93b96e8ed9,Amazon Web Services,Amazon Web Services,hyperscale,operational,OR,Umatilla,45.8082769,-119.2686163,building,VERIFIED,high,212806.2,,2.1825551986694336,0.055,1,0.08499999999999999,1,0.135,1,6.0,,non_burnable,0.4888888888888889,2.0,0.5078125,3.0,0.423963133640553,4.0,False
dc_3a2713412dbf,Amazon Web Services,Amazon Web Services,hyperscale,operational,OR,Umatilla,45.799,-119.3617,building,VERIFIED,high,215405.3,,2.1825551986694336,0.055,1,0.08499999999999999,1,0.135,1,1.0,1.0,very_low,0.4444444444444444,1.0,0.328125,2.0,0.3815668202764977,4.0,False
dc_e33cbb7805bd,Amazon Web Services,Amazon Web Services,hyperscale,operational,OR,Umatilla,45.7996834,-119.3584242,building,pending,high,13837.3,,2.1825551986694336,0.055,1,0.08499999999999999,1,0.135,1,6.0,,non_burnable,0.4,1.0,0.29296875,2.0,0.38064516129032255,4.0,False
dc_3fee772ee31d,Amazon Web Services,Amazon Web Services,hyperscale,operational,OR,Umatilla,45.797835,-119.360508,building,VERIFIED,high,13867.2,,2.1825551986694336,0.055,1,0.08499999999999999,1,0.135,1,6.0,,non_burnable,0.4444444444444444,2.0,0.3203125,2.0,0.376036866359447,4.0,False
dc_0fe2a0efd4a5,CYS41 Datacenter,Microsoft,hyperscale,operational,WY,Laramie,41.1246,-104.8983,building,VERIFIED,high,46211.1,,9.383162498474121,0.055,1,0.08499999999999999,1,0.14500000000000002,1,6.0,,non_burnable,0.7111111111111111,2.0,0.87109375,3.0,0.8543778801843318,3.0,False
dc_cd516cae2531,CYS42 Datacenter,Microsoft,hyperscale,operational,WY,Laramie,41.12538,-104.90889,building,CANDIDATE,high,60368.7,,9.383162498474121,0.055,1,0.08499999999999999,1,0.14500000000000002,1,6.0,,non_burnable,0.6666666666666666,2.0,0.88671875,3.0,0.895852534562212,3.0,False
dc_eba87b29546a,xAI Macrohard Colossus 2,xAI,unknown,operational,TN,Shelby,34.9981,-90.03498,building,VERIFIED,high,961602.3,,19.260272979736328,0.245,1,0.395,1,0.675,1,2.0,2.0,low,0.5333333333333333,2.0,0.453125,2.0,0.4663594470046083,2.0,False
dc_673b340833e9,,,unknown,operational,OK,Muskogee,35.56835,-95.51242,building,VERIFIED,high,112466.3,,20.674457550048828,0.045,1,0.065,1,0.11499999999999999,1,1.0,1.0,very_low,0.9333333333333333,3.0,0.9140625,3.0,0.9456221198156682,3.0,False
dc_00e628ce6044,True North Data Centers,True North Data Solutions,unknown,operational,VA,Loudoun,39.0436134,-77.5372623,campus_centroid,AMBIGUOUS,high,4583223.3,,11.454973220825195,0.055,1,0.095,1,0.175,1,1.0,1.0,very_low,0.6222222222222222,1.0,0.640625,2.0,0.5649769585253456,2.0,False
dc_bf2b1134f899,TikTok Data Center,True North Data Solutions,unknown,operational,VA,Loudoun,39.04425,-77.53796,building,CANDIDATE,high,169768.8,1.0,11.454973220825195,0.055,1,0.095,1,0.175,1,1.0,1.0,very_low,0.5555555555555556,1.0,0.640625,2.0,0.5649769585253456,2.0,False
dc_c231fc51e3eb,Encompass Minneapolis Facility,Encompass,unknown,operational,MN,Anoka,45.1321573,-93.0956156,building,UNRESOLVABLE,high,74101.7,,10.388507843017578,0.005,1,0.015,1,0.025,1,4.0,4.0,high,0.7333333333333333,4.0,0.65234375,4.0,0.5262672811059907,4.0,False
dc_5049ca57aab5,,,unknown,operational,KS,Johnson,38.9391997,-94.8601851,building,VERIFIED,high,86525.1,,20.538841247558594,0.025,1,0.045,1,0.07500000000000001,1,2.0,2.0,low,0.5111111111111111,3.0,0.54296875,3.0,0.5898617511520737,3.0,False
dc_1a859cfbdcb4,,Oppidan,unknown,operational,OH,Franklin,40.0526729,-83.1274235,building,pending,high,89315.9,,15.455096244812012,0.035,1,0.055,1,0.095,1,1.0,1.0,very_low,0.13333333333333333,1.0,0.19140625,1.0,0.20921658986175115,1.0,False
dc_e577fdae7a20,,,unknown,operational,WY,Campbell,44.1892369,-105.6104802,building,UNRESOLVABLE,high,5975.4,,12.548205375671387,0.125,1,0.215,1,0.405,1,6.0,,non_burnable,0.7111111111111111,3.0,0.9140625,3.0,0.9705069124423963,3.0,False
dc_cf3294ee628d,State of Montana Data Center,State of Montana,unknown,operational,MT,Custer,46.4068846,-105.8206969,building,pending,high,8493.2,,9.17544174194336,0.025,1,0.045,1,0.07500000000000001,1,1.0,1.0,very_low,0.3111111111111111,1.0,0.39453125,2.0,0.6331797235023041,4.0,False
dc_4ecbe50b2051,Switch Las Vegas 14,Switch,colocation,operational,NV,Clark,36.0652076,-115.222045,building,VERIFIED,high,223997.6,,3.602787733078003,0.065,1,0.10500000000000001,1,0.165,1,1.0,1.0,very_low,0.17777777777777778,2.0,0.25390625,2.0,0.22857142857142856,3.0,False
dc_d6ad1ac37897,Google,Google,hyperscale,operational,NE,Douglas,41.3393059,-96.0846572,building,VERIFIED,high,290161.7,,15.336313247680664,0.015,1,0.025,1,0.045,1,6.0,,non_burnable,0.4,2.0,0.390625,2.0,0.39262672811059907,4.0,False
dc_3e1e075b64ea,Google,Google,hyperscale,operational,NE,Douglas,41.3419,-96.0877,building,VERIFIED,high,290130.6,,15.336313247680664,0.015,1,0.025,1,0.045,1,6.0,,non_burnable,0.37777777777777777,2.0,0.37890625,2.0,0.39631336405529954,4.0,False
dc_a6b4531def62,Google,Google,hyperscale,operational,NE,Douglas,41.3455,-96.09365,building,VERIFIED,high,290104.0,,15.336313247680664,0.015,1,0.025,1,0.045,1,6.0,,non_burnable,0.3111111111111111,1.0,0.4609375,3.0,0.3870967741935484,4.0,False
dc_5f6e752e8332,,,unknown,operational,ND,Dickey,46.0123214,-98.5730984,building,UNRESOLVABLE,high,13392.8,,10.445856094360352,0.015,1,0.025,1,0.045,1,6.0,,non_burnable,0.7777777777777778,1.0,0.61328125,1.0,0.5658986175115207,2.0,False
dc_c6bcbe1b8a1f,,,unknown,operational,ND,Dickey,46.0135016,-98.5716711,building,UNRESOLVABLE,high,13590.6,,10.445856094360352,0.015,1,0.025,1,0.045,1,6.0,,non_burnable,0.7555555555555555,1.0,0.5859375,1.0,0.5658986175115207,2.0,False
dc_059baa53ed1a,,,unknown,operational,ND,Dickey,46.0126411,-98.5744629,building,UNRESOLVABLE,high,6555.1,,10.445856094360352,0.015,1,0.025,1,0.045,1,6.0,,non_burnable,0.8,1.0,0.56640625,1.0,0.5658986175115207,2.0,False
dc_cc1a5c76c102,QTS NAL 2 DC1,Quality Technology Services,colocation,operational,OH,Licking,40.05574,-82.75645,building,CANDIDATE,high,163319.2,2.0,14.810942649841309,0.035,1,0.055,1,0.095,1,6.0,,non_burnable,0.35555555555555557,1.0,0.47265625,1.0,0.5152073732718894,1.0,False
dc_2c541c5c30d6,QTS NAL 2 DC2,Quality Technology Services,colocation,operational,OH,Licking,40.0531,-82.7566,building,CANDIDATE,high,147658.1,2.0,14.810942649841309,0.035,1,0.055,1,0.095,1,6.0,,non_burnable,0.3111111111111111,1.0,0.46484375,1.0,0.5161290322580645,1.0,False
dc_b1c8c36b01b9,QTS NAL1 DC2,Quality Technology Services,colocation,operational,OH,Licking,40.0636133,-82.7582273,building,AMBIGUOUS,high,226711.7,2.0,14.810942649841309,0.035,1,0.055,1,0.095,1,6.0,,non_burnable,0.4444444444444444,1.0,0.42578125,1.0,0.49585253456221196,1.0,False
dc_a20930b79289,QTS NAL1 DC1,Quality Technology Services,colocation,operational,OH,Licking,40.0650012,-82.7581306,building,pending,high,225117.1,2.0,14.810942649841309,0.035,1,0.055,1,0.095,1,6.0,,non_burnable,0.5111111111111111,1.0,0.43359375,1.0,0.49585253456221196,1.0,False
dc_21b4adeddde5,,,unknown,operational,IL,DuPage,41.79538,-88.24696,building,VERIFIED,high,169253.9,,17.22007942199707,0.035,1,0.065,1,0.11499999999999999,1,1.0,1.0,very_low,0.2,1.0,0.2421875,1.0,0.24423963133640553,1.0,False
dc_53100ad6729e,Google,Google,hyperscale,operational,TX,Ellis,32.5390042,-96.7932072,building,VERIFIED,high,288830.4,,18.841638565063477,0.025,1,0.035,1,0.055,1,6.0,,non_burnable,0.6,3.0,0.5859375,3.0,0.6423963133640553,3.0,False
dc_3fbc71924de1,Compass Data Center,,unknown,operational,TX,Ellis,32.545504,-96.802207,building,VERIFIED,high,248978.7,,18.841638565063477,0.025,1,0.035,1,0.055,1,2.0,2.0,low,0.7333333333333333,2.0,0.57421875,3.0,0.6267281105990783,3.0,False
dc_073b5a543445,Compass Data Center,,unknown,operational,TX,Ellis,32.5442,-96.8022,building,VERIFIED,high,248985.5,,18.841638565063477,0.025,1,0.035,1,0.055,1,2.0,2.0,low,0.6888888888888889,2.0,0.57421875,3.0,0.6285714285714286,3.0,False
dc_a53b0f3f5d96,Compass Data Center,,unknown,operational,TX,Ellis,32.5428991,-96.8021938,building,CANDIDATE,high,248989.0,,18.841638565063477,0.025,1,0.035,1,0.055,1,2.0,2.0,low,0.6666666666666666,2.0,0.56640625,3.0,0.6304147465437788,3.0,False
dc_81873e5cdfa0,Compass Data Center,,unknown,operational,TX,Ellis,32.5415885,-96.8022074,building,AMBIGUOUS,high,248989.3,,18.841638565063477,0.025,1,0.035,1,0.055,1,2.0,2.0,low,0.6222222222222222,2.0,0.57421875,3.0,0.6258064516129033,3.0,False
dc_cb4c961a9958,Compass Data Center,,unknown,operational,TX,Ellis,32.5402764,-96.8022204,building,pending,high,247998.7,,18.841638565063477,0.025,1,0.035,1,0.055,1,2.0,2.0,low,0.5111111111111111,2.0,0.55859375,3.0,0.6341013824884792,3.0,False
dc_fb27816330e8,Compass Data Center,,unknown,operational,TX,Ellis,32.5426759,-96.793719,building,AMBIGUOUS,high,251939.9,,18.841638565063477,0.025,1,0.035,1,0.055,1,2.0,2.0,low,0.7333333333333333,2.0,0.61328125,3.0,0.6377880184331797,3.0,False
dc_e95c9536a835,Compass Data Center,,unknown,operational,TX,Ellis,32.543994,-96.793719,building,VERIFIED,high,251913.0,,18.841638565063477,0.025,1,0.035,1,0.055,1,6.0,,non_burnable,0.7333333333333333,2.0,0.6328125,3.0,0.6368663594470046,3.0,False
dc_1ef21e9efb64,Compass Data Center,,unknown,operational,TX,Ellis,32.5452986,-96.7937562,building,VERIFIED,high,251911.8,,18.841638565063477,0.025,1,0.035,1,0.055,1,2.0,2.0,low,0.8222222222222222,2.0,0.640625,3.0,0.6350230414746544,3.0,False
dc_dcfd9a467a8b,Compass Data Center,,unknown,operational,TX,Ellis,32.544711,-96.788648,building,VERIFIED,high,251923.9,,18.841638565063477,0.025,1,0.035,1,0.055,1,6.0,,non_burnable,0.6888888888888889,2.0,0.66015625,3.0,0.6396313364055299,3.0,False
dc_802db22e67f1,Compass Data Center,,unknown,operational,TX,Ellis,32.5452921,-96.7883821,building,AMBIGUOUS,high,251942.1,,18.841638565063477,0.025,1,0.035,1,0.055,1,6.0,,non_burnable,0.8,2.0,0.66015625,3.0,0.6423963133640553,3.0,False
dc_bcd0a6c2165d,Amazon IAD-168,Amazon Web Services,hyperscale,operational,VA,Fairfax,38.9231403,-77.4249774,building,AMBIGUOUS,high,113584.4,,13.629328727722168,0.055,1,0.095,1,0.175,1,1.0,1.0,very_low,0.35555555555555557,1.0,0.37890625,1.0,0.3640552995391705,1.0,False
dc_3d890dc6520c,Amazon IAD-500,Amazon Web Services,hyperscale,operational,VA,Fairfax,38.936,-77.4243,building,VERIFIED,high,131769.0,,13.629328727722168,0.055,1,0.095,1,0.175,1,6.0,,non_burnable,0.3333333333333333,1.0,0.3046875,1.0,0.34101382488479265,1.0,False
dc_7c029fb06937,Google NBY-7,Google,hyperscale,operational,OH,Licking,40.0539392,-82.7639185,building,UNRESOLVABLE,high,270373.3,1.0,14.810942649841309,0.035,1,0.055,1,0.095,1,6.0,,non_burnable,0.4,1.0,0.5234375,1.0,0.5050691244239631,1.0,False
dc_f568eee20c17,Vantage Building 1,Vantage,colocation,operational,OH,Licking,40.1025,-82.74695,building,VERIFIED,high,245446.4,2.0,14.810942649841309,0.035,1,0.055,1,0.095,1,6.0,,non_burnable,0.5111111111111111,1.0,0.4140625,1.0,0.46912442396313364,1.0,False
dc_1491711e475b,Vantage Building 2,Vantage,colocation,operational,OH,Licking,40.1005303,-82.7471193,building,CANDIDATE,high,237735.2,2.0,14.810942649841309,0.035,1,0.055,1,0.095,1,1.0,1.0,very_low,0.5555555555555556,1.0,0.4296875,1.0,0.46912442396313364,1.0,False
dc_4a8c1543df7d,Vantage Building 3,Vantage,colocation,operational,OH,Licking,40.0987619,-82.7472449,building,UNRESOLVABLE,high,222451.1,2.0,14.810942649841309,0.035,1,0.055,1,0.095,1,1.0,1.0,very_low,0.4666666666666667,1.0,0.44140625,1.0,0.4663594470046083,1.0,False
dc_dad966852eb4,Microsoft,Microsoft,hyperscale,operational,WA,Grant,47.2385928,-119.8874148,building,pending,high,143441.9,,1.113155484199524,0.07500000000000001,1,0.11499999999999999,1,0.175,1,6.0,,non_burnable,0.2222222222222222,1.0,0.3203125,3.0,0.48294930875576036,4.0,False
dc_990f669f9ec2,,,unknown,operational,TX,Bexar,29.44968,-98.7144036,building,VERIFIED,high,154443.4,,12.881298065185547,0.005,1,0.015,1,0.035,1,2.0,2.0,low,0.35555555555555557,2.0,0.40234375,3.0,0.40368663594470044,3.0,False
dc_9b9f99566927,,,unknown,operational,TX,Bexar,29.4499,-98.7141,building,VERIFIED,high,154442.0,,12.881298065185547,0.005,1,0.015,1,0.035,1,2.0,2.0,low,0.3333333333333333,2.0,0.40234375,3.0,0.3990783410138249,3.0,False
dc_080f1a37f4e4,,,unknown,operational,TX,Bexar,29.4522303,-98.7140639,building,UNRESOLVABLE,high,154439.2,,12.881298065185547,0.005,1,0.015,1,0.035,1,2.0,2.0,low,0.4222222222222222,2.0,0.3984375,3.0,0.39262672811059907,3.0,False
dc_f0527c78fab7,,,unknown,operational,MO,Clay,39.3226315,-94.5947952,building,UNRESOLVABLE,high,307415.1,,20.675199508666992,0.025,1,0.045,1,0.065,1,6.0,,non_burnable,0.26666666666666666,2.0,0.51171875,3.0,0.5907834101382489,3.0,False
dc_06b6217194bb,CloudHQ LC3,CloudHQ,unknown,operational,VA,Loudoun,39.0112,-77.4604,building,CANDIDATE,high,241208.5,,13.613815307617188,0.055,1,0.095,1,0.175,1,6.0,,non_burnable,0.3333333333333333,1.0,0.3828125,1.0,0.3317972350230415,1.0,False
dc_5e9834409f88,Google,Google,hyperscale,operational,OR,Wasco,45.6231,-121.2067,building,VERIFIED,high,287830.9,,0.5895698070526123,0.08499999999999999,1,0.125,1,0.195,1,6.0,,non_burnable,0.3111111111111111,4.0,0.5234375,4.0,0.6737327188940092,5.0,False
dc_b15a9ac2dbba,Alinged Data Center DFW-03,"Aligned Data Centers, LLC",colocation,operational,TX,Tarrant,32.55,-97.0749,building,VERIFIED,high,188258.0,,17.917001724243164,0.025,1,0.035,1,0.055,1,6.0,,non_burnable,0.37777777777777777,2.0,0.47265625,3.0,0.5465437788018433,3.0,False
dc_227328ca29fa,,,unknown,operational,VA,Loudoun,39.05598,-77.54733,building,VERIFIED,high,149008.9,,11.454973220825195,0.055,1,0.095,1,0.175,1,1.0,1.0,very_low,0.6444444444444445,2.0,0.73828125,2.0,0.5880184331797235,2.0,False
dc_d9595069df1d,,,unknown,operational,VA,Loudoun,39.0577971,-77.546734,building,CANDIDATE,high,106352.3,,11.454973220825195,0.055,1,0.095,1,0.175,1,1.0,1.0,very_low,0.6666666666666666,2.0,0.72265625,2.0,0.5778801843317972,2.0,False
dc_45594dea9379,,,unknown,operational,VA,Loudoun,39.0821895,-77.5651208,building,AMBIGUOUS,high,200733.3,,11.454973220825195,0.055,1,0.095,1,0.175,1,1.0,1.0,very_low,0.4666666666666667,2.0,0.5078125,2.0,0.5944700460829493,2.0,False
dc_5040856febf7,NTT Chicago CH3,NTT,colocation,operational,IL,DuPage,41.98758,-88.010887,building,CANDIDATE,high,83897.6,,17.22007942199707,0.035,1,0.055,1,0.095,1,6.0,,non_burnable,0.044444444444444446,1.0,0.1328125,1.0,0.2294930875576037,1.0,False
dc_becfb5c153fe,NTT Chicago CH4,NTT,colocation,operational,IL,DuPage,41.9891013,-88.0047584,building,UNRESOLVABLE,high,101346.5,,17.22007942199707,0.035,1,0.055,1,0.095,1,6.0,,non_burnable,0.13333333333333333,1.0,0.12890625,1.0,0.22027649769585253,1.0,False
dc_590024763fae,Microsoft Data Center 2,Microsoft,hyperscale,operational,VA,Prince William,38.7999718,-77.5833485,building,VERIFIED,high,247070.4,,12.71955680847168,0.065,1,0.10500000000000001,1,0.185,1,2.0,2.0,low,0.7111111111111111,2.0,0.55078125,2.0,0.5474654377880185,2.0,False
dc_42e5e1f19e3b,,,unknown,operational,OH,Franklin,40.0207739,-83.1241809,building,AMBIGUOUS,high,261665.5,,15.455096244812012,0.035,1,0.055,1,0.095,1,1.0,1.0,very_low,0.26666666666666666,1.0,0.16015625,1.0,0.18064516129032257,1.0,False
dc_4360cc6ad80d,,,unknown,operational,OH,Franklin,40.021203,-83.1231884,building,AMBIGUOUS,high,130028.0,,15.455096244812012,0.035,1,0.055,1,0.095,1,7.0,,water,0.2222222222222222,1.0,0.15625,1.0,0.18064516129032257,1.0,True
dc_803d715f084d,PowerHouse CTP-02,PowerHouse,unknown,operational,VA,Chesterfield,37.36059,-77.3257,building,CANDIDATE,high,85383.2,,13.860154151916504,0.08499999999999999,1,0.14500000000000002,1,0.265,1,6.0,,non_burnable,0.6888888888888889,2.0,0.61328125,2.0,0.5142857142857142,3.0,False
dc_3678db5e848c,,,unknown,operational,MN,Dakota,44.7347591,-93.0618605,building,UNRESOLVABLE,high,328419.5,,10.622698783874512,0.005,1,0.015,1,0.025,1,6.0,,non_burnable,0.35555555555555557,1.0,0.32421875,1.0,0.3216589861751152,1.0,False
dc_3d1532ca066a,,,unknown,operational,MN,Dakota,44.7345345,-93.0648906,building,UNRESOLVABLE,high,273743.8,,10.622698783874512,0.005,1,0.015,1,0.025,1,6.0,,non_burnable,0.4,1.0,0.328125,1.0,0.3225806451612903,1.0,False
dc_d2de6bd1654c,NTT RagingWire DC - Hillsboro,NTT,colocation,operational,OR,Washington,45.5480793,-122.9377875,building,pending,high,205077.3,,0.49183908104896545,0.175,1,0.28500000000000003,1,0.455,1,6.0,,non_burnable,0.3111111111111111,2.0,0.17578125,2.0,0.19170506912442398,2.0,False
dc_31978bedd946,,,unknown,operational,IA,Polk,41.514853,-93.7208856,building,AMBIGUOUS,high,263944.4,,14.173967361450195,0.015,1,0.025,1,0.045,1,6.0,,non_burnable,0.4222222222222222,1.0,0.46484375,1.0,0.46728110599078343,3.0,False
dc_6cff6c8c0f96,,,unknown,operational,IA,Polk,41.5138877,-93.7214096,building,VERIFIED,high,263951.2,,14.173967361450195,0.015,1,0.025,1,0.045,1,6.0,,non_burnable,0.4444444444444444,1.0,0.4765625,1.0,0.46543778801843316,3.0,False
dc_3e38f37da8cc,IONIC Digital Cedarvale,IONIC Digital,unknown,operational,TX,Ward,31.5139,-103.4488,campus_centroid,VERIFIED,high,2238928.3,,10.406332015991211,0.015,1,0.035,1,0.065,1,1.0,1.0,very_low,0.9333333333333333,2.0,0.94140625,2.0,0.9631336405529954,3.0,False
dc_4cb7cf3af123,,,unknown,operational,ID,Ada,43.4631415,-116.2682325,building,UNRESOLVABLE,high,311565.1,,2.937180280685425,0.025,1,0.045,1,0.065,1,6.0,,non_burnable,0.6,4.0,0.78515625,5.0,0.7557603686635944,5.0,False
dc_dd03aab3ce8e,,,unknown,operational,ID,Ada,43.4633361,-116.2720949,building,CANDIDATE,high,374271.5,,2.937180280685425,0.025,1,0.045,1,0.065,1,6.0,,non_burnable,0.6,4.0,0.7734375,5.0,0.7465437788018433,5.0,False
dc_0effc7beed6d,East Kentucky Network Datacenter,,unknown,operational,KY,Floyd,37.6001856,-82.6787687,building,pending,high,15594.5,,12.019612312316895,0.065,1,0.095,1,0.175,1,6.0,,non_burnable,0.8,4.0,0.875,4.0,0.8875576036866359,4.0,False
dc_ff5f3d1e936c,,,unknown,operational,AZ,Maricopa,33.3471979,-111.6324603,building,UNRESOLVABLE,high,652529.5,,7.883434772491455,0.025,1,0.035,1,0.065,1,3.0,3.0,moderate,0.9111111111111111,4.0,0.6796875,4.0,0.4967741935483871,4.0,False
dc_2a63d0b145ad,,,unknown,operational,AZ,Maricopa,33.3463331,-111.6289144,building,UNRESOLVABLE,high,652574.4,,7.883434772491455,0.025,1,0.035,1,0.065,1,4.0,4.0,high,0.8666666666666667,4.0,0.66015625,4.0,0.5096774193548387,4.0,False
dc_204d8cf6c427,,,unknown,operational,AZ,Maricopa,33.347189,-111.6257923,building,UNRESOLVABLE,high,337460.0,,7.883434772491455,0.025,1,0.035,1,0.065,1,3.0,3.0,moderate,0.8666666666666667,4.0,0.640625,4.0,0.5170506912442396,4.0,False
dc_4ccb2c1d6e95,,,unknown,operational,TX,Angelina,31.1941757,-94.7967665,building,pending,high,12987.2,,21.47866439819336,0.015,1,0.035,1,0.055,1,3.0,3.0,moderate,0.7777777777777778,3.0,0.7109375,4.0,0.8543778801843318,4.0,False
dc_6908e0a4116d,Google,Google,hyperscale,operational,TX,Ellis,32.4402,-97.06085,building,VERIFIED,high,282285.1,,17.523134231567383,0.025,1,0.035,1,0.055,1,6.0,,non_burnable,0.5111111111111111,2.0,0.63671875,3.0,0.6377880184331797,3.0,False
dc_145f8eb38f08,Newrays Two LLC Mining,,unknown,operational,TN,Henry,36.3270316,-88.3200731,building,UNRESOLVABLE,high,85491.3,,17.939239501953125,0.225,1,0.355,1,0.575,1,3.0,3.0,moderate,0.8666666666666667,3.0,0.83203125,3.0,0.7013824884792627,3.0,False
dc_effe5dd6b5df,,,unknown,operational,VA,Loudoun,39.0552634,-77.5447851,building,UNRESOLVABLE,high,139936.3,,11.454973220825195,0.055,1,0.095,1,0.175,1,1.0,1.0,very_low,0.6444444444444445,2.0,0.70703125,2.0,0.5778801843317972,2.0,False
dc_d13459ca6718,,,unknown,operational,VA,Loudoun,39.0540969,-77.545995,building,UNRESOLVABLE,high,116829.6,,11.454973220825195,0.055,1,0.095,1,0.175,1,1.0,1.0,very_low,0.6222222222222222,2.0,0.71484375,2.0,0.6036866359447005,2.0,False
dc_b3d26444c787,,,unknown,operational,VA,Loudoun,39.0512,-77.5347,building,CANDIDATE,high,303500.4,,11.454973220825195,0.055,1,0.095,1,0.175,1,1.0,1.0,very_low,0.6,1.0,0.62109375,2.0,0.535483870967742,2.0,False
dc_b9607f6a4899,EdgeCore Silicon Valley,,unknown,operational,CA,Santa Clara,37.3837192,-121.9654044,building,CANDIDATE,high,80443.8,,0.12219325453042984,0.535,1,0.685,1,0.895,1,6.0,,non_burnable,0.0,0.0,0.01171875,3.0,0.07557603686635944,4.0,False
dc_949ff6edb0fd,STACK SVY02,Stack Infrastructure,colocation,operational,CA,Santa Clara,37.3619343,-121.9537306,building,pending,high,136084.0,,0.12219325453042984,0.555,1,0.715,1,0.935,1,6.0,,non_burnable,0.022222222222222223,3.0,0.02734375,4.0,0.03686635944700461,4.0,False
dc_4522ee78b5e3,Amazon AWS SAT - 12807 Donop,Amazon Web Services,hyperscale,operational,TX,Bexar,29.2930099,-98.3915987,building,VERIFIED,high,110391.2,,13.138814926147461,0.015,1,0.015,1,0.035,1,6.0,,non_burnable,0.5333333333333333,3.0,0.65234375,3.0,0.7317972350230415,3.0,False
dc_75378fd737b2,Prime DFW01-01,Prime,unknown,operational,TX,Dallas,32.83751,-96.879424,building,CANDIDATE,high,49684.0,,18.841638565063477,0.025,1,0.035,1,0.065,1,6.0,,non_burnable,0.4,2.0,0.2421875,2.0,0.2129032258064516,3.0,False
dc_a40902f66f87,Google,Google,hyperscale,operational,VA,Prince William,38.7793049,-77.5863352,building,CANDIDATE,high,289592.6,,12.71955680847168,0.065,1,0.10500000000000001,1,0.185,1,1.0,1.0,very_low,0.6444444444444445,2.0,0.4453125,2.0,0.4737327188940092,2.0,False
dc_924134c2a4de,QTS Data Center - Hillsboro 3,Quality Technology Services,colocation,operational,OR,Washington,45.5719248,-122.918438,building,UNRESOLVABLE,high,176342.9,,0.49183908104896545,0.175,1,0.28500000000000003,1,0.46499999999999997,1,6.0,,non_burnable,0.15555555555555556,1.0,0.2265625,2.0,0.3382488479262673,2.0,False
dc_a2925ffcf201,QTS Data Center - Hillsboro 3,Quality Technology Services,colocation,operational,OR,Washington,45.5684,-122.9199,building,CANDIDATE,high,215922.3,,0.49183908104896545,0.175,1,0.28500000000000003,1,0.46499999999999997,1,6.0,,non_burnable,0.15555555555555556,1.0,0.19140625,2.0,0.31152073732718893,2.0,False
dc_104426d2e73e,,,unknown,operational,WA,Grant,47.2401708,-119.8632652,building,pending,high,504350.8,,1.113155484199524,0.07500000000000001,1,0.11499999999999999,1,0.175,1,6.0,,non_burnable,0.24444444444444444,1.0,0.16796875,1.0,0.3935483870967742,4.0,False
dc_254519e1eeb7,SPC4A,Google,hyperscale,operational,TN,Montgomery,36.62406,-87.25691,building,VERIFIED,high,169749.3,2.0,16.438068389892578,0.11499999999999999,1,0.185,1,0.305,1,6.0,,non_burnable,0.2,1.0,0.31640625,1.0,0.3419354838709677,1.0,False
dc_5275a77e506f,,,unknown,operational,IN,St. Joseph,41.6885485,-86.4730506,building,AMBIGUOUS,high,210495.1,,14.747052192687988,0.035,1,0.045,1,0.08499999999999999,1,6.0,,non_burnable,0.13333333333333333,1.0,0.26171875,1.0,0.21935483870967742,1.0,False
dc_0499ba5ee08a,,,unknown,operational,IN,St. Joseph,41.6885306,-86.4698642,building,VERIFIED,high,210485.5,,14.747052192687988,0.035,1,0.045,1,0.08499999999999999,1,6.0,,non_burnable,0.1111111111111111,1.0,0.22265625,1.0,0.2119815668202765,1.0,False
dc_94adf4e278f3,,,unknown,operational,IN,St. Joseph,41.692058,-86.4648908,building,CANDIDATE,high,210474.2,,14.747052192687988,0.035,1,0.045,1,0.08499999999999999,1,6.0,,non_burnable,0.15555555555555556,1.0,0.19140625,1.0,0.20092165898617512,1.0,False
dc_804db6bb2305,,,unknown,operational,IN,St. Joseph,41.6885384,-86.4718825,building,AMBIGUOUS,high,210481.2,,14.747052192687988,0.035,1,0.045,1,0.08499999999999999,1,6.0,,non_burnable,0.13333333333333333,1.0,0.22265625,1.0,0.21935483870967742,1.0,False
dc_951ab6bcefa0,,,unknown,operational,IN,St. Joseph,41.6885566,-86.475061,building,VERIFIED,high,210483.6,,14.747052192687988,0.035,1,0.045,1,0.08499999999999999,1,6.0,,non_burnable,0.17777777777777778,1.0,0.26953125,1.0,0.22580645161290322,1.0,False
dc_d6b57c7d2f07,,,unknown,operational,IN,St. Joseph,41.6924747,-86.466384,building,CANDIDATE,high,210463.8,,14.747052192687988,0.035,1,0.045,1,0.08499999999999999,1,6.0,,non_burnable,0.15555555555555556,1.0,0.21484375,1.0,0.20092165898617512,1.0,False
dc_2046ccb217ea,,,unknown,operational,IN,St. Joseph,41.6920458,-86.4637145,building,VERIFIED,high,210451.8,,14.747052192687988,0.035,1,0.045,1,0.08499999999999999,1,6.0,,non_burnable,0.15555555555555556,1.0,0.19140625,1.0,0.19170506912442398,1.0,False
dc_2b393a3841c5,QTS,Quality Technology Services,colocation,operational,GA,Fayette,33.4484,-84.5225,building,VERIFIED,high,227238.9,,17.966201782226562,0.055,1,0.07500000000000001,1,0.125,1,2.0,2.0,low,0.8444444444444444,4.0,0.77734375,4.0,0.7640552995391705,4.0,False
dc_c46ca6c89e13,QTS,Quality Technology Services,colocation,operational,GA,Fayette,33.4508851,-84.5236253,building,VERIFIED,high,340589.5,,17.966201782226562,0.055,1,0.07500000000000001,1,0.125,1,2.0,2.0,low,0.8666666666666667,4.0,0.765625,4.0,0.7705069124423963,4.0,False
dc_2baa37ae6f4f,,,unknown,operational,UT,Utah,40.2658623,-112.0194332,building,AMBIGUOUS,high,378789.3,,4.540343761444092,0.14500000000000002,1,0.20500000000000002,1,0.305,1,6.0,,non_burnable,0.6444444444444445,5.0,0.77734375,5.0,0.8211981566820277,5.0,False
dc_ddffff011e6b,,,unknown,operational,UT,Utah,40.2699,-112.0195,building,CANDIDATE,high,310201.8,,4.540343761444092,0.14500000000000002,1,0.20500000000000002,1,0.305,1,2.0,2.0,low,0.6666666666666666,5.0,0.7265625,5.0,0.8129032258064516,5.0,False
dc_60550a4f2094,CyrusOne CHI3,CyrusOne,colocation,operational,IL,DuPage,41.80285,-88.2474,building,VERIFIED,high,212868.6,,17.22007942199707,0.035,1,0.065,1,0.11499999999999999,1,6.0,,non_burnable,0.2222222222222222,1.0,0.296875,1.0,0.2764976958525346,1.0,False
dc_955dd0d1f4c4,Edged Chicago ORD01,Edged,unknown,operational,IL,DuPage,41.8069309,-88.2410968,building,VERIFIED,high,116196.6,,17.22007942199707,0.035,1,0.065,1,0.11499999999999999,1,6.0,,non_burnable,0.26666666666666666,1.0,0.3125,1.0,0.2921658986175115,1.0,False
dc_c50964c22193,,,unknown,operational,VA,Prince William,38.7771313,-77.5561679,building,CANDIDATE,high,114388.5,,12.71955680847168,0.065,1,0.10500000000000001,1,0.185,1,1.0,1.0,very_low,0.3111111111111111,2.0,0.4375,2.0,0.4608294930875576,2.0,False
dc_332cf8bf4e95,Amazon IAD230,Amazon Web Services,hyperscale,operational,VA,Loudoun,38.988888,-77.44851,building,CANDIDATE,high,135960.0,,13.629328727722168,0.055,1,0.095,1,0.175,1,6.0,,non_burnable,0.15555555555555556,1.0,0.421875,1.0,0.3382488479262673,1.0,False
dc_a55b0ad0ecd4,,,unknown,operational,TX,Collin,33.1407,-96.6596,building,VERIFIED,high,114516.5,,19.147722244262695,0.025,1,0.045,1,0.07500000000000001,1,6.0,,non_burnable,0.37777777777777777,2.0,0.3515625,2.0,0.27926267281105993,3.0,False
dc_a88013721ba7,Aligned Data Centers DFW-04,Aligned Data Centers,colocation,operational,TX,Collin,33.00601,-96.65709,building,CANDIDATE,high,215534.4,,19.147722244262695,0.025,1,0.045,1,0.07500000000000001,1,2.0,2.0,low,0.24444444444444444,2.0,0.234375,3.0,0.2746543778801843,3.0,False
dc_7260fa89b9b2,Verizon Wireless,,unknown,operational,TN,Davidson,36.2821754,-86.7971366,building,pending,high,288950.8,,16.571094512939453,0.08499999999999999,1,0.135,1,0.225,1,1.0,1.0,very_low,0.7111111111111111,1.0,0.8203125,1.0,0.815668202764977,1.0,False
dc_1daa73860d72,Argo Data Center,,unknown,operational,TX,Dickens,33.7746,-100.8691,campus_centroid,CANDIDATE,high,6343590.7,,17.114696502685547,0.015,1,0.035,1,0.055,1,3.0,3.0,moderate,0.7777777777777778,4.0,0.875,4.0,0.8829493087557604,5.0,False
dc_a4c02ff1ab9a,Switch: The Rock,Switch,colocation,operational,TX,Williamson,30.4880189,-97.6725256,building,CANDIDATE,high,174202.7,,13.630367279052734,0.015,1,0.015,1,0.035,1,6.0,,non_burnable,0.022222222222222223,2.0,0.1875,3.0,0.2894009216589862,3.0,False
dc_10b5ea15f75c,DC6,Quality Technology Services,colocation,operational,VA,Henrico,37.4852894,-77.2501822,building,CANDIDATE,high,172735.2,,13.860154151916504,0.08499999999999999,1,0.135,1,0.265,1,2.0,2.0,low,0.7555555555555555,2.0,0.77734375,2.0,0.8258064516129032,3.0,False
dc_4cde6afb83b5,DC5,Quality Technology Services,colocation,operational,VA,Henrico,37.4847788,-77.2491092,building,VERIFIED,high,163856.8,,13.860154151916504,0.07500000000000001,1,0.135,1,0.265,1,2.0,2.0,low,0.7555555555555555,2.0,0.796875,2.0,0.8258064516129032,3.0,False
dc_ada093eb611f,DC4,Quality Technology Services,colocation,operational,VA,Henrico,37.4839184,-77.2478145,building,CANDIDATE,high,170731.6,,13.860154151916504,0.07500000000000001,1,0.135,1,0.265,1,2.0,2.0,low,0.6888888888888889,2.0,0.8046875,2.0,0.8267281105990784,3.0,False
dc_026860356044,RIC2 DC1,,unknown,operational,VA,Henrico,37.4881735,-77.2400618,building,VERIFIED,high,256112.0,,13.860154151916504,0.07500000000000001,1,0.135,1,0.255,1,2.0,2.0,low,0.5333333333333333,2.0,0.83203125,2.0,0.823963133640553,3.0,False
dc_ccce259deff1,RIC2 DC2,,unknown,operational,VA,Henrico,37.48709,-77.24098,building,CANDIDATE,high,253708.8,,13.860154151916504,0.07500000000000001,1,0.135,1,0.255,1,2.0,2.0,low,0.5333333333333333,2.0,0.828125,2.0,0.823963133640553,3.0,False
dc_120e0272afcc,RIC2 DC3,,unknown,operational,VA,Henrico,37.4860655,-77.2418909,building,CANDIDATE,high,253727.5,,13.860154151916504,0.07500000000000001,1,0.135,1,0.255,1,2.0,2.0,low,0.5777777777777777,2.0,0.81640625,2.0,0.823963133640553,3.0,False
dc_4500391b9a8b,RIC2 DC5,,unknown,operational,VA,Henrico,37.4848483,-77.2429836,building,CANDIDATE,high,253716.2,,13.860154151916504,0.07500000000000001,1,0.135,1,0.255,1,2.0,2.0,low,0.6444444444444445,2.0,0.81640625,2.0,0.8267281105990784,3.0,False
dc_69f514533469,RIC2 DC6,,unknown,operational,VA,Henrico,37.4839006,-77.2437642,building,AMBIGUOUS,high,253750.1,,13.860154151916504,0.07500000000000001,1,0.135,1,0.255,1,2.0,2.0,low,0.6444444444444445,2.0,0.80859375,2.0,0.8267281105990784,3.0,False
dc_6fc77096a366,RIC3 DC1,Quality Technology Services,colocation,operational,VA,Henrico,37.4805,-77.25162,building,VERIFIED,high,229025.3,,13.860154151916504,0.08499999999999999,1,0.135,1,0.265,1,2.0,2.0,low,0.8444444444444444,2.0,0.796875,2.0,0.8285714285714286,3.0,False
dc_5505e83a8a7d,RIC3 DC2,Quality Technology Services,colocation,operational,VA,Henrico,37.4797266,-77.2522103,building,VERIFIED,high,229045.0,,13.860154151916504,0.08499999999999999,1,0.135,1,0.265,1,2.0,2.0,low,0.8222222222222222,2.0,0.8046875,2.0,0.8285714285714286,3.0,False
dc_dfcdf261d966,RIC3 DC3,Quality Technology Services,colocation,operational,VA,Henrico,37.48,-77.2523,building,CANDIDATE,high,229071.5,,13.860154151916504,0.08499999999999999,1,0.135,1,0.265,1,2.0,2.0,low,0.8444444444444444,2.0,0.8046875,2.0,0.8285714285714286,3.0,False
dc_ffee65abd862,RIC3 DC5,Quality Technology Services,colocation,operational,VA,Henrico,37.4770151,-77.2496926,building,UNRESOLVABLE,high,229062.9,,13.860154151916504,0.07500000000000001,1,0.135,1,0.265,1,2.0,2.0,low,0.9111111111111111,2.0,0.80078125,2.0,0.8331797235023042,3.0,False
dc_5daffb14e048,RIC3 DC4,Quality Technology Services,colocation,operational,VA,Henrico,37.4779175,-77.2489773,building,AMBIGUOUS,high,229063.9,,13.860154151916504,0.07500000000000001,1,0.135,1,0.265,1,2.0,2.0,low,0.9111111111111111,2.0,0.80078125,2.0,0.8331797235023042,3.0,False
dc_a2483b687fe0,Tahoe Reno 4,Switch,colocation,operational,NV,Storey,39.509868,-119.4830413,building,AMBIGUOUS,high,306756.8,,1.336833119392395,0.20500000000000002,1,0.295,1,0.435,1,3.0,3.0,moderate,0.8888888888888888,4.0,0.92578125,5.0,0.9456221198156682,5.0,False
dc_6227bf84afd6,Tahoe Reno 5,Switch,colocation,operational,NV,Storey,39.5079,-119.48324,building,VERIFIED,high,306766.0,,1.336833119392395,0.20500000000000002,1,0.295,1,0.435,1,3.0,3.0,moderate,0.8888888888888888,4.0,0.94140625,5.0,0.9456221198156682,5.0,False
dc_c23d657f1be3,,SC,unknown,operational,KS,Barber,37.2784058,-98.5884618,building,pending,high,457.9,,18.894624710083008,0.025,1,0.045,1,0.07500000000000001,1,6.0,,non_burnable,0.4888888888888889,4.0,0.6484375,5.0,0.7152073732718894,5.0,False
dc_690df06e6539,,,unknown,operational,TX,Bell,31.05752,-97.29825,building,VERIFIED,high,144816.6,,15.742060661315918,0.015,1,0.025,1,0.035,1,6.0,,non_burnable,0.6444444444444445,3.0,0.5234375,3.0,0.4986175115207373,3.0,False
dc_c89bb09da654,Google,Google,hyperscale,operational,OH,Fairfield,39.72411,-82.68757,building,VERIFIED,high,291762.3,,14.319350242614746,0.035,1,0.055,1,0.095,1,6.0,,non_burnable,0.1111111111111111,1.0,0.34375,1.0,0.41566820276497696,1.0,False
dc_fa46f751ca71,Amazon Web Services,Amazon Web Services,hyperscale,operational,OR,Morrow,45.8538757,-119.6197258,building,AMBIGUOUS,high,219999.1,,1.9345662593841553,0.055,1,0.095,1,0.155,1,6.0,,non_burnable,0.4888888888888889,2.0,0.41796875,2.0,0.28110599078341014,4.0,False
dc_feb977251d5e,Amazon Web Services,Amazon Web Services,hyperscale,operational,OR,Morrow,45.8552336,-119.6197272,building,AMBIGUOUS,high,213784.6,,1.9345662593841553,0.055,1,0.095,1,0.155,1,6.0,,non_burnable,0.4666666666666667,2.0,0.40625,3.0,0.28110599078341014,4.0,False
dc_90b6d7cbc168,Amazon Web Services,Amazon Web Services,hyperscale,operational,OR,Umatilla,45.8117453,-119.268665,building,CANDIDATE,high,211494.6,,2.1825551986694336,0.055,1,0.08499999999999999,1,0.135,1,6.0,,non_burnable,0.37777777777777777,2.0,0.48828125,3.0,0.4147465437788018,4.0,False
dc_bf3a5359df1d,Amazon Web Services,Amazon Web Services,hyperscale,operational,OR,Umatilla,45.81038,-119.26867,building,CANDIDATE,high,212761.8,,2.1825551986694336,0.055,1,0.08499999999999999,1,0.135,1,6.0,,non_burnable,0.4666666666666667,2.0,0.51953125,3.0,0.4184331797235023,4.0,False
dc_38113ff13f32,Amazon Web Services,Amazon Web Services,hyperscale,operational,OR,Umatilla,45.8112095,-119.2782469,building,CANDIDATE,high,214983.8,,2.1825551986694336,0.055,1,0.08499999999999999,1,0.135,1,6.0,,non_burnable,0.4444444444444444,3.0,0.453125,3.0,0.41935483870967744,4.0,False
dc_4661711aa91c,Crane DC - Portland,Crane Data Centers Inc.,unknown,operational,OR,Washington,45.5147872,-123.078828,building,CANDIDATE,high,119294.6,,0.32771503925323486,0.185,1,0.295,1,0.485,1,6.0,,non_burnable,0.13333333333333333,1.0,0.28515625,2.0,0.40368663594470044,2.0,False
dc_cd16309c74e0,Percheron DC,Rowan Green Data LLC,unknown,operational,OR,Morrow,45.7113177,-119.8262349,building,UNRESOLVABLE,high,251779.1,,1.9345662593841553,0.055,1,0.095,1,0.155,1,2.0,2.0,low,0.6444444444444445,3.0,0.5078125,4.0,0.5013824884792627,4.0,False
dc_de20ecdcfb85,Percheron DC,Rowan Green Data LLC,unknown,operational,OR,Morrow,45.7119338,-119.8247642,building,UNRESOLVABLE,high,251762.6,,1.9345662593841553,0.055,1,0.095,1,0.155,1,6.0,,non_burnable,0.7111111111111111,3.0,0.53515625,4.0,0.4976958525345622,4.0,False
dc_d4f155a2b9d4,Percheron DC,Rowan Green Data LLC,unknown,operational,OR,Morrow,45.7082722,-119.8222729,building,UNRESOLVABLE,high,251786.1,,1.9345662593841553,0.055,1,0.095,1,0.155,1,2.0,2.0,low,0.7111111111111111,3.0,0.53125,4.0,0.5188940092165899,4.0,False
dc_1d02d6941bfd,Percheron DC,Rowan Green Data LLC,unknown,operational,OR,Morrow,45.7093209,-119.8212121,building,UNRESOLVABLE,high,251782.5,,1.9345662593841553,0.055,1,0.095,1,0.155,1,1.0,1.0,very_low,0.7111111111111111,3.0,0.53515625,4.0,0.5317972350230414,4.0,False
dc_707f7bff6b02,NYGC Chateaugay,2CRSi,unknown,operational,NY,Franklin,44.8930062,-74.0728813,building,pending,high,652637.9,,4.129549026489258,0.14500000000000002,1,0.245,1,0.455,1,1.0,1.0,very_low,0.8444444444444444,2.0,0.7578125,2.0,0.7087557603686636,2.0,False
dc_0888941918ee,Vantage Data Centers TX22,Vantage Data Centers,colocation,operational,TX,Bexar,29.47909,-98.6977,building,CANDIDATE,high,113262.4,,12.881298065185547,0.015,1,0.015,1,0.035,1,1.0,1.0,very_low,0.4444444444444444,3.0,0.33203125,3.0,0.28110599078341014,3.0,False
dc_01fc94cf15b9,,,unknown,operational,TX,Bexar,29.470428,-98.698835,building,CANDIDATE,high,246279.2,,12.881298065185547,0.015,1,0.015,1,0.035,1,2.0,2.0,low,0.3111111111111111,3.0,0.39453125,3.0,0.28110599078341014,3.0,False
dc_e985cd8a1feb,MDC,,unknown,operational,TX,El Paso,31.7500067,-106.3099264,building,pending,high,9342.4,,7.033588886260986,0.015,1,0.035,1,0.065,1,6.0,,non_burnable,0.06666666666666667,1.0,0.0625,1.0,0.12073732718894009,1.0,False
dc_a9eeb2ecdcc1,,,unknown,operational,WI,Racine,42.6733205,-87.8968464,building,CANDIDATE,high,287127.1,,12.258405685424805,0.025,1,0.035,1,0.065,1,6.0,,non_burnable,0.2,1.0,0.19921875,1.0,0.2995391705069124,1.0,False
dc_835c8b136700,,amazon web services,hyperscale,operational,OR,Morrow,45.8098,-119.8589,building,CANDIDATE,high,213829.3,,1.9345662593841553,0.065,1,0.095,1,0.165,1,2.0,2.0,low,0.8666666666666667,4.0,0.79296875,5.0,0.5032258064516129,5.0,False
dc_044a443dd7e2,Google,Google,hyperscale,operational,OR,Wasco,45.6247767,-121.208428,building,VERIFIED,high,287698.0,,0.5895698070526123,0.08499999999999999,1,0.125,1,0.195,1,2.0,2.0,low,0.3333333333333333,3.0,0.51953125,4.0,0.6811059907834102,5.0,False
dc_23dd70e27fd3,Amazon Web Services,Amazon Web Services,hyperscale,operational,MS,Madison,32.41193,-90.18784,building,VERIFIED,high,217231.5,,21.76242446899414,0.045,1,0.07500000000000001,1,0.11499999999999999,1,3.0,3.0,moderate,0.7333333333333333,3.0,0.73828125,3.0,0.6700460829493088,3.0,False
dc_2cc523155665,Amazon Web Services,Amazon Web Services,hyperscale,operational,MS,Madison,32.4119331,-90.1895198,building,AMBIGUOUS,high,217882.1,,21.76242446899414,0.045,1,0.07500000000000001,1,0.11499999999999999,1,3.0,3.0,moderate,0.7777777777777778,3.0,0.73828125,3.0,0.6921658986175115,3.0,False
dc_aa437d7ed6c9,Amazon Web Services,Amazon Web Services,hyperscale,operational,MS,Madison,32.4119506,-90.1905464,building,VERIFIED,high,214924.6,,21.76242446899414,0.045,1,0.07500000000000001,1,0.11499999999999999,1,3.0,3.0,moderate,0.7777777777777778,3.0,0.75390625,3.0,0.6921658986175115,3.0,False
dc_945543dfe7d9,Amazon Web Services,Amazon Web Services,hyperscale,operational,MS,Madison,32.412351,-90.1922336,building,VERIFIED,high,214096.5,,21.76242446899414,0.045,1,0.07500000000000001,1,0.11499999999999999,1,2.0,2.0,low,0.8666666666666667,3.0,0.78125,3.0,0.7133640552995392,3.0,False
dc_cb943ec8c29b,QTS,Quality Technology Services,colocation,operational,GA,Fayette,33.46229,-84.52368,building,CANDIDATE,high,333147.7,,17.966201782226562,0.055,1,0.07500000000000001,1,0.125,1,2.0,2.0,low,0.9555555555555556,4.0,0.8046875,4.0,0.7806451612903226,4.0,False
dc_48932a950563,QTS,Quality Technology Services,colocation,operational,GA,Fayette,33.4639934,-84.5291838,building,CANDIDATE,high,206307.5,,17.966201782226562,0.055,1,0.07500000000000001,1,0.125,1,3.0,3.0,moderate,0.9555555555555556,4.0,0.796875,4.0,0.7741935483870968,4.0,False
dc_104eefb08c2e,,,unknown,operational,VA,Prince William,38.7751744,-77.5399654,building,CANDIDATE,high,149876.0,,12.71955680847168,0.065,1,0.10500000000000001,1,0.185,1,1.0,1.0,very_low,0.3111111111111111,1.0,0.36328125,2.0,0.4313364055299539,2.0,False
dc_74f020694462,Amazon Web Services,Amazon Web Services,hyperscale,operational,VA,Prince William,38.789376,-77.5819732,building,VERIFIED,high,135182.7,,12.71955680847168,0.065,1,0.10500000000000001,1,0.185,1,2.0,2.0,low,0.4444444444444444,2.0,0.51953125,2.0,0.4986175115207373,2.0,False
dc_6eb415a8ef3b,Amazon Web Services,Amazon Web Services,hyperscale,operational,VA,Prince William,38.7894558,-77.5796864,building,AMBIGUOUS,high,133966.1,,12.71955680847168,0.065,1,0.10500000000000001,1,0.185,1,1.0,1.0,very_low,0.5333333333333333,2.0,0.52734375,2.0,0.5078341013824885,2.0,False
dc_62dd2b7fa7cc,Amazon Web Services,Amazon Web Services,hyperscale,operational,VA,Manassas,38.74661,-77.49722,building,VERIFIED,high,139455.0,,13.629328727722168,0.065,1,0.10500000000000001,1,0.185,1,1.0,1.0,very_low,0.17777777777777778,1.0,0.2421875,2.0,0.36682027649769583,2.0,False
dc_acfd3a40de9f,Amazon Web Services,Amazon Web Services,hyperscale,operational,VA,Manassas,38.7476409,-77.4947856,building,CANDIDATE,high,124379.5,,13.629328727722168,0.065,1,0.10500000000000001,1,0.185,1,6.0,,non_burnable,0.2,1.0,0.2421875,2.0,0.36036866359447006,2.0,False
dc_85aaa696bf19,Amazon Web Services,Amazon Web Services,hyperscale,operational,VA,Manassas,38.7499,-77.4931,building,CANDIDATE,high,110390.6,,13.629328727722168,0.065,1,0.10500000000000001,1,0.185,1,6.0,,non_burnable,0.2222222222222222,1.0,0.22265625,2.0,0.3474654377880184,2.0,False
dc_48d6192ea411,,,unknown,operational,TX,Reeves,31.5327486,-103.8062715,building,AMBIGUOUS,high,57397.2,,9.627197265625,0.015,1,0.035,1,0.065,1,1.0,1.0,very_low,0.9555555555555556,1.0,0.984375,2.0,0.9806451612903225,3.0,False
dc_d8d34358af13,,,unknown,operational,TX,Reeves,31.5327486,-103.8052292,building,CANDIDATE,high,57397.2,,9.627197265625,0.015,1,0.035,1,0.065,1,1.0,1.0,very_low,0.9777777777777777,1.0,0.984375,2.0,0.9806451612903225,3.0,False
dc_43d1b8fa745f,,,unknown,operational,TX,Reeves,31.5327607,-103.8041922,building,AMBIGUOUS,high,57395.7,,9.627197265625,0.015,1,0.035,1,0.065,1,1.0,1.0,very_low,0.9777777777777777,1.0,0.984375,2.0,0.9806451612903225,3.0,False
dc_5e31a13f74b9,,,unknown,operational,TX,Reeves,31.5333451,-103.800415,building,UNRESOLVABLE,high,11727.5,,9.627197265625,0.015,1,0.035,1,0.065,1,1.0,1.0,very_low,0.9777777777777777,1.0,0.984375,3.0,0.9797235023041475,3.0,False
dc_02cbb0a9f4e7,Digital Realty Northern Virginia IAD40,Digital Realty,colocation,operational,VA,Loudoun,39.0062702,-77.4683054,building,VERIFIED,high,109854.3,,13.613815307617188,0.055,1,0.095,1,0.175,1,6.0,,non_burnable,0.4666666666666667,1.0,0.3671875,1.0,0.3336405529953917,1.0,False
dc_d1e1933ac3d8,Vantage VA14,Vantage Data Centers,colocation,operational,VA,Loudoun,39.003223,-77.439718,building,CANDIDATE,high,121984.4,,13.613815307617188,0.055,1,0.095,1,0.175,1,1.0,1.0,very_low,0.15555555555555556,1.0,0.28125,1.0,0.3207373271889401,1.0,False
dc_640f760993bb,Information Systems Facility,WSMR,unknown,operational,NM,Doña Ana,32.3805057,-106.4810659,building,UNRESOLVABLE,high,34313.2,,7.418409824371338,0.015,1,0.035,1,0.08499999999999999,1,6.0,,non_burnable,0.37777777777777777,1.0,0.796875,2.0,0.9474654377880184,3.0,False
dc_9ecfe9c3bf78,,,unknown,operational,VA,Fairfax,38.935591,-77.4267117,building,pending,high,131766.4,,13.629328727722168,0.055,1,0.095,1,0.175,1,6.0,,non_burnable,0.37777777777777777,1.0,0.31640625,1.0,0.35023041474654376,1.0,False
dc_e83acd2e78d1,,,unknown,operational,VA,Fairfax,38.93646,-77.42464,building,CANDIDATE,high,131760.6,,13.629328727722168,0.055,1,0.095,1,0.175,1,6.0,,non_burnable,0.3111111111111111,1.0,0.3046875,1.0,0.34101382488479265,1.0,False
dc_054193767570,Equinix,Equinix,colocation,operational,VA,Loudoun,39.0134,-77.4538,building,CANDIDATE,high,62014.0,,13.613815307617188,0.055,1,0.095,1,0.175,1,6.0,,non_burnable,0.3111111111111111,1.0,0.36328125,1.0,0.3244239631336406,1.0,False
dc_daf88193f8d2,Digital Realty,Digital Realty,colocation,operational,TX,Dallas,32.974397,-96.650364,building,VERIFIED,high,256154.2,,18.841638565063477,0.025,1,0.045,1,0.065,1,2.0,2.0,low,0.4888888888888889,3.0,0.3359375,3.0,0.23225806451612904,3.0,False
dc_2e1860ff6362,"Landmax Data Systems, Inc",,unknown,operational,NY,Monroe,42.9972167,-77.6458295,building,pending,high,1456.1,,6.128366470336914,0.035,1,0.055,1,0.095,1,3.0,3.0,moderate,0.5333333333333333,4.0,0.59375,4.0,0.6009216589861751,4.0,False
dc_5e1d8fbc3e75,DataBank SLC6,DataBank,colocation,operational,UT,Salt Lake,40.4806176,-111.9063611,building,pending,high,92608.6,,4.538047790527344,0.165,1,0.275,1,0.455,1,2.0,2.0,low,0.17777777777777778,2.0,0.37890625,5.0,0.47096774193548385,5.0,False
dc_b492591b9a2d,Digital Realty,Digital Realty,colocation,operational,TX,Dallas,32.9764,-96.6501,building,CANDIDATE,high,202370.3,,18.841638565063477,0.025,1,0.045,1,0.065,1,1.0,1.0,very_low,0.4222222222222222,2.0,0.3359375,3.0,0.23870967741935484,3.0,False
dc_e0c1cc3cf46a,NTT,NTT,colocation,operational,TX,Dallas,32.97953,-96.65838,building,CANDIDATE,high,123206.6,,18.841638565063477,0.025,1,0.045,1,0.065,1,6.0,,non_burnable,0.2222222222222222,2.0,0.265625,3.0,0.2304147465437788,3.0,False
dc_97a8471652c2,Aligned  DFW-02,Aligned,colocation,operational,TX,Collin,33.0090025,-96.6751351,building,pending,high,87752.4,,19.147722244262695,0.025,1,0.045,1,0.07500000000000001,1,2.0,2.0,low,0.044444444444444446,2.0,0.140625,3.0,0.23963133640552994,3.0,False
dc_94ad65dfbe69,Verizon,,unknown,operational,NJ,Middlesex,40.5442554,-74.4965213,building,pending,high,,,7.277477264404297,0.095,1,0.165,1,0.315,1,6.0,,non_burnable,0.3111111111111111,4.0,0.3203125,4.0,0.3317972350230415,4.0,False
dc_953d28b6d60c,OVHcloud - Hillsboro,OVHcloud,unknown,operational,OR,Washington,45.534,-122.9557,building,CANDIDATE,high,,,0.49183908104896545,0.175,1,0.28500000000000003,1,0.455,1,6.0,,non_burnable,0.08888888888888889,2.0,0.13671875,2.0,0.21658986175115208,2.0,False
dc_90940e7c3b70,Google Data Center,Google,hyperscale,operational,NC,Caldwell,35.894022,-81.545278,building,VERIFIED,high,,,11.960246086120605,0.065,1,0.10500000000000001,1,0.185,1,6.0,,non_burnable,0.6666666666666666,4.0,0.5078125,4.0,0.6811059907834102,4.0,False
dc_b1bab62f304f,Liberty Center One,,unknown,operational,MI,Oakland,42.5334813,-83.1774894,building,pending,high,,,19.283658981323242,0.025,1,0.045,1,0.08499999999999999,1,6.0,,non_burnable,0.06666666666666667,1.0,0.0703125,2.0,0.11059907834101383,2.0,False
dc_9c866fe205ee,Apple - Maiden Data Center,,hyperscale,operational,NC,Catawba,35.58835,-81.2626,building,VERIFIED,high,,,12.06896686553955,0.065,1,0.095,1,0.155,1,6.0,,non_burnable,0.7555555555555555,4.0,0.75,4.0,0.7797235023041474,4.0,False
dc_f4bc8c66c017,HPC,Sandia National Laboratories,unknown,operational,NM,Bernalillo,35.0499451,-106.542801,building,pending,high,,,9.913078308105469,0.055,1,0.095,1,0.175,1,6.0,,non_burnable,0.24444444444444444,3.0,0.4296875,3.0,0.48294930875576036,3.0,False
dc_d1aef113ad23,Barclays Datacenter,Barclays,unknown,operational,NJ,Union,40.6437889,-74.2854476,building,pending,high,,,7.277477264404297,0.10500000000000001,1,0.175,1,0.345,1,6.0,,non_burnable,0.1111111111111111,4.0,0.1328125,4.0,0.15391705069124423,4.0,False
dc_935e740f9717,CyberNAP Glen Burnie,AiNET,unknown,operational,MD,Anne Arundel,39.1402303,-76.6064303,building,CANDIDATE,high,,,14.052087783813477,0.055,1,0.08499999999999999,1,0.155,1,6.0,,non_burnable,0.3111111111111111,1.0,0.31640625,1.0,0.4,1.0,False
dc_82b88a5440d2,Meta Huntsville Data Center,Meta,hyperscale,operational,AL,Madison,34.8442568,-86.6280217,building,AMBIGUOUS,high,,,18.687423706054688,0.08499999999999999,1,0.125,1,0.20500000000000002,1,6.0,,non_burnable,0.5333333333333333,3.0,0.50390625,3.0,0.49953917050691243,3.0,False
dc_ddf0f305ef19,Dakota Carrier Network,,unknown,operational,ND,Cass,46.8151,-96.84431,building,CANDIDATE,high,,,7.952457904815674,0.005,1,0.015,1,0.035,1,6.0,,non_burnable,0.15555555555555556,1.0,0.1328125,1.0,0.17327188940092167,1.0,False
dc_bb1260086ef0,Microsoft Data Center 1,Microsoft,hyperscale,operational,VA,Prince William,38.8023704,-77.5823062,building,AMBIGUOUS,high,,,12.71955680847168,0.065,1,0.10500000000000001,1,0.185,1,2.0,2.0,low,0.7555555555555555,2.0,0.57421875,2.0,0.5612903225806452,2.0,False
dc_2fb6faada02b,QTS Data Center - Hillsboro 3,,colocation,planned,OR,Washington,45.5595,-122.9376,building,CANDIDATE,medium,,,0.49183908104896545,0.175,1,0.28500000000000003,1,0.455,1,6.0,,non_burnable,0.28888888888888886,2.0,0.21484375,2.0,0.2294930875576037,2.0,False
dc_781f2b85da3d,EAT14,,unknown,under_construction,WA,Chelan,47.3594969,-120.1600907,building,AMBIGUOUS,high,,,0.9799042344093323,0.08499999999999999,1,0.125,1,0.20500000000000002,1,2.0,2.0,low,0.7777777777777778,5.0,0.66015625,5.0,0.7529953917050691,5.0,False
dc_7daf03548fa7,EAT13,,unknown,under_construction,WA,Chelan,47.3584257,-120.1599758,building,AMBIGUOUS,high,,,0.9799042344093323,0.08499999999999999,1,0.125,1,0.20500000000000002,1,2.0,2.0,low,0.8,5.0,0.69140625,5.0,0.7529953917050691,5.0,False
dc_0418bc301d33,EAT12,,unknown,under_construction,WA,Chelan,47.357683,-120.159213,building,VERIFIED,high,,,0.9799042344093323,0.08499999999999999,1,0.125,1,0.20500000000000002,1,4.0,4.0,high,0.7111111111111111,5.0,0.69140625,5.0,0.759447004608295,5.0,False
dc_5a3101d7946e,,HITT,unknown,under_construction,VA,Prince William,38.7376,-77.5076,building,CANDIDATE,high,,,12.71955680847168,0.065,1,0.10500000000000001,1,0.185,1,1.0,1.0,very_low,0.4666666666666667,2.0,0.33203125,2.0,0.40829493087557606,2.0,False
dc_e5983c042068,Google datacenter,,hyperscale,under_construction,SC,Dorchester,33.1769601,-80.534942,building,UNRESOLVABLE,high,,,19.916996002197266,0.185,1,0.335,1,0.605,1,4.0,4.0,high,0.7333333333333333,4.0,0.7578125,5.0,0.7806451612903226,5.0,False
dc_4c251ee10a95,,,unknown,under_construction,SC,Dorchester,33.1776984,-80.5365658,building,UNRESOLVABLE,high,,,19.916996002197266,0.185,1,0.335,1,0.605,1,6.0,,non_burnable,0.7555555555555555,4.0,0.74609375,5.0,0.7797235023041474,5.0,False
dc_f08f429f5b31,AWS IAD-500 and IAD-501,,hyperscale,under_construction,VA,Fairfax,38.93675,-77.42459,building,VERIFIED,high,,,13.629328727722168,0.055,1,0.095,1,0.175,1,6.0,,non_burnable,0.3111111111111111,1.0,0.296875,1.0,0.34101382488479265,1.0,False
dc_9f6881cb0524,Dorchester County Google Datacenter,,hyperscale,under_construction,SC,Dorchester,32.9582784,-80.3080686,building,UNRESOLVABLE,high,,,18.32156753540039,0.385,1,0.705,1,1.3050000000000002,1,4.0,4.0,high,0.9111111111111111,4.0,0.953125,4.0,0.9179723502304148,4.0,False
dc_f394a25ba7ff,CyrusOne Datacenter,,colocation,under_construction,TX,Tarrant,32.9026069,-97.3954256,building,UNRESOLVABLE,high,,,17.917001724243164,0.025,1,0.035,1,0.065,1,6.0,,non_burnable,0.6,3.0,0.6640625,3.0,0.5548387096774193,4.0,False
dc_56aaea9dd837,,,unknown,under_construction,MS,Madison,32.5963048,-90.089258,building,VERIFIED,high,,,20.905385971069336,0.045,1,0.07500000000000001,1,0.125,1,3.0,3.0,moderate,0.8,3.0,0.65234375,3.0,0.6552995391705069,3.0,False
dc_831ce16615b7,,,unknown,under_construction,MS,Madison,32.5947,-90.098,building,VERIFIED,high,,,20.905385971069336,0.045,1,0.07500000000000001,1,0.125,1,3.0,3.0,moderate,0.8222222222222222,3.0,0.7265625,3.0,0.6847926267281106,3.0,False
dc_e43a3cf43272,,,unknown,under_construction,MS,Madison,32.5944763,-90.0944115,building,CANDIDATE,high,,,20.905385971069336,0.045,1,0.07500000000000001,1,0.125,1,2.0,2.0,low,0.8444444444444444,3.0,0.69140625,3.0,0.6811059907834102,3.0,False
dc_3525b583d0e6,,,unknown,under_construction,MS,Madison,32.5960505,-90.0944274,building,CANDIDATE,high,,,20.905385971069336,0.045,1,0.07500000000000001,1,0.125,1,3.0,3.0,moderate,0.8888888888888888,3.0,0.69140625,3.0,0.6764976958525346,3.0,False
dc_ae738dd582dd,,,unknown,under_construction,MS,Madison,32.5960391,-90.0980115,building,CANDIDATE,high,,,20.905385971069336,0.045,1,0.07500000000000001,1,0.125,1,3.0,3.0,moderate,0.8666666666666667,3.0,0.73046875,3.0,0.6894009216589861,3.0,False
dc_36754c52f050,"Equinix DC1-DC15,DC21-DC22 - Ashburn",,colocation,operational,VA,Loudoun,39.014822,-77.45859,geocoded_address,VERIFIED,medium,,,13.613815307617188,0.055,1,0.095,1,0.175,1,6.0,,non_burnable,0.15555555555555556,1.0,0.3671875,1.0,0.31889400921658984,1.0,False
dc_9acc15c3d0a9,Digital Realty SFO (200 Paul),,colocation,operational,CA,San Francisco,37.72442,-122.39805,geocoded_address,VERIFIED,medium,,,0.09281287342309952,0.535,1,0.705,1,0.945,1,6.0,,non_burnable,0.044444444444444446,2.0,0.09765625,3.0,0.10046082949308756,4.0,False
dc_4cf5e14e6a53,"Equinix SV1/SV5/SV10 - Silicon Valley, San Jose",,colocation,operational,CA,Santa Clara,37.241767,-121.782967,geocoded_address,AMBIGUOUS,medium,,,0.12219325453042984,0.605,1,0.785,1,1.025,1,6.0,,non_burnable,0.08888888888888889,3.0,0.2578125,4.0,0.5244239631336406,5.0,False
dc_82835681bfc0,Equinix CH1/CH2/CH4 - Chicago,,colocation,operational,IL,Cook,41.85365,-87.618342,geocoded_address,pending,medium,,,16.118194580078125,0.035,1,0.055,1,0.095,1,6.0,,non_burnable,0.0,0.0,0.01171875,1.0,0.008294930875576038,1.0,False
dc_7015a8562d9d,Equinix LA1 - Los Angeles,,colocation,operational,CA,Los Angeles,34.047282,-118.256692,geocoded_address,CANDIDATE,medium,,,0.5556319355964661,0.445,1,0.605,1,0.855,1,6.0,,non_burnable,0.0,0.0,0.00390625,4.0,0.03317972350230415,4.0,False
dc_34c302840328,"Equinix NY1 - New York, Newark",,colocation,operational,NJ,Essex,40.736844,-74.173402,geocoded_address,pending,medium,,,7.277477264404297,0.10500000000000001,1,0.175,1,0.345,1,6.0,,non_burnable,0.0,0.0,0.015625,4.0,0.060829493087557605,5.0,False
dc_88450995c8ab,Digital Realty NYC (60 Hudson),,colocation,operational,NY,New York,40.717723,-74.008299,geocoded_address,pending,medium,,,7.277477264404297,0.095,1,0.175,1,0.335,1,6.0,,non_burnable,0.0,0.0,0.00390625,4.0,0.02857142857142857,5.0,False
dc_ac4ba4acc418,Equinix AT2/AT3 - Atlanta,,colocation,operational,GA,Fulton,33.755456,-84.39153,geocoded_address,pending,medium,,,16.562829971313477,0.055,1,0.08499999999999999,1,0.14500000000000002,1,6.0,,non_burnable,0.0,0.0,0.02734375,3.0,0.1631336405529954,3.0,False
dc_faa6dba0bad0,"Equinix MI1 - Miami, NOTA",,colocation,operational,FL,Miami-Dade,25.782425,-80.193091,geocoded_address,VERIFIED,medium,,,22.965288162231445,0.005,1,0.015,1,0.025,1,6.0,,non_burnable,0.0,0.0,0.01953125,3.0,0.02304147465437788,3.0,False
dc_05323da3c824,Digital Realty NYC (111 8th Ave),,colocation,operational,NY,New York,40.741469,-74.003387,geocoded_address,pending,medium,,,7.277477264404297,0.095,1,0.175,1,0.335,1,6.0,,non_burnable,0.0,0.0,0.0078125,4.0,0.02857142857142857,5.0,False
dc_d4fbdd3d160d,CoreSite - San Jose (SV1),,colocation,operational,CA,Santa Clara,37.334508,-121.89143,geocoded_address,CANDIDATE,medium,,,0.12219325453042984,0.655,1,0.865,1,1.145,1,6.0,,non_burnable,0.022222222222222223,4.0,0.03125,4.0,0.047926267281105994,4.0,False
dc_4fd715d56b5a,FedConnect San Francisco,,unknown,operational,CA,San Francisco,37.783322,-122.392048,geocoded_address,pending,medium,,,0.09281287342309952,0.475,1,0.605,1,0.805,1,6.0,,non_burnable,0.0,0.0,0.01171875,4.0,0.011981566820276499,4.0,False
dc_8b1409a7c09c,JMA NAC Los Angeles,,unknown,operational,CA,Los Angeles,34.048222,-118.254575,geocoded_address,CANDIDATE,medium,,,0.5556319355964661,0.445,1,0.605,1,0.855,1,6.0,,non_burnable,0.0,0.0,0.00390625,4.0,0.03686635944700461,4.0,False
dc_64ef535e80b4,Digital Realty SFO (365 Main),,colocation,operational,CA,San Francisco,37.788616,-122.390816,geocoded_address,CANDIDATE,medium,,,0.09281287342309952,0.475,1,0.595,1,0.795,1,6.0,,non_burnable,0.022222222222222223,3.0,0.015625,4.0,0.011059907834101382,4.0,False
dc_483139dbc068,The Mission Street Center,,unknown,operational,CA,San Francisco,37.780581,-122.409099,geocoded_address,CANDIDATE,medium,,,0.09281287342309952,0.485,1,0.615,1,0.815,1,6.0,,non_burnable,0.0,0.0,0.0078125,3.0,0.04055299539170507,4.0,False
dc_6cd941ab7126,SVTIX San Jose,,unknown,operational,CA,Santa Clara,37.3335,-121.9048,geocoded_address,CANDIDATE,medium,,,0.12219325453042984,0.635,1,0.835,1,1.105,1,6.0,,non_burnable,0.022222222222222223,4.0,0.0234375,4.0,0.03963133640552995,4.0,False
dc_5c289e8fcbb5,"Equinix NY9 - New York, 111 8th Avenue",,colocation,operational,NY,New York,40.741469,-74.003387,geocoded_address,pending,medium,,,7.277477264404297,0.095,1,0.175,1,0.335,1,6.0,,non_burnable,0.0,0.0,0.0078125,4.0,0.02857142857142857,5.0,False
dc_6377f6789f0d,Digital Realty Seattle SEA10,,colocation,operational,WA,King,47.614347,-122.338883,geocoded_address,pending,medium,,,0.6047859191894531,0.345,1,0.485,1,0.705,1,6.0,,non_burnable,0.0,0.0,0.00390625,1.0,0.041474654377880185,1.0,False
dc_95e3409a561c,KDWEB San Jose,,unknown,operational,CA,Santa Clara,37.333942,-121.889924,geocoded_address,CANDIDATE,medium,,,0.12219325453042984,0.665,1,0.865,1,1.1549999999999998,1,6.0,,non_burnable,0.022222222222222223,4.0,0.03125,4.0,0.047004608294930875,4.0,False
dc_2c5adc2a0ab8,Equinix SE2/SE3 - Seattle,,colocation,operational,WA,King,47.614358,-122.338864,geocoded_address,pending,medium,,,0.6047859191894531,0.345,1,0.485,1,0.705,1,6.0,,non_burnable,0.0,0.0,0.00390625,1.0,0.041474654377880185,1.0,False
dc_e060f829c242,"Equinix DC7 - Ashburn, Vienna",,colocation,operational,VA,Fairfax,38.908422,-77.219692,geocoded_address,pending,medium,,,13.629328727722168,0.055,1,0.095,1,0.165,1,6.0,,non_burnable,0.1111111111111111,1.0,0.25390625,1.0,0.31797235023041476,1.0,False
dc_1d517d9c43cf,Equinix LA2 - Los Angeles,,colocation,operational,CA,Los Angeles,34.04902,-118.259396,geocoded_address,CANDIDATE,medium,,,0.5556319355964661,0.445,1,0.605,1,0.855,1,6.0,,non_burnable,0.0,0.0,0.00390625,4.0,0.034101382488479264,4.0,False
dc_ed793f68cc82,Digital Realty NYC (32 AofA),,colocation,operational,NY,New York,40.72,-74.004561,geocoded_address,pending,medium,,,7.277477264404297,0.095,1,0.175,1,0.335,1,6.0,,non_burnable,0.0,0.0,0.0078125,4.0,0.025806451612903226,5.0,False
dc_c34856e581f7,Digital Realty ATL (56 Marietta),,colocation,operational,GA,Fulton,33.755456,-84.39153,geocoded_address,pending,medium,,,16.562829971313477,0.055,1,0.08499999999999999,1,0.14500000000000002,1,6.0,,non_burnable,0.0,0.0,0.02734375,3.0,0.1631336405529954,3.0,False
dc_0cfbf292e004,"Equinix DC8 - Ashburn, Vienna",,colocation,operational,VA,Fairfax,38.931419,-77.238951,geocoded_address,AMBIGUOUS,medium,,,13.629328727722168,0.055,1,0.095,1,0.165,1,6.0,,non_burnable,0.24444444444444444,1.0,0.37890625,1.0,0.49585253456221196,1.0,False
dc_eb804c8b0e43,Equinix PH1 - Philadelphia,,colocation,operational,PA,Philadelphia,39.959616,-75.161873,geocoded_address,CANDIDATE,medium,,,9.466512680053711,0.07500000000000001,1,0.135,1,0.255,1,6.0,,non_burnable,0.0,0.0,0.01171875,2.0,0.04884792626728111,3.0,False
dc_f8e6324f3558,Evocative San Jose (SV7),,unknown,operational,CA,Santa Clara,37.339028,-121.910595,geocoded_address,CANDIDATE,medium,,,0.12219325453042984,0.625,1,0.815,1,1.085,1,6.0,,non_burnable,0.044444444444444446,4.0,0.01953125,4.0,0.04331797235023042,4.0,False
dc_471ff8a35a44,iM Critical Miami,,unknown,operational,FL,Miami-Dade,25.848414,-80.195084,geocoded_address,VERIFIED,medium,,,22.965288162231445,0.005,1,0.015,1,0.025,1,6.0,,non_burnable,0.06666666666666667,2.0,0.0390625,2.0,0.03870967741935484,2.0,False
dc_f3ae051ee57a,Digital Realty PHX10 (120 E Van Buren),,colocation,operational,AZ,Maricopa,33.452003,-112.072042,geocoded_address,pending,medium,,,7.057002544403076,0.025,1,0.035,1,0.055,1,6.0,,non_burnable,0.022222222222222223,4.0,0.03125,5.0,0.05714285714285714,5.0,False
dc_7c0cbc96d748,Level(3) Sunnyvale,,unknown,operational,CA,Santa Clara,37.373412,-121.98778,geocoded_address,pending,medium,,,0.12219325453042984,0.515,1,0.665,1,0.865,1,6.0,,non_burnable,0.022222222222222223,3.0,0.0078125,3.0,0.05806451612903226,4.0,False
dc_cab7dc076637,Printer's Square Chicago (600 S Federal),,unknown,operational,IL,Cook,41.874302,-87.629928,geocoded_address,pending,medium,,,16.118194580078125,0.035,1,0.055,1,0.095,1,6.0,,non_burnable,0.022222222222222223,1.0,0.0078125,1.0,0.009216589861751152,1.0,False
dc_5a3cb29dc9a8,Netrality - Indy Telcom Center - 733 W. Henry,,unknown,operational,IN,Marion,39.75985,-86.17165,geocoded_address,CANDIDATE,medium,,,26.43269920349121,0.055,1,0.08499999999999999,1,0.155,1,6.0,,non_burnable,0.1111111111111111,1.0,0.05078125,1.0,0.09032258064516129,1.0,False
dc_0967d5287af9,FiberNet Telecom Group - 60 Hudson St,,unknown,operational,NY,New York,40.717664,-74.008333,geocoded_address,pending,medium,,,7.277477264404297,0.095,1,0.175,1,0.335,1,6.0,,non_burnable,0.0,0.0,0.00390625,4.0,0.02857142857142857,5.0,False
dc_7d8d010f3707,FiberNet Telecom Group New York (111 Eighth Ave),,unknown,operational,NY,New York,40.741355,-74.003203,geocoded_address,pending,medium,,,7.277477264404297,0.095,1,0.175,1,0.335,1,6.0,,non_burnable,0.0,0.0,0.0078125,4.0,0.029493087557603687,5.0,False
dc_970d93b0c688,Level(3) Weehawken,,unknown,operational,NJ,Hudson,40.761825,-74.025031,geocoded_address,pending,medium,,,7.277477264404297,0.10500000000000001,1,0.175,1,0.335,1,6.0,,non_burnable,0.022222222222222223,4.0,0.05078125,5.0,0.05806451612903226,5.0,False
dc_c005344da0ff,Markley Group One Summer Street Boston,,unknown,operational,MA,Suffolk,42.354692,-71.060266,geocoded_address,pending,medium,,,3.3172669410705566,0.08499999999999999,1,0.14500000000000002,1,0.275,1,6.0,,non_burnable,0.044444444444444446,3.0,0.0234375,3.0,0.012903225806451613,3.0,False
dc_d53cb59c41ed,Peace Communications  KNX1,,unknown,operational,TN,Knox,35.966288,-83.921575,geocoded_address,CANDIDATE,medium,,,12.287971496582031,0.175,1,0.295,1,0.535,1,6.0,,non_burnable,0.022222222222222223,1.0,0.08984375,2.0,0.2967741935483871,2.0,False
dc_2839fc2c5212,Looking Glass Networks NYC Node,,unknown,operational,NY,New York,40.726368,-74.005592,geocoded_address,CANDIDATE,medium,,,7.277477264404297,0.095,1,0.175,1,0.335,1,6.0,,non_burnable,0.0,0.0,0.0078125,4.0,0.026728110599078342,5.0,False
dc_5cdbfb9dbc3c,Level(3) Atlanta (Courtland),,unknown,operational,GA,Fulton,33.765138,-84.383731,geocoded_address,pending,medium,,,16.562829971313477,0.055,1,0.08499999999999999,1,0.14500000000000002,1,6.0,,non_burnable,0.022222222222222223,1.0,0.0390625,3.0,0.18617511520737326,3.0,False
dc_02182668c9f0,Level(3) Chicago (Canal),,unknown,operational,IL,Cook,41.884066,-87.639377,geocoded_address,VERIFIED,medium,,,16.118194580078125,0.035,1,0.055,1,0.095,1,6.0,,non_burnable,0.0,0.0,0.00390625,1.0,0.011059907834101382,1.0,False
dc_4cfa0741336f,ServerCondo-219 Albuquerque,,unknown,operational,NM,Bernalillo,35.084344,-106.649484,geocoded_address,CANDIDATE,medium,,,9.913078308105469,0.055,1,0.095,1,0.175,1,6.0,,non_burnable,0.0,0.0,0.08203125,3.0,0.1695852534562212,3.0,False
dc_2d7b8c28a757,Citynet Columbus,,unknown,operational,OH,Franklin,39.968171,-82.994861,geocoded_address,pending,medium,,,14.319350242614746,0.035,1,0.055,1,0.095,1,6.0,,non_burnable,0.022222222222222223,1.0,0.01953125,1.0,0.08202764976958525,1.0,False
dc_474103050162,Citynet Pittsburgh,,unknown,operational,PA,Allegheny,40.447383,-80.003614,geocoded_address,pending,medium,,,11.686223030090332,0.025,1,0.045,1,0.07500000000000001,1,6.0,,non_burnable,0.022222222222222223,1.0,0.08203125,1.0,0.1935483870967742,1.0,False
dc_07b3382b03ec,Citynet Indianapolis,,unknown,operational,IN,Marion,39.759534,-86.170711,geocoded_address,pending,medium,,,26.43269920349121,0.055,1,0.08499999999999999,1,0.155,1,6.0,,non_burnable,0.08888888888888889,1.0,0.05078125,1.0,0.09032258064516129,1.0,False
dc_767f1e943a61,PTOR1,,unknown,operational,OR,Multnomah,45.521366,-122.680792,geocoded_address,pending,medium,,,0.49183908104896545,0.165,1,0.275,1,0.455,1,6.0,,non_burnable,0.0,0.0,0.0546875,2.0,0.15576036866359447,3.0,False
dc_877f8d001c22,Centersquare New Jersey (EWR5),,colocation,operational,NJ,Hudson,40.78616,-74.06912,geocoded_address,pending,medium,,,7.277477264404297,0.10500000000000001,1,0.175,1,0.345,1,6.0,,non_burnable,0.0,0.0,0.1640625,5.0,0.2129032258064516,5.0,False
dc_ef3e0fde0b9d,"Equinix BO1 - Boston, Waltham",,colocation,operational,MA,Middlesex,42.395346,-71.269187,geocoded_address,pending,medium,,,3.3172669410705566,0.08499999999999999,1,0.14500000000000002,1,0.275,1,1.0,1.0,very_low,0.37777777777777777,3.0,0.421875,3.0,0.5170506912442396,3.0,False
dc_b2d8b1a270c4,365 Data Centers Chicago (CH6),,unknown,operational,IL,Cook,41.876212,-87.631453,geocoded_address,pending,medium,,,16.118194580078125,0.035,1,0.055,1,0.095,1,6.0,,non_burnable,0.0,0.0,0.0078125,1.0,0.009216589861751152,1.0,False
dc_0fddb314e04f,Evocative SJC3,,unknown,operational,CA,Santa Clara,37.378042,-121.954136,geocoded_address,pending,medium,,,0.12219325453042984,0.555,1,0.705,1,0.925,1,6.0,,non_burnable,0.0,0.0,0.02734375,3.0,0.054377880184331796,4.0,False
dc_dce4e16c83f1,Level(3) Nashville (Sidco Drive),,unknown,operational,TN,Davidson,36.102726,-86.755786,geocoded_address,pending,medium,,,16.571094512939453,0.08499999999999999,1,0.135,1,0.215,1,6.0,,non_burnable,0.044444444444444446,1.0,0.25,1.0,0.3345622119815668,1.0,False
dc_13a37eb7f85b,IRIS - Nashville,,unknown,operational,TN,Davidson,36.162621,-86.776316,geocoded_address,pending,medium,,,16.571094512939453,0.08499999999999999,1,0.135,1,0.215,1,6.0,,non_burnable,0.0,0.0,0.01953125,1.0,0.1271889400921659,1.0,False
dc_6d10a61e19f2,Cincinnatti Bell - West 7th Street,,unknown,operational,OH,Hamilton,39.103125,-84.517017,geocoded_address,CANDIDATE,medium,,,18.689889907836914,0.045,1,0.07500000000000001,1,0.125,1,6.0,,non_burnable,0.0,0.0,0.0625,1.0,0.22672811059907835,1.0,False
dc_572b91bb7df5,Level(3) Cincinnati,,unknown,operational,OH,Hamilton,39.102533,-84.50313,geocoded_address,pending,medium,,,18.689889907836914,0.045,1,0.07500000000000001,1,0.125,1,6.0,,non_burnable,0.044444444444444446,1.0,0.0703125,1.0,0.21751152073732719,1.0,False
dc_4595feafd7e2,Telehouse - Los Angeles,,unknown,operational,CA,Los Angeles,34.048122,-118.256329,geocoded_address,CANDIDATE,medium,,,0.5556319355964661,0.445,1,0.605,1,0.855,1,6.0,,non_burnable,0.0,0.0,0.00390625,4.0,0.03317972350230415,4.0,False
dc_f9308489536b,Newport Financial Center,,unknown,operational,NJ,Hudson,40.72655,-74.033789,geocoded_address,CANDIDATE,medium,,,7.277477264404297,0.095,1,0.175,1,0.335,1,6.0,,non_burnable,0.0,0.0,0.02734375,4.0,0.0423963133640553,5.0,False
dc_23d4f87a5267,Netrality St. Louis - 900 Walnut,,unknown,operational,MO,St. Louis,38.625536,-90.195238,geocoded_address,pending,medium,,,15.06376838684082,0.165,1,0.265,1,0.455,1,6.0,,non_burnable,0.022222222222222223,1.0,0.05859375,1.0,0.08294930875576037,1.0,False
dc_eac2b2368edf,"Equinix LA3/LA4 - Los Angeles, El Segundo",,colocation,operational,CA,Los Angeles,33.918002,-118.384026,geocoded_address,CANDIDATE,medium,,,0.3717229962348938,0.395,1,0.545,1,0.805,1,6.0,,non_burnable,0.022222222222222223,2.0,0.01953125,2.0,0.020276497695852536,3.0,False
dc_5a62da9c3162,Level(3) New York,,unknown,operational,NY,New York,40.744,-74.0074,geocoded_address,CANDIDATE,medium,,,7.277477264404297,0.095,1,0.175,1,0.335,1,6.0,,non_burnable,0.0,0.0,0.00390625,3.0,0.03133640552995392,5.0,False
dc_1fec2e59960c,165 Halsey Meet-Me Room,,unknown,operational,NJ,Essex,40.736844,-74.173402,geocoded_address,pending,medium,,,7.277477264404297,0.10500000000000001,1,0.175,1,0.345,1,6.0,,non_burnable,0.0,0.0,0.015625,4.0,0.060829493087557605,5.0,False
dc_f231db004eb1,Crown Castle Brentwood (1650 Islip),,unknown,operational,NY,Suffolk,40.784184,-73.219864,geocoded_address,pending,medium,,,5.004805088043213,0.065,1,0.11499999999999999,1,0.20500000000000002,1,6.0,,non_burnable,0.15555555555555556,4.0,0.18359375,4.0,0.22211981566820277,4.0,False
dc_6c8911ef04ae,710 Tucker St Louis,,unknown,operational,MO,St. Louis,38.632728,-90.195813,geocoded_address,pending,medium,,,15.06376838684082,0.165,1,0.265,1,0.455,1,6.0,,non_burnable,0.0,0.0,0.04296875,1.0,0.09308755760368663,1.0,False
dc_da9d1fb0b335,CoreSite - Los Angeles (LA2),,colocation,operational,CA,Los Angeles,34.0582,-118.23556,geocoded_address,CANDIDATE,medium,,,0.5556319355964661,0.445,1,0.605,1,0.865,1,6.0,,non_burnable,0.0,0.0,0.0390625,4.0,0.07188940092165899,4.0,False
dc_db0f207e9b74,XO Nashville,,unknown,operational,TN,Davidson,36.158837,-86.772516,geocoded_address,pending,medium,,,16.571094512939453,0.08499999999999999,1,0.135,1,0.215,1,6.0,,non_burnable,0.0,0.0,0.0234375,1.0,0.13087557603686636,1.0,False
dc_93d82a58a852,Network 222,,unknown,operational,WI,Dane,43.073116,-89.386502,geocoded_address,CANDIDATE,medium,,,9.417593955993652,0.015,1,0.035,1,0.055,1,6.0,,non_burnable,0.022222222222222223,1.0,0.03515625,2.0,0.1640552995391705,2.0,False
dc_f94db4d64ace,OCDC Orange County Datacenter Santa Ana,,unknown,operational,CA,Orange,33.730192,-117.850521,geocoded_address,CANDIDATE,medium,,,0.6565972566604614,0.335,1,0.455,1,0.635,1,6.0,,non_burnable,0.0,0.0,0.015625,3.0,0.035944700460829496,3.0,False
dc_9448c3ccf011,iConnect Billings Fiber Hotel,,unknown,operational,MT,Yellowstone,45.780784,-108.511788,geocoded_address,CANDIDATE,medium,,,6.671207427978516,0.055,1,0.07500000000000001,1,0.125,1,6.0,,non_burnable,0.0,0.0,0.109375,3.0,0.36036866359447006,4.0,False
dc_c97738231c91,iConnect Missoula,,unknown,operational,MT,Missoula,46.872109,-113.993787,geocoded_address,CANDIDATE,medium,,,5.973574161529541,0.07500000000000001,1,0.10500000000000001,1,0.175,1,6.0,,non_burnable,0.13333333333333333,3.0,0.3046875,4.0,0.5124423963133641,5.0,False
dc_d8cbb9e4b58b,CoreSite - Denver (DE1),,colocation,operational,CO,Denver,39.74565,-104.99534,geocoded_address,CANDIDATE,medium,,,10.969576835632324,0.045,1,0.08499999999999999,1,0.155,1,6.0,,non_burnable,0.022222222222222223,3.0,0.015625,4.0,0.047004608294930875,4.0,False
dc_50e4626e32e8,WOW! Business (Tampa Datacenter),,unknown,operational,FL,Hillsborough,27.947439,-82.458854,geocoded_address,CANDIDATE,medium,,,28.616392135620117,0.005,1,0.015,1,0.035,1,6.0,,non_burnable,0.022222222222222223,2.0,0.0390625,3.0,0.09308755760368663,3.0,False
dc_2e3dadc752a4,Digital Realty DFW (2323 Bryan St),,colocation,operational,TX,Dallas,32.78693,-96.794018,geocoded_address,CANDIDATE,medium,,,18.841638565063477,0.025,1,0.035,1,0.065,1,6.0,,non_burnable,0.0,0.0,0.0234375,3.0,0.15207373271889402,3.0,False
dc_45ec8b20e65d,Digital Realty LAX (600 W 7th),,colocation,operational,CA,Los Angeles,34.047282,-118.256692,geocoded_address,CANDIDATE,medium,,,0.5556319355964661,0.445,1,0.605,1,0.855,1,6.0,,non_burnable,0.0,0.0,0.00390625,4.0,0.03317972350230415,4.0,False
dc_559731ec2e30,Digital Realty IAD (44480 Hastings),,colocation,operational,VA,Loudoun,39.017808,-77.462489,geocoded_address,pending,medium,,,13.613815307617188,0.055,1,0.095,1,0.175,1,6.0,,non_burnable,0.1111111111111111,1.0,0.36328125,1.0,0.3161290322580645,1.0,False
dc_47d937b135c2,Netrality Houston - 1301 Fannin,,unknown,operational,TX,Harris,29.754104,-95.365803,geocoded_address,CANDIDATE,medium,,,20.972787857055664,0.015,1,0.025,1,0.045,1,6.0,,non_burnable,0.0,0.0,0.0,0.0,0.02488479262672811,2.0,False
dc_4b5aca5e22a3,190 Park Center Plaza San Jose,,unknown,operational,CA,Santa Clara,37.332931,-121.891362,geocoded_address,CANDIDATE,medium,,,0.12219325453042984,0.655,1,0.865,1,1.145,1,6.0,,non_burnable,0.022222222222222223,4.0,0.03125,4.0,0.04608294930875576,4.0,False
dc_cda90edc406a,The Franklin Exchange Tampa,,unknown,operational,FL,Hillsborough,27.949592,-82.458713,geocoded_address,CANDIDATE,medium,,,28.616392135620117,0.005,1,0.015,1,0.035,1,6.0,,non_burnable,0.022222222222222223,2.0,0.0546875,3.0,0.09769585253456221,3.0,False
dc_2e34e7874bca,Level(3) Oakland,,unknown,operational,CA,Alameda,37.834675,-122.286597,geocoded_address,pending,medium,,,0.09281287342309952,0.585,1,0.755,1,1.0150000000000001,1,6.0,,non_burnable,0.022222222222222223,4.0,0.01171875,4.0,0.03963133640552995,4.0,False
dc_7fe57b05a442,Netrality Kansas City - 1102 Grand,,unknown,operational,MO,Jackson,39.100947,-94.580944,geocoded_address,CANDIDATE,medium,,,20.675199508666992,0.025,1,0.045,1,0.07500000000000001,1,6.0,,non_burnable,0.0,0.0,0.0234375,3.0,0.052534562211981564,3.0,False
dc_070bebed08d4,Digital Realty CHI (350 E Cermak),,colocation,operational,IL,Cook,41.85365,-87.618342,geocoded_address,pending,medium,,,16.118194580078125,0.035,1,0.055,1,0.095,1,6.0,,non_burnable,0.0,0.0,0.01171875,1.0,0.008294930875576038,1.0,False
dc_224c864afb76,Digital Realty OAK (720 2nd St),,colocation,operational,CA,Alameda,37.799021,-122.282507,geocoded_address,pending,medium,,,0.09281287342309952,0.595,1,0.775,1,1.045,1,6.0,,non_burnable,0.0,0.0,0.03125,4.0,0.03133640552995392,4.0,False
dc_c8a36d575578,Digital Realty SJC (2820 NW Pkwy),,colocation,operational,CA,Santa Clara,37.372818,-121.973377,geocoded_address,pending,medium,,,0.12219325453042984,0.525,1,0.665,1,0.875,1,6.0,,non_burnable,0.0,0.0,0.0078125,3.0,0.054377880184331796,4.0,False
dc_97a9a746d058,GAP Union Station,,unknown,operational,IN,St. Joseph,41.669526,-86.255805,geocoded_address,pending,medium,,,14.747052192687988,0.035,1,0.045,1,0.08499999999999999,1,6.0,,non_burnable,0.044444444444444446,1.0,0.03515625,1.0,0.17327188940092167,1.0,False
dc_20dbd0561061,Carolina Internet / CaroNet,,unknown,operational,NC,Mecklenburg,35.173324,-80.925975,geocoded_address,pending,medium,,,14.088505744934082,0.065,1,0.095,1,0.155,1,6.0,,non_burnable,0.6222222222222222,4.0,0.5546875,4.0,0.4534562211981567,4.0,False
dc_a15321ccd7ac,TierPoint Spokane,,colocation,operational,WA,Spokane,47.671879,-117.09123,geocoded_address,pending,medium,,,2.4368741512298584,0.035,1,0.055,1,0.10500000000000001,1,6.0,,non_burnable,0.15555555555555556,2.0,0.46484375,4.0,0.5981566820276498,4.0,False
dc_6cab86b4b98b,US Bank Building,,unknown,operational,WA,Spokane,47.65801,-117.4185,geocoded_address,CANDIDATE,medium,,,2.4368741512298584,0.035,1,0.055,1,0.095,1,6.0,,non_burnable,0.022222222222222223,3.0,0.04296875,4.0,0.18433179723502305,4.0,False
dc_cb6d24a8690a,324 E Wisconsin,,unknown,operational,WI,Milwaukee,43.03873,-87.907475,geocoded_address,CANDIDATE,medium,,,8.040300369262695,0.015,1,0.035,1,0.055,1,6.0,,non_burnable,0.022222222222222223,1.0,0.0234375,1.0,0.034101382488479264,1.0,False
dc_aa41048d7691,Lumen Boston,,colocation,operational,MA,Middlesex,42.367691,-71.086779,geocoded_address,pending,medium,,,3.3172669410705566,0.08499999999999999,1,0.14500000000000002,1,0.275,1,6.0,,non_burnable,0.0,0.0,0.01953125,3.0,0.025806451612903226,3.0,False
dc_af88d300efeb,"1101 Stewart Ave, Garden City",,unknown,operational,NY,Nassau,40.73616,-73.594195,geocoded_address,pending,medium,,,6.484174728393555,0.07500000000000001,1,0.135,1,0.255,1,6.0,,non_burnable,0.06666666666666667,5.0,0.171875,5.0,0.17419354838709677,5.0,False
dc_fd11a1f44708,180 E Broad St.,,unknown,operational,OH,Franklin,39.962785,-82.996184,geocoded_address,CANDIDATE,medium,,,14.319350242614746,0.035,1,0.055,1,0.095,1,6.0,,non_burnable,0.022222222222222223,1.0,0.01171875,1.0,0.08571428571428572,1.0,False
dc_bb7e64ba6a05,Equinix DA4 - Dallas,,colocation,operational,TX,Dallas,32.786929,-96.794018,geocoded_address,CANDIDATE,medium,,,18.841638565063477,0.025,1,0.035,1,0.065,1,6.0,,non_burnable,0.0,0.0,0.0234375,3.0,0.15207373271889402,3.0,False
dc_e4de78d83084,"Equinix NY8 - New York, 60 Hudson",,colocation,operational,NY,New York,40.717723,-74.008299,geocoded_address,pending,medium,,,7.277477264404297,0.095,1,0.175,1,0.335,1,6.0,,non_burnable,0.0,0.0,0.00390625,4.0,0.02857142857142857,5.0,False
dc_4f362c566385,SBTC,,unknown,operational,WA,King,47.612139,-122.340036,geocoded_address,pending,medium,,,0.6047859191894531,0.345,1,0.485,1,0.705,1,6.0,,non_burnable,0.0,0.0,0.0,0.0,0.0423963133640553,1.0,False
dc_64860b293bb0,"Equinix NY7 - New York, North Bergen",,colocation,operational,NJ,Hudson,40.796857,-74.031129,geocoded_address,pending,medium,,,7.277477264404297,0.10500000000000001,1,0.175,1,0.345,1,4.0,4.0,high,0.26666666666666666,4.0,0.1875,4.0,0.14193548387096774,5.0,False
dc_1ba158ee3c5f,3500 Garrott,,unknown,operational,TX,Harris,29.741436,-95.385784,geocoded_address,pending,medium,,,20.972787857055664,0.015,1,0.025,1,0.045,1,6.0,,non_burnable,0.0,0.0,0.00390625,1.0,0.03133640552995392,2.0,False
dc_d6ee1c60c7cf,Equinix MI2 - Miami,,colocation,operational,FL,Miami-Dade,25.77603,-80.19309,geocoded_address,CANDIDATE,medium,,,22.965288162231445,0.005,1,0.015,1,0.025,1,6.0,,non_burnable,0.022222222222222223,3.0,0.0234375,3.0,0.027649769585253458,3.0,False
dc_fc171f02d21c,5Nines Data,,unknown,operational,WI,Dane,43.073116,-89.386502,geocoded_address,CANDIDATE,medium,,,9.417593955993652,0.015,1,0.035,1,0.055,1,6.0,,non_burnable,0.022222222222222223,1.0,0.03515625,2.0,0.1640552995391705,2.0,False
dc_da694d866879,H5 Data Centers Nashville,,unknown,operational,TN,Davidson,36.16294,-86.77855,geocoded_address,CANDIDATE,medium,,,16.571094512939453,0.08499999999999999,1,0.135,1,0.215,1,6.0,,non_burnable,0.0,0.0,0.01953125,1.0,0.13456221198156681,1.0,False
dc_597fa7e4dbb1,Epsilon Global Hubs New York (60 Hudson),,unknown,operational,NY,New York,40.717664,-74.008333,geocoded_address,pending,medium,,,7.277477264404297,0.095,1,0.175,1,0.335,1,6.0,,non_burnable,0.0,0.0,0.00390625,4.0,0.02857142857142857,5.0,False
dc_e58ccf16d115,QTS Santa Clara (SJC1/SJC2),,colocation,operational,CA,Santa Clara,37.394031,-121.978279,geocoded_address,pending,medium,,,0.12219325453042984,0.515,1,0.645,1,0.845,1,6.0,,non_burnable,0.044444444444444446,3.0,0.0703125,3.0,0.10230414746543778,4.0,False
dc_a26daee8f0b8,QTS Jersey City (JCY1),,colocation,operational,NJ,Hudson,40.719403,-74.04282,geocoded_address,CANDIDATE,medium,,,7.277477264404297,0.095,1,0.175,1,0.335,1,6.0,,non_burnable,0.0,0.0,0.06640625,5.0,0.04331797235023042,5.0,False
dc_e5cafa592f46,QTS Atlanta-Suwanee (SUW1),,colocation,operational,GA,Gwinnett,34.0353,-84.0614,geocoded_address,VERIFIED,medium,,,16.0975399017334,0.065,1,0.095,1,0.155,1,6.0,,non_burnable,0.28888888888888886,3.0,0.37890625,3.0,0.3824884792626728,3.0,False
dc_ef06ca20995a,QTS Atlanta-Metro (ATL1),,colocation,operational,GA,Fulton,33.777526,-84.421036,geocoded_address,pending,medium,,,16.562829971313477,0.055,1,0.08499999999999999,1,0.14500000000000002,1,6.0,,non_burnable,0.17777777777777778,3.0,0.203125,3.0,0.2608294930875576,3.0,False
dc_b1fceb7d2ac8,QTS Miami (MIA1),,colocation,operational,FL,Miami-Dade,25.791541,-80.379598,geocoded_address,pending,medium,,,22.965288162231445,0.005,1,0.015,1,0.025,1,6.0,,non_burnable,0.13333333333333333,3.0,0.171875,4.0,0.19447004608294932,5.0,False
dc_b2178656f857,1025Connect,,unknown,operational,NY,Nassau,40.7558,-73.557923,geocoded_address,pending,medium,,,6.484174728393555,0.07500000000000001,1,0.135,1,0.255,1,6.0,,non_burnable,0.06666666666666667,4.0,0.125,5.0,0.19723502304147467,5.0,False
dc_5f959f8ebedd,Intergate West / Digital.forest / Fortress,,unknown,operational,WA,King,47.494136,-122.29441,geocoded_address,pending,medium,,,0.46316325664520264,0.345,1,0.485,1,0.715,1,6.0,,non_burnable,0.044444444444444446,1.0,0.13671875,1.0,0.12073732718894009,1.0,False
dc_69889b71d3f5,274 Brannan Street,,unknown,operational,CA,San Francisco,37.782582,-122.391764,geocoded_address,pending,medium,,,0.09281287342309952,0.475,1,0.605,1,0.805,1,6.0,,non_burnable,0.0,0.0,0.01171875,4.0,0.011981566820276499,4.0,False
dc_b7447025e854,FiberNet Telecom Group Newark - 165 Halsey,,unknown,operational,NJ,Essex,40.736844,-74.173402,geocoded_address,pending,medium,,,7.277477264404297,0.10500000000000001,1,0.175,1,0.345,1,6.0,,non_burnable,0.0,0.0,0.015625,4.0,0.060829493087557605,5.0,False
dc_f2547bb7a78e,365 Data Centers Ft. Lauderdale (FLL),,unknown,operational,FL,Broward,26.184971,-80.190819,geocoded_address,pending,medium,,,26.052785873413086,0.005,1,0.015,1,0.025,1,6.0,,non_burnable,0.06666666666666667,1.0,0.109375,2.0,0.14377880184331798,4.0,False
dc_b4cb8f3be956,"Colo at 55, LLC",,unknown,operational,GA,Fulton,33.755474,-84.391094,geocoded_address,CANDIDATE,medium,,,16.562829971313477,0.055,1,0.08499999999999999,1,0.14500000000000002,1,6.0,,non_burnable,0.0,0.0,0.01171875,3.0,0.1631336405529954,3.0,False
dc_cc49cc794d73,Telecom Center LA,,unknown,operational,CA,Los Angeles,34.048222,-118.254575,geocoded_address,CANDIDATE,medium,,,0.5556319355964661,0.445,1,0.605,1,0.855,1,6.0,,non_burnable,0.0,0.0,0.00390625,4.0,0.03686635944700461,4.0,False
dc_a61f211e8fc1,Colo4Dallas,,unknown,operational,TX,Dallas,32.807888,-96.857296,geocoded_address,pending,medium,,,18.841638565063477,0.025,1,0.035,1,0.065,1,6.0,,non_burnable,0.15555555555555556,2.0,0.2109375,3.0,0.22119815668202766,3.0,False
dc_583749301cba,CoreSite - Reston (VA1),,colocation,operational,VA,Fairfax,38.950631,-77.364541,geocoded_address,pending,medium,,,13.629328727722168,0.055,1,0.095,1,0.175,1,6.0,,non_burnable,0.13333333333333333,1.0,0.2578125,1.0,0.3953917050691244,1.0,False
dc_a19dbeb11233,CoreSite - New York (NY1),,colocation,operational,NY,New York,40.72,-74.004561,geocoded_address,pending,medium,,,7.277477264404297,0.095,1,0.175,1,0.335,1,6.0,,non_burnable,0.0,0.0,0.0078125,4.0,0.025806451612903226,5.0,False
dc_bed5d7adeebd,ColoHouse Miami,,unknown,operational,FL,Miami-Dade,25.776033,-80.193092,geocoded_address,CANDIDATE,medium,,,22.965288162231445,0.005,1,0.015,1,0.025,1,6.0,,non_burnable,0.022222222222222223,3.0,0.0234375,3.0,0.027649769585253458,3.0,False
dc_555e7f99046e,Equinix DE2 - Denver,,colocation,operational,CO,Douglas,39.5604,-104.85783,geocoded_address,CANDIDATE,medium,,,10.969576835632324,0.045,1,0.07500000000000001,1,0.14500000000000002,1,6.0,,non_burnable,0.5111111111111111,3.0,0.36328125,4.0,0.37695852534562213,4.0,False
dc_6073295c9610,Equinix CU1/CU2/CU3/CU4 - Culpeper,,colocation,operational,VA,Culpeper,38.454881,-77.978325,geocoded_address,pending,medium,,,13.383992195129395,0.07500000000000001,1,0.135,1,0.245,1,6.0,,non_burnable,0.6888888888888889,2.0,0.69140625,2.0,0.6193548387096774,2.0,False
dc_e3f553271048,Telehouse - Teleport Center (New York),,unknown,operational,NY,Richmond,40.60723,-74.17269,geocoded_address,VERIFIED,medium,,,7.277477264404297,0.10500000000000001,1,0.175,1,0.345,1,3.0,3.0,moderate,0.3333333333333333,4.0,0.37109375,4.0,0.3105990783410138,5.0,False
dc_682c5aa2595c,Level(3) Jersey City,,unknown,operational,NJ,Hudson,40.718534,-74.037494,geocoded_address,pending,medium,,,7.277477264404297,0.095,1,0.175,1,0.335,1,6.0,,non_burnable,0.0,0.0,0.0625,5.0,0.041474654377880185,5.0,False
dc_d8cbe6a83e85,YRIX,,unknown,operational,MT,Yellowstone,45.78078,-108.51179,geocoded_address,CANDIDATE,medium,,,6.671207427978516,0.055,1,0.07500000000000001,1,0.125,1,6.0,,non_burnable,0.0,0.0,0.109375,3.0,0.36036866359447006,4.0,False
dc_a5f0be3912b0,"Kanobe, LLC",,unknown,operational,WA,Snohomish,47.779371,-122.190511,geocoded_address,pending,medium,,,0.6047859191894531,0.295,1,0.415,1,0.605,1,6.0,,non_burnable,0.28888888888888886,1.0,0.265625,1.0,0.3576036866359447,1.0,False
dc_97685944d21e,LightEdge San Diego 1 (SAN1),,unknown,operational,CA,San Diego,32.828068,-117.129906,geocoded_address,pending,medium,,,0.6888867616653442,0.28500000000000003,1,0.425,1,0.635,1,6.0,,non_burnable,0.044444444444444446,3.0,0.30859375,4.0,0.4064516129032258,5.0,False
dc_42fe8c21d049,LightEdge San Diego 2 (SAN2),,unknown,operational,CA,San Diego,32.897149,-117.20105,geocoded_address,pending,medium,,,0.6888867616653442,0.28500000000000003,1,0.435,1,0.645,1,6.0,,non_burnable,0.17777777777777778,3.0,0.4140625,4.0,0.4368663594470046,5.0,False
dc_2718db0e3e25,Cologix MIN1,,colocation,operational,MN,Hennepin,44.971408,-93.25458,geocoded_address,pending,medium,,,10.622698783874512,0.005,1,0.015,1,0.025,1,6.0,,non_burnable,0.022222222222222223,1.0,0.015625,2.0,0.04976958525345622,2.0,False
dc_dc9cfe14a3c1,JSLLC Bozeman,,unknown,operational,MT,Gallatin,45.680672,-111.035371,geocoded_address,pending,medium,,,6.496598720550537,0.135,1,0.195,1,0.295,1,6.0,,non_burnable,0.08888888888888889,2.0,0.29296875,2.0,0.4663594470046083,4.0,False
dc_1a7218366cda,Level(3) Salt Lake City,,unknown,operational,UT,Salt Lake,40.756316,-111.955031,geocoded_address,pending,medium,,,5.014902114868164,0.195,1,0.345,1,0.585,1,6.0,,non_burnable,0.17777777777777778,2.0,0.09765625,2.0,0.1400921658986175,3.0,False
dc_fd9603176e38,XO Salt Lake City IP PoP,,unknown,operational,UT,Salt Lake,40.750975,-111.979876,geocoded_address,pending,medium,,,5.014902114868164,0.20500000000000002,1,0.345,1,0.585,1,6.0,,non_burnable,0.1111111111111111,2.0,0.25390625,3.0,0.20921658986175115,3.0,False
dc_84bb862c11a5,NASA Moffet Field,,unknown,operational,CA,Santa Clara,37.420567,-122.040197,geocoded_address,UNRESOLVABLE,medium,,,0.0865766629576683,0.505,1,0.655,1,0.855,1,3.0,3.0,moderate,0.3333333333333333,3.0,0.2109375,4.0,0.1447004608294931,4.0,False
dc_ace039d9399a,Quonix Datacenter (2401 Locust St),,unknown,operational,PA,Philadelphia,39.950345,-75.180048,geocoded_address,pending,medium,,,9.466512680053711,0.07500000000000001,1,0.135,1,0.255,1,6.0,,non_burnable,0.022222222222222223,2.0,0.01953125,2.0,0.04608294930875576,3.0,False
dc_087ab67b867b,Digital Realty EWR (100 Delawanna),,colocation,operational,NJ,Passaic,40.829926,-74.126752,geocoded_address,pending,medium,,,7.277477264404297,0.10500000000000001,1,0.175,1,0.345,1,6.0,,non_burnable,0.022222222222222223,3.0,0.0703125,4.0,0.11705069124423963,5.0,False
dc_b853c136e629,Equinix AT1 - Atlanta,,colocation,operational,GA,Fulton,33.758485,-84.387673,geocoded_address,CANDIDATE,medium,,,16.562829971313477,0.055,1,0.08499999999999999,1,0.14500000000000002,1,6.0,,non_burnable,0.0,0.0,0.01171875,3.0,0.17235023041474654,3.0,False
dc_8571719d8d4f,Flex Data Center,,unknown,operational,VA,Fairfax,38.951881,-77.346564,geocoded_address,pending,medium,,,13.629328727722168,0.055,1,0.095,1,0.175,1,6.0,,non_burnable,0.2222222222222222,1.0,0.296875,1.0,0.47096774193548385,1.0,False
dc_d066029539f1,Netriplex,,unknown,operational,NC,Buncombe,35.488137,-82.557785,geocoded_address,pending,medium,,,12.297951698303223,0.08499999999999999,1,0.14500000000000002,1,0.255,1,6.0,,non_burnable,0.6,4.0,0.69140625,4.0,0.6764976958525346,4.0,False
dc_474021bfadb0,800 south hope,,unknown,operational,CA,Los Angeles,34.046483,-118.259013,geocoded_address,CANDIDATE,medium,,,0.5556319355964661,0.445,1,0.595,1,0.855,1,6.0,,non_burnable,0.0,0.0,0.00390625,4.0,0.03133640552995392,4.0,False
dc_5cda8a3851c2,Equinix CH3 - Elk Grove,,colocation,operational,IL,Cook,42.001171,-87.954882,geocoded_address,pending,medium,,,14.088419914245605,0.035,1,0.055,1,0.095,1,6.0,,non_burnable,0.0,0.0,0.03515625,1.0,0.10138248847926268,1.0,False
dc_4d5eb2ad3758,Login Tucson,,unknown,operational,AZ,Pima,32.244939,-110.969165,geocoded_address,pending,medium,,,9.74954605102539,0.015,1,0.025,1,0.055,1,6.0,,non_burnable,0.0,0.0,0.03515625,4.0,0.11336405529953918,4.0,False
dc_0d2326038c4d,QuadraNet DTLA,,unknown,operational,CA,Los Angeles,34.048222,-118.254575,geocoded_address,CANDIDATE,medium,,,0.5556319355964661,0.445,1,0.605,1,0.855,1,6.0,,non_burnable,0.0,0.0,0.00390625,4.0,0.03686635944700461,4.0,False
dc_41636269afae,801 Main Street - Lenoir,,unknown,operational,NC,Caldwell,35.922479,-81.54274,geocoded_address,pending,medium,,,11.960246086120605,0.065,1,0.10500000000000001,1,0.185,1,6.0,,non_burnable,0.37777777777777777,4.0,0.51171875,4.0,0.7188940092165899,4.0,False
dc_3875880f621c,Tonaquint Data Center - Saint George,,unknown,operational,UT,Washington,37.081472,-113.607242,geocoded_address,pending,medium,,,4.522087574005127,0.08499999999999999,1,0.125,1,0.215,1,6.0,,non_burnable,0.6444444444444445,4.0,0.64453125,4.0,0.584331797235023,4.0,False
dc_381edb33d816,XO 818 West 7th,,unknown,operational,CA,Los Angeles,34.048852,-118.259479,geocoded_address,CANDIDATE,medium,,,0.5556319355964661,0.445,1,0.605,1,0.855,1,6.0,,non_burnable,0.0,0.0,0.00390625,4.0,0.034101382488479264,4.0,False
dc_9dd5566a71a7,XO 600 West 7th,,unknown,operational,CA,Los Angeles,34.0472,-118.2567,geocoded_address,CANDIDATE,medium,,,0.5556319355964661,0.445,1,0.605,1,0.855,1,6.0,,non_burnable,0.0,0.0,0.00390625,4.0,0.03317972350230415,4.0,False
dc_fbb53be5b475,Level(3) Dallas,,unknown,operational,TX,Dallas,32.807584,-96.86816,geocoded_address,pending,medium,,,18.841638565063477,0.025,1,0.035,1,0.065,1,6.0,,non_burnable,0.2,2.0,0.2578125,3.0,0.24055299539170508,3.0,False
dc_52d8bce06fbc,ixColo,,unknown,operational,NY,Erie,42.884227,-78.875514,geocoded_address,pending,medium,,,8.291032791137695,0.025,1,0.045,1,0.095,1,6.0,,non_burnable,0.0,0.0,0.04296875,3.0,0.06581740976645435,4.0,False
dc_4b5f2abb8123,Level(3) Seattle (Denny Way),,unknown,operational,WA,King,47.619054,-122.336393,geocoded_address,pending,medium,,,0.6047859191894531,0.345,1,0.485,1,0.705,1,6.0,,non_burnable,0.0,0.0,0.0234375,1.0,0.0423963133640553,1.0,False
dc_bce2a55a99d1,501 Franklin Ave,,unknown,operational,NY,Nassau,40.7217,-73.6312,geocoded_address,CANDIDATE,medium,,,6.484174728393555,0.08499999999999999,1,0.135,1,0.265,1,6.0,,non_burnable,0.13333333333333333,5.0,0.12109375,5.0,0.11059907834101383,5.0,False
dc_5ed930ed15c9,Zayo Networks,,unknown,operational,CO,Boulder,39.964963,-105.165261,geocoded_address,pending,medium,,,8.949381828308105,0.055,1,0.095,1,0.175,1,6.0,,non_burnable,0.26666666666666666,4.0,0.53125,4.0,0.5953917050691244,5.0,False
dc_3d8ba6265059,SBA Edge - Jacksonville (JAX),,unknown,operational,FL,Duval,30.331375,-81.662322,geocoded_address,pending,medium,,,23.808124542236328,0.025,1,0.035,1,0.065,1,6.0,,non_burnable,0.044444444444444446,3.0,0.06640625,3.0,0.10691244239631337,3.0,False
dc_bd177f82d3dd,Level(3) Kansas City,,unknown,operational,MO,Jackson,39.101004,-94.582095,geocoded_address,CANDIDATE,medium,,,20.675199508666992,0.025,1,0.045,1,0.07500000000000001,1,6.0,,non_burnable,0.0,0.0,0.02734375,3.0,0.052534562211981564,3.0,False
dc_dad53bb36c30,801 Tenth Street Modesto (Ayera),,unknown,operational,CA,Stanislaus,37.638551,-120.998503,geocoded_address,pending,medium,,,0.43379896879196167,0.175,1,0.235,1,0.325,1,6.0,,non_burnable,0.0,0.0,0.1484375,4.0,0.18525345622119815,4.0,False
dc_6bd093e936e7,500 Green (AKA VOLICO 2.0),,unknown,operational,FL,Broward,26.289687,-80.130014,geocoded_address,pending,medium,,,26.052785873413086,0.005,1,0.015,1,0.025,1,6.0,,non_burnable,0.15555555555555556,1.0,0.1015625,1.0,0.1456221198156682,4.0,False
dc_6ad7c23dd50f,Level(3) Los Angeles,,unknown,operational,CA,Los Angeles,34.04895,-118.25948,geocoded_address,CANDIDATE,medium,,,0.5556319355964661,0.445,1,0.605,1,0.855,1,6.0,,non_burnable,0.0,0.0,0.00390625,4.0,0.034101382488479264,4.0,False
dc_12dcf424978c,Digital Realty SJC (2220 De La Cruz Blvd),,colocation,operational,CA,Santa Clara,37.361768,-121.943773,geocoded_address,pending,medium,,,0.12219325453042984,0.575,1,0.735,1,0.965,1,6.0,,non_burnable,0.022222222222222223,2.0,0.0390625,4.0,0.034101382488479264,4.0,False
dc_0bbaee713245,Vantage Data Centers (Santa Clara),,colocation,operational,CA,Santa Clara,37.372595,-121.973508,geocoded_address,pending,medium,,,0.12219325453042984,0.525,1,0.665,1,0.875,1,6.0,,non_burnable,0.0,0.0,0.01171875,3.0,0.054377880184331796,4.0,False
dc_854cee558167,RagingWire VA1 - NTT,,colocation,operational,VA,Loudoun,39.022561,-77.455012,geocoded_address,pending,medium,,,13.613815307617188,0.055,1,0.095,1,0.175,1,6.0,,non_burnable,0.24444444444444444,1.0,0.3203125,1.0,0.31981566820276497,1.0,False
dc_5ec81740ac02,"232 20th St NW, East Grand Forks",,unknown,operational,MN,Polk,47.945477,-97.022654,geocoded_address,pending,medium,,,7.732477188110352,0.005,1,0.015,1,0.025,1,1.0,1.0,very_low,0.17777777777777778,1.0,0.140625,1.0,0.14377880184331798,2.0,False
dc_6fac010572d0,IUPUI Informatics & Communications Technology Complex,,unknown,operational,IN,Marion,39.77382,-86.167904,geocoded_address,pending,medium,,,26.43269920349121,0.055,1,0.08499999999999999,1,0.155,1,6.0,,non_burnable,0.022222222222222223,1.0,0.0625,1.0,0.07741935483870968,1.0,False
dc_b42e1143db3d,INdigital,,unknown,operational,IN,Allen,41.132672,-85.211021,geocoded_address,pending,medium,,,18.034406661987305,0.045,1,0.065,1,0.11499999999999999,1,6.0,,non_burnable,0.15555555555555556,1.0,0.2265625,1.0,0.3069124423963134,1.0,False
dc_606ad9c4165a,Syringa Networks Boise,,unknown,operational,ID,Ada,43.567545,-116.207057,geocoded_address,AMBIGUOUS,medium,,,3.1638710498809814,0.035,1,0.045,1,0.065,1,6.0,,non_burnable,0.1111111111111111,3.0,0.27734375,5.0,0.4377880184331797,5.0,False
dc_fd519f588a3b,SupraNet Communications Madison,,unknown,operational,WI,Dane,43.075606,-89.524364,geocoded_address,pending,medium,,,8.292498588562012,0.015,1,0.025,1,0.055,1,6.0,,non_burnable,0.13333333333333333,2.0,0.16796875,2.0,0.31797235023041476,3.0,False
dc_110d4d59e055,QTS Piscataway (PNJ1),,colocation,operational,NJ,Middlesex,40.5578,-74.489,geocoded_address,VERIFIED,medium,,,7.277477264404297,0.095,1,0.165,1,0.325,1,2.0,2.0,low,0.37777777777777777,4.0,0.23046875,4.0,0.32995391705069127,4.0,False
dc_b18c7f03ee5a,I2B SAN02,,unknown,operational,CA,San Diego,32.830414,-117.136849,geocoded_address,pending,medium,,,0.6888867616653442,0.28500000000000003,1,0.435,1,0.655,1,6.0,,non_burnable,0.06666666666666667,3.0,0.3359375,4.0,0.39078341013824885,5.0,False
dc_d19c07e250c3,I2B SAN01,,unknown,operational,CA,San Diego,32.830076,-117.135523,geocoded_address,CANDIDATE,medium,,,0.6888867616653442,0.28500000000000003,1,0.435,1,0.645,1,6.0,,non_burnable,0.06666666666666667,3.0,0.296875,4.0,0.4055299539170507,5.0,False
dc_ee5a10e9cdc7,USNAMES-NET,,unknown,operational,DE,New Castle,39.730981,-75.627882,geocoded_address,pending,medium,,,11.282463073730469,0.07500000000000001,1,0.135,1,0.265,1,6.0,,non_burnable,0.26666666666666666,2.0,0.25390625,2.0,0.39447004608294933,2.0,False
dc_5559c4f443dd,Level(3) Denver,,unknown,operational,CO,Denver,39.745119,-104.979669,geocoded_address,pending,medium,,,10.969576835632324,0.045,1,0.08499999999999999,1,0.155,1,6.0,,non_burnable,0.022222222222222223,3.0,0.04296875,4.0,0.060829493087557605,4.0,False
dc_57ba990839e2,DataBank Ashburn (IAD1),,colocation,operational,VA,Loudoun,39.015966,-77.48158,geocoded_address,pending,medium,,,13.613815307617188,0.055,1,0.095,1,0.175,1,6.0,,non_burnable,0.2222222222222222,1.0,0.30859375,1.0,0.3419354838709677,1.0,False
dc_f907a6d7f787,Fireline Data Center,,unknown,operational,CA,Los Angeles,34.062462,-118.357905,geocoded_address,CANDIDATE,medium,,,0.5556319355964661,0.435,1,0.585,1,0.825,1,6.0,,non_burnable,0.0,0.0,0.00390625,3.0,0.02304147465437788,4.0,False
dc_c600c3efed73,CoreSite - Denver (DE2),,colocation,operational,CO,Denver,39.744922,-104.97913,geocoded_address,pending,medium,,,10.969576835632324,0.045,1,0.08499999999999999,1,0.155,1,6.0,,non_burnable,0.022222222222222223,3.0,0.0390625,4.0,0.060829493087557605,4.0,False
dc_3892ecf526a3,321 S Boston Ave,,unknown,operational,OK,Tulsa,36.153266,-95.989196,geocoded_address,pending,medium,,,21.064456939697266,0.035,1,0.055,1,0.095,1,6.0,,non_burnable,0.0,0.0,0.078125,1.0,0.20184331797235022,3.0,False
dc_4f54bffb8d68,"Equinix MI3 - Miami, Boca Raton",,colocation,operational,FL,Palm Beach,26.390199,-80.108655,geocoded_address,CANDIDATE,medium,,,26.052785873413086,0.005,1,0.015,1,0.025,1,6.0,,non_burnable,0.17777777777777778,2.0,0.25390625,3.0,0.2110599078341014,4.0,False
dc_71b5b73fcac8,Telehouse - New York Chelsea,,unknown,operational,NY,New York,40.743446,-74.00734,geocoded_address,CANDIDATE,medium,,,7.277477264404297,0.095,1,0.175,1,0.335,1,6.0,,non_burnable,0.0,0.0,0.00390625,3.0,0.03133640552995392,5.0,False
dc_9ed1aea6df62,INOC Albany (80 State St),,unknown,operational,NY,Albany,42.6495,-73.7526,geocoded_address,CANDIDATE,medium,,,8.666078567504883,0.055,1,0.08499999999999999,1,0.155,1,6.0,,non_burnable,0.06666666666666667,3.0,0.1640625,4.0,0.3548387096774194,4.0,False
dc_e81430ad9e71,Colo@34 (Downtown),,unknown,operational,GA,Fulton,33.754711,-84.389556,geocoded_address,CANDIDATE,medium,,,16.562829971313477,0.055,1,0.08499999999999999,1,0.14500000000000002,1,6.0,,non_burnable,0.0,0.0,0.0234375,3.0,0.17235023041474654,3.0,False
dc_4d6a0bcae658,Level(3) Memphis,,unknown,operational,TN,Shelby,35.028826,-89.930755,geocoded_address,pending,medium,,,19.04093360900879,0.245,1,0.395,1,0.655,1,6.0,,non_burnable,0.24444444444444444,2.0,0.28125,2.0,0.3142857142857143,2.0,False
dc_caf0dd24a4a3,Hivelocity,,unknown,operational,FL,Hillsborough,28.019886,-82.524709,geocoded_address,CANDIDATE,medium,,,24.239770889282227,0.005,1,0.015,1,0.035,1,6.0,,non_burnable,0.15555555555555556,3.0,0.19140625,4.0,0.21013824884792626,4.0,False
dc_ec064dc4d572,NP Rochester,,unknown,operational,MN,Olmsted,44.02129,-92.462938,geocoded_address,CANDIDATE,medium,,,8.167824745178223,0.015,1,0.015,1,0.025,1,6.0,,non_burnable,0.13333333333333333,1.0,0.19921875,1.0,0.37327188940092165,1.0,False
dc_74be05054a07,Duluth Missabe,,unknown,operational,MN,St. Louis,46.785475,-92.102217,geocoded_address,CANDIDATE,medium,,,7.881808280944824,0.005,1,0.005,1,0.015,1,6.0,,non_burnable,0.06666666666666667,3.0,0.1796875,3.0,0.22211981566820277,3.0,False
dc_f4381f508e7b,XMission - Salt Lake City - Utah,,unknown,operational,UT,Salt Lake,40.760709,-111.889029,geocoded_address,CANDIDATE,medium,,,5.014902114868164,0.195,1,0.325,1,0.535,1,6.0,,non_burnable,0.0,0.0,0.015625,2.0,0.15023041474654378,4.0,False
dc_1e56ff5b5b31,EvoSwitch WDC1,,unknown,operational,VA,Prince William,38.74794,-77.53215,geocoded_address,CANDIDATE,medium,,,12.71955680847168,0.065,1,0.10500000000000001,1,0.185,1,1.0,1.0,very_low,0.37777777777777777,2.0,0.41796875,2.0,0.40276497695852537,2.0,False
dc_d51a40e3ebd7,Digital Realty IAD (44521 Hastings),,colocation,operational,VA,Loudoun,39.020131,-77.463206,geocoded_address,pending,medium,,,13.613815307617188,0.055,1,0.095,1,0.175,1,6.0,,non_burnable,0.17777777777777778,1.0,0.3359375,1.0,0.31336405529953915,1.0,False
dc_002da1390e71,Digital Realty IAD (44461 Chilum),,colocation,operational,VA,Loudoun,39.021133,-77.463564,geocoded_address,pending,medium,,,13.613815307617188,0.055,1,0.095,1,0.175,1,6.0,,non_burnable,0.2,1.0,0.328125,1.0,0.31336405529953915,1.0,False
dc_1d8cca75d953,Digital Realty DFW (1232 Alma),,colocation,operational,TX,Dallas,32.96506,-96.7161,geocoded_address,CANDIDATE,medium,,,18.841638565063477,0.025,1,0.045,1,0.065,1,6.0,,non_burnable,0.0,0.0,0.0625,3.0,0.11889400921658987,3.0,False
dc_b12f43ed44be,Digital Realty CHI (2200 Busse Rd.),,colocation,operational,IL,Cook,41.994269,-87.962053,geocoded_address,pending,medium,,,16.118194580078125,0.035,1,0.055,1,0.095,1,6.0,,non_burnable,0.022222222222222223,1.0,0.0234375,1.0,0.11428571428571428,1.0,False
dc_131e675b00b7,Rackspace Dallas Grapevine (DFW1),,unknown,operational,TX,Tarrant,32.929191,-97.104853,geocoded_address,pending,medium,,,17.917001724243164,0.025,1,0.035,1,0.065,1,6.0,,non_burnable,0.28888888888888886,3.0,0.234375,3.0,0.33087557603686635,3.0,False
dc_272219c4c331,Carolina Internet / CaroNet XB,,unknown,operational,NC,Mecklenburg,35.179019,-80.932278,geocoded_address,pending,medium,,,14.088505744934082,0.065,1,0.095,1,0.155,1,6.0,,non_burnable,0.5333333333333333,4.0,0.64453125,4.0,0.4728110599078341,4.0,False
dc_b31752bb43f2,Westelcom Networks Watertown,,unknown,operational,NY,Jefferson,43.974742,-75.913547,geocoded_address,pending,medium,,,3.7787911891937256,0.055,1,0.08499999999999999,1,0.135,1,6.0,,non_burnable,0.022222222222222223,3.0,0.25,3.0,0.5926267281105991,3.0,False
dc_022cedeff92c,Westelcom Networks Plattsburgh,,unknown,operational,NY,Clinton,44.696433,-73.452937,geocoded_address,UNRESOLVABLE,medium,,,5.315175533294678,0.11499999999999999,1,0.185,1,0.345,1,6.0,,non_burnable,0.1111111111111111,3.0,0.1015625,3.0,0.30599078341013825,3.0,False
dc_f0251b9c4cc6,Fusion - Cleveland,,unknown,operational,OH,Cuyahoga,41.501163,-81.680516,geocoded_address,CANDIDATE,medium,,,14.61642074584961,0.035,1,0.055,1,0.095,1,6.0,,non_burnable,0.0,0.0,0.03515625,1.0,0.034101382488479264,1.0,False
dc_80a9eb772e82,DataBank New York (LGA1),,colocation,operational,NY,New York,40.717664,-74.008333,geocoded_address,pending,medium,,,7.277477264404297,0.095,1,0.175,1,0.335,1,6.0,,non_burnable,0.0,0.0,0.00390625,4.0,0.02857142857142857,5.0,False
dc_5e87bc712d75,Crown Castle Pittsburgh (Allegheny Center Mall),,unknown,operational,PA,Allegheny,40.45141,-80.00571,geocoded_address,CANDIDATE,medium,,,11.686223030090332,0.025,1,0.045,1,0.07500000000000001,1,6.0,,non_burnable,0.022222222222222223,1.0,0.0703125,1.0,0.19170506912442398,1.0,False
dc_85af46cfd088,1500 Champa,,unknown,operational,CO,Denver,39.74559,-104.99505,geocoded_address,CANDIDATE,medium,,,10.969576835632324,0.045,1,0.08499999999999999,1,0.155,1,6.0,,non_burnable,0.022222222222222223,3.0,0.01953125,4.0,0.047004608294930875,4.0,False
dc_a7346f4ae373,ColoCenter.com - Manchester NH,,unknown,operational,NH,Hillsborough,42.97202,-71.46958,geocoded_address,CANDIDATE,medium,,,3.484011173248291,0.095,1,0.165,1,0.315,1,6.0,,non_burnable,0.022222222222222223,2.0,0.07421875,2.0,0.2589861751152074,2.0,False
dc_298d8384169d,Implex Minneapolis,,unknown,operational,MN,Hennepin,45.000634,-93.265888,geocoded_address,pending,medium,,,10.388507843017578,0.005,1,0.015,1,0.025,1,6.0,,non_burnable,0.044444444444444446,1.0,0.03125,1.0,0.07649769585253456,2.0,False
dc_fed2cce6b6c2,IPR Wilmington CCC,,unknown,operational,DE,New Castle,39.747408,-75.546652,geocoded_address,CANDIDATE,medium,,,11.282463073730469,0.07500000000000001,1,0.135,1,0.265,1,6.0,,non_burnable,0.044444444444444446,2.0,0.1171875,2.0,0.27741935483870966,2.0,False
dc_c076f88bdf99,CyrusOne Cincinnati 7th St,,colocation,operational,OH,Hamilton,39.103125,-84.517017,geocoded_address,CANDIDATE,medium,,,18.689889907836914,0.045,1,0.07500000000000001,1,0.125,1,6.0,,non_burnable,0.0,0.0,0.0625,1.0,0.22672811059907835,1.0,False
dc_a29f6258e847,CyrusOne Lebanon,,colocation,operational,OH,Warren,39.389053,-84.220796,geocoded_address,AMBIGUOUS,medium,,,17.444948196411133,0.045,1,0.065,1,0.11499999999999999,1,6.0,,non_burnable,0.6666666666666666,1.0,0.59375,1.0,0.6147465437788019,1.0,False
dc_50f553e0c62c,CyrusOne Florence,,colocation,operational,KY,Boone,38.98065,-84.618707,geocoded_address,pending,medium,,,13.312313079833984,0.045,1,0.07500000000000001,1,0.125,1,6.0,,non_burnable,0.26666666666666666,1.0,0.38671875,1.0,0.4737327188940092,1.0,False
dc_df6acb943b72,CyrusOne Mason,,colocation,operational,OH,Warren,39.303887,-84.311636,geocoded_address,pending,medium,,,17.444948196411133,0.045,1,0.07500000000000001,1,0.11499999999999999,1,6.0,,non_burnable,0.2,1.0,0.3125,1.0,0.4064516129032258,1.0,False
dc_5f2a61722af9,CyrusOne Hamilton,,colocation,operational,OH,Butler,39.3852,-84.56691,geocoded_address,CANDIDATE,medium,,,18.689889907836914,0.045,1,0.07500000000000001,1,0.11499999999999999,1,6.0,,non_burnable,0.26666666666666666,1.0,0.33203125,1.0,0.44055299539170506,1.0,False
dc_86334a11f204,Databank Houston Galleria (HOU5),,colocation,operational,TX,Harris,29.7282,-95.4447,geocoded_address,VERIFIED,medium,,,20.972787857055664,0.015,1,0.025,1,0.045,1,6.0,,non_burnable,0.0,0.0,0.01171875,1.0,0.060829493087557605,2.0,False
dc_664c5d805196,Databank Houston West (HOU1) (HOU2),,colocation,operational,TX,Harris,29.844182,-95.556656,geocoded_address,pending,medium,,,19.917362213134766,0.015,1,0.025,1,0.045,1,6.0,,non_burnable,0.1111111111111111,1.0,0.15234375,2.0,0.1889400921658986,2.0,False
dc_0b2f7896c0d0,CyrusOne Dallas (Lewisville),,colocation,operational,TX,Denton,33.001402,-96.99766,geocoded_address,pending,medium,,,19.147722244262695,0.025,1,0.035,1,0.065,1,6.0,,non_burnable,0.1111111111111111,2.0,0.17578125,2.0,0.23778801843317973,3.0,False
dc_58616fe2297e,CyrusOne Dallas (Carrollton),,colocation,operational,TX,Denton,32.993965,-96.930484,geocoded_address,CANDIDATE,medium,,,18.841638565063477,0.025,1,0.035,1,0.065,1,6.0,,non_burnable,0.13333333333333333,2.0,0.3515625,3.0,0.24516129032258063,3.0,False
dc_3223faf8d9ac,CyrusOne Chicago (Lombard),,colocation,operational,IL,DuPage,41.849175,-88.029567,geocoded_address,pending,medium,,,17.22007942199707,0.035,1,0.055,1,0.10500000000000001,1,6.0,,non_burnable,0.1111111111111111,1.0,0.11328125,1.0,0.20368663594470046,1.0,False
dc_e22e8d10f87c,200 Quannapowitt Pkwy,,unknown,operational,MA,Middlesex,42.51857,-71.08619,geocoded_address,CANDIDATE,medium,,,3.484011173248291,0.095,1,0.165,1,0.305,1,7.0,,water,0.2,3.0,0.21875,3.0,0.34285714285714286,3.0,True
dc_89d0864db4f2,Bay Area Internet,,unknown,operational,CA,Santa Clara,37.365431,-121.961738,geocoded_address,pending,medium,,,0.12219325453042984,0.545,1,0.695,1,0.905,1,6.0,,non_burnable,0.022222222222222223,3.0,0.015625,4.0,0.03686635944700461,4.0,False
dc_f379e2e3f368,EZ Network Systems,,unknown,operational,CA,San Joaquin,37.990788,-121.289822,geocoded_address,pending,medium,,,0.31928586959838867,0.185,1,0.235,1,0.335,1,6.0,,non_burnable,0.15555555555555556,2.0,0.12109375,2.0,0.14285714285714285,3.0,False
dc_db573af22b8c,DataBank Las Vegas (LAS1),,colocation,operational,NV,Clark,36.05905,-115.14557,geocoded_address,CANDIDATE,medium,,,3.602787733078003,0.065,1,0.10500000000000001,1,0.165,1,6.0,,non_burnable,0.0,0.0,0.078125,2.0,0.10691244239631337,2.0,False
dc_b5323f8208c8,Level(3) Newark,,unknown,operational,NJ,Essex,40.736844,-74.173402,geocoded_address,pending,medium,,,7.277477264404297,0.10500000000000001,1,0.175,1,0.345,1,6.0,,non_burnable,0.0,0.0,0.015625,4.0,0.060829493087557605,5.0,False
dc_8ee44a03b9d6,Level(3) Bellevue,,unknown,operational,NE,Sarpy,41.185518,-95.936099,geocoded_address,pending,medium,,,17.158601760864258,0.015,1,0.025,1,0.045,1,3.0,3.0,moderate,0.3111111111111111,3.0,0.35546875,4.0,0.31797235023041476,5.0,False
dc_148aeae62582,Level(3) Hayward,,unknown,operational,CA,Alameda,37.638508,-122.129908,geocoded_address,pending,medium,,,0.09281287342309952,0.555,1,0.715,1,0.945,1,6.0,,non_burnable,0.15555555555555556,3.0,0.234375,4.0,0.1585253456221198,4.0,False
dc_82ff6a5c5a0d,OneNet OSU Tulsa,,unknown,operational,OK,Tulsa,36.163393,-95.987612,geocoded_address,pending,medium,,,21.064456939697266,0.035,1,0.055,1,0.095,1,6.0,,non_burnable,0.06666666666666667,1.0,0.10546875,1.0,0.223963133640553,3.0,False
dc_b6fbffa58ede,ARE-ON Hope,,unknown,operational,AR,Hempstead,33.664742,-93.600378,geocoded_address,UNRESOLVABLE,medium,,,24.271699905395508,0.055,1,0.08499999999999999,1,0.135,1,6.0,,non_burnable,0.2,3.0,0.40234375,3.0,0.7511520737327189,3.0,False
dc_a6d9638415be,ARE-ON Forrest City,,unknown,operational,AR,St. Francis,35.040103,-90.768064,geocoded_address,pending,medium,,,20.12949562072754,0.245,1,0.455,1,0.825,1,1.0,1.0,very_low,0.7555555555555555,1.0,0.8203125,1.0,0.7050691244239631,2.0,False
dc_d64ac7105bee,"375 Pearl, Intergate.Manhattan",,unknown,operational,NY,New York,40.710859,-74.000694,geocoded_address,VERIFIED,medium,,,7.277477264404297,0.095,1,0.175,1,0.325,1,6.0,,non_burnable,0.0,0.0,0.01171875,4.0,0.02488479262672811,5.0,False
dc_69bfcdca0d0e,Sungard AS Sacramento,,unknown,operational,CA,Sacramento,38.596081,-121.272635,geocoded_address,pending,medium,,,0.568257212638855,0.11499999999999999,1,0.14500000000000002,1,0.20500000000000002,1,6.0,,non_burnable,0.13333333333333333,3.0,0.125,4.0,0.3990783410138249,4.0,False
dc_4b4602a89a86,SITCO Evansville,,unknown,operational,IN,Vanderburgh,38.019934,-87.521467,geocoded_address,pending,medium,,,17.04058265686035,0.185,1,0.28500000000000003,1,0.485,1,6.0,,non_burnable,0.2,1.0,0.33984375,1.0,0.3391705069124424,1.0,False
dc_1302d924a662,InfoBunker,,unknown,operational,IA,Boone,42.164903,-93.794162,geocoded_address,pending,medium,,,12.663894653320312,0.015,1,0.025,1,0.035,1,1.0,1.0,very_low,0.06666666666666667,1.0,0.0546875,1.0,0.1336405529953917,1.0,False
dc_7d017b08a124,DataBank Miami (MIA1),,colocation,operational,FL,Miami-Dade,25.776033,-80.193092,geocoded_address,CANDIDATE,medium,,,22.965288162231445,0.005,1,0.015,1,0.025,1,6.0,,non_burnable,0.022222222222222223,3.0,0.0234375,3.0,0.027649769585253458,3.0,False
dc_39a8cb17ab9f,Level(3) Austin (Kramer),,unknown,operational,TX,Travis,30.386556,-97.708075,geocoded_address,CANDIDATE,medium,,,13.630367279052734,0.015,1,0.015,1,0.035,1,6.0,,non_burnable,0.044444444444444446,2.0,0.09375,3.0,0.15023041474654378,3.0,False
dc_ea8cf986c503,Alpheus Houston (777 Walker Street),,unknown,operational,TX,Harris,29.75922,-95.366246,geocoded_address,pending,medium,,,20.972787857055664,0.015,1,0.025,1,0.045,1,6.0,,non_burnable,0.0,0.0,0.0,0.0,0.02304147465437788,2.0,False
dc_c8127fd45f74,CLT2,,unknown,operational,NC,Mecklenburg,35.193762,-80.938485,geocoded_address,pending,medium,,,14.088505744934082,0.065,1,0.095,1,0.155,1,6.0,,non_burnable,0.4888888888888889,4.0,0.49609375,4.0,0.5207373271889401,4.0,False
dc_178e214f0af3,"SBA Edge, LLC",,unknown,operational,IL,DuPage,41.875948,-88.248975,geocoded_address,pending,medium,,,17.22007942199707,0.035,1,0.055,1,0.11499999999999999,1,6.0,,non_burnable,0.4888888888888889,1.0,0.359375,1.0,0.31981566820276497,1.0,False
dc_e40e30b5f07d,Level(3) Atlanta (Peachtree),,unknown,operational,GA,Fulton,33.758485,-84.387673,geocoded_address,CANDIDATE,medium,,,16.562829971313477,0.055,1,0.08499999999999999,1,0.14500000000000002,1,6.0,,non_burnable,0.0,0.0,0.01171875,3.0,0.17235023041474654,3.0,False
dc_864cf68f769a,Level(3) Chicago (Kingsbury),,unknown,operational,IL,Cook,41.898951,-87.644642,geocoded_address,pending,medium,,,16.118194580078125,0.035,1,0.055,1,0.095,1,7.0,,water,0.0,0.0,0.0234375,1.0,0.018433179723502304,1.0,True
dc_b5e8b871ad80,Level(3) Miami (5th St),,unknown,operational,FL,Miami-Dade,25.779013,-80.192962,geocoded_address,pending,medium,,,22.965288162231445,0.005,1,0.015,1,0.025,1,6.0,,non_burnable,0.0,0.0,0.01953125,3.0,0.023963133640552997,3.0,False
dc_f762d99d6b4e,Level(3) Herndon,,unknown,operational,VA,Fairfax,38.964641,-77.382947,geocoded_address,AMBIGUOUS,medium,,,13.629328727722168,0.055,1,0.095,1,0.175,1,1.0,1.0,very_low,0.17777777777777778,1.0,0.18359375,1.0,0.2995391705069124,1.0,False
dc_883d27078b2e,Level(3) McLean,,unknown,operational,VA,Fairfax,38.9201,-77.2132,geocoded_address,CANDIDATE,medium,,,13.629328727722168,0.055,1,0.095,1,0.165,1,6.0,,non_burnable,0.13333333333333333,1.0,0.2265625,1.0,0.38894009216589864,1.0,False
dc_ed8005520bf5,DataBank Dallas (DFW6),,colocation,operational,TX,Dallas,32.838552,-96.865083,geocoded_address,pending,medium,,,18.841638565063477,0.025,1,0.035,1,0.065,1,6.0,,non_burnable,0.17777777777777778,2.0,0.1796875,2.0,0.19723502304147467,3.0,False
dc_ae465e5fe76f,HSW-DC1RH,,unknown,operational,SC,York,34.92958,-81.021841,geocoded_address,pending,medium,,,15.48090648651123,0.065,1,0.10500000000000001,1,0.185,1,6.0,,non_burnable,0.2222222222222222,3.0,0.30859375,3.0,0.4976958525345622,3.0,False
dc_4e2c0853b3db,Digital Realty Boston BOS16 (closed),,colocation,operational,MA,Norfolk,42.302248,-71.21957,geocoded_address,pending,medium,,,3.3172669410705566,0.07500000000000001,1,0.135,1,0.255,1,6.0,,non_burnable,0.1111111111111111,3.0,0.26171875,3.0,0.3548387096774194,3.0,False
dc_01f98dd90a2d,LightPoint Corporation,,unknown,operational,OR,Multnomah,45.521436,-122.677878,geocoded_address,pending,medium,,,0.49183908104896545,0.165,1,0.275,1,0.455,1,6.0,,non_burnable,0.0,0.0,0.04296875,2.0,0.1400921658986175,2.0,False
dc_ee2dabe2d034,IC2NET Data Center,,unknown,operational,CA,Orange,33.71632,-117.80396,geocoded_address,CANDIDATE,medium,,,0.6565972566604614,0.325,1,0.435,1,0.615,1,6.0,,non_burnable,0.044444444444444446,3.0,0.0625,3.0,0.06451612903225806,4.0,False
dc_c37802ecd331,Northland Communications - Syracuse,,unknown,operational,NY,Onondaga,43.04426,-76.15226,geocoded_address,CANDIDATE,medium,,,4.226500511169434,0.035,1,0.065,1,0.10500000000000001,1,6.0,,non_burnable,0.0,0.0,0.078125,3.0,0.19539170506912443,3.0,False
dc_d4c3cf951bc7,Northland Communications - Utica,,unknown,operational,NY,Oneida,43.099765,-75.235426,geocoded_address,pending,medium,,,5.039248943328857,0.055,1,0.07500000000000001,1,0.135,1,6.0,,non_burnable,0.06666666666666667,2.0,0.2734375,3.0,0.4700460829493088,3.0,False
dc_fd5d2f4c2f9e,NYI NY1 (100 William Street),,unknown,operational,NY,New York,40.708341,-74.007174,geocoded_address,CANDIDATE,medium,,,7.277477264404297,0.095,1,0.175,1,0.325,1,6.0,,non_burnable,0.0,0.0,0.01171875,4.0,0.027649769585253458,5.0,False
dc_d26d3b37dc1a,Host Color,,unknown,operational,NY,New York,40.74463,-73.987667,geocoded_address,UNRESOLVABLE,medium,,,6.484174728393555,0.095,1,0.175,1,0.335,1,6.0,,non_burnable,0.0,0.0,0.0078125,4.0,0.02857142857142857,5.0,False
dc_fa5618a8e380,H5 Data Centers New York,,unknown,operational,NY,New York,40.72682,-74.007478,geocoded_address,CANDIDATE,medium,,,7.277477264404297,0.095,1,0.175,1,0.335,1,6.0,,non_burnable,0.0,0.0,0.01171875,4.0,0.027649769585253458,5.0,False
dc_f3db3ae251af,DataBank New York (LGA2),,colocation,operational,NY,New York,40.741469,-74.003387,geocoded_address,pending,medium,,,7.277477264404297,0.095,1,0.175,1,0.335,1,6.0,,non_burnable,0.0,0.0,0.0078125,4.0,0.02857142857142857,5.0,False
dc_5f57417784ad,DataBank Newark (EWR1),,colocation,operational,NJ,Essex,40.736844,-74.173402,geocoded_address,pending,medium,,,7.277477264404297,0.10500000000000001,1,0.175,1,0.345,1,6.0,,non_burnable,0.0,0.0,0.015625,4.0,0.060829493087557605,5.0,False
dc_81bdea6e864f,WOW! Business (Columbus Datacenter),,unknown,operational,OH,Franklin,39.96773,-82.99574,geocoded_address,CANDIDATE,medium,,,14.319350242614746,0.035,1,0.055,1,0.095,1,6.0,,non_burnable,0.022222222222222223,1.0,0.0234375,1.0,0.08202764976958525,1.0,False
dc_9d9fbdb41e19,DC74-CLT1,,unknown,operational,NC,Mecklenburg,35.193902,-80.937263,geocoded_address,pending,medium,,,14.088505744934082,0.065,1,0.095,1,0.155,1,6.0,,non_burnable,0.4666666666666667,4.0,0.50390625,4.0,0.5207373271889401,4.0,False
dc_49e0d2491132,DC74-CLT4,,unknown,operational,NC,Mecklenburg,35.180076,-80.92639,geocoded_address,pending,medium,,,14.088505744934082,0.065,1,0.095,1,0.155,1,2.0,2.0,low,0.5333333333333333,4.0,0.57421875,4.0,0.45806451612903226,4.0,False
dc_7d05eaf4ac3e,612 W Main,,unknown,operational,WI,Dane,43.06776,-89.392409,geocoded_address,pending,medium,,,9.417593955993652,0.015,1,0.035,1,0.055,1,6.0,,non_burnable,0.0,0.0,0.08984375,2.0,0.1824884792626728,2.0,False
dc_20728e9abe29,Telefonica KeyCenter,,unknown,operational,FL,Miami-Dade,25.796769,-80.379841,geocoded_address,AMBIGUOUS,medium,,,22.965288162231445,0.005,1,0.015,1,0.025,1,2.0,2.0,low,0.1111111111111111,3.0,0.19921875,4.0,0.2073732718894009,5.0,False
dc_34886e6cf7de,DataBank Seattle (SEA1),,colocation,operational,WA,King,47.614347,-122.338883,geocoded_address,pending,medium,,,0.6047859191894531,0.345,1,0.485,1,0.705,1,6.0,,non_burnable,0.0,0.0,0.00390625,1.0,0.041474654377880185,1.0,False
dc_aea1cf806ec1,EdgeConneX Denver (EDCDEN01),,colocation,operational,CO,Douglas,39.560754,-104.826772,geocoded_address,CANDIDATE,medium,,,10.969576835632324,0.045,1,0.07500000000000001,1,0.155,1,6.0,,non_burnable,0.4,3.0,0.54296875,4.0,0.44608294930875575,4.0,False
dc_a234b02a6a79,Digital Realty IAD (43940 Digital Loudoun),,colocation,operational,VA,Loudoun,39.000821,-77.479198,geocoded_address,pending,medium,,,13.613815307617188,0.055,1,0.095,1,0.175,1,6.0,,non_burnable,0.5333333333333333,1.0,0.41015625,1.0,0.3529953917050691,1.0,False
dc_5eaa6dda34c1,QTS Phoenix (PHX1),,colocation,operational,AZ,Maricopa,33.452003,-112.072042,geocoded_address,pending,medium,,,7.057002544403076,0.025,1,0.035,1,0.055,1,6.0,,non_burnable,0.022222222222222223,4.0,0.03125,5.0,0.05714285714285714,5.0,False
dc_ffef5b6cf155,Montana Opticom,,unknown,operational,MT,Gallatin,45.673641,-111.19004,geocoded_address,pending,medium,,,6.496598720550537,0.14500000000000002,1,0.215,1,0.325,1,6.0,,non_burnable,0.3333333333333333,1.0,0.515625,2.0,0.46543778801843316,3.0,False
dc_82227ff3b01d,Iron Mountain Data Center - Denver (DEN-1),,colocation,operational,CO,Denver,39.777353,-104.968212,geocoded_address,pending,medium,,,10.969576835632324,0.045,1,0.08499999999999999,1,0.155,1,6.0,,non_burnable,0.0,0.0,0.03515625,3.0,0.04884792626728111,4.0,False
dc_baa87d4e6e61,EdgeConneX Houston (EDCHOU01),,colocation,operational,TX,Harris,29.794579,-95.745149,geocoded_address,pending,medium,,,19.917362213134766,0.015,1,0.025,1,0.045,1,6.0,,non_burnable,0.06666666666666667,1.0,0.17578125,2.0,0.15115207373271888,2.0,False
dc_3383905d0028,NEGMA Datacenter,,unknown,operational,TX,Dallas,32.949582,-96.837348,geocoded_address,pending,medium,,,18.841638565063477,0.025,1,0.035,1,0.065,1,6.0,,non_burnable,0.022222222222222223,2.0,0.0625,3.0,0.12903225806451613,3.0,False
dc_0e570fa9e1ff,EdgeConneX Phoenix (EDCPHX01),,colocation,operational,AZ,Maricopa,33.395544,-111.97012,geocoded_address,pending,medium,,,7.883434772491455,0.025,1,0.035,1,0.055,1,6.0,,non_burnable,0.022222222222222223,4.0,0.03515625,5.0,0.12165898617511521,5.0,False
dc_dfda7e9a1e03,EdgeConneX Las Vegas (EDCLAS01),,colocation,operational,NV,Clark,36.065272,-115.130816,geocoded_address,pending,medium,,,3.602787733078003,0.065,1,0.10500000000000001,1,0.175,1,6.0,,non_burnable,0.022222222222222223,1.0,0.0625,2.0,0.09216589861751152,2.0,False
dc_bceae002eccf,EdgeConneX Norfolk (EDCNOR01),,colocation,operational,VA,Norfolk,36.86186,-76.235342,geocoded_address,pending,medium,,,11.459922790527344,0.035,1,0.045,1,0.08499999999999999,1,6.0,,non_burnable,0.06666666666666667,1.0,0.12109375,1.0,0.17511520737327188,2.0,False
dc_ac081552fe1c,EdgeConneX Portland (EDCPOR01),,colocation,operational,OR,Washington,45.548296,-122.907473,geocoded_address,AMBIGUOUS,medium,,,0.49183908104896545,0.175,1,0.28500000000000003,1,0.46499999999999997,1,6.0,,non_burnable,0.022222222222222223,1.0,0.1171875,2.0,0.2064516129032258,2.0,False
dc_32cda6fe8ad6,EdgeConneX Miami (EDCMIA01),,colocation,operational,FL,Miami-Dade,25.793016,-80.38119,geocoded_address,pending,medium,,,22.965288162231445,0.005,1,0.015,1,0.025,1,6.0,,non_burnable,0.13333333333333333,3.0,0.17578125,4.0,0.19907834101382488,5.0,False
dc_a013916a228d,EdgeConneX Nashville (EDCNAS01),,colocation,operational,TN,Davidson,36.144881,-86.701721,geocoded_address,pending,medium,,,16.571094512939453,0.08499999999999999,1,0.135,1,0.215,1,6.0,,non_burnable,0.26666666666666666,1.0,0.33203125,1.0,0.3529953917050691,1.0,False
dc_584854729387,EdgeConneX Pittsburgh (EDCPIT01),,colocation,operational,PA,Allegheny,40.451752,-80.043152,geocoded_address,CANDIDATE,medium,,,11.686223030090332,0.025,1,0.045,1,0.07500000000000001,1,6.0,,non_burnable,0.3333333333333333,1.0,0.17578125,1.0,0.25806451612903225,1.0,False
dc_215a200532dc,EdgeConneX Sacramento (EDCSAC01),,colocation,operational,CA,Sacramento,38.592346,-121.277389,geocoded_address,pending,medium,,,0.568257212638855,0.11499999999999999,1,0.14500000000000002,1,0.20500000000000002,1,6.0,,non_burnable,0.08888888888888889,3.0,0.12890625,4.0,0.4055299539170507,4.0,False
dc_f37586d2198c,EdgeConneX Detroit (EDCDET01),,colocation,operational,MI,Oakland,42.448537,-83.261226,geocoded_address,pending,medium,,,17.9299373626709,0.025,1,0.045,1,0.095,1,6.0,,non_burnable,0.3333333333333333,2.0,0.28515625,2.0,0.19631336405529953,2.0,False
dc_9b38c6590761,EdgeConneX San Diego (EDCSDG01),,colocation,operational,CA,San Diego,32.83998,-117.16853,geocoded_address,CANDIDATE,medium,,,0.6888867616653442,0.305,1,0.46499999999999997,1,0.705,1,6.0,,non_burnable,0.24444444444444444,4.0,0.38671875,5.0,0.3419354838709677,5.0,False
dc_6941afa4ec15,EdgeConneX Atlanta (EDCATL01),,colocation,operational,GA,Fulton,33.729369,-84.420099,geocoded_address,pending,medium,,,16.562829971313477,0.055,1,0.08499999999999999,1,0.135,1,6.0,,non_burnable,0.2,3.0,0.21484375,3.0,0.2847926267281106,3.0,False
dc_733aea2e5795,EdgeConneX Memphis (EDCMEM01),,colocation,operational,TN,Shelby,35.038995,-89.88623,geocoded_address,AMBIGUOUS,medium,,,19.04093360900879,0.245,1,0.395,1,0.655,1,6.0,,non_burnable,0.13333333333333333,2.0,0.109375,2.0,0.18064516129032257,2.0,False
dc_e579a4187175,CME Cermak,,unknown,operational,IL,Cook,41.85365,-87.618342,geocoded_address,pending,medium,,,16.118194580078125,0.035,1,0.055,1,0.095,1,6.0,,non_burnable,0.0,0.0,0.01171875,1.0,0.008294930875576038,1.0,False
dc_57ccaad02d2e,Lifeline Eastgate,,unknown,operational,IN,Marion,39.775998,-86.04275,geocoded_address,pending,medium,,,26.43269920349121,0.055,1,0.08499999999999999,1,0.14500000000000002,1,6.0,,non_burnable,0.2,1.0,0.21875,1.0,0.21658986175115208,1.0,False
dc_c38d391736df,Digital Realty MIA (36 NE 2nd St),,colocation,operational,FL,Miami-Dade,25.776033,-80.193092,geocoded_address,CANDIDATE,medium,,,22.965288162231445,0.005,1,0.015,1,0.025,1,6.0,,non_burnable,0.022222222222222223,3.0,0.0234375,3.0,0.027649769585253458,3.0,False
dc_5f370fd573c6,Level(3) Boise,,unknown,operational,ID,Ada,43.56619,-116.185889,geocoded_address,AMBIGUOUS,medium,,,3.1638710498809814,0.035,1,0.045,1,0.065,1,6.0,,non_burnable,0.13333333333333333,4.0,0.25390625,5.0,0.4368663594470046,5.0,False
dc_fdb3d62969dc,South Reach Networks,,unknown,operational,FL,Miami-Dade,25.776033,-80.193092,geocoded_address,CANDIDATE,medium,,,22.965288162231445,0.005,1,0.015,1,0.025,1,6.0,,non_burnable,0.022222222222222223,3.0,0.0234375,3.0,0.027649769585253458,3.0,False
dc_b91b77b57b86,"LogInToUs, Inc.",,unknown,operational,NY,Franklin,44.861059,-74.294006,geocoded_address,pending,medium,,,4.129549026489258,0.14500000000000002,1,0.235,1,0.435,1,6.0,,non_burnable,0.6222222222222222,2.0,0.47265625,2.0,0.5612903225806452,3.0,False
dc_fcd214823e30,MDC McAllen,,unknown,operational,TX,Hidalgo,26.201918,-98.231633,geocoded_address,pending,medium,,,9.652347564697266,0.015,1,0.025,1,0.055,1,6.0,,non_burnable,0.0,0.0,0.0078125,4.0,0.11244239631336406,4.0,False
dc_b88a0de9a6f9,Laredo VTX,,unknown,operational,TX,Webb,27.50656,-99.501483,geocoded_address,pending,medium,,,10.564595222473145,0.015,1,0.025,1,0.045,1,6.0,,non_burnable,0.024390243902439025,1.0,0.04639175257731959,1.0,0.0847723704866562,1.0,False
dc_ff894257d489,Netrality St. Louis - 210 N Tucker,,unknown,operational,MO,St. Louis,38.629039,-90.197493,geocoded_address,VERIFIED,medium,,,15.06376838684082,0.165,1,0.265,1,0.455,1,6.0,,non_burnable,0.0,0.0,0.05078125,1.0,0.08110599078341015,1.0,False
dc_528e1ba31c73,Level(3) Nashville (9th Ave),,unknown,operational,TN,Davidson,36.18889,-86.80367,geocoded_address,CANDIDATE,medium,,,16.571094512939453,0.08499999999999999,1,0.135,1,0.225,1,6.0,,non_burnable,0.1111111111111111,1.0,0.19921875,1.0,0.2764976958525346,1.0,False
dc_141a6d343f13,Iron Mountain Data Center - Ohio (OHS-1),,colocation,operational,OH,Montgomery,39.591093,-84.236385,geocoded_address,pending,medium,,,18.834209442138672,0.045,1,0.065,1,0.11499999999999999,1,7.0,,water,0.4444444444444444,1.0,0.4375,1.0,0.471889400921659,1.0,True
dc_96c5b654ee78,Iron Mountain Data Center - New Jersey (NJE-1),,colocation,operational,NJ,Middlesex,40.5213,-74.3472,geocoded_address,VERIFIED,medium,,,7.277477264404297,0.095,1,0.165,1,0.325,1,6.0,,non_burnable,0.1111111111111111,4.0,0.1484375,4.0,0.23963133640552994,4.0,False
dc_5a0289a90452,Evocative Emeryville (EM1),,unknown,operational,CA,Alameda,37.847,-122.29318,geocoded_address,CANDIDATE,medium,,,0.09281287342309952,0.565,1,0.745,1,0.995,1,6.0,,non_burnable,0.022222222222222223,2.0,0.015625,4.0,0.04055299539170507,4.0,False
dc_9e8f44c6161f,365 Data Centers New York (NY10),,unknown,operational,NY,New York,40.707335,-74.012583,geocoded_address,pending,medium,,,7.277477264404297,0.095,1,0.175,1,0.325,1,6.0,,non_burnable,0.0,0.0,0.0078125,4.0,0.02857142857142857,5.0,False
dc_5880d7b58735,365 Data Centers Philadelphia (PH2),,unknown,operational,PA,Philadelphia,39.956611,-75.196511,geocoded_address,pending,medium,,,9.466512680053711,0.07500000000000001,1,0.135,1,0.255,1,6.0,,non_burnable,0.0,0.0,0.04296875,2.0,0.0912442396313364,3.0,False
dc_34f0b7f21dd7,Netrality - Indy Telcom Center - 701 W. Henry,,unknown,operational,IN,Marion,39.759534,-86.170711,geocoded_address,pending,medium,,,26.43269920349121,0.055,1,0.08499999999999999,1,0.155,1,6.0,,non_burnable,0.08888888888888889,1.0,0.05078125,1.0,0.09032258064516129,1.0,False
dc_c58e13acabfe,365 Data Centers Detroit (DT1),,unknown,operational,MI,Oakland,42.469879,-83.259651,geocoded_address,pending,medium,,,17.9299373626709,0.025,1,0.045,1,0.095,1,6.0,,non_burnable,0.37777777777777777,2.0,0.27734375,2.0,0.21474654377880184,2.0,False
dc_3836361e4e37,Wintek Corporation,,unknown,operational,IN,Tippecanoe,40.421474,-86.890366,geocoded_address,pending,medium,,,22.477502822875977,0.045,1,0.07500000000000001,1,0.125,1,6.0,,non_burnable,0.022222222222222223,1.0,0.1328125,1.0,0.295852534562212,1.0,False
dc_27ae5eaebba0,NETRIX - MTP,,unknown,operational,IL,Cook,42.078163,-87.915633,geocoded_address,pending,medium,,,14.088419914245605,0.035,1,0.055,1,0.095,1,6.0,,non_burnable,0.022222222222222223,1.0,0.14453125,1.0,0.21751152073732719,1.0,False
dc_ad044f529f5f,NETRIX - ALSIP,,unknown,operational,IL,Cook,41.662716,-87.746531,geocoded_address,pending,medium,,,16.118194580078125,0.035,1,0.055,1,0.10500000000000001,1,6.0,,non_burnable,0.044444444444444446,1.0,0.08203125,1.0,0.18525345622119815,1.0,False
dc_66cc54598f3e,NETRIX - BBN,,unknown,operational,IL,Lake,42.202902,-87.883783,geocoded_address,pending,medium,,,14.088419914245605,0.025,1,0.045,1,0.08499999999999999,1,6.0,,non_burnable,0.28888888888888886,1.0,0.50390625,1.0,0.4792626728110599,1.0,False
dc_ea75373be693,Pixel Factory Data Center,,unknown,operational,VA,Hanover,37.698361,-77.435303,geocoded_address,CANDIDATE,medium,,,13.578962326049805,0.10500000000000001,1,0.185,1,0.365,1,6.0,,non_burnable,0.24444444444444444,2.0,0.4453125,2.0,0.5907834101382489,2.0,False
dc_6f387c9933e4,EdgeConneX Boston (EDCBOS01),,colocation,operational,MA,Middlesex,42.528505,-71.249495,geocoded_address,pending,medium,,,3.484011173248291,0.095,1,0.155,1,0.305,1,6.0,,non_burnable,0.4,3.0,0.37890625,3.0,0.4119815668202765,3.0,False
dc_83ffc6452bd2,EdgeConneX Tallahassee (EDCTAL01),,colocation,operational,FL,Leon,30.47092,-84.35522,geocoded_address,CANDIDATE,medium,,,21.451160430908203,0.015,1,0.035,1,0.045,1,6.0,,non_burnable,0.28888888888888886,3.0,0.578125,4.0,0.6156682027649769,4.0,False
dc_668e8cfeb9b1,EdgeConneX Richmond (EDCRIC01),,colocation,operational,VA,Henrico,37.6391,-77.4677,geocoded_address,CANDIDATE,medium,,,13.578962326049805,0.11499999999999999,1,0.20500000000000002,1,0.385,1,6.0,,non_burnable,0.3333333333333333,2.0,0.3671875,2.0,0.43317972350230416,2.0,False
dc_a4bccfe660c3,EdgeConneX Jacksonville (EDCJAX01),,colocation,operational,FL,Duval,30.254238,-81.604183,geocoded_address,pending,medium,,,23.808124542236328,0.025,1,0.035,1,0.065,1,6.0,,non_burnable,0.13333333333333333,3.0,0.19140625,3.0,0.280184331797235,4.0,False
dc_4397dcdb97c4,EdgeConneX Salt Lake City (EDCSLC01),,colocation,operational,UT,Salt Lake,40.720873,-111.984927,geocoded_address,pending,medium,,,5.014902114868164,0.195,1,0.335,1,0.555,1,6.0,,non_burnable,0.1111111111111111,1.0,0.10546875,2.0,0.16589861751152074,3.0,False
dc_3e49d7f1ba48,EdgeConneX Seattle (EDCSEA01),,colocation,operational,WA,King,47.498209,-122.289962,geocoded_address,pending,medium,,,0.46316325664520264,0.345,1,0.485,1,0.705,1,6.0,,non_burnable,0.044444444444444446,1.0,0.140625,1.0,0.11612903225806452,1.0,False
dc_d766673ffec0,FiberCloud-Westin1809,,unknown,operational,WA,King,47.614358,-122.338864,geocoded_address,pending,medium,,,0.6047859191894531,0.345,1,0.485,1,0.705,1,6.0,,non_burnable,0.0,0.0,0.00390625,1.0,0.041474654377880185,1.0,False
dc_7c4b01474de7,FiberCloud-Westin3205,,unknown,operational,WA,King,47.614358,-122.338864,geocoded_address,pending,medium,,,0.6047859191894531,0.345,1,0.485,1,0.705,1,6.0,,non_burnable,0.0,0.0,0.00390625,1.0,0.041474654377880185,1.0,False
dc_52cd5868f517,123.NET - DC1 - 24700 Northwestern Hwy.,,unknown,operational,MI,Oakland,42.471634,-83.238056,geocoded_address,pending,medium,,,17.9299373626709,0.025,1,0.045,1,0.095,1,6.0,,non_burnable,0.26666666666666666,2.0,0.1875,2.0,0.15391705069124423,2.0,False
dc_e87f67f21f0c,H5 Data Centers Tampa,,unknown,operational,FL,Hillsborough,27.949592,-82.458713,geocoded_address,CANDIDATE,medium,,,28.616392135620117,0.005,1,0.015,1,0.035,1,6.0,,non_burnable,0.022222222222222223,2.0,0.0546875,3.0,0.09769585253456221,3.0,False
dc_c2f10be9629e,H5 Data Centers Buffalo III,,unknown,operational,NY,Erie,42.88427,-78.875707,geocoded_address,pending,medium,,,8.291032791137695,0.025,1,0.045,1,0.095,1,6.0,,non_burnable,0.0,0.0,0.04296875,3.0,0.06581740976645435,4.0,False
dc_ec9f9b87e90e,TierPoint Hawthorne (fka Xand),,colocation,operational,NY,Westchester,41.090952,-73.813834,geocoded_address,CANDIDATE,medium,,,6.558852672576904,0.095,1,0.175,1,0.335,1,6.0,,non_burnable,0.5333333333333333,4.0,0.56640625,4.0,0.5069124423963134,4.0,False
dc_b8a06f212731,Netrality Philadelphia - 401 N Broad,,unknown,operational,PA,Philadelphia,39.959616,-75.161873,geocoded_address,CANDIDATE,medium,,,9.466512680053711,0.07500000000000001,1,0.135,1,0.255,1,6.0,,non_burnable,0.0,0.0,0.01171875,2.0,0.04884792626728111,3.0,False
dc_09200711b7ac,833 Chestnut Street,,unknown,operational,PA,Philadelphia,39.949362,-75.154904,geocoded_address,VERIFIED,medium,,,9.466512680053711,0.07500000000000001,1,0.135,1,0.255,1,6.0,,non_burnable,0.0,0.0,0.00390625,2.0,0.03778801843317972,4.0,False
dc_70fb4023eb68,H5 Data Centers Philadelphia (PA01),,unknown,operational,PA,Philadelphia,39.962351,-75.163736,geocoded_address,pending,medium,,,9.466512680053711,0.07500000000000001,1,0.135,1,0.255,1,6.0,,non_burnable,0.022222222222222223,2.0,0.01171875,2.0,0.054377880184331796,3.0,False
dc_4aca16af087d,SD Data Center,,unknown,operational,FL,Brevard,28.259917,-80.694719,geocoded_address,VERIFIED,medium,,,26.08710479736328,0.005,1,0.015,1,0.035,1,3.0,3.0,moderate,0.4222222222222222,3.0,0.33984375,4.0,0.24700460829493087,5.0,False
dc_9d25e192f215,Digital Fortress (SEA),,unknown,operational,WA,King,47.617781,-122.356693,geocoded_address,pending,medium,,,0.6047859191894531,0.345,1,0.485,1,0.705,1,6.0,,non_burnable,0.0,0.0,0.01953125,1.0,0.02857142857142857,1.0,False
dc_735d2581baf7,Digital Fortress (TUK),,unknown,operational,WA,King,47.494136,-122.29441,geocoded_address,pending,medium,,,0.46316325664520264,0.345,1,0.485,1,0.715,1,6.0,,non_burnable,0.044444444444444446,1.0,0.13671875,1.0,0.12073732718894009,1.0,False
dc_9ecc3ad99ee0,TierPoint Omaha - Midlands,,colocation,operational,NE,Sarpy,41.134508,-96.039042,geocoded_address,pending,medium,,,15.336313247680664,0.015,1,0.025,1,0.045,1,6.0,,non_burnable,0.24444444444444444,2.0,0.2109375,2.0,0.2184331797235023,4.0,False
dc_d0a52d46f2aa,CyrusOne NJ-1,,colocation,operational,NJ,Somerset,40.538224,-74.546019,geocoded_address,pending,medium,,,8.329419136047363,0.095,1,0.165,1,0.315,1,6.0,,non_burnable,0.26666666666666666,3.0,0.34765625,4.0,0.39262672811059907,4.0,False
dc_55f5c1098183,CyrusOne NC-1,,colocation,operational,NC,Durham,35.93208,-78.88317,geocoded_address,CANDIDATE,medium,,,15.275832176208496,0.035,1,0.055,1,0.095,1,6.0,,non_burnable,0.5555555555555556,3.0,0.5625,3.0,0.5069124423963134,3.0,False
dc_ba58e4ebbda3,Psychz Networks LAX1,,unknown,operational,CA,Los Angeles,34.04865,-118.257155,geocoded_address,CANDIDATE,medium,,,0.5556319355964661,0.445,1,0.605,1,0.855,1,6.0,,non_burnable,0.0,0.0,0.00390625,4.0,0.035944700460829496,4.0,False
dc_805c4656a845,230 Congress,,unknown,operational,MA,Suffolk,42.354552,-71.054087,geocoded_address,pending,medium,,,3.3172669410705566,0.08499999999999999,1,0.14500000000000002,1,0.275,1,6.0,,non_burnable,0.0,0.0,0.03125,3.0,0.011059907834101382,3.0,False
dc_c781be459e42,DataBank Denver (DEN2),,colocation,operational,CO,Arapahoe,39.591303,-104.846748,geocoded_address,pending,medium,,,10.969576835632324,0.045,1,0.07500000000000001,1,0.155,1,6.0,,non_burnable,0.37777777777777777,4.0,0.3125,4.0,0.3935483870967742,4.0,False
dc_8895a8adb317,SoVerNet Burlington,,unknown,operational,VT,Chittenden,44.479321,-73.213866,geocoded_address,CANDIDATE,medium,,,5.822917461395264,0.095,1,0.155,1,0.275,1,6.0,,non_burnable,0.08888888888888889,1.0,0.21875,2.0,0.30783410138248846,2.0,False
dc_86ad0acb41d8,Simply Bits DC1,,unknown,operational,AZ,Pima,32.205098,-110.956748,geocoded_address,pending,medium,,,9.74954605102539,0.015,1,0.025,1,0.055,1,6.0,,non_burnable,0.022222222222222223,3.0,0.05859375,4.0,0.15668202764976957,4.0,False
dc_cd3925d5b7dd,DataBank Boston (BOS1),,colocation,operational,MA,Suffolk,42.354699,-71.060271,geocoded_address,pending,medium,,,3.3172669410705566,0.08499999999999999,1,0.14500000000000002,1,0.275,1,6.0,,non_burnable,0.044444444444444446,3.0,0.0234375,3.0,0.012903225806451613,3.0,False
dc_6db2ddc44c26,Digital Realty BOS (128 1st Ave),,colocation,operational,MA,Norfolk,42.301316,-71.219029,geocoded_address,pending,medium,,,3.3172669410705566,0.07500000000000001,1,0.135,1,0.255,1,6.0,,non_burnable,0.13333333333333333,3.0,0.25,3.0,0.3548387096774194,3.0,False
dc_79d256a5f79f,Colo@ (Buckhead),,unknown,operational,GA,Fulton,33.83887,-84.372429,geocoded_address,pending,medium,,,16.562829971313477,0.055,1,0.08499999999999999,1,0.14500000000000002,1,6.0,,non_burnable,0.15555555555555556,3.0,0.33203125,3.0,0.4110599078341014,3.0,False
dc_3f21446be601,Atlanta Tech Village,,unknown,operational,GA,Fulton,33.848673,-84.373313,geocoded_address,pending,medium,,,16.562829971313477,0.065,1,0.095,1,0.14500000000000002,1,6.0,,non_burnable,0.2222222222222222,3.0,0.37109375,3.0,0.41935483870967744,3.0,False
dc_dd9631825e6b,GIP Plano,,unknown,operational,TX,Collin,33.012213,-96.683109,geocoded_address,pending,medium,,,19.147722244262695,0.025,1,0.045,1,0.07500000000000001,1,6.0,,non_burnable,0.022222222222222223,2.0,0.0859375,3.0,0.21013824884792626,3.0,False
dc_c2f977e5b859,UFN Kearns,,unknown,operational,UT,Salt Lake,40.766362,-111.891169,geocoded_address,CANDIDATE,medium,,,5.014902114868164,0.195,1,0.325,1,0.535,1,6.0,,non_burnable,0.0,0.0,0.03515625,2.0,0.20460829493087557,5.0,False
dc_755d5a3f3818,CyrusOne Sterling,,colocation,operational,VA,Loudoun,39.025827,-77.41381,geocoded_address,pending,medium,,,13.613815307617188,0.055,1,0.095,1,0.175,1,6.0,,non_burnable,0.1111111111111111,1.0,0.28125,1.0,0.3456221198156682,1.0,False
dc_2338d12e367c,RSA Dexter Avenue Datacenter,,unknown,operational,AL,Montgomery,32.37803,-86.30301,geocoded_address,CANDIDATE,medium,,,20.9815731048584,0.045,1,0.065,1,0.10500000000000001,1,6.0,,non_burnable,0.08888888888888889,2.0,0.2578125,3.0,0.33640552995391704,3.0,False
dc_f7435c1bda22,Gafachi 1 West Main Rochester,,unknown,operational,NY,Monroe,43.155657,-77.612519,geocoded_address,CANDIDATE,medium,,,5.931025981903076,0.035,1,0.055,1,0.095,1,6.0,,non_burnable,0.0,0.0,0.0390625,4.0,0.10138248847926268,4.0,False
dc_2e566d6574eb,Cologix MIN2,,colocation,operational,MN,Hennepin,44.971385,-93.254494,geocoded_address,pending,medium,,,10.622698783874512,0.005,1,0.015,1,0.025,1,6.0,,non_burnable,0.022222222222222223,1.0,0.015625,2.0,0.04976958525345622,2.0,False
dc_2e5749b84fc8,Vaultas,,unknown,operational,WI,Milwaukee,43.044997,-87.910189,geocoded_address,pending,medium,,,8.040300369262695,0.015,1,0.035,1,0.055,1,6.0,,non_burnable,0.0,0.0,0.03125,1.0,0.03963133640552995,1.0,False
dc_49e9f7db52dc,Data Foundry Austin 1,,unknown,operational,TX,Travis,30.215695,-97.695677,geocoded_address,CANDIDATE,medium,,,13.630367279052734,0.015,1,0.015,1,0.035,1,6.0,,non_burnable,0.2222222222222222,3.0,0.35546875,3.0,0.4368663594470046,3.0,False
dc_3706cdb29bf1,Data Foundry Houston 1,,unknown,operational,TX,Harris,29.749895,-95.472527,geocoded_address,CANDIDATE,medium,,,20.972787857055664,0.015,1,0.025,1,0.045,1,6.0,,non_burnable,0.0,0.0,0.046875,2.0,0.10414746543778802,2.0,False
dc_94fb239dbf78,Data Foundry Houston 2,,unknown,operational,TX,Harris,29.945145,-95.424212,geocoded_address,pending,medium,,,20.972787857055664,0.015,1,0.025,1,0.045,1,6.0,,non_burnable,0.1111111111111111,3.0,0.21484375,3.0,0.19539170506912443,3.0,False
dc_c958657a0348,TriTech Center,,unknown,operational,MN,Hennepin,44.979252,-93.26646,geocoded_address,CANDIDATE,medium,,,10.622698783874512,0.005,1,0.015,1,0.025,1,6.0,,non_burnable,0.0,0.0,0.02734375,2.0,0.07557603686635944,2.0,False
dc_a48bd507b5ac,CyrusOne Wappingers Falls,,colocation,operational,NY,Dutchess,41.59911,-73.88234,geocoded_address,CANDIDATE,medium,,,7.133538246154785,0.08499999999999999,1,0.14500000000000002,1,0.275,1,6.0,,non_burnable,0.5777777777777777,4.0,0.59765625,4.0,0.5981566820276498,4.0,False
dc_80dd96d6f070,CyrusOne Totowa,,colocation,operational,NJ,Passaic,40.907217,-74.242258,geocoded_address,pending,medium,,,7.277477264404297,0.10500000000000001,1,0.175,1,0.335,1,6.0,,non_burnable,0.37777777777777777,4.0,0.33984375,4.0,0.3649769585253456,4.0,False
dc_a1a2d4c9b9b0,CyrusOne Norwalk,,colocation,operational,CT,Western Connecticut,41.1116,-73.3922,geocoded_address,CANDIDATE,medium,,,5.519350051879883,0.08499999999999999,1,0.14500000000000002,1,0.265,1,6.0,,non_burnable,0.1111111111111111,4.0,0.15625,4.0,0.2119815668202765,4.0,False
dc_2600bf81e31a,QTS Richmond (RIC1),,colocation,operational,VA,Henrico,37.488073,-77.244177,geocoded_address,VERIFIED,medium,,,13.860154151916504,0.07500000000000001,1,0.135,1,0.255,1,2.0,2.0,low,0.6222222222222222,2.0,0.80859375,2.0,0.8230414746543778,3.0,False
dc_1633b238c629,Cologix DAL1,,colocation,operational,TX,Dallas,32.800748,-96.819412,geocoded_address,pending,medium,,,18.841638565063477,0.025,1,0.035,1,0.065,1,6.0,,non_burnable,0.06666666666666667,3.0,0.11328125,3.0,0.14377880184331798,3.0,False
dc_033df59021e1,Cologix DAL2,,colocation,operational,TX,Dallas,32.800748,-96.819412,geocoded_address,pending,medium,,,18.841638565063477,0.025,1,0.035,1,0.065,1,6.0,,non_burnable,0.06666666666666667,3.0,0.11328125,3.0,0.14377880184331798,3.0,False
dc_62b148aaa408,Cologix COL1,,colocation,operational,OH,Franklin,40.116491,-83.001985,geocoded_address,pending,medium,,,15.455096244812012,0.035,1,0.055,1,0.095,1,6.0,,non_burnable,0.022222222222222223,1.0,0.1640625,1.0,0.2783410138248848,1.0,False
dc_2c014e46bfd7,Cologix COL2,,colocation,operational,OH,Franklin,40.116491,-83.001985,geocoded_address,pending,medium,,,15.455096244812012,0.035,1,0.055,1,0.095,1,6.0,,non_burnable,0.022222222222222223,1.0,0.1640625,1.0,0.2783410138248848,1.0,False
dc_8c4c2067351e,Cologix JAX2,,colocation,operational,FL,Duval,30.273221,-81.613866,geocoded_address,pending,medium,,,23.808124542236328,0.025,1,0.035,1,0.065,1,3.0,3.0,moderate,0.13333333333333333,3.0,0.2265625,3.0,0.2654377880184332,4.0,False
dc_841c8754ed1b,Cologix LAK1,,colocation,operational,FL,Polk,28.079624,-81.975179,geocoded_address,pending,medium,,,31.471725463867188,0.005,1,0.015,1,0.035,1,6.0,,non_burnable,0.26666666666666666,4.0,0.30859375,4.0,0.3880184331797235,4.0,False
dc_ce8075567251,Flexential - Cincinnati (CIN1/2),,colocation,operational,OH,Butler,39.31601,-84.44924,geocoded_address,CANDIDATE,medium,,,17.444948196411133,0.045,1,0.07500000000000001,1,0.11499999999999999,1,6.0,,non_burnable,0.17777777777777778,1.0,0.17578125,1.0,0.2838709677419355,1.0,False
dc_6452cc5b0c97,Level(3) Charlotte,,unknown,operational,NC,Mecklenburg,35.17868,-80.928126,geocoded_address,pending,medium,,,14.088505744934082,0.065,1,0.095,1,0.155,1,6.0,,non_burnable,0.5333333333333333,4.0,0.5859375,4.0,0.4663594470046083,4.0,False
dc_93add6dd1d1d,ERC Broadband,,unknown,operational,NC,Buncombe,35.594066,-82.55792,geocoded_address,pending,medium,,,11.518939971923828,0.08499999999999999,1,0.14500000000000002,1,0.255,1,6.0,,non_burnable,0.08888888888888889,4.0,0.33203125,4.0,0.5059907834101383,4.0,False
dc_90929b3b19a1,Lightboard ★ Massachusetts,,unknown,operational,MA,Hampden,42.109443,-72.575141,geocoded_address,pending,medium,,,5.542868614196777,0.065,1,0.10500000000000001,1,0.185,1,6.0,,non_burnable,0.06666666666666667,1.0,0.09375,3.0,0.2184331797235023,3.0,False
dc_90c8dcfdda40,Stack Infrastructure Portland PORO2,,colocation,operational,OR,Washington,45.5475,-122.8972,geocoded_address,VERIFIED,medium,,,0.49183908104896545,0.175,1,0.28500000000000003,1,0.46499999999999997,1,6.0,,non_burnable,0.044444444444444446,1.0,0.1171875,2.0,0.19447004608294932,2.0,False
dc_59783b2d12ed,EdgeConneX Santa Clara (EDCSVC01/EDCSVC02),,colocation,operational,CA,Santa Clara,37.36437,-121.958865,geocoded_address,pending,medium,,,0.12219325453042984,0.545,1,0.705,1,0.915,1,6.0,,non_burnable,0.0,0.0,0.01953125,4.0,0.03870967741935484,4.0,False
dc_23a57bb771d3,"DataSite, Boise",,unknown,operational,ID,Ada,43.606214,-116.303601,geocoded_address,pending,medium,,,3.1638710498809814,0.035,1,0.045,1,0.065,1,6.0,,non_burnable,0.15555555555555556,2.0,0.171875,2.0,0.2294930875576037,3.0,False
dc_7fe3c888b6c0,Lunavi - Westin1809,,unknown,operational,WA,King,47.614347,-122.338883,geocoded_address,pending,medium,,,0.6047859191894531,0.345,1,0.485,1,0.705,1,6.0,,non_burnable,0.0,0.0,0.00390625,1.0,0.041474654377880185,1.0,False
dc_78def80fc2f7,Lunavi - Westin1969,,unknown,operational,WA,King,47.614347,-122.338883,geocoded_address,pending,medium,,,0.6047859191894531,0.345,1,0.485,1,0.705,1,6.0,,non_burnable,0.0,0.0,0.00390625,1.0,0.041474654377880185,1.0,False
dc_12cbbeba293d,Lunavi - Westin3205,,unknown,operational,WA,King,47.614347,-122.338883,geocoded_address,pending,medium,,,0.6047859191894531,0.345,1,0.485,1,0.705,1,6.0,,non_burnable,0.0,0.0,0.00390625,1.0,0.041474654377880185,1.0,False
dc_4b4508a3fbf2,Flexential - Denver/Aurora (DEN03),,colocation,operational,CO,Arapahoe,39.66107,-104.849813,geocoded_address,pending,medium,,,10.969576835632324,0.045,1,0.08499999999999999,1,0.155,1,6.0,,non_burnable,0.17777777777777778,4.0,0.3203125,4.0,0.2543778801843318,4.0,False
dc_33b0acb3fbfc,Flexential - Denver/Englewood (DEN11),,colocation,operational,CO,Douglas,39.559006,-104.838116,geocoded_address,VERIFIED,medium,,,10.969576835632324,0.045,1,0.07500000000000001,1,0.14500000000000002,1,6.0,,non_burnable,0.5555555555555556,3.0,0.51953125,4.0,0.3990783410138249,4.0,False
dc_a3a8fb84180f,Flexential - Minneapolis/Chaska (MSP01),,colocation,operational,MN,Carver,44.851292,-93.599549,geocoded_address,pending,medium,,,10.41598129272461,0.005,1,0.015,1,0.025,1,6.0,,non_burnable,0.5111111111111111,3.0,0.546875,3.0,0.4663594470046083,3.0,False
dc_2183463f5e3a,Flexential - Las Vegas/Downtown (LAS03),,colocation,operational,NV,Clark,36.168644,-115.143561,geocoded_address,pending,medium,,,3.602787733078003,0.07500000000000001,1,0.10500000000000001,1,0.185,1,6.0,,non_burnable,0.0,0.0,0.0078125,2.0,0.047004608294930875,2.0,False
dc_e5ff3c2dc17c,Flexential - Las Vegas/Downtown (LAS05),,colocation,operational,NV,Clark,36.168333,-115.143126,geocoded_address,pending,medium,,,3.602787733078003,0.07500000000000001,1,0.10500000000000001,1,0.185,1,6.0,,non_burnable,0.0,0.0,0.0078125,2.0,0.041474654377880185,2.0,False
dc_b04abdda0a7c,Flexential - Las Vegas/North (LAS04),,colocation,operational,NV,Clark,36.248009,-115.101272,geocoded_address,pending,medium,,,3.602787733078003,0.07500000000000001,1,0.11499999999999999,1,0.195,1,6.0,,non_burnable,0.2,2.0,0.1015625,2.0,0.19907834101382488,2.0,False
dc_ce363e3ec754,Flexential - Portland/Hillsboro (PDX01),,colocation,operational,OR,Washington,45.54761,-122.89156,geocoded_address,VERIFIED,medium,,,0.49183908104896545,0.175,1,0.28500000000000003,1,0.46499999999999997,1,6.0,,non_burnable,0.044444444444444446,1.0,0.125,2.0,0.2073732718894009,2.0,False
dc_cf7e6e8946c1,Flexential - Portland/Hillsboro 2 (PDX02),,colocation,operational,OR,Washington,45.557854,-122.917023,geocoded_address,pending,medium,,,0.49183908104896545,0.175,1,0.28500000000000003,1,0.46499999999999997,1,1.0,1.0,very_low,0.08888888888888889,1.0,0.1484375,2.0,0.25161290322580643,2.0,False
dc_d966ea3f8e06,Flexential - Denver/Centennial (DEN05),,colocation,operational,CO,Arapahoe,39.594144,-104.843142,geocoded_address,pending,medium,,,10.969576835632324,0.045,1,0.07500000000000001,1,0.155,1,6.0,,non_burnable,0.2,3.0,0.359375,4.0,0.3861751152073733,4.0,False
dc_55529f8314f5,Flexential - Dallas/Richardson (RCH01),,colocation,operational,TX,Collin,32.993304,-96.756242,geocoded_address,AMBIGUOUS,medium,,,18.841638565063477,0.025,1,0.045,1,0.065,1,6.0,,non_burnable,0.15555555555555556,2.0,0.15625,3.0,0.09861751152073733,3.0,False
dc_dfc785a7c7de,Flexential - Salt Lake City/Cottonwood (SLC05),,colocation,operational,UT,Salt Lake,40.634811,-111.805979,geocoded_address,AMBIGUOUS,medium,,,5.014902114868164,0.185,1,0.315,1,0.515,1,6.0,,non_burnable,0.3111111111111111,4.0,0.41015625,5.0,0.4470046082949309,5.0,False
dc_2d61a33ca46b,Flexential - Salt Lake City/South Valley (SLC09),,colocation,operational,UT,Salt Lake,40.618997,-111.985014,geocoded_address,CANDIDATE,medium,,,5.014902114868164,0.185,1,0.295,1,0.475,1,6.0,,non_burnable,0.17777777777777778,2.0,0.171875,2.0,0.14285714285714285,2.0,False
dc_c7daef7be339,DataBank Dallas (DFW5),,colocation,operational,TX,Dallas,32.800748,-96.819412,geocoded_address,pending,medium,,,18.841638565063477,0.025,1,0.035,1,0.065,1,6.0,,non_burnable,0.06666666666666667,3.0,0.11328125,3.0,0.14377880184331798,3.0,False
dc_c620295c9127,Cologix NNJ2,,colocation,operational,NJ,Morris,40.831821,-74.448794,geocoded_address,pending,medium,,,7.277477264404297,0.095,1,0.165,1,0.315,1,6.0,,non_burnable,0.4,4.0,0.453125,4.0,0.471889400921659,4.0,False
dc_21bd83254e11,Cologix NNJ3,,colocation,operational,NJ,Morris,40.857084,-74.418907,geocoded_address,pending,medium,,,7.277477264404297,0.095,1,0.165,1,0.325,1,6.0,,non_burnable,0.13333333333333333,4.0,0.29296875,4.0,0.4912442396313364,4.0,False
dc_e398f3978d57,Alpheus Austin (1905 E. 6th Street),,unknown,operational,TX,Travis,30.261601,-97.722423,geocoded_address,CANDIDATE,medium,,,13.630367279052734,0.015,1,0.015,1,0.035,1,6.0,,non_burnable,0.08888888888888889,2.0,0.16015625,3.0,0.23963133640552994,3.0,False
dc_362d590e4b24,Voonami SLC2,,unknown,operational,UT,Salt Lake,40.720873,-111.984927,geocoded_address,pending,medium,,,5.014902114868164,0.195,1,0.335,1,0.555,1,6.0,,non_burnable,0.1111111111111111,1.0,0.10546875,2.0,0.16589861751152074,3.0,False
dc_6f992d5b84cd,Voonami SLC1,,unknown,operational,UT,Utah,40.326235,-111.681642,geocoded_address,pending,medium,,,4.538047790527344,0.165,1,0.255,1,0.425,1,6.0,,non_burnable,0.2,4.0,0.33984375,5.0,0.471889400921659,5.0,False
dc_180d30e8b4da,ACT Cheyenne,,unknown,operational,WY,Laramie,41.131025,-104.900887,geocoded_address,UNRESOLVABLE,medium,,,9.383162498474121,0.055,1,0.08499999999999999,1,0.14500000000000002,1,2.0,2.0,low,0.8,2.0,0.85546875,3.0,0.8746543778801843,3.0,False
dc_2b69bfa841ef,ACT Wheatland,,unknown,operational,WY,Platte,42.045087,-104.963884,geocoded_address,UNRESOLVABLE,medium,,,9.692072868347168,0.065,1,0.10500000000000001,1,0.175,1,6.0,,non_burnable,0.37777777777777777,1.0,0.47265625,2.0,0.4543778801843318,2.0,False
dc_0ccbc7a90b2d,ACT Douglas,,unknown,operational,WY,Converse,42.734225,-105.338279,geocoded_address,UNRESOLVABLE,medium,,,8.877646446228027,0.095,1,0.14500000000000002,1,0.275,1,6.0,,non_burnable,0.8888888888888888,2.0,0.91015625,2.0,0.759447004608295,3.0,False
dc_255488578f92,ACT Casper,,unknown,operational,WY,Natrona,42.852917,-106.319088,geocoded_address,pending,medium,,,7.8687591552734375,0.11499999999999999,1,0.185,1,0.315,1,6.0,,non_burnable,0.044444444444444446,1.0,0.2265625,3.0,0.4783410138248848,3.0,False
dc_125f47540bac,ACT Riverton,,unknown,operational,WY,Fremont,43.024471,-108.381932,geocoded_address,CANDIDATE,medium,,,4.453561305999756,0.14500000000000002,1,0.235,1,0.425,1,6.0,,non_burnable,0.044444444444444446,2.0,0.36328125,3.0,0.6460829493087558,3.0,False
dc_58ca51de8887,ACT Gillette,,unknown,operational,WY,Campbell,44.246829,-105.504717,geocoded_address,UNRESOLVABLE,medium,,,12.548205375671387,0.11499999999999999,1,0.195,1,0.365,1,6.0,,non_burnable,0.7333333333333333,2.0,0.64453125,3.0,0.6967741935483871,3.0,False
dc_7db6a874da87,ACT Buffalo,,unknown,operational,WY,Johnson,44.354194,-106.696638,geocoded_address,AMBIGUOUS,medium,,,10.072332382202148,0.14500000000000002,1,0.245,1,0.445,1,6.0,,non_burnable,0.24444444444444444,2.0,0.62109375,3.0,0.8313364055299539,4.0,False
dc_9987086c405c,ACT Sheridan,,unknown,operational,WY,Sheridan,44.797251,-106.955883,geocoded_address,pending,medium,,,10.106097221374512,0.095,1,0.14500000000000002,1,0.255,1,6.0,,non_burnable,0.15555555555555556,2.0,0.3203125,3.0,0.6341013824884792,4.0,False
dc_6f74b8c1ecc5,ACT Colstrip,,unknown,operational,MT,Rosebud,45.89347,-106.618344,geocoded_address,UNRESOLVABLE,medium,,,9.184625625610352,0.045,1,0.065,1,0.10500000000000001,1,1.0,1.0,very_low,0.4888888888888889,3.0,0.53515625,4.0,0.7622119815668202,5.0,False
dc_4dbc93c49488,Digital Realty SJC (2805 Lafayette),,colocation,operational,CA,Santa Clara,37.372597,-121.947955,geocoded_address,pending,medium,,,0.12219325453042984,0.565,1,0.725,1,0.955,1,6.0,,non_burnable,0.0,0.0,0.046875,3.0,0.05069124423963134,4.0,False
dc_e1b88786f3b0,Digital Realty LAX (2260 E El Segundo),,colocation,operational,CA,Los Angeles,33.91565,-118.3847,geocoded_address,VERIFIED,medium,,,0.3717229962348938,0.395,1,0.545,1,0.805,1,6.0,,non_burnable,0.022222222222222223,2.0,0.0234375,3.0,0.018433179723502304,3.0,False
dc_3dea0a669a7d,325 Delaware Ave,,unknown,operational,NY,Erie,42.893011,-78.875279,geocoded_address,pending,medium,,,8.291032791137695,0.025,1,0.045,1,0.095,1,6.0,,non_burnable,0.022222222222222223,3.0,0.04296875,3.0,0.06557377049180328,4.0,False
dc_59773501dcdd,Forsythe Data Centers,,unknown,operational,IL,Cook,42.00687,-87.96457,geocoded_address,pending,medium,,,14.088419914245605,0.035,1,0.055,1,0.095,1,6.0,,non_burnable,0.0,0.0,0.03125,1.0,0.1391705069124424,1.0,False
dc_dfcc7a22bf0c,Columbia County Community Broadband Utility,,unknown,operational,GA,Columbia,33.545316,-82.135633,geocoded_address,pending,medium,,,16.912729263305664,0.08499999999999999,1,0.135,1,0.235,1,4.0,4.0,high,0.28888888888888886,4.0,0.4296875,4.0,0.5557603686635945,4.0,False
dc_ee2c4724265a,Equinix DA7 - Dallas,,colocation,operational,TX,Collin,33.064858,-96.810993,geocoded_address,pending,medium,,,19.147722244262695,0.025,1,0.045,1,0.07500000000000001,1,6.0,,non_burnable,0.06666666666666667,3.0,0.16796875,3.0,0.14654377880184333,3.0,False
dc_3feab9bb27ef,Centersquare Chicago (ORD2),,colocation,operational,IL,DuPage,41.99209,-87.958015,geocoded_address,pending,medium,,,16.118194580078125,0.035,1,0.055,1,0.095,1,6.0,,non_burnable,0.0,0.0,0.0390625,1.0,0.1032258064516129,1.0,False
dc_95a460858bbe,Centersquare Columbus (CMH1),,colocation,operational,OH,Delaware,40.16884,-83.010799,geocoded_address,pending,medium,,,15.455096244812012,0.035,1,0.055,1,0.095,1,6.0,,non_burnable,0.2,1.0,0.3359375,1.0,0.4396313364055299,1.0,False
dc_1fd168086757,Centersquare Northern Virginia (IAD1-A/F),,colocation,operational,VA,Loudoun,39.023339,-77.413194,geocoded_address,pending,medium,,,13.613815307617188,0.055,1,0.095,1,0.175,1,6.0,,non_burnable,0.13333333333333333,1.0,0.25390625,1.0,0.34470046082949307,1.0,False
dc_445dff13f0cb,EdgeConneX Madison (EDCMAD01),,colocation,operational,WI,Dane,43.04802,-89.297331,geocoded_address,AMBIGUOUS,medium,,,9.417593955993652,0.015,1,0.035,1,0.055,1,6.0,,non_burnable,0.4,2.0,0.41015625,2.0,0.3317972350230415,2.0,False
dc_a57a479290da,EdgeConneX Minneapolis (EDCMSP01),,colocation,operational,MN,Hennepin,44.878844,-93.404156,geocoded_address,pending,medium,,,10.622698783874512,0.005,1,0.015,1,0.025,1,6.0,,non_burnable,0.2,1.0,0.32421875,3.0,0.328110599078341,3.0,False
dc_528384267832,Centersquare Northern Virginia (IAD1-C/E),,colocation,operational,VA,Loudoun,39.025283,-77.413213,geocoded_address,AMBIGUOUS,medium,,,13.613815307617188,0.055,1,0.095,1,0.175,1,6.0,,non_burnable,0.1111111111111111,1.0,0.25,1.0,0.3456221198156682,1.0,False
dc_39d40801f80a,Centersquare Northern Virginia (IAD2),,colocation,operational,VA,Loudoun,38.984122,-77.423889,geocoded_address,pending,medium,,,13.629328727722168,0.055,1,0.095,1,0.175,1,6.0,,non_burnable,0.13333333333333333,1.0,0.19921875,1.0,0.2995391705069124,1.0,False
dc_fa631ad5684c,Centersquare Northern Virginia (IAD3),,colocation,operational,VA,Loudoun,38.980226,-77.443486,geocoded_address,AMBIGUOUS,medium,,,13.629328727722168,0.055,1,0.095,1,0.175,1,6.0,,non_burnable,0.26666666666666666,1.0,0.34765625,1.0,0.33640552995391704,1.0,False
dc_ff3aba8fa11d,Centersquare Dallas (DFW1),,colocation,operational,TX,Tarrant,32.832607,-97.040726,geocoded_address,pending,medium,,,17.917001724243164,0.025,1,0.035,1,0.065,1,6.0,,non_burnable,0.13333333333333333,2.0,0.31640625,3.0,0.28663594470046083,4.0,False
dc_837045fc5729,Centersquare Denver (DEN1),,colocation,operational,CO,Douglas,39.550215,-105.033374,geocoded_address,pending,medium,,,8.949381828308105,0.045,1,0.07500000000000001,1,0.14500000000000002,1,6.0,,non_burnable,0.3111111111111111,4.0,0.30078125,4.0,0.41751152073732717,4.0,False
dc_a8b860d92de2,Centersquare Denver (DEN2),,colocation,operational,CO,Douglas,39.560863,-104.830727,geocoded_address,pending,medium,,,10.969576835632324,0.045,1,0.07500000000000001,1,0.155,1,6.0,,non_burnable,0.37777777777777777,3.0,0.546875,4.0,0.42304147465437786,4.0,False
dc_ec0b9c36f643,Centersquare Minneapolis (MSP1),,colocation,operational,MN,Scott,44.778828,-93.461982,geocoded_address,pending,medium,,,10.622698783874512,0.005,1,0.015,1,0.025,1,6.0,,non_burnable,0.37777777777777777,3.0,0.328125,3.0,0.41935483870967744,3.0,False
dc_c1851f9d9727,Centersquare New Jersey (EWR2),,colocation,operational,NJ,Hudson,40.76218,-74.024685,geocoded_address,pending,medium,,,7.277477264404297,0.10500000000000001,1,0.175,1,0.335,1,6.0,,non_burnable,0.044444444444444446,4.0,0.05078125,5.0,0.05806451612903226,5.0,False
dc_c7be2966c16a,Centersquare New Jersey (EWR3),,colocation,operational,NJ,Middlesex,40.553374,-74.459223,geocoded_address,VERIFIED,medium,,,7.277477264404297,0.095,1,0.165,1,0.325,1,6.0,,non_burnable,0.24444444444444444,4.0,0.265625,4.0,0.3087557603686636,4.0,False
dc_634e7c426abd,Centersquare Los Angeles (LAX3),,colocation,operational,CA,Orange,33.687339,-117.848727,geocoded_address,pending,medium,,,0.6565972566604614,0.315,1,0.425,1,0.615,1,6.0,,non_burnable,0.0,0.0,0.03515625,3.0,0.09216589861751152,3.0,False
dc_cfd86dec39d0,Centersquare Phoenix (PHX1),,colocation,operational,AZ,Maricopa,33.454411,-111.976435,geocoded_address,pending,medium,,,7.883434772491455,0.025,1,0.035,1,0.065,1,6.0,,non_burnable,0.044444444444444446,4.0,0.21484375,5.0,0.12903225806451613,5.0,False
dc_9a78859fa7f1,Centersquare Silicon Valley (SFO1),,colocation,operational,CA,Santa Clara,37.371485,-121.969739,geocoded_address,pending,medium,,,0.12219325453042984,0.525,1,0.675,1,0.885,1,6.0,,non_burnable,0.0,0.0,0.0078125,3.0,0.04608294930875576,4.0,False
dc_d290e4022b32,Centersquare Silicon Valley (SFO2),,colocation,operational,CA,Santa Clara,37.398632,-121.980961,geocoded_address,pending,medium,,,0.12219325453042984,0.505,1,0.645,1,0.835,1,6.0,,non_burnable,0.044444444444444446,3.0,0.1328125,3.0,0.11705069124423963,4.0,False
dc_b3f9e624dfec,Centersquare Seattle (SEA1-B),,colocation,operational,WA,King,47.491883,-122.289792,geocoded_address,pending,medium,,,0.46316325664520264,0.345,1,0.485,1,0.705,1,6.0,,non_burnable,0.06666666666666667,1.0,0.13671875,1.0,0.10875576036866359,1.0,False
dc_90455f1b2274,Centersquare Silicon Valley (SFO3),,colocation,operational,CA,Santa Clara,37.372078,-121.986073,geocoded_address,pending,medium,,,0.12219325453042984,0.525,1,0.665,1,0.865,1,6.0,,non_burnable,0.022222222222222223,3.0,0.0078125,3.0,0.053456221198156684,4.0,False
dc_6ab52053e3ec,Centersquare Tampa (TPA1),,colocation,operational,FL,Hillsborough,27.94551,-82.35121,geocoded_address,CANDIDATE,medium,,,28.616392135620117,0.005,1,0.015,1,0.035,1,6.0,,non_burnable,0.1111111111111111,3.0,0.2421875,4.0,0.26912442396313363,4.0,False
dc_83495392fdac,NP Belle Plaine (MSP1),,unknown,operational,MN,Scott,44.6234,-93.75902,geocoded_address,CANDIDATE,medium,,,10.41598129272461,0.005,1,0.015,1,0.025,1,6.0,,non_burnable,0.4444444444444444,1.0,0.453125,2.0,0.43502304147465437,3.0,False
dc_3ef211afc81f,I-Evolve Technology Datacenter Amherst,,unknown,operational,NY,Erie,43.018107,-78.784612,geocoded_address,pending,medium,,,7.1311845779418945,0.025,1,0.045,1,0.095,1,4.0,4.0,high,0.4666666666666667,4.0,0.3984375,4.0,0.447926267281106,4.0,False
dc_0889bebc1079,Lowest Host/Empire Technology,,unknown,operational,UT,Salt Lake,40.7997,-111.946913,geocoded_address,pending,medium,,,5.014902114868164,0.20500000000000002,1,0.355,1,0.585,1,6.0,,non_burnable,0.26666666666666666,3.0,0.3828125,3.0,0.3705069124423963,4.0,False
dc_577d0763b239,CoreSite - Reston (VA2),,colocation,operational,VA,Fairfax,38.94895,-77.364494,geocoded_address,CANDIDATE,medium,,,13.629328727722168,0.055,1,0.095,1,0.175,1,6.0,,non_burnable,0.15555555555555556,1.0,0.26953125,1.0,0.3953917050691244,1.0,False
dc_77d6c520b74a,Ascent - CH2,,unknown,operational,IL,Cook,41.920029,-87.912164,geocoded_address,pending,medium,,,16.118194580078125,0.035,1,0.055,1,0.095,1,6.0,,non_burnable,0.044444444444444446,1.0,0.046875,1.0,0.05898617511520737,1.0,False
dc_54191d9d0f70,MultaCom Main,,unknown,operational,CA,Los Angeles,34.049219,-118.257002,geocoded_address,pending,medium,,,0.5556319355964661,0.445,1,0.605,1,0.855,1,6.0,,non_burnable,0.0,0.0,0.0078125,4.0,0.035944700460829496,4.0,False
dc_815a4077d7c3,SDN Communications Campus Sioux Falls South Dakota,,unknown,operational,SD,Minnehaha,43.546529,-96.764101,geocoded_address,pending,medium,,,15.18335247039795,0.015,1,0.035,1,0.055,1,6.0,,non_burnable,0.26666666666666666,2.0,0.2734375,2.0,0.24331797235023042,3.0,False
dc_a4a29a509851,SDN Communication Mark Shlanta Technology Park,,unknown,operational,SD,Minnehaha,43.60705,-96.80934,geocoded_address,VERIFIED,medium,,,15.18335247039795,0.015,1,0.035,1,0.055,1,1.0,1.0,very_low,0.2222222222222222,2.0,0.16015625,2.0,0.19631336405529953,2.0,False
dc_a1d2bf1489bd,BESTNAP,,unknown,operational,TX,Travis,30.273541,-97.742861,geocoded_address,CANDIDATE,medium,,,13.630367279052734,0.015,1,0.015,1,0.035,1,6.0,,non_burnable,0.08888888888888889,3.0,0.1015625,3.0,0.21566820276497695,3.0,False
dc_26db4d08cc6d,Evocative DA4,,unknown,operational,TX,Dallas,32.837967,-96.878307,geocoded_address,pending,medium,,,18.841638565063477,0.025,1,0.035,1,0.065,1,6.0,,non_burnable,0.4,2.0,0.23046875,2.0,0.2129032258064516,3.0,False
dc_f27036f5aa1b,H5 Data Centers Silicon Valley,,unknown,operational,CA,Santa Clara,37.372036,-121.987545,geocoded_address,pending,medium,,,0.12219325453042984,0.515,1,0.665,1,0.865,1,6.0,,non_burnable,0.0,0.0,0.0078125,3.0,0.053456221198156684,4.0,False
dc_1582bf9a4bfb,Digital Realty CHI (600-780 S Federal),,colocation,operational,IL,Cook,41.874224,-87.629937,geocoded_address,pending,medium,,,16.118194580078125,0.035,1,0.055,1,0.095,1,6.0,,non_burnable,0.022222222222222223,1.0,0.0078125,1.0,0.010138248847926268,1.0,False
dc_16d1c4c70378,Zayo Pittsburgh - 2500 Allegheny Center Mall,,unknown,operational,PA,Allegheny,40.451862,-80.006977,geocoded_address,pending,medium,,,11.686223030090332,0.025,1,0.045,1,0.07500000000000001,1,6.0,,non_burnable,0.044444444444444446,1.0,0.0703125,1.0,0.19447004608294932,1.0,False
dc_fa32d5b574b6,Zayo Nashville - 209 10th Ave. S,,unknown,operational,TN,Davidson,36.155165,-86.782559,geocoded_address,pending,medium,,,16.571094512939453,0.08499999999999999,1,0.135,1,0.215,1,6.0,,non_burnable,0.0,0.0,0.0234375,1.0,0.13179723502304147,1.0,False
dc_76ee034b9cda,Zayo Cleveland - 1525 Rockwell Ave,,unknown,operational,OH,Cuyahoga,41.506167,-81.68395,geocoded_address,pending,medium,,,14.61642074584961,0.035,1,0.055,1,0.095,1,6.0,,non_burnable,0.0,0.0,0.0390625,1.0,0.026728110599078342,1.0,False
dc_6408ea6661a1,Sungard AS Scottsdale,,unknown,operational,AZ,Maricopa,33.632423,-111.917795,geocoded_address,pending,medium,,,7.846182823181152,0.025,1,0.045,1,0.07500000000000001,1,6.0,,non_burnable,0.24444444444444444,4.0,0.2265625,4.0,0.2645161290322581,4.0,False
dc_c5961d5d88a0,INAP Houston,,unknown,operational,TX,Harris,29.754104,-95.365803,geocoded_address,CANDIDATE,medium,,,20.972787857055664,0.015,1,0.025,1,0.045,1,6.0,,non_burnable,0.0,0.0,0.0,0.0,0.02488479262672811,2.0,False
dc_3ad585b77fab,DataBank Chicago (ORD1),,colocation,operational,IL,Cook,41.874224,-87.629937,geocoded_address,pending,medium,,,16.118194580078125,0.035,1,0.055,1,0.095,1,6.0,,non_burnable,0.022222222222222223,1.0,0.0078125,1.0,0.010138248847926268,1.0,False
dc_bc06006b2111,Zayo Baltimore - 111 Market Pl,,unknown,operational,MD,Baltimore,39.287752,-76.60685,geocoded_address,CANDIDATE,medium,,,14.052087783813477,0.055,1,0.095,1,0.175,1,6.0,,non_burnable,0.0,0.0,0.01953125,1.0,0.07465437788018434,1.0,False
dc_62a40204a545,DataBank Memphis (MEM1),,colocation,operational,TN,Shelby,35.203086,-89.808615,geocoded_address,pending,medium,,,19.04093360900879,0.275,1,0.445,1,0.735,1,1.0,1.0,very_low,0.08888888888888889,1.0,0.296875,1.0,0.3244239631336406,1.0,False
dc_55079160dfd9,Zayo Minneapolis - 10300 6th Ave N,,unknown,operational,MN,Hennepin,44.98646,-93.411433,geocoded_address,pending,medium,,,10.622698783874512,0.005,1,0.015,1,0.025,1,6.0,,non_burnable,0.28888888888888886,2.0,0.26953125,3.0,0.2654377880184332,3.0,False
dc_03a055ec8a9d,DataBank Chicago (ORD3),,colocation,operational,IL,Cook,42.078055,-87.923547,geocoded_address,pending,medium,,,14.088419914245605,0.035,1,0.055,1,0.095,1,6.0,,non_burnable,0.0,0.0,0.09765625,1.0,0.19723502304147467,1.0,False
dc_e4341c36e064,"Roller Network (Reno, NV)",,unknown,operational,NV,Washoe,39.469306,-119.76983,geocoded_address,pending,medium,,,1.7789788246154785,0.275,1,0.405,1,0.625,1,6.0,,non_burnable,0.2222222222222222,3.0,0.25,4.0,0.28755760368663597,4.0,False
dc_53c76c4c9a51,Zayo Washington DC - 2100 M Street NW,,unknown,operational,DC,District of Columbia,38.904888,-77.047082,geocoded_address,pending,medium,,,13.629328727722168,0.055,1,0.095,1,0.165,1,6.0,,non_burnable,0.022222222222222223,1.0,0.11328125,2.0,0.15115207373271888,2.0,False
dc_44e1452bfc28,DataBank Seattle (SEA2),,colocation,operational,WA,King,47.495027,-122.290569,geocoded_address,pending,medium,,,0.46316325664520264,0.345,1,0.485,1,0.705,1,6.0,,non_burnable,0.044444444444444446,1.0,0.140625,1.0,0.11152073732718894,1.0,False
dc_c9e0167855d2,1011 San Jacinto,,unknown,operational,TX,Travis,30.27167,-97.738559,geocoded_address,pending,medium,,,13.630367279052734,0.015,1,0.015,1,0.035,1,6.0,,non_burnable,0.022222222222222223,3.0,0.08984375,3.0,0.21382488479262673,3.0,False
dc_939f4f8150c1,H5 Data Centers Cleveland,,unknown,operational,OH,Cuyahoga,41.506167,-81.68395,geocoded_address,pending,medium,,,14.61642074584961,0.035,1,0.055,1,0.095,1,6.0,,non_burnable,0.0,0.0,0.0390625,1.0,0.026728110599078342,1.0,False
dc_60f5bc675bc3,Digital Realty CLT (125 N Myers St),,colocation,operational,NC,Mecklenburg,35.221491,-80.835817,geocoded_address,CANDIDATE,medium,,,14.088505744934082,0.055,1,0.095,1,0.155,1,6.0,,non_burnable,0.022222222222222223,2.0,0.06640625,4.0,0.22027649769585253,4.0,False
dc_9aa547ca020f,DataBank Denver (DEN1),,colocation,operational,CO,Douglas,39.5608,-104.8653,geocoded_address,CANDIDATE,medium,,,10.969576835632324,0.045,1,0.07500000000000001,1,0.14500000000000002,1,6.0,,non_burnable,0.26666666666666666,3.0,0.3203125,4.0,0.3778801843317972,4.0,False
dc_50f300dbed19,Alpheus Fort Worth (307 W 7th St),,unknown,operational,TX,Tarrant,32.751822,-97.331523,geocoded_address,CANDIDATE,medium,,,17.917001724243164,0.025,1,0.035,1,0.055,1,6.0,,non_burnable,0.0,0.0,0.09375,3.0,0.19539170506912443,4.0,False
dc_6c5c3de9236e,Digital Realty EWR (3 Corporate Pl),,colocation,operational,NJ,Middlesex,40.5537,-74.459,geocoded_address,CANDIDATE,medium,,,7.277477264404297,0.095,1,0.165,1,0.325,1,6.0,,non_burnable,0.2222222222222222,4.0,0.26171875,4.0,0.3105990783410138,4.0,False
dc_c83ebcd9777a,DataBank Irvine (SNA1),,colocation,operational,CA,Orange,33.691369,-117.840359,geocoded_address,CANDIDATE,medium,,,0.6565972566604614,0.315,1,0.425,1,0.615,1,6.0,,non_burnable,0.0,0.0,0.046875,3.0,0.0792626728110599,3.0,False
dc_7cc4b0b4fc96,Evocative EWR1,,unknown,operational,NJ,Hudson,40.787662,-74.068015,geocoded_address,pending,medium,,,7.277477264404297,0.10500000000000001,1,0.175,1,0.345,1,6.0,,non_burnable,0.0,0.0,0.171875,5.0,0.2129032258064516,5.0,False
dc_9dd5204cf104,TierPoint Chicago - West,,colocation,operational,IL,Cook,41.927017,-87.858028,geocoded_address,pending,medium,,,16.118194580078125,0.035,1,0.055,1,0.095,1,6.0,,non_burnable,0.022222222222222223,1.0,0.12109375,1.0,0.10783410138248847,1.0,False
dc_0e8f573507fc,US Signal - Oak Brook,,unknown,operational,IL,DuPage,41.846308,-87.939656,geocoded_address,pending,medium,,,16.118194580078125,0.035,1,0.055,1,0.10500000000000001,1,6.0,,non_burnable,0.35555555555555557,1.0,0.26171875,1.0,0.2129032258064516,1.0,False
dc_08c02a332e69,Evocative SEA1,,unknown,operational,WA,King,47.619446,-122.34811,geocoded_address,pending,medium,,,0.6047859191894531,0.345,1,0.485,1,0.705,1,6.0,,non_burnable,0.0,0.0,0.01953125,1.0,0.035023041474654376,1.0,False
dc_c81ebd5c76fc,Evocative Virginia (VA1),,unknown,operational,VA,Fairfax,38.948869,-77.329428,geocoded_address,pending,medium,,,13.629328727722168,0.055,1,0.095,1,0.175,1,6.0,,non_burnable,0.4,1.0,0.47265625,1.0,0.5566820276497696,1.0,False
dc_586f965d0e34,Long Lines Data Center,,unknown,operational,IA,Woodbury,42.479224,-96.346135,geocoded_address,CANDIDATE,medium,,,18.442840576171875,0.015,1,0.025,1,0.055,1,6.0,,non_burnable,0.4222222222222222,4.0,0.3984375,4.0,0.4,4.0,False
dc_202a2991c5a5,UnitedLayer Los Angeles,,unknown,operational,CA,Los Angeles,34.048222,-118.254575,geocoded_address,CANDIDATE,medium,,,0.5556319355964661,0.445,1,0.605,1,0.855,1,6.0,,non_burnable,0.0,0.0,0.00390625,4.0,0.03686635944700461,4.0,False
dc_1bdd34364619,TierPoint Philadelphia,,colocation,operational,PA,Philadelphia,39.892465,-75.165482,geocoded_address,pending,medium,,,9.466512680053711,0.07500000000000001,1,0.125,1,0.245,1,6.0,,non_burnable,0.08888888888888889,3.0,0.12109375,4.0,0.1400921658986175,4.0,False
dc_ddd97248cc7e,TierPoint Chicago - Polk,,colocation,operational,IL,Cook,41.871616,-87.642825,geocoded_address,pending,medium,,,16.118194580078125,0.035,1,0.055,1,0.095,1,6.0,,non_burnable,0.0,0.0,0.00390625,1.0,0.010138248847926268,1.0,False
dc_e2cb4bbef84e,H5 Data Centers Denver,,unknown,operational,CO,Arapahoe,39.618102,-104.891509,geocoded_address,pending,medium,,,10.969576835632324,0.045,1,0.07500000000000001,1,0.155,1,6.0,,non_burnable,0.044444444444444446,3.0,0.19921875,4.0,0.3096774193548387,4.0,False
dc_a99edebba530,H5 Data Centers Seattle,,unknown,operational,WA,King,47.619054,-122.336393,geocoded_address,pending,medium,,,0.6047859191894531,0.345,1,0.485,1,0.705,1,6.0,,non_burnable,0.0,0.0,0.0234375,1.0,0.0423963133640553,1.0,False
dc_1f5c6ef67d69,H5 Data Centers Atlanta,,unknown,operational,GA,Fulton,33.765199,-84.38365,geocoded_address,pending,medium,,,16.562829971313477,0.055,1,0.08499999999999999,1,0.14500000000000002,1,6.0,,non_burnable,0.022222222222222223,1.0,0.0546875,3.0,0.18617511520737326,3.0,False
dc_50cfa203d920,Amplex DC0,,unknown,operational,OH,Wood,41.48316,-83.4532,geocoded_address,CANDIDATE,medium,,,18.347749710083008,0.045,1,0.065,1,0.135,1,6.0,,non_burnable,0.1111111111111111,1.0,0.21875,1.0,0.2119815668202765,1.0,False
dc_8e3b85f052e5,Markley Group Lowell,,unknown,operational,MA,Middlesex,42.6302,-71.3045,geocoded_address,VERIFIED,medium,,,3.484011173248291,0.095,1,0.165,1,0.325,1,6.0,,non_burnable,0.1111111111111111,3.0,0.09765625,3.0,0.2571428571428571,3.0,False
dc_6a78d9936b54,GIP Dallas,,unknown,operational,TX,Dallas,32.783819,-96.79463,geocoded_address,pending,medium,,,18.841638565063477,0.025,1,0.035,1,0.065,1,6.0,,non_burnable,0.022222222222222223,2.0,0.0234375,2.0,0.15115207373271888,3.0,False
dc_79dfa0f520ee,Enseva Cedar Rapids,,unknown,operational,IA,Linn,42.055307,-91.679646,geocoded_address,VERIFIED,medium,,,8.404583930969238,0.015,1,0.035,1,0.055,1,6.0,,non_burnable,0.3111111111111111,1.0,0.3125,1.0,0.3262672811059908,1.0,False
dc_1381e04db5f3,Digital Realty SJC (1100 Space Park),,colocation,operational,CA,Santa Clara,37.375823,-121.953325,geocoded_address,pending,medium,,,0.12219325453042984,0.555,1,0.715,1,0.935,1,6.0,,non_burnable,0.0,0.0,0.03125,3.0,0.05161290322580645,4.0,False
dc_b5563d708045,CyrusOne Aurora I,,colocation,operational,IL,DuPage,41.796754,-88.24276,geocoded_address,pending,medium,,,17.22007942199707,0.035,1,0.065,1,0.11499999999999999,1,6.0,,non_burnable,0.15555555555555556,1.0,0.25390625,1.0,0.25622119815668204,1.0,False
dc_f41ce391bc3a,Optic Fusion - Perkins Building,,unknown,operational,WA,Pierce,47.253338,-122.436709,geocoded_address,pending,medium,,,0.46316325664520264,0.345,1,0.475,1,0.685,1,6.0,,non_burnable,0.0,0.0,0.015625,2.0,0.05806451612903226,2.0,False
dc_b7fb6104e55f,Digital Realty HOU (12001 North Freeway),,colocation,operational,TX,Harris,29.943168,-95.416846,geocoded_address,pending,medium,,,20.972787857055664,0.015,1,0.025,1,0.045,1,6.0,,non_burnable,0.044444444444444446,1.0,0.16015625,3.0,0.19723502304147467,3.0,False
dc_3c96251ce435,Tech Vault South Burlington,,unknown,operational,VT,Chittenden,44.45418,-73.141763,geocoded_address,pending,medium,,,5.822917461395264,0.095,1,0.14500000000000002,1,0.255,1,1.0,1.0,very_low,0.4888888888888889,2.0,0.43359375,2.0,0.5585253456221199,2.0,False
dc_5dcb98d9729e,Digital Realty Portland - PDX10,,colocation,operational,OR,Washington,45.547609,-122.892017,geocoded_address,pending,medium,,,0.49183908104896545,0.175,1,0.28500000000000003,1,0.46499999999999997,1,6.0,,non_burnable,0.022222222222222223,1.0,0.13671875,2.0,0.20460829493087557,2.0,False
dc_acacfb9245c6,Cologix MIN3,,colocation,operational,MN,Hennepin,44.971408,-93.25458,geocoded_address,pending,medium,,,10.622698783874512,0.005,1,0.015,1,0.025,1,6.0,,non_burnable,0.022222222222222223,1.0,0.015625,2.0,0.04976958525345622,2.0,False
dc_7ab474505334,Cologix COL3,,colocation,operational,OH,Franklin,40.116491,-83.001985,geocoded_address,pending,medium,,,15.455096244812012,0.035,1,0.055,1,0.095,1,6.0,,non_burnable,0.022222222222222223,1.0,0.1640625,1.0,0.2783410138248848,1.0,False
dc_b272dd406678,Consolidated - 811 Louisiana,,unknown,operational,TX,Harris,29.759292,-95.366313,geocoded_address,pending,medium,,,20.972787857055664,0.015,1,0.025,1,0.045,1,6.0,,non_burnable,0.0,0.0,0.0,0.0,0.02304147465437788,2.0,False
dc_5d9780f4d912,Prov.net PVD1 (1155 Westminster),,unknown,operational,RI,Providence,41.817374,-71.427671,geocoded_address,pending,medium,,,2.800774097442627,0.065,1,0.10500000000000001,1,0.195,1,6.0,,non_burnable,0.0,0.0,0.0078125,1.0,0.07649769585253456,3.0,False
dc_21ebebf3dbbb,Prov.net PVD2 (304 Carpenter),,unknown,operational,RI,Providence,41.817622,-71.429267,geocoded_address,pending,medium,,,2.800774097442627,0.065,1,0.10500000000000001,1,0.195,1,6.0,,non_burnable,0.0,0.0,0.01171875,1.0,0.07649769585253456,3.0,False
dc_02dc64b737be,Prov.net CHF1 (Boston North),,unknown,operational,MA,Middlesex,42.597085,-71.331383,geocoded_address,pending,medium,,,3.484011173248291,0.095,1,0.165,1,0.315,1,6.0,,non_burnable,0.2222222222222222,3.0,0.2890625,3.0,0.3705069124423963,3.0,False
dc_0ba8bcd18eb0,QTS Princeton (PJC1),,colocation,operational,NJ,Mercer,40.279249,-74.547551,geocoded_address,pending,medium,,,8.180803298950195,0.08499999999999999,1,0.14500000000000002,1,0.28500000000000003,1,6.0,,non_burnable,0.4222222222222222,4.0,0.36328125,4.0,0.4792626728110599,4.0,False
dc_347878620932,QTS Chicago (CHI1),,colocation,operational,IL,Cook,41.841895,-87.668306,geocoded_address,pending,medium,,,16.118194580078125,0.035,1,0.055,1,0.095,1,6.0,,non_burnable,0.0,0.0,0.00390625,1.0,0.0064516129032258064,1.0,False
dc_85cad2201208,QTS Overland Park (OVP1),,colocation,operational,KS,Johnson,38.89627,-94.673374,geocoded_address,pending,medium,,,20.538841247558594,0.025,1,0.045,1,0.07500000000000001,1,6.0,,non_burnable,0.08888888888888889,2.0,0.140625,3.0,0.19815668202764977,3.0,False
dc_e37781a3945e,US Internet - Minnetonka,,unknown,operational,MN,Hennepin,44.972011,-93.436607,geocoded_address,pending,medium,,,10.622698783874512,0.005,1,0.015,1,0.025,1,6.0,,non_burnable,0.3333333333333333,2.0,0.37890625,3.0,0.3529953917050691,4.0,False
dc_af69a6e28ad1,Everstream Parma Data Center,,unknown,operational,OH,Cuyahoga,41.407902,-81.780019,geocoded_address,pending,medium,,,14.31541633605957,0.035,1,0.055,1,0.095,1,6.0,,non_burnable,0.08888888888888889,1.0,0.1171875,1.0,0.10138248847926268,1.0,False
dc_eca142e41806,LADC2 - 707 Wilshire Blvd,,unknown,operational,CA,Los Angeles,34.049219,-118.257002,geocoded_address,pending,medium,,,0.5556319355964661,0.445,1,0.605,1,0.855,1,6.0,,non_burnable,0.0,0.0,0.0078125,4.0,0.035944700460829496,4.0,False
dc_7569fa9635bc,LADC3 - 600 W 7th St,,unknown,operational,CA,Los Angeles,34.047282,-118.256692,geocoded_address,CANDIDATE,medium,,,0.5556319355964661,0.445,1,0.605,1,0.855,1,6.0,,non_burnable,0.0,0.0,0.00390625,4.0,0.03317972350230415,4.0,False
dc_ac067fc8caa1,LADC4 - 530 W 6th St,,unknown,operational,CA,Los Angeles,34.048222,-118.254575,geocoded_address,CANDIDATE,medium,,,0.5556319355964661,0.445,1,0.605,1,0.855,1,6.0,,non_burnable,0.0,0.0,0.00390625,4.0,0.03686635944700461,4.0,False
dc_c7aa0c4fe9d5,LADC5 - 650 S Grand Ave,,unknown,operational,CA,Los Angeles,34.047741,-118.256095,geocoded_address,CANDIDATE,medium,,,0.5556319355964661,0.445,1,0.605,1,0.855,1,6.0,,non_burnable,0.0,0.0,0.00390625,4.0,0.03317972350230415,4.0,False
dc_57acf1168596,SFDC1 - 200 Paul Ave,,unknown,operational,CA,San Francisco,37.724028,-122.397718,geocoded_address,VERIFIED,medium,,,0.09281287342309952,0.535,1,0.705,1,0.955,1,6.0,,non_burnable,0.044444444444444446,2.0,0.1015625,3.0,0.10046082949308756,4.0,False
dc_be812f833558,NYDC1 - 60 Hudson Street,,unknown,operational,NY,New York,40.717729,-74.008306,geocoded_address,pending,medium,,,7.277477264404297,0.095,1,0.175,1,0.335,1,6.0,,non_burnable,0.0,0.0,0.00390625,4.0,0.02857142857142857,5.0,False
dc_f6923d09cd62,NYDC2 - 111 8th ave,,unknown,operational,NY,New York,40.741469,-74.003387,geocoded_address,pending,medium,,,7.277477264404297,0.095,1,0.175,1,0.335,1,6.0,,non_burnable,0.0,0.0,0.0078125,4.0,0.02857142857142857,5.0,False
dc_3cd8837b3e4f,NYDC3 - 11 skyline dr,,unknown,operational,NY,Westchester,41.09095,-73.81383,geocoded_address,CANDIDATE,medium,,,6.558852672576904,0.095,1,0.175,1,0.335,1,6.0,,non_burnable,0.5333333333333333,4.0,0.5703125,4.0,0.5069124423963134,4.0,False
dc_871585f535e8,NJDC1 - 100 Delawanna ave,,unknown,operational,NJ,Passaic,40.829947,-74.126657,geocoded_address,pending,medium,,,7.277477264404297,0.10500000000000001,1,0.175,1,0.345,1,6.0,,non_burnable,0.022222222222222223,3.0,0.0703125,4.0,0.12073732718894009,5.0,False
dc_df65c9139bfb,NJDC2 - 300 J F Kennedy Blvd,,unknown,operational,NJ,Hudson,40.777818,-74.075909,geocoded_address,pending,medium,,,7.277477264404297,0.10500000000000001,1,0.175,1,0.345,1,6.0,,non_burnable,0.022222222222222223,3.0,0.1640625,5.0,0.19631336405529953,5.0,False
dc_75f15cdb1182,BDC1 - 34 Saint Martin Dr,,unknown,operational,MA,Worcester,42.312902,-71.579257,geocoded_address,pending,medium,,,3.9847612380981445,0.07500000000000001,1,0.125,1,0.235,1,6.0,,non_burnable,0.6,3.0,0.5625,3.0,0.5142857142857142,3.0,False
dc_081751389720,PDC1 - 9999 Hamilton blvd,,unknown,operational,PA,Lehigh,40.544235,-75.655718,geocoded_address,pending,medium,,,10.801614761352539,0.065,1,0.11499999999999999,1,0.20500000000000002,1,6.0,,non_burnable,0.5111111111111111,2.0,0.30078125,2.0,0.26820276497695855,2.0,False
dc_c58b1b612021,PDC2 - 1000 Adams ave,,unknown,operational,PA,Montgomery,40.121801,-75.421011,geocoded_address,pending,medium,,,10.887083053588867,0.07500000000000001,1,0.135,1,0.255,1,6.0,,non_burnable,0.4,1.0,0.484375,1.0,0.4728110599078341,2.0,False
dc_7efbc943a5b5,PDC3 - 3949 Schelden Cir,,unknown,operational,PA,Northampton,40.675013,-75.378107,geocoded_address,pending,medium,,,10.55088996887207,0.065,1,0.11499999999999999,1,0.20500000000000002,1,6.0,,non_burnable,0.26666666666666666,3.0,0.3984375,3.0,0.2894009216589862,3.0,False
dc_194539a143f0,CDC1 - 350 E Cermak Rd,,unknown,operational,IL,Cook,41.853701,-87.618252,geocoded_address,pending,medium,,,16.118194580078125,0.035,1,0.055,1,0.095,1,6.0,,non_burnable,0.0,0.0,0.01171875,1.0,0.008294930875576038,1.0,False
dc_ad43d4cf1b08,CDC2 - 600 S Federal st,,unknown,operational,IL,Cook,41.874224,-87.629937,geocoded_address,pending,medium,,,16.118194580078125,0.035,1,0.055,1,0.095,1,6.0,,non_burnable,0.022222222222222223,1.0,0.0078125,1.0,0.010138248847926268,1.0,False
dc_037586104f46,CDC3 - 800 E Business Center Dr,,unknown,operational,IL,Cook,42.078055,-87.923547,geocoded_address,pending,medium,,,14.088419914245605,0.035,1,0.055,1,0.095,1,6.0,,non_burnable,0.0,0.0,0.09765625,1.0,0.19723502304147467,1.0,False
dc_6fa7f8a2244a,CDC4 - 1808 Swift Dr,,unknown,operational,IL,DuPage,41.854051,-87.920916,geocoded_address,pending,medium,,,16.118194580078125,0.035,1,0.055,1,0.10500000000000001,1,6.0,,non_burnable,0.15555555555555556,1.0,0.2109375,1.0,0.18064516129032257,1.0,False
dc_c160bcff218a,CDC5 - 2200 Busse Rd,,unknown,operational,IL,Cook,41.994269,-87.962053,geocoded_address,pending,medium,,,16.118194580078125,0.035,1,0.055,1,0.095,1,6.0,,non_burnable,0.022222222222222223,1.0,0.0234375,1.0,0.11428571428571428,1.0,False
dc_ec7f3d892327,MDC1 - 36 NE 2nd St,,unknown,operational,FL,Miami-Dade,25.776033,-80.193092,geocoded_address,CANDIDATE,medium,,,22.965288162231445,0.005,1,0.015,1,0.025,1,6.0,,non_burnable,0.022222222222222223,3.0,0.0234375,3.0,0.027649769585253458,3.0,False
dc_41ca0ce0a509,HDC1 - 108 Bank St,,unknown,operational,CT,Naugatuck Valley,41.554386,-73.041037,geocoded_address,CANDIDATE,medium,,,6.144979953765869,0.07500000000000001,1,0.125,1,0.245,1,6.0,,non_burnable,0.0,0.0,0.12109375,4.0,0.3880184331797235,4.0,False
dc_a9daac2a9bcf,"ColoSpace - Bedford, NH",,unknown,operational,NH,Hillsborough,42.928233,-71.463933,geocoded_address,pending,medium,,,3.484011173248291,0.095,1,0.165,1,0.325,1,6.0,,non_burnable,0.5111111111111111,2.0,0.40625,3.0,0.447926267281106,3.0,False
dc_9674a1042873,"ColoSpace - Waltham, MA",,unknown,operational,MA,Middlesex,42.399882,-71.253131,geocoded_address,pending,medium,,,3.3172669410705566,0.08499999999999999,1,0.14500000000000002,1,0.275,1,1.0,1.0,very_low,0.3333333333333333,3.0,0.3515625,3.0,0.4359447004608295,3.0,False
dc_fe6a5082e1a4,"ColoSpace - Rockland, MA",,unknown,operational,MA,Plymouth,42.166264,-70.898347,geocoded_address,pending,medium,,,2.8466084003448486,0.07500000000000001,1,0.125,1,0.225,1,6.0,,non_burnable,0.4444444444444444,3.0,0.50390625,3.0,0.543778801843318,3.0,False
dc_7371f6e88a78,"ColoSpace - Somerville, MA",,unknown,operational,MA,Middlesex,42.376703,-71.079763,geocoded_address,pending,medium,,,3.3172669410705566,0.08499999999999999,1,0.14500000000000002,1,0.275,1,6.0,,non_burnable,0.0,0.0,0.01171875,2.0,0.018433179723502304,3.0,False
dc_64078778e699,MI Tech - Main Campus,,unknown,operational,MI,Houghton,47.119532,-88.551329,geocoded_address,pending,medium,,,2.242445945739746,0.005,1,0.005,1,0.015,1,6.0,,non_burnable,0.2,1.0,0.5390625,2.0,0.6774193548387096,2.0,False
dc_57096ce99736,Crown Castle Hartford (960 Main),,unknown,operational,CT,Capitol,41.76818,-72.6726,geocoded_address,CANDIDATE,medium,,,4.7566447257995605,0.07500000000000001,1,0.11499999999999999,1,0.225,1,6.0,,non_burnable,0.0,0.0,0.0859375,3.0,0.21013824884792626,3.0,False
dc_f386ecfb7f09,Crown Castle Boston (1 Summer),,unknown,operational,MA,Suffolk,42.354692,-71.060266,geocoded_address,pending,medium,,,3.3172669410705566,0.08499999999999999,1,0.14500000000000002,1,0.275,1,6.0,,non_burnable,0.044444444444444446,3.0,0.0234375,3.0,0.012903225806451613,3.0,False
dc_4de2dac0b961,Crown Castle Springfield (1 Federal),,unknown,operational,MA,Hampden,42.109052,-72.576013,geocoded_address,pending,medium,,,5.542868614196777,0.065,1,0.10500000000000001,1,0.185,1,6.0,,non_burnable,0.06666666666666667,1.0,0.0859375,3.0,0.2184331797235023,3.0,False
dc_c67379e56350,Crown Castle Newark (165 Halsey),,unknown,operational,NJ,Essex,40.736844,-74.173402,geocoded_address,pending,medium,,,7.277477264404297,0.10500000000000001,1,0.175,1,0.345,1,6.0,,non_burnable,0.0,0.0,0.015625,4.0,0.060829493087557605,5.0,False
dc_0697d50df413,Crown Castle Providence (235 Promenade),,unknown,operational,RI,Providence,41.828542,-71.41934,geocoded_address,AMBIGUOUS,medium,,,2.800774097442627,0.065,1,0.10500000000000001,1,0.195,1,6.0,,non_burnable,0.0,0.0,0.01171875,3.0,0.06451612903225806,3.0,False
dc_3b40bd0e28a9,Crown Castle Chicago (725 S Wells),,unknown,operational,IL,Cook,41.872619,-87.633278,geocoded_address,pending,medium,,,16.118194580078125,0.035,1,0.055,1,0.095,1,6.0,,non_burnable,0.0,0.0,0.0078125,1.0,0.009216589861751152,1.0,False
dc_64fac6510bfa,Crown Castle Marlboro (34 St Martin),,unknown,operational,MA,Worcester,42.313247,-71.578316,geocoded_address,pending,medium,,,3.9847612380981445,0.07500000000000001,1,0.125,1,0.235,1,6.0,,non_burnable,0.6222222222222222,3.0,0.5625,3.0,0.5078341013824885,3.0,False
dc_e7bcef4e6ef3,Crown Castle Worcester (474 Main),,unknown,operational,MA,Worcester,42.262556,-71.802963,geocoded_address,pending,medium,,,3.9847612380981445,0.07500000000000001,1,0.11499999999999999,1,0.215,1,6.0,,non_burnable,0.0,0.0,0.046875,3.0,0.2184331797235023,3.0,False
dc_f16231684f36,Crown Castle New York (111 8th),,unknown,operational,NY,New York,40.741469,-74.003387,geocoded_address,pending,medium,,,7.277477264404297,0.095,1,0.175,1,0.335,1,6.0,,non_burnable,0.0,0.0,0.0078125,4.0,0.02857142857142857,5.0,False
dc_1976e66defac,Crown Castle Providence (300 Carpenter),,unknown,operational,RI,Providence,41.817911,-71.42888,geocoded_address,pending,medium,,,2.800774097442627,0.065,1,0.10500000000000001,1,0.195,1,6.0,,non_burnable,0.0,0.0,0.01171875,1.0,0.07649769585253456,3.0,False
dc_caa1e331d330,Crown Castle Columbus (101 E Town),,unknown,operational,OH,Franklin,39.958911,-82.996895,geocoded_address,pending,medium,,,14.319350242614746,0.035,1,0.055,1,0.095,1,6.0,,non_burnable,0.022222222222222223,1.0,0.01171875,1.0,0.08755760368663594,1.0,False
dc_8a0744087416,ManagedWay TYM1,,unknown,operational,MI,Oakland,42.537158,-83.099861,geocoded_address,pending,medium,,,19.283658981323242,0.025,1,0.045,1,0.08499999999999999,1,6.0,,non_burnable,0.06666666666666667,1.0,0.08984375,2.0,0.09953917050691244,2.0,False
dc_f1924a1f4658,ManagedWay TYM2,,unknown,operational,MI,Oakland,42.540615,-83.098459,geocoded_address,pending,medium,,,19.283658981323242,0.025,1,0.045,1,0.08499999999999999,1,6.0,,non_burnable,0.08888888888888889,1.0,0.0859375,2.0,0.10230414746543778,2.0,False
dc_83e9572d0746,ManagedWay BYK1,,unknown,operational,MI,Kent,42.825353,-85.672818,geocoded_address,pending,medium,,,10.852680206298828,0.025,1,0.035,1,0.065,1,6.0,,non_burnable,0.2222222222222222,2.0,0.30859375,2.0,0.3898617511520737,2.0,False
dc_e69a4d117f8d,ManagedWay SFJ1,,unknown,operational,MI,Oakland,42.471634,-83.238056,geocoded_address,pending,medium,,,17.9299373626709,0.025,1,0.045,1,0.095,1,6.0,,non_burnable,0.26666666666666666,2.0,0.1875,2.0,0.15391705069124423,2.0,False
dc_f9b72dde45d8,ManagedWay SFJ2,,unknown,operational,MI,Oakland,42.467059,-83.234759,geocoded_address,CANDIDATE,medium,,,17.9299373626709,0.025,1,0.045,1,0.095,1,6.0,,non_burnable,0.15555555555555556,2.0,0.203125,2.0,0.14193548387096774,2.0,False
dc_b24968196134,NWT Data Center,,unknown,operational,FL,Miami-Dade,25.775583,-80.188189,geocoded_address,pending,medium,,,22.965288162231445,0.005,1,0.015,1,0.025,1,6.0,,non_burnable,0.0,0.0,0.0234375,3.0,0.035023041474654376,3.0,False
dc_9ce7e28cd5d6,IM Datacenter,,unknown,operational,FL,Miami-Dade,25.776,-80.1931,geocoded_address,CANDIDATE,medium,,,22.965288162231445,0.005,1,0.015,1,0.025,1,6.0,,non_burnable,0.022222222222222223,3.0,0.0234375,3.0,0.027649769585253458,3.0,False
dc_d76a427d377e,Patmos KC1,,unknown,operational,MO,Jackson,39.097212,-94.567238,geocoded_address,pending,medium,,,20.675199508666992,0.025,1,0.045,1,0.07500000000000001,1,6.0,,non_burnable,0.0,0.0,0.0390625,3.0,0.06267281105990784,3.0,False
dc_3f97f56200be,CoreSite - Orlando (OR1),,colocation,operational,FL,Orange,28.427139,-81.419829,geocoded_address,pending,medium,,,30.065410614013672,0.015,1,0.015,1,0.035,1,6.0,,non_burnable,0.35555555555555557,4.0,0.3125,4.0,0.2709677419354839,5.0,False
dc_c31443bd7e5d,"DartPoints Cincinnati, OH - CVG1",,unknown,operational,OH,Hamilton,39.098228,-84.517483,geocoded_address,pending,medium,,,18.689889907836914,0.045,1,0.07500000000000001,1,0.125,1,6.0,,non_burnable,0.0,0.0,0.0859375,1.0,0.24331797235023042,1.0,False
dc_487092045130,TierPoint Allentown-TekPark,,colocation,operational,PA,Lehigh,40.544235,-75.655718,geocoded_address,pending,medium,,,10.801614761352539,0.065,1,0.11499999999999999,1,0.20500000000000002,1,6.0,,non_burnable,0.5111111111111111,2.0,0.30078125,2.0,0.26820276497695855,2.0,False
dc_5e85cebf311b,TierPoint Lehigh Valley,,colocation,operational,PA,Northampton,40.675013,-75.378107,geocoded_address,pending,medium,,,10.55088996887207,0.065,1,0.11499999999999999,1,0.20500000000000002,1,6.0,,non_burnable,0.26666666666666666,3.0,0.3984375,3.0,0.2894009216589862,3.0,False
dc_03a4e256150f,"DartPoints Asheville, NC - AVL1",,unknown,operational,NC,Buncombe,35.488154,-82.558062,geocoded_address,pending,medium,,,12.297951698303223,0.08499999999999999,1,0.14500000000000002,1,0.255,1,6.0,,non_burnable,0.6,4.0,0.6875,4.0,0.6764976958525346,4.0,False
dc_5a60b2d9349b,"DartPoints Greenville, SC - GSP1",,unknown,operational,SC,Greenville,34.807763,-82.34338,geocoded_address,pending,medium,,,14.185957908630371,0.07500000000000001,1,0.125,1,0.215,1,2.0,2.0,low,0.37777777777777777,3.0,0.49609375,3.0,0.3953917050691244,3.0,False
dc_6186c857fc4f,"DartPoints Columbia, SC - CAE1",,unknown,operational,SC,Richland,33.987661,-81.030715,geocoded_address,pending,medium,,,18.71799087524414,0.095,1,0.165,1,0.28500000000000003,1,6.0,,non_burnable,0.022222222222222223,3.0,0.13671875,4.0,0.21935483870967742,4.0,False
dc_d6d98ef855f4,"DartPoints Charleston, SC - CHS1",,unknown,operational,SC,Charleston,32.96496,-80.1013,geocoded_address,VERIFIED,medium,,,18.32156753540039,0.455,1,0.835,1,1.505,1,6.0,,non_burnable,0.5777777777777777,4.0,0.68359375,4.0,0.5456221198156682,4.0,False
dc_85dc506fa124,Hosted Backbone Richmond1,,unknown,operational,VA,Henrico,37.646784,-77.438443,geocoded_address,pending,medium,,,13.578962326049805,0.10500000000000001,1,0.195,1,0.375,1,6.0,,non_burnable,0.4666666666666667,2.0,0.5078125,2.0,0.48847926267281105,2.0,False
dc_5410c3966313,T5@Dallas,,unknown,operational,TX,Collin,33.064858,-96.810993,geocoded_address,pending,medium,,,19.147722244262695,0.025,1,0.045,1,0.07500000000000001,1,6.0,,non_burnable,0.06666666666666667,3.0,0.16796875,3.0,0.14654377880184333,3.0,False
dc_6b2ef030c33c,Digital Realty ATL (250 Williams),,colocation,operational,GA,Fulton,33.761611,-84.391309,geocoded_address,pending,medium,,,16.562829971313477,0.055,1,0.08499999999999999,1,0.14500000000000002,1,6.0,,non_burnable,0.0,0.0,0.01953125,3.0,0.16682027649769585,3.0,False
dc_3c15e6d243fd,Anexio NJ1,,unknown,operational,NJ,Middlesex,40.55734,-74.4844,geocoded_address,VERIFIED,medium,,,7.277477264404297,0.095,1,0.165,1,0.325,1,6.0,,non_burnable,0.3111111111111111,4.0,0.23828125,4.0,0.32534562211981566,4.0,False
dc_2e8f81227e3c,Anexio ACC5,,unknown,operational,VA,Loudoun,39.020131,-77.463206,geocoded_address,pending,medium,,,13.613815307617188,0.055,1,0.095,1,0.175,1,6.0,,non_burnable,0.17777777777777778,1.0,0.3359375,1.0,0.31336405529953915,1.0,False
dc_d5bc37668c90,Aecero - Orange County (SNA1),,unknown,operational,CA,Orange,33.848958,-117.971033,geocoded_address,pending,medium,,,0.6565972566604614,0.375,1,0.515,1,0.755,1,6.0,,non_burnable,0.022222222222222223,2.0,0.02734375,3.0,0.03963133640552995,3.0,False
dc_7259ff26155b,QuadraNet LAX,,unknown,operational,CA,Los Angeles,33.9464,-118.3936,geocoded_address,CANDIDATE,medium,,,0.3717229962348938,0.395,1,0.545,1,0.805,1,6.0,,non_burnable,0.0,0.0,0.0390625,2.0,0.03778801843317972,3.0,False
dc_ffd700f6d2ef,DataBank Atlanta (ATL2),,colocation,operational,GA,Fulton,33.733895,-84.425712,geocoded_address,pending,medium,,,16.562829971313477,0.055,1,0.08499999999999999,1,0.135,1,6.0,,non_burnable,0.1111111111111111,3.0,0.2578125,3.0,0.30230414746543777,3.0,False
dc_a8fff910467b,FirstLight Regen Hut,,unknown,operational,ME,Cumberland,43.658074,-70.29982,geocoded_address,UNRESOLVABLE,medium,,,2.118645191192627,0.07500000000000001,1,0.125,1,0.225,1,6.0,,non_burnable,0.17777777777777778,3.0,0.2265625,3.0,0.25622119815668204,3.0,False
dc_2d83d46863fc,Opus Interactive Portland (PDX01),,unknown,operational,OR,Multnomah,45.52306,-122.683661,geocoded_address,pending,medium,,,0.49183908104896545,0.165,1,0.275,1,0.455,1,6.0,,non_burnable,0.0,0.0,0.0703125,2.0,0.17327188940092167,3.0,False
dc_58ce7a0aa27d,Opus Interactive Hillsboro (HIO01),,unknown,operational,OR,Washington,45.5472,-122.89725,geocoded_address,VERIFIED,medium,,,0.49183908104896545,0.175,1,0.28500000000000003,1,0.46499999999999997,1,6.0,,non_burnable,0.044444444444444446,1.0,0.11328125,2.0,0.19447004608294932,2.0,False
dc_64a01d02406b,Opus Interactive Dallas (DTX01),,unknown,operational,TX,Dallas,32.778287,-96.7984,geocoded_address,pending,medium,,,18.841638565063477,0.025,1,0.035,1,0.065,1,6.0,,non_burnable,0.022222222222222223,2.0,0.09765625,3.0,0.14377880184331798,3.0,False
dc_bb41f7c6272c,Opus Interactive Silicon Valley (SJC01),,unknown,operational,CA,Santa Clara,37.402591,-121.893199,geocoded_address,CANDIDATE,medium,,,0.12219325453042984,0.645,1,0.845,1,1.1150000000000002,1,6.0,,non_burnable,0.0,0.0,0.01953125,3.0,0.12442396313364056,4.0,False
dc_2c9f0fdd6bd5,WhiteLabelITSolutions,,unknown,operational,NJ,Bergen,40.883258,-74.050276,geocoded_address,pending,medium,,,7.277477264404297,0.10500000000000001,1,0.175,1,0.345,1,6.0,,non_burnable,0.022222222222222223,4.0,0.0546875,5.0,0.12442396313364056,5.0,False
dc_5453a4c127bb,Bresco Broadband Data Center,,unknown,operational,OH,Franklin,39.959803,-82.988601,geocoded_address,pending,medium,,,14.319350242614746,0.035,1,0.055,1,0.095,1,6.0,,non_burnable,0.022222222222222223,1.0,0.02734375,1.0,0.08387096774193549,1.0,False
dc_ca9d0ab87d83,Continental Plaza,,unknown,operational,OH,Franklin,39.962785,-82.996184,geocoded_address,CANDIDATE,medium,,,14.319350242614746,0.035,1,0.055,1,0.095,1,6.0,,non_burnable,0.022222222222222223,1.0,0.01171875,1.0,0.08571428571428572,1.0,False
dc_7fabd1d8f84d,H5 Data Centers Secaucus (NJ01),,unknown,operational,NJ,Hudson,40.78387,-74.07545,geocoded_address,CANDIDATE,medium,,,7.277477264404297,0.10500000000000001,1,0.175,1,0.345,1,6.0,,non_burnable,0.06666666666666667,4.0,0.19140625,5.0,0.21013824884792626,5.0,False
dc_8d25991bfa8d,Element Critical  Austin AUS1,,unknown,operational,TX,Travis,30.3428,-97.6964,geocoded_address,VERIFIED,medium,,,13.630367279052734,0.015,1,0.015,1,0.035,1,6.0,,non_burnable,0.1111111111111111,3.0,0.1171875,3.0,0.17695852534562212,3.0,False
dc_4c67f29cb099,Tech Mahindra Cleveland,,unknown,operational,OH,Cuyahoga,41.49786,-81.693321,geocoded_address,CANDIDATE,medium,,,14.31541633605957,0.035,1,0.055,1,0.095,1,6.0,,non_burnable,0.022222222222222223,1.0,0.046875,1.0,0.03133640552995392,1.0,False
dc_2c7c11ab382b,Cologix MIN4,,colocation,operational,MN,Hennepin,44.971408,-93.25458,geocoded_address,pending,medium,,,10.622698783874512,0.005,1,0.015,1,0.025,1,6.0,,non_burnable,0.022222222222222223,1.0,0.015625,2.0,0.04976958525345622,2.0,False
dc_1e39597e7669,H5 Data Centers Nashville (TN01),,unknown,operational,TN,Davidson,36.162621,-86.776316,geocoded_address,pending,medium,,,16.571094512939453,0.08499999999999999,1,0.135,1,0.215,1,6.0,,non_burnable,0.0,0.0,0.01953125,1.0,0.1271889400921659,1.0,False
dc_667b43557d64,75 Broad Street,,unknown,operational,NY,New York,40.704435,-74.01149,geocoded_address,CANDIDATE,medium,,,7.277477264404297,0.095,1,0.175,1,0.325,1,6.0,,non_burnable,0.0,0.0,0.0078125,4.0,0.02857142857142857,5.0,False
dc_79d66f4fbbef,H5 Data Centers St. Louis (MO01),,unknown,operational,MO,St. Louis,38.632728,-90.195813,geocoded_address,pending,medium,,,15.06376838684082,0.165,1,0.265,1,0.455,1,6.0,,non_burnable,0.0,0.0,0.04296875,1.0,0.09308755760368663,1.0,False
dc_4485a73fc1d8,vXchnge Raleigh-Durham (NC01),,unknown,operational,NC,Durham,35.895769,-78.849214,geocoded_address,pending,medium,,,15.275832176208496,0.035,1,0.055,1,0.095,1,6.0,,non_burnable,0.6222222222222222,3.0,0.51953125,3.0,0.4949308755760369,3.0,False
dc_67ff6b9472eb,Evocative New York (JFK2),,unknown,operational,NY,Westchester,41.18114,-73.75511,geocoded_address,CANDIDATE,medium,,,6.558852672576904,0.095,1,0.165,1,0.325,1,6.0,,non_burnable,0.5333333333333333,4.0,0.73828125,4.0,0.7216589861751153,4.0,False
dc_3ca280f35beb,H5 Data Centers Pittsburgh (PA02),,unknown,operational,PA,Allegheny,40.452053,-79.980564,geocoded_address,pending,medium,,,12.357475280761719,0.025,1,0.045,1,0.07500000000000001,1,6.0,,non_burnable,0.06666666666666667,1.0,0.05859375,1.0,0.18617511520737326,1.0,False
dc_5a561854a759,Verizon Atlanta,,unknown,operational,GA,Fulton,33.727965,-84.417833,geocoded_address,pending,medium,,,16.562829971313477,0.055,1,0.08499999999999999,1,0.135,1,6.0,,non_burnable,0.1111111111111111,3.0,0.21484375,3.0,0.280184331797235,3.0,False
dc_739935478bcb,Centersquare Albuquerque (ABQ1),,colocation,operational,NM,Bernalillo,35.08659,-106.651287,geocoded_address,CANDIDATE,medium,,,9.913078308105469,0.055,1,0.095,1,0.175,1,6.0,,non_burnable,0.0,0.0,0.09375,3.0,0.1622119815668203,3.0,False
dc_583b75cdc1d2,Centersquare Atlanta (ATL1-A/B/C),,colocation,operational,GA,Douglas,33.744284,-84.581404,geocoded_address,VERIFIED,medium,,,17.153179168701172,0.055,1,0.08499999999999999,1,0.14500000000000002,1,6.0,,non_burnable,0.24444444444444444,3.0,0.25,3.0,0.4534562211981567,3.0,False
dc_e7c1247bfe63,Centersquare Boston (BOS1-A),,colocation,operational,MA,Middlesex,42.396785,-71.267452,geocoded_address,pending,medium,,,3.3172669410705566,0.08499999999999999,1,0.14500000000000002,1,0.275,1,6.0,,non_burnable,0.2222222222222222,3.0,0.4296875,3.0,0.5023041474654378,3.0,False
dc_8d868acd51ee,Consolidated - 770 Elm St.,,unknown,operational,NH,Hillsborough,42.989023,-71.46365,geocoded_address,pending,medium,,,3.484011173248291,0.095,1,0.165,1,0.315,1,6.0,,non_burnable,0.0,0.0,0.06640625,2.0,0.23225806451612904,2.0,False
dc_4290cc221459,Consolidated - 266 Main St.,,unknown,operational,VT,Chittenden,44.476496,-73.208582,geocoded_address,AMBIGUOUS,medium,,,5.822917461395264,0.095,1,0.155,1,0.275,1,6.0,,non_burnable,0.044444444444444446,1.0,0.20703125,2.0,0.3161290322580645,2.0,False
dc_81e63f1a603e,Consolidated - 45 Forest Ave.,,unknown,operational,ME,Cumberland,43.66578,-70.27613,geocoded_address,CANDIDATE,medium,,,2.118645191192627,0.07500000000000001,1,0.125,1,0.225,1,6.0,,non_burnable,0.022222222222222223,3.0,0.0703125,3.0,0.20276497695852536,3.0,False
dc_713ae9ff9f61,Switch Tahoe Reno,,colocation,operational,NV,Storey,39.5141,-119.4738,geocoded_address,VERIFIED,medium,,,1.336833119392395,0.20500000000000002,1,0.295,1,0.425,1,6.0,,non_burnable,0.8888888888888888,4.0,0.921875,5.0,0.9262672811059908,5.0,False
dc_7bac40f4748e,Sabey Intergate East Building 4,,unknown,operational,WA,King,47.493087,-122.293706,geocoded_address,pending,medium,,,0.46316325664520264,0.345,1,0.485,1,0.715,1,6.0,,non_burnable,0.044444444444444446,1.0,0.13671875,1.0,0.11705069124423963,1.0,False
dc_740a1ee8d789,Verus Corportation,,unknown,operational,MN,Anoka,45.124986,-93.2728,geocoded_address,pending,medium,,,10.388507843017578,0.005,1,0.015,1,0.025,1,6.0,,non_burnable,0.2222222222222222,2.0,0.23828125,2.0,0.27741935483870966,4.0,False
dc_95ab7384a93f,DataBank Dallas (DFW3),,colocation,operational,TX,Collin,33.085202,-96.812385,geocoded_address,CANDIDATE,medium,,,19.147722244262695,0.025,1,0.045,1,0.07500000000000001,1,6.0,,non_burnable,0.17777777777777778,2.0,0.13671875,3.0,0.1456221198156682,3.0,False
dc_e3304d66630f,DataBank Minneapolis (MSP1),,colocation,operational,MN,Hennepin,44.862766,-93.330405,geocoded_address,pending,medium,,,10.622698783874512,0.005,1,0.015,1,0.025,1,6.0,,non_burnable,0.08888888888888889,1.0,0.109375,2.0,0.2304147465437788,3.0,False
dc_04ef3d9451a0,DataBank Minneapolis (MSP2),,colocation,operational,MN,Dakota,44.838484,-93.145777,geocoded_address,pending,medium,,,10.622698783874512,0.005,1,0.015,1,0.025,1,6.0,,non_burnable,0.08888888888888889,1.0,0.19921875,1.0,0.3529953917050691,4.0,False
dc_80da332f0c37,DataBank Kansas City (MCI2),,colocation,operational,KS,Johnson,38.97526,-94.70892,geocoded_address,CANDIDATE,medium,,,20.538841247558594,0.025,1,0.045,1,0.07500000000000001,1,6.0,,non_burnable,0.06666666666666667,1.0,0.1171875,3.0,0.19170506912442398,3.0,False
dc_1b4424f5d12f,DataBank Cleveland (CLE1),,colocation,operational,OH,Cuyahoga,41.500691,-81.684135,geocoded_address,CANDIDATE,medium,,,14.61642074584961,0.035,1,0.055,1,0.095,1,6.0,,non_burnable,0.0,0.0,0.03515625,1.0,0.029493087557603687,1.0,False
dc_c6a7708cb1fd,DataBank Pittsburgh (PIT1),,colocation,operational,PA,Allegheny,40.451325,-80.005712,geocoded_address,CANDIDATE,medium,,,11.686223030090332,0.025,1,0.045,1,0.07500000000000001,1,6.0,,non_burnable,0.022222222222222223,1.0,0.0703125,1.0,0.19170506912442398,1.0,False
dc_f2375e9e8272,DataBank Salt Lake City (SLC1),,colocation,operational,UT,Salt Lake,40.768287,-111.885994,geocoded_address,CANDIDATE,medium,,,5.014902114868164,0.195,1,0.325,1,0.535,1,6.0,,non_burnable,0.0,0.0,0.0703125,2.0,0.22119815668202766,5.0,False
dc_5cb21e4f1f61,DataBank Salt Lake City (SLC2),,colocation,operational,UT,Salt Lake,40.480032,-111.904533,geocoded_address,pending,medium,,,4.538047790527344,0.165,1,0.275,1,0.455,1,6.0,,non_burnable,0.3111111111111111,3.0,0.37890625,5.0,0.4838709677419355,5.0,False
dc_89b2b8fe4327,DataBank Salt Lake City (SLC3),,colocation,operational,UT,Salt Lake,40.479891,-111.905781,geocoded_address,pending,medium,,,4.538047790527344,0.165,1,0.275,1,0.455,1,6.0,,non_burnable,0.2,3.0,0.37890625,5.0,0.48202764976958523,5.0,False
dc_a1a5838a60ca,Smartcom Telephone (MCAL2),,unknown,operational,TX,Hidalgo,26.203611,-98.225848,geocoded_address,pending,medium,,,9.652347564697266,0.015,1,0.025,1,0.055,1,6.0,,non_burnable,0.0,0.0,0.0234375,4.0,0.10783410138248847,4.0,False
dc_93c731f0d49a,Smartcom Telephone (MCAL1),,unknown,operational,TX,Hidalgo,26.203638,-98.225835,geocoded_address,pending,medium,,,9.652347564697266,0.015,1,0.025,1,0.055,1,6.0,,non_burnable,0.0,0.0,0.0234375,4.0,0.10783410138248847,4.0,False
dc_7aae4d4abf47,TierPoint Dallas2 - Allen,,colocation,operational,TX,Collin,33.13593,-96.66089,geocoded_address,VERIFIED,medium,,,19.147722244262695,0.025,1,0.045,1,0.07500000000000001,1,6.0,,non_burnable,0.24444444444444444,2.0,0.3125,3.0,0.25990783410138246,3.0,False
dc_e815cc10857f,TierPoint Jacksonville,,colocation,operational,FL,Duval,30.216587,-81.581459,geocoded_address,pending,medium,,,23.808124542236328,0.025,1,0.035,1,0.065,1,6.0,,non_burnable,0.26666666666666666,3.0,0.35546875,3.0,0.3400921658986175,4.0,False
dc_165b15e48a25,Equinix DE1 - Denver,,colocation,operational,CO,Arapahoe,39.58737,-104.8763,geocoded_address,CANDIDATE,medium,,,10.969576835632324,0.045,1,0.07500000000000001,1,0.14500000000000002,1,6.0,,non_burnable,0.044444444444444446,3.0,0.16796875,4.0,0.30230414746543777,4.0,False
dc_d62273c68978,EDCDET01,,unknown,operational,MI,Oakland,42.448537,-83.261226,geocoded_address,pending,medium,,,17.9299373626709,0.025,1,0.045,1,0.095,1,6.0,,non_burnable,0.3333333333333333,2.0,0.28515625,2.0,0.19631336405529953,2.0,False
dc_e1ff79fe6a61,Fireline Broadband,,unknown,operational,CA,Los Angeles,33.94835,-118.07316,geocoded_address,CANDIDATE,medium,,,0.3717229962348938,0.435,1,0.605,1,0.875,1,6.0,,non_burnable,0.022222222222222223,3.0,0.0234375,4.0,0.029493087557603687,4.0,False
dc_551d1055ddc3,LightEdge Kansas City Subtropolis (KCI1),,unknown,operational,MO,Clay,39.159195,-94.471237,geocoded_address,UNRESOLVABLE,medium,,,19.850067138671875,0.025,1,0.045,1,0.07500000000000001,1,1.0,1.0,very_low,0.26666666666666666,2.0,0.28515625,3.0,0.3861751152073733,3.0,False
dc_c71975653c6c,LightEdge Omaha (OMA1),,unknown,operational,NE,Sarpy,41.158303,-96.026596,geocoded_address,CANDIDATE,medium,,,15.336313247680664,0.015,1,0.025,1,0.045,1,6.0,,non_burnable,0.3333333333333333,3.0,0.1953125,3.0,0.22764976958525346,4.0,False
dc_9b54779dc33d,Quest Roseville,,unknown,operational,CA,Placer,38.791,-121.317,geocoded_address,CANDIDATE,medium,,,0.568257212638855,0.11499999999999999,1,0.155,1,0.215,1,6.0,,non_burnable,0.3333333333333333,3.0,0.30078125,4.0,0.36129032258064514,4.0,False
dc_7019d4a4257b,MDC Laredo,,unknown,operational,TX,Webb,27.690636,-99.450354,geocoded_address,pending,medium,,,10.668778419494629,0.015,1,0.025,1,0.035,1,6.0,,non_burnable,0.3111111111111111,1.0,0.65234375,1.0,0.8764976958525346,1.0,False
dc_90539e96965d,Cogent New York 1,,unknown,operational,NY,New York,40.705,-74.014,geocoded_address,CANDIDATE,medium,,,7.277477264404297,0.095,1,0.175,1,0.325,1,6.0,,non_burnable,0.0,0.0,0.0078125,4.0,0.029493087557603687,5.0,False
dc_374a8dbdef04,CyrusOne Sterling V,,colocation,operational,VA,Loudoun,39.027202,-77.435827,geocoded_address,AMBIGUOUS,medium,,,13.613815307617188,0.055,1,0.095,1,0.175,1,1.0,1.0,very_low,0.4444444444444444,1.0,0.30078125,1.0,0.32903225806451614,1.0,False
dc_1c34e69b8d80,Coloblox Data Centers ATL2,,unknown,operational,GA,Fulton,33.755474,-84.391094,geocoded_address,CANDIDATE,medium,,,16.562829971313477,0.055,1,0.08499999999999999,1,0.14500000000000002,1,6.0,,non_burnable,0.0,0.0,0.01171875,3.0,0.1631336405529954,3.0,False
dc_5108e71bb3f6,"Equinix BO2 - Boston, Billerica",,colocation,operational,MA,Middlesex,42.551527,-71.217522,geocoded_address,CANDIDATE,medium,,,3.484011173248291,0.095,1,0.165,1,0.315,1,6.0,,non_burnable,0.4,3.0,0.37890625,3.0,0.3824884792626728,3.0,False
dc_8454f89ad7f5,Digital Realty SJC (3205 Alfred St),,colocation,operational,CA,Santa Clara,37.379576,-121.958562,geocoded_address,pending,medium,,,0.12219325453042984,0.545,1,0.695,1,0.915,1,6.0,,non_burnable,0.0,0.0,0.03125,3.0,0.060829493087557605,4.0,False
dc_5901d49adbc4,Digital Realty SJC (3105 Alfred St),,colocation,operational,CA,Santa Clara,37.378271,-121.958112,geocoded_address,pending,medium,,,0.12219325453042984,0.545,1,0.695,1,0.915,1,6.0,,non_burnable,0.0,0.0,0.03125,3.0,0.05898617511520737,4.0,False
dc_67ad37b81af1,Digital Realty SJC (3011 Lafayette St),,colocation,operational,CA,Santa Clara,37.376362,-121.948543,geocoded_address,pending,medium,,,0.12219325453042984,0.565,1,0.725,1,0.945,1,6.0,,non_burnable,0.0,0.0,0.0390625,3.0,0.054377880184331796,4.0,False
dc_ad3f1c9b17f1,Digital Realty SJC (1725 Comstock St),,colocation,operational,CA,Santa Clara,37.375034,-121.958096,geocoded_address,pending,medium,,,0.12219325453042984,0.545,1,0.705,1,0.915,1,6.0,,non_burnable,0.0,0.0,0.0234375,3.0,0.052534562211981564,4.0,False
dc_d677d70d3c7b,Digital Realty SJC (1525 Comstock St),,colocation,operational,CA,Santa Clara,37.37493,-121.956008,geocoded_address,pending,medium,,,0.12219325453042984,0.555,1,0.705,1,0.925,1,6.0,,non_burnable,0.0,0.0,0.0234375,3.0,0.052534562211981564,4.0,False
dc_6db1673e46d6,Digital Realty SJC (1500 Space Park Dr),,colocation,operational,CA,Santa Clara,37.375801,-121.955182,geocoded_address,pending,medium,,,0.12219325453042984,0.555,1,0.705,1,0.925,1,6.0,,non_burnable,0.0,0.0,0.03125,3.0,0.052534562211981564,4.0,False
dc_e3eb86c1081a,Digital Realty SJC (1201 Comstock St),,colocation,operational,CA,Santa Clara,37.37498,-121.954079,geocoded_address,pending,medium,,,0.12219325453042984,0.555,1,0.705,1,0.935,1,6.0,,non_burnable,0.0,0.0,0.03125,3.0,0.04976958525345622,4.0,False
dc_73878c244253,Digital Realty IAD (44100 Digital Loudoun),,colocation,operational,VA,Loudoun,39.001128,-77.479043,geocoded_address,CANDIDATE,medium,,,13.613815307617188,0.055,1,0.095,1,0.175,1,6.0,,non_burnable,0.5555555555555556,1.0,0.41015625,1.0,0.3529953917050691,1.0,False
dc_864daa63b839,H5 Data Centers Virginia (4030),,unknown,operational,VA,Fairfax,38.910141,-77.472549,geocoded_address,pending,medium,,,13.629328727722168,0.065,1,0.095,1,0.175,1,6.0,,non_burnable,0.3333333333333333,1.0,0.51953125,1.0,0.4838709677419355,1.0,False
dc_9b958c018393,43915 Devin Shafron,,unknown,operational,VA,Loudoun,39.002814,-77.481851,geocoded_address,pending,medium,,,13.613815307617188,0.055,1,0.095,1,0.175,1,6.0,,non_burnable,0.5111111111111111,1.0,0.39453125,1.0,0.3576036866359447,1.0,False
dc_7538b0a42bca,Digital Realty IAD (43881 Devin Shafron),,colocation,operational,VA,Loudoun,39.002034,-77.483444,geocoded_address,pending,medium,,,13.613815307617188,0.055,1,0.095,1,0.175,1,6.0,,non_burnable,0.5111111111111111,1.0,0.40625,1.0,0.3576036866359447,1.0,False
dc_54b013b60906,Digital Realty IAD (43791 Devin Shafron),,colocation,operational,VA,Loudoun,39.003285,-77.487214,geocoded_address,pending,medium,,,13.613815307617188,0.055,1,0.095,1,0.175,1,6.0,,non_burnable,0.4444444444444444,1.0,0.37890625,1.0,0.3649769585253456,1.0,False
dc_64527d47d8c6,Digital Realty IAD (43830 Devin Shafron),,colocation,operational,VA,Loudoun,39.004182,-77.484108,geocoded_address,pending,medium,,,13.613815307617188,0.055,1,0.095,1,0.175,1,6.0,,non_burnable,0.4666666666666667,1.0,0.390625,1.0,0.3548387096774194,1.0,False
dc_bdff878de982,Digital Realty IAD (44060 Digital Loudoun),,colocation,operational,VA,Loudoun,39.001795,-77.47841,geocoded_address,AMBIGUOUS,medium,,,13.613815307617188,0.055,1,0.095,1,0.175,1,6.0,,non_burnable,0.6222222222222222,1.0,0.40625,1.0,0.35023041474654376,1.0,False
dc_33e94a939c1b,Digital Realty IAD (44490 Chilum),,colocation,operational,VA,Loudoun,39.021667,-77.459578,geocoded_address,VERIFIED,medium,,,13.613815307617188,0.055,1,0.095,1,0.175,1,6.0,,non_burnable,0.2222222222222222,1.0,0.34375,1.0,0.31889400921658984,1.0,False
dc_f2ddfa4dc87b,Digital Realty IAD (44520 Hastings),,colocation,operational,VA,Loudoun,39.020372,-77.459125,geocoded_address,pending,medium,,,13.613815307617188,0.055,1,0.095,1,0.175,1,6.0,,non_burnable,0.1111111111111111,1.0,0.33203125,1.0,0.31889400921658984,1.0,False
dc_af951740e7e1,Digital Realty IAD (21625 Gresham),,colocation,operational,VA,Loudoun,39.017522,-77.465676,geocoded_address,pending,medium,,,13.613815307617188,0.055,1,0.095,1,0.175,1,6.0,,non_burnable,0.1111111111111111,1.0,0.3515625,1.0,0.3244239631336406,1.0,False
dc_f173d04f46e2,Digital Realty IAD (21745 Sir Timothy),,colocation,operational,VA,Loudoun,39.014286,-77.466327,geocoded_address,pending,medium,,,13.613815307617188,0.055,1,0.095,1,0.175,1,6.0,,non_burnable,0.17777777777777778,1.0,0.35546875,1.0,0.3262672811059908,1.0,False
dc_1e1101b5f2d2,Digital Realty IAD (1780 Business Center),,colocation,operational,VA,Fairfax,38.948482,-77.327203,geocoded_address,pending,medium,,,13.629328727722168,0.055,1,0.095,1,0.175,1,6.0,,non_burnable,0.4444444444444444,1.0,0.4921875,1.0,0.5668202764976958,1.0,False
dc_d0750011f8b2,Digital Realty GNV (8217 Linton Hall),,colocation,operational,VA,Prince William,38.77782,-77.59529,geocoded_address,VERIFIED,medium,,,12.71955680847168,0.065,1,0.10500000000000001,1,0.185,1,6.0,,non_burnable,0.4222222222222222,2.0,0.41015625,2.0,0.4792626728110599,2.0,False
dc_7dd700f2302b,Digital Realty CLT (113 N Myers St),,colocation,operational,NC,Mecklenburg,35.221402,-80.835538,geocoded_address,CANDIDATE,medium,,,14.088505744934082,0.055,1,0.095,1,0.155,1,6.0,,non_burnable,0.022222222222222223,2.0,0.06640625,4.0,0.22027649769585253,4.0,False
dc_879b2f39f650,Digital Realty EWR (2 Peekay),,colocation,operational,NJ,Passaic,40.832,-74.1237,geocoded_address,CANDIDATE,medium,,,7.277477264404297,0.10500000000000001,1,0.175,1,0.345,1,6.0,,non_burnable,0.0,0.0,0.05078125,4.0,0.10783410138248847,5.0,False
dc_7f78d28d21cc,Aphorio Carter Trumbull Data Center,,unknown,operational,CT,Greater Bridgeport,41.240684,-73.147321,geocoded_address,pending,medium,,,5.519350051879883,0.07500000000000001,1,0.135,1,0.245,1,6.0,,non_burnable,0.4,3.0,0.46484375,3.0,0.4165898617511521,3.0,False
dc_46a9ac21e607,Digital Realty Boston BOS13 (closed),,colocation,operational,MA,Middlesex,42.51235,-71.236851,geocoded_address,pending,medium,,,3.484011173248291,0.095,1,0.155,1,0.305,1,6.0,,non_burnable,0.37777777777777777,3.0,0.33203125,3.0,0.39262672811059907,3.0,False
dc_7a668eda7453,Digital Realty AUS (7500 Metro Center Dr),,colocation,operational,TX,Travis,30.212217,-97.695701,geocoded_address,VERIFIED,medium,,,13.630367279052734,0.015,1,0.015,1,0.035,1,6.0,,non_burnable,0.3333333333333333,3.0,0.33203125,3.0,0.45714285714285713,3.0,False
dc_1040e7bc3ee5,Jaguar Communications,,unknown,operational,MN,Steele,44.083125,-93.228236,geocoded_address,pending,medium,,,10.475512504577637,0.005,1,0.015,1,0.025,1,6.0,,non_burnable,0.2,1.0,0.22265625,1.0,0.24976958525345622,1.0,False
dc_0f8e04f8093f,Cogent Seattle,,unknown,operational,WA,King,47.31176,-122.294551,geocoded_address,pending,medium,,,0.46316325664520264,0.335,1,0.46499999999999997,1,0.675,1,6.0,,non_burnable,0.26666666666666666,1.0,0.28125,1.0,0.2571428571428571,1.0,False
dc_5dc1ed2d15ae,Cogent Herndon,,unknown,operational,VA,Fairfax,38.962883,-77.380442,geocoded_address,pending,medium,,,13.629328727722168,0.055,1,0.095,1,0.175,1,6.0,,non_burnable,0.17777777777777778,1.0,0.19140625,1.0,0.31336405529953915,1.0,False
dc_65708f50b372,Burbank Water and Power,,unknown,operational,CA,Los Angeles,34.17856,-118.316386,geocoded_address,CANDIDATE,medium,,,0.5556319355964661,0.475,1,0.635,1,0.875,1,6.0,,non_burnable,0.022222222222222223,3.0,0.01953125,4.0,0.3096774193548387,5.0,False
dc_d6b549083307,Flexential - Atlanta/Alpharetta (ATL3/4),,colocation,operational,GA,Fulton,34.08716,-84.252346,geocoded_address,pending,medium,,,16.0975399017334,0.065,1,0.10500000000000001,1,0.165,1,6.0,,non_burnable,0.3333333333333333,3.0,0.375,3.0,0.37327188940092165,3.0,False
dc_f90876e9d8ae,Flexential - Louisville/Downtown (LOU02/03/04),,colocation,operational,KY,Jefferson,38.242458,-85.733412,geocoded_address,pending,medium,,,13.915719032287598,0.065,1,0.095,1,0.165,1,6.0,,non_burnable,0.044444444444444446,1.0,0.10546875,1.0,0.1640552995391705,1.0,False
dc_2d3d06e9ea7a,Flexential - Louisville/East (LOU5),,colocation,operational,KY,Jefferson,38.275674,-85.507183,geocoded_address,CANDIDATE,medium,,,13.915719032287598,0.065,1,0.095,1,0.155,1,6.0,,non_burnable,0.24444444444444444,1.0,0.48828125,1.0,0.5152073732718894,1.0,False
dc_5057b853b06b,Flexential - Nashville/Brentwood (NAS01/04),,colocation,operational,TN,Williamson,35.972453,-86.808748,geocoded_address,pending,medium,,,16.486181259155273,0.08499999999999999,1,0.135,1,0.215,1,6.0,,non_burnable,0.3111111111111111,1.0,0.49609375,1.0,0.5834101382488479,1.0,False
dc_03c1a9199b8c,Flexential - Nashville/Cool Springs (NAS02/03),,colocation,operational,TN,Williamson,35.951091,-86.833251,geocoded_address,pending,medium,,,16.486181259155273,0.08499999999999999,1,0.135,1,0.225,1,6.0,,non_burnable,0.3333333333333333,1.0,0.35546875,1.0,0.5152073732718894,1.0,False
dc_5b48930dcb41,Flexential - Nashville/Franklin (NAS05/06),,colocation,operational,TN,Williamson,35.92028,-86.815618,geocoded_address,pending,medium,,,16.486181259155273,0.08499999999999999,1,0.135,1,0.215,1,6.0,,non_burnable,0.37777777777777777,1.0,0.34765625,1.0,0.5032258064516129,1.0,False
dc_19f4861e9a91,Flexential - Raleigh (RAL01/02/03),,colocation,operational,NC,Wake,35.84984,-78.829017,geocoded_address,pending,medium,,,15.275832176208496,0.035,1,0.055,1,0.095,1,6.0,,non_burnable,0.4222222222222222,3.0,0.4765625,3.0,0.47557603686635946,3.0,False
dc_5998861d7b2d,Flexential - Tampa/West (TPA01/02),,colocation,operational,FL,Hillsborough,28.03698,-82.54105,geocoded_address,CANDIDATE,medium,,,24.239770889282227,0.005,1,0.015,1,0.035,1,6.0,,non_burnable,0.3333333333333333,3.0,0.26953125,4.0,0.2543778801843318,4.0,False
dc_6cd417b4303c,Flexential - Tampa/North (TPA03),,colocation,operational,FL,Hillsborough,28.074222,-82.368201,geocoded_address,pending,medium,,,28.979448318481445,0.005,1,0.015,1,0.035,1,3.0,3.0,moderate,0.6222222222222222,4.0,0.64453125,4.0,0.5981566820276498,5.0,False
dc_70517ce6c585,Colocation Northwest - Tacoma,,unknown,operational,WA,Pierce,47.253339,-122.436765,geocoded_address,pending,medium,,,0.46316325664520264,0.345,1,0.475,1,0.685,1,6.0,,non_burnable,0.0,0.0,0.015625,2.0,0.05806451612903226,2.0,False
dc_5721d1182d99,"702 Communications - Moorhead, MN",,unknown,operational,MN,Clay,46.874078,-96.769171,geocoded_address,pending,medium,,,7.952457904815674,0.005,1,0.015,1,0.035,1,6.0,,non_burnable,0.13333333333333333,1.0,0.125,1.0,0.19170506912442398,2.0,False
dc_c481a23e5621,Data Center West Medford,,unknown,operational,OR,Jackson,42.332451,-122.880416,geocoded_address,pending,medium,,,1.3978122472763062,0.10500000000000001,1,0.175,1,0.305,1,6.0,,non_burnable,0.022222222222222223,4.0,0.10546875,4.0,0.35391705069124424,4.0,False
dc_7f5f90e935c4,H5 Data Centers Albuquerque,,unknown,operational,NM,Bernalillo,35.088399,-106.65223,geocoded_address,CANDIDATE,medium,,,9.913078308105469,0.055,1,0.095,1,0.175,1,6.0,,non_burnable,0.0,0.0,0.09375,3.0,0.16866359447004609,3.0,False
dc_732615ae8393,EdgeConneX Miami (EDCMIA02),,colocation,operational,FL,Miami-Dade,25.945524,-80.191391,geocoded_address,pending,medium,,,22.965288162231445,0.005,1,0.015,1,0.025,1,6.0,,non_burnable,0.044444444444444446,2.0,0.04296875,2.0,0.10599078341013825,2.0,False
dc_4ee36820cdbd,QTS Ashburn (ASH1),,colocation,operational,VA,Loudoun,38.99957,-77.45017,geocoded_address,VERIFIED,medium,,,13.629328727722168,0.055,1,0.095,1,0.175,1,6.0,,non_burnable,0.4222222222222222,1.0,0.33984375,1.0,0.3317972350230415,1.0,False
dc_1cab594215d1,WowRack,,unknown,operational,WA,King,47.49312,-122.293712,geocoded_address,pending,medium,,,0.46316325664520264,0.345,1,0.485,1,0.715,1,6.0,,non_burnable,0.044444444444444446,1.0,0.13671875,1.0,0.11705069124423963,1.0,False
dc_5fef38fd6a16,Digital Realty IAD 39 (44274 Round Table),,colocation,operational,TX,Dallas,39.0076364,-77.4674725,geocoded_address,CANDIDATE,medium,,,13.613815307617188,0.055,1,0.095,1,0.175,1,6.0,,non_burnable,0.5111111111111111,1.0,0.375,1.0,0.33548387096774196,1.0,False
dc_50b6ee35fe1a,CyrusOne Dallas (Allen),,colocation,operational,TX,Collin,33.13863,-96.65976,geocoded_address,CANDIDATE,medium,,,19.147722244262695,0.025,1,0.045,1,0.07500000000000001,1,6.0,,non_burnable,0.26666666666666666,2.0,0.34765625,3.0,0.2672811059907834,3.0,False
dc_93e321876bc3,"Lawton Information Services, LLC",,unknown,operational,FL,Polk,27.958465,-81.965329,geocoded_address,pending,medium,,,32.345985412597656,0.005,1,0.015,1,0.035,1,6.0,,non_burnable,0.4222222222222222,4.0,0.44140625,4.0,0.5271889400921659,5.0,False
dc_2dcf536a9c38,CentriLogic Rochester (ROC),,unknown,operational,NY,Monroe,43.167127,-77.673029,geocoded_address,pending,medium,,,5.931025981903076,0.035,1,0.055,1,0.095,1,6.0,,non_burnable,0.15555555555555556,3.0,0.203125,4.0,0.22580645161290322,4.0,False
dc_81488b0d568f,CentriLogic Buffalo (BUF),,unknown,operational,NY,Erie,42.884112,-78.875431,geocoded_address,pending,medium,,,8.291032791137695,0.025,1,0.045,1,0.095,1,6.0,,non_burnable,0.0,0.0,0.04296875,3.0,0.06581740976645435,4.0,False
dc_d26ec4045e7e,X2nSat Petaluma,,unknown,operational,CA,Sonoma,38.275227,-122.666142,geocoded_address,CANDIDATE,medium,,,0.09727353602647781,0.485,1,0.635,1,0.855,1,6.0,,non_burnable,0.28888888888888886,3.0,0.5625,4.0,0.6193548387096774,4.0,False
dc_ba3321bb1d05,TRG Datacenters Houston (HOU1) (HOU2),,unknown,operational,TX,Harris,30.065987,-95.459024,geocoded_address,pending,medium,,,22.235015869140625,0.015,1,0.025,1,0.045,1,6.0,,non_burnable,0.2,3.0,0.203125,3.0,0.271889400921659,3.0,False
dc_9bae8815eb40,TierPoint St. Louis - Walnut,,colocation,operational,MO,St. Louis,38.625536,-90.195238,geocoded_address,pending,medium,,,15.06376838684082,0.165,1,0.265,1,0.455,1,6.0,,non_burnable,0.022222222222222223,1.0,0.05859375,1.0,0.08294930875576037,1.0,False
dc_cd1b4830cc8b,Wave Data Centers San Francisco,,unknown,operational,CA,San Francisco,37.72386,-122.3978,geocoded_address,VERIFIED,medium,,,0.09281287342309952,0.535,1,0.705,1,0.955,1,6.0,,non_burnable,0.044444444444444446,2.0,0.09375,3.0,0.10046082949308756,4.0,False
dc_a0ba79ee7b3b,Equinix HO1 - Houston,,colocation,operational,TX,Harris,29.9358,-95.36435,geocoded_address,pending,medium,,,20.972787857055664,0.015,1,0.025,1,0.045,1,6.0,,non_burnable,0.06666666666666667,2.0,0.2109375,3.0,0.21935483870967742,3.0,False
dc_e2ea0f2d5fa5,TierPoint Baltimore,,colocation,operational,MD,Baltimore,39.27541,-76.625461,geocoded_address,pending,medium,,,14.052087783813477,0.055,1,0.095,1,0.165,1,6.0,,non_burnable,0.022222222222222223,1.0,0.04296875,1.0,0.09400921658986175,1.0,False
dc_630579405647,Aunalytics Kalamazoo Datacenter,,unknown,operational,MI,Kalamazoo,42.246545,-85.675111,geocoded_address,pending,medium,,,13.854702949523926,0.025,1,0.045,1,0.08499999999999999,1,6.0,,non_burnable,0.28888888888888886,2.0,0.52734375,2.0,0.5456221198156682,2.0,False
dc_bac0d40c168b,Serverfarm ATL1 Atlanta,,unknown,operational,GA,Gwinnett,34.036063,-84.063817,geocoded_address,pending,medium,,,16.0975399017334,0.065,1,0.095,1,0.155,1,6.0,,non_burnable,0.37777777777777777,3.0,0.359375,3.0,0.3797235023041475,3.0,False
dc_3e26e88eb51b,ScaleMatrix Charlotte Data Center US-East 01,,unknown,operational,NC,Mecklenburg,35.173088,-80.927807,geocoded_address,pending,medium,,,14.088505744934082,0.065,1,0.095,1,0.155,1,6.0,,non_burnable,0.7111111111111111,4.0,0.58984375,4.0,0.4608294930875576,4.0,False
dc_3e5cc95a0f6d,Serverfarm TiTAN Moses Lake,,unknown,operational,WA,Grant,47.181497,-119.3215,geocoded_address,pending,medium,,,1.351249098777771,0.065,1,0.095,1,0.155,1,6.0,,non_burnable,0.24444444444444444,1.0,0.33984375,3.0,0.48294930875576036,4.0,False
dc_0a9668a7af4c,Serverfarm CH2 Oak Brook / Chicago,,unknown,operational,IL,DuPage,41.845343,-87.941522,geocoded_address,pending,medium,,,16.118194580078125,0.035,1,0.055,1,0.10500000000000001,1,6.0,,non_burnable,0.4888888888888889,1.0,0.2421875,1.0,0.2184331797235023,1.0,False
dc_37ea6db27be4,ServerFarm SC1,,unknown,operational,CA,Santa Clara,37.407382,-121.965885,geocoded_address,pending,medium,,,0.12219325453042984,0.525,1,0.675,1,0.885,1,6.0,,non_burnable,0.26666666666666666,3.0,0.16796875,3.0,0.15299539170506912,4.0,False
dc_bfc2d08370f4,CoreSite - Reston (VA3),,colocation,operational,VA,Fairfax,38.948941,-77.371495,geocoded_address,pending,medium,,,13.629328727722168,0.055,1,0.095,1,0.175,1,6.0,,non_burnable,0.24444444444444444,1.0,0.23828125,1.0,0.376036866359447,1.0,False
dc_f8e77a5485b8,Peace Communications NSH2,,unknown,operational,TN,Davidson,36.103326,-86.668932,geocoded_address,pending,medium,,,16.571094512939453,0.08499999999999999,1,0.135,1,0.20500000000000002,1,6.0,,non_burnable,0.5111111111111111,1.0,0.47265625,1.0,0.4433179723502304,1.0,False
dc_74a33a13576f,INOC Albany (11 North Pearl St),,unknown,operational,NY,Albany,42.650137,-73.752435,geocoded_address,CANDIDATE,medium,,,8.666078567504883,0.055,1,0.08499999999999999,1,0.155,1,6.0,,non_burnable,0.08888888888888889,3.0,0.1640625,4.0,0.3548387096774194,4.0,False
dc_257a1a9f40c2,INOC Albany (4 Tower Pl),,unknown,operational,NY,Albany,42.686106,-73.84255,geocoded_address,pending,medium,,,8.666078567504883,0.055,1,0.08499999999999999,1,0.155,1,3.0,3.0,moderate,0.2222222222222222,4.0,0.40234375,4.0,0.42857142857142855,4.0,False
dc_23e3d9344ea5,OzarksGo Fayetteville,,unknown,operational,AR,Washington,36.077952,-94.212464,geocoded_address,pending,medium,,,21.55832290649414,0.055,1,0.08499999999999999,1,0.135,1,2.0,2.0,low,0.28888888888888886,2.0,0.5390625,2.0,0.6230414746543779,3.0,False
dc_5801df70eb41,Subrigo LAX11,,unknown,operational,CA,Los Angeles,34.047741,-118.256095,geocoded_address,CANDIDATE,medium,,,0.5556319355964661,0.445,1,0.605,1,0.855,1,6.0,,non_burnable,0.0,0.0,0.00390625,4.0,0.03317972350230415,4.0,False
dc_828f6330155e,Subrigo DET11,,unknown,operational,MI,Oakland,42.471612,-83.238138,geocoded_address,pending,medium,,,17.9299373626709,0.025,1,0.045,1,0.095,1,6.0,,non_burnable,0.26666666666666666,2.0,0.1875,2.0,0.15391705069124423,2.0,False
dc_fb7b3b72a5bc,JAX NAP,,unknown,operational,FL,Duval,30.331375,-81.662322,geocoded_address,pending,medium,,,23.808124542236328,0.025,1,0.035,1,0.065,1,6.0,,non_burnable,0.044444444444444446,3.0,0.06640625,3.0,0.10691244239631337,3.0,False
dc_f7c3855e08a9,Simple Helix,,unknown,operational,AL,Madison,34.745454,-86.691888,geocoded_address,pending,medium,,,18.687423706054688,0.08499999999999999,1,0.125,1,0.20500000000000002,1,1.0,1.0,very_low,0.4,2.0,0.421875,2.0,0.3723502304147465,2.0,False
dc_36a3c1c1f362,RACK59 Data Center,,unknown,operational,OK,Oklahoma,35.466279,-97.64893,geocoded_address,CANDIDATE,medium,,,18.828590393066406,0.045,1,0.08499999999999999,1,0.175,1,6.0,,non_burnable,0.15555555555555556,1.0,0.31640625,1.0,0.24516129032258063,1.0,False
dc_b013e69db6d4,IP Pathways DSM1,,unknown,operational,IA,Polk,41.627549,-93.767761,geocoded_address,CANDIDATE,medium,,,14.173967361450195,0.015,1,0.025,1,0.045,1,6.0,,non_burnable,0.13333333333333333,1.0,0.25390625,1.0,0.22304147465437787,1.0,False
dc_be110fe76f32,TulsaConnect DC3,,unknown,operational,OK,Tulsa,36.098083,-95.839889,geocoded_address,pending,medium,,,21.064456939697266,0.035,1,0.055,1,0.095,1,6.0,,non_burnable,0.24444444444444444,1.0,0.21484375,1.0,0.24976958525345622,2.0,False
dc_50d4b0564dea,QX.Net Lexington,,unknown,operational,KY,Fayette,38.04783,-84.500067,geocoded_address,CANDIDATE,medium,,,12.141342163085938,0.055,1,0.08499999999999999,1,0.14500000000000002,1,6.0,,non_burnable,0.022222222222222223,1.0,0.07421875,1.0,0.21013824884792626,1.0,False
dc_81bf17999a6f,Evocative ATL1,,unknown,operational,GA,Fulton,33.761505,-84.39141,geocoded_address,pending,medium,,,16.562829971313477,0.055,1,0.08499999999999999,1,0.14500000000000002,1,6.0,,non_burnable,0.0,0.0,0.01953125,3.0,0.16682027649769585,3.0,False
dc_984b3aec7ac9,NJFX,,unknown,operational,NJ,Monmouth,40.16059,-74.052962,geocoded_address,pending,medium,,,6.169474124908447,0.07500000000000001,1,0.135,1,0.255,1,6.0,,non_burnable,0.3333333333333333,4.0,0.32421875,4.0,0.30046082949308756,4.0,False
dc_a0de6177fed5,LightWave Networks,,unknown,operational,MA,Norfolk,42.302267,-71.219577,geocoded_address,pending,medium,,,3.3172669410705566,0.07500000000000001,1,0.135,1,0.255,1,6.0,,non_burnable,0.1111111111111111,3.0,0.265625,3.0,0.3548387096774194,3.0,False
dc_d74048d15a6b,LightEdge Austin 2 (AUS2),,unknown,operational,TX,Travis,30.20048,-97.70727,geocoded_address,VERIFIED,medium,,,13.630367279052734,0.015,1,0.015,1,0.035,1,6.0,,non_burnable,0.28888888888888886,3.0,0.453125,3.0,0.4599078341013825,4.0,False
dc_8ce3e4ffe880,Coloblox Data Centers ATL3,,unknown,operational,GA,Cobb,33.887451,-84.467834,geocoded_address,pending,medium,,,16.562829971313477,0.065,1,0.095,1,0.155,1,6.0,,non_burnable,0.08888888888888889,3.0,0.28515625,3.0,0.43870967741935485,3.0,False
dc_6450f5a2d7fb,InterConnX Realty,,unknown,operational,TX,Harris,29.754605,-95.369869,geocoded_address,pending,medium,,,20.972787857055664,0.015,1,0.025,1,0.045,1,6.0,,non_burnable,0.0,0.0,0.0,0.0,0.025806451612903226,2.0,False
dc_9c88fb61b0b7,NYI NY2 (60 Hudson Street),,unknown,operational,NY,New York,40.717729,-74.008306,geocoded_address,pending,medium,,,7.277477264404297,0.095,1,0.175,1,0.335,1,6.0,,non_burnable,0.0,0.0,0.00390625,4.0,0.02857142857142857,5.0,False
dc_398612fa21ca,365 Data Centers Bridgewater (BW1),,unknown,operational,NJ,Somerset,40.58144,-74.573881,geocoded_address,pending,medium,,,8.329419136047363,0.095,1,0.165,1,0.315,1,4.0,4.0,high,0.4222222222222222,4.0,0.45703125,4.0,0.48847926267281105,4.0,False
dc_c2fe624e0003,COPT DC-6,,unknown,operational,VA,Prince William,38.747611,-77.53198,geocoded_address,CANDIDATE,medium,,,12.71955680847168,0.065,1,0.10500000000000001,1,0.185,1,6.0,,non_burnable,0.5111111111111111,2.0,0.41796875,2.0,0.4147465437788018,2.0,False
dc_b0c57c44b511,Encompass New York 111 8th Ave,,unknown,operational,NY,New York,40.741469,-74.003387,geocoded_address,pending,medium,,,7.277477264404297,0.095,1,0.175,1,0.335,1,6.0,,non_burnable,0.0,0.0,0.0078125,4.0,0.02857142857142857,5.0,False
dc_d4f724bf0b85,Element Critical Northern Virginia VA1,,unknown,operational,VA,Fairfax,38.908613,-77.220473,geocoded_address,pending,medium,,,13.629328727722168,0.055,1,0.095,1,0.165,1,6.0,,non_burnable,0.1111111111111111,1.0,0.25390625,1.0,0.31797235023041476,1.0,False
dc_f58af64586a4,Cloudpath CT1 (26 Fahey St),,unknown,operational,CT,Western Connecticut,41.091604,-73.516758,geocoded_address,pending,medium,,,6.558852672576904,0.08499999999999999,1,0.155,1,0.295,1,6.0,,non_burnable,0.3333333333333333,4.0,0.44921875,4.0,0.41751152073732717,4.0,False
dc_3afc967d9d1a,365 Data Centers Herndon (VA1),,unknown,operational,VA,Fairfax,38.9328,-77.4273,geocoded_address,CANDIDATE,medium,,,13.629328727722168,0.055,1,0.095,1,0.175,1,6.0,,non_burnable,0.3333333333333333,1.0,0.34375,1.0,0.3529953917050691,1.0,False
dc_6306dacb193a,Iron Mountain Data Center - Boston (BOS-1),,colocation,operational,MA,Worcester,42.340622,-71.639811,geocoded_address,pending,medium,,,3.9847612380981445,0.07500000000000001,1,0.125,1,0.235,1,6.0,,non_burnable,0.6444444444444445,3.0,0.60546875,3.0,0.623963133640553,3.0,False
dc_69e23360ffac,Iron Mountain Data Center - Western Pennsylvania (WPA-1),,colocation,operational,PA,Butler,41.092096,-79.912188,geocoded_address,pending,medium,,,11.683257102966309,0.025,1,0.045,1,0.07500000000000001,1,1.0,1.0,very_low,0.8444444444444444,1.0,0.83203125,1.0,0.8709677419354839,1.0,False
dc_f7e77aebe39c,Iron Mountain Data Center - Kansas City (KCM-1),,colocation,operational,MO,Jackson,39.010862,-94.501281,geocoded_address,UNRESOLVABLE,medium,,,20.675199508666992,0.025,1,0.045,1,0.07500000000000001,1,6.0,,non_burnable,0.5777777777777777,3.0,0.51171875,3.0,0.4248847926267281,3.0,False
dc_ea29c9c9ca57,Iron Mountain Data Center - Manassas (VA-2),,colocation,operational,VA,Prince William,38.77323,-77.5418,geocoded_address,CANDIDATE,medium,,,12.71955680847168,0.065,1,0.10500000000000001,1,0.185,1,1.0,1.0,very_low,0.3111111111111111,2.0,0.3671875,2.0,0.42764976958525347,2.0,False
dc_5454e38d3adb,SFN MN-Albert Lea,,unknown,operational,MN,Freeborn,43.633435,-93.383825,geocoded_address,pending,medium,,,10.165365219116211,0.015,1,0.015,1,0.025,1,6.0,,non_burnable,0.6222222222222222,2.0,0.2890625,2.0,0.29861751152073734,2.0,False
dc_b0e5e2338d19,H5 Data Centers Cincinnati,,unknown,operational,OH,Hamilton,39.097935,-84.524095,geocoded_address,pending,medium,,,18.689889907836914,0.045,1,0.07500000000000001,1,0.125,1,6.0,,non_burnable,0.022222222222222223,1.0,0.078125,1.0,0.2608294930875576,1.0,False
dc_6fdf64f1f69a,ColoCrossing BUF1,,unknown,operational,NY,Erie,42.893049,-78.875318,geocoded_address,pending,medium,,,8.291032791137695,0.025,1,0.045,1,0.095,1,6.0,,non_burnable,0.022222222222222223,3.0,0.04296875,3.0,0.06557377049180328,4.0,False
dc_59230c71f261,ColoCrossing SJ1,,unknown,operational,CA,Santa Clara,37.334508,-121.89143,geocoded_address,CANDIDATE,medium,,,0.12219325453042984,0.655,1,0.865,1,1.145,1,6.0,,non_burnable,0.022222222222222223,4.0,0.03125,4.0,0.047926267281105994,4.0,False
dc_6be6451b0bd2,ColoCrossing SEA1,,unknown,operational,WA,King,47.49312,-122.293712,geocoded_address,pending,medium,,,0.46316325664520264,0.345,1,0.485,1,0.715,1,6.0,,non_burnable,0.044444444444444446,1.0,0.13671875,1.0,0.11705069124423963,1.0,False
dc_9277151d2171,ColoCrossing NJ1,,unknown,operational,NJ,Middlesex,40.558035,-74.48942,geocoded_address,VERIFIED,medium,,,7.277477264404297,0.095,1,0.165,1,0.325,1,2.0,2.0,low,0.4444444444444444,4.0,0.23046875,4.0,0.3327188940092166,4.0,False
dc_1419d45e56a4,ColoCrossing LA1,,unknown,operational,CA,Los Angeles,34.048222,-118.254575,geocoded_address,CANDIDATE,medium,,,0.5556319355964661,0.445,1,0.605,1,0.855,1,6.0,,non_burnable,0.0,0.0,0.00390625,4.0,0.03686635944700461,4.0,False
dc_e6c4c8934f01,ColoCrossing DFW1,,unknown,operational,TX,Dallas,32.807888,-96.857296,geocoded_address,pending,medium,,,18.841638565063477,0.025,1,0.035,1,0.065,1,6.0,,non_burnable,0.15555555555555556,2.0,0.2109375,3.0,0.22119815668202766,3.0,False
dc_c0dc6dafc51e,ColoCrossing CHI1,,unknown,operational,IL,Cook,41.994256,-87.961965,geocoded_address,pending,medium,,,16.118194580078125,0.035,1,0.055,1,0.095,1,6.0,,non_burnable,0.022222222222222223,1.0,0.0234375,1.0,0.11428571428571428,1.0,False
dc_7284cc251f4e,Peer-Point Colocation,,unknown,operational,FL,Miami-Dade,25.767923,-80.19032,geocoded_address,CANDIDATE,medium,,,22.965288162231445,0.005,1,0.015,1,0.025,1,6.0,,non_burnable,0.022222222222222223,3.0,0.01171875,3.0,0.03870967741935484,3.0,False
dc_ddb7e68d3679,Heyburn Building,,unknown,operational,KY,Jefferson,38.245944,-85.757291,geocoded_address,CANDIDATE,medium,,,13.915719032287598,0.065,1,0.10500000000000001,1,0.165,1,6.0,,non_burnable,0.0,0.0,0.0234375,1.0,0.09861751152073733,1.0,False
dc_2f27232ab9dd,Lunavi - Cheyenne,,unknown,operational,WY,Laramie,41.129714,-104.741612,geocoded_address,pending,medium,,,9.383162498474121,0.045,1,0.07500000000000001,1,0.14500000000000002,1,1.0,1.0,very_low,0.6,2.0,0.6015625,2.0,0.6451612903225806,3.0,False
dc_8ab8ca86bd41,SFN IA-Emery,,unknown,operational,IA,Cerro Gordo,43.132695,-93.27891,geocoded_address,pending,medium,,,8.832541465759277,0.015,1,0.015,1,0.035,1,1.0,1.0,very_low,0.15555555555555556,1.0,0.1875,1.0,0.1640552995391705,1.0,False
dc_9bfe6733e707,UPX Miami,,unknown,operational,FL,Miami-Dade,25.932848,-80.121136,geocoded_address,UNRESOLVABLE,medium,,,22.965288162231445,0.005,1,0.015,1,0.025,1,7.0,,water,0.06666666666666667,1.0,0.1015625,3.0,0.12987012987012986,3.0,True
dc_4c9033aaa0e5,AiNET WDC11,,unknown,operational,MD,Prince George's,39.101551,-76.84789,geocoded_address,CANDIDATE,medium,,,14.052087783813477,0.055,1,0.095,1,0.165,1,6.0,,non_burnable,0.13333333333333333,1.0,0.2734375,1.0,0.46728110599078343,2.0,False
dc_dd717d06043b,AiNET MD-300L,,unknown,operational,MD,Baltimore,39.291653,-76.619739,geocoded_address,CANDIDATE,medium,,,14.052087783813477,0.055,1,0.095,1,0.175,1,6.0,,non_burnable,0.0,0.0,0.01953125,1.0,0.08847926267281106,1.0,False
dc_d7293cd91449,AiNET MD-790R,,unknown,operational,MD,Anne Arundel,39.13848,-76.605528,geocoded_address,AMBIGUOUS,medium,,,14.052087783813477,0.055,1,0.08499999999999999,1,0.155,1,6.0,,non_burnable,0.28888888888888886,1.0,0.3125,1.0,0.40368663594470044,1.0,False
dc_857c2235de8a,AiNET DC-900S,,unknown,operational,DC,District of Columbia,38.90101,-77.003861,geocoded_address,pending,medium,,,13.629328727722168,0.055,1,0.08499999999999999,1,0.155,1,6.0,,non_burnable,0.0,0.0,0.01953125,2.0,0.10875576036866359,2.0,False
dc_f34b6043d4fd,RagingWire VA3 - NTT,,colocation,operational,VA,Loudoun,39.019293,-77.470655,geocoded_address,pending,medium,,,13.613815307617188,0.055,1,0.095,1,0.175,1,6.0,,non_burnable,0.06666666666666667,1.0,0.328125,1.0,0.31889400921658984,1.0,False
dc_8e268643b2bf,RagingWire VA2 - NTT,,colocation,operational,VA,Loudoun,39.02489,-77.457559,geocoded_address,pending,medium,,,13.613815307617188,0.055,1,0.095,1,0.175,1,6.0,,non_burnable,0.2222222222222222,1.0,0.30859375,1.0,0.3216589861751152,1.0,False
dc_b9ee518385d3,Colocation Northwest - Bellevue,,unknown,operational,WA,King,47.583534,-122.134492,geocoded_address,pending,medium,,,0.6047859191894531,0.325,1,0.455,1,0.665,1,6.0,,non_burnable,0.2222222222222222,1.0,0.1640625,1.0,0.19907834101382488,1.0,False
dc_122d26c60fe0,Colocation Northwest - Redmond,,unknown,operational,WA,King,47.632512,-122.138538,geocoded_address,pending,medium,,,0.6047859191894531,0.315,1,0.445,1,0.655,1,6.0,,non_burnable,0.044444444444444446,1.0,0.08203125,1.0,0.1935483870967742,1.0,False
dc_3dc0f4451cf1,Colocation Northwest - Seattle,,unknown,operational,WA,King,47.614347,-122.338883,geocoded_address,pending,medium,,,0.6047859191894531,0.345,1,0.485,1,0.705,1,6.0,,non_burnable,0.0,0.0,0.00390625,1.0,0.041474654377880185,1.0,False
dc_3c06c3237ab7,Colocation Northwest - South Hill,,unknown,operational,WA,Pierce,47.1554,-122.28017,geocoded_address,CANDIDATE,medium,,,0.46316325664520264,0.305,1,0.415,1,0.605,1,6.0,,non_burnable,0.28888888888888886,2.0,0.1796875,2.0,0.30230414746543777,2.0,False
dc_63d292808da8,Digital Realty CHI (505 N Railroad),,colocation,operational,IL,Cook,41.920267,-87.912334,geocoded_address,pending,medium,,,16.118194580078125,0.035,1,0.055,1,0.095,1,6.0,,non_burnable,0.044444444444444446,1.0,0.05859375,1.0,0.05898617511520737,1.0,False
dc_ec4c14283b81,Wnet Telecom USA,,unknown,operational,NY,Kings,40.597568,-73.994831,geocoded_address,CANDIDATE,medium,,,6.484174728393555,0.095,1,0.165,1,0.305,1,6.0,,non_burnable,0.0,0.0,0.02734375,5.0,0.014746543778801843,5.0,False
dc_3b978cea1326,CoreSite - Atlanta (AT2),,colocation,operational,GA,Cobb,33.925548,-84.481654,geocoded_address,pending,medium,,,16.562829971313477,0.065,1,0.095,1,0.155,1,6.0,,non_burnable,0.26666666666666666,3.0,0.33984375,3.0,0.391705069124424,3.0,False
dc_205214f38282,Centersquare Los Angeles (LAX4),,colocation,operational,CA,Los Angeles,33.92441,-118.32016,geocoded_address,CANDIDATE,medium,,,0.3717229962348938,0.395,1,0.555,1,0.805,1,6.0,,non_burnable,0.15555555555555556,3.0,0.0390625,3.0,0.023963133640552997,3.0,False
dc_5155a7762cb7,Centersquare Los Angeles (LAX5),,colocation,operational,CA,Orange,33.68484,-117.83684,geocoded_address,VERIFIED,medium,,,0.6565972566604614,0.315,1,0.425,1,0.615,1,6.0,,non_burnable,0.022222222222222223,2.0,0.0625,3.0,0.10599078341013825,4.0,False
dc_14483ad203a0,Centersquare Atlanta (ATL1-D),,colocation,operational,GA,Douglas,33.744326,-84.581852,geocoded_address,pending,medium,,,17.153179168701172,0.055,1,0.08499999999999999,1,0.14500000000000002,1,6.0,,non_burnable,0.24444444444444444,3.0,0.25,3.0,0.4534562211981567,3.0,False
dc_2f5dcb1f11e8,Centersquare Chicago (ORD4),,colocation,operational,IL,DuPage,41.802407,-88.094656,geocoded_address,pending,medium,,,17.22007942199707,0.035,1,0.055,1,0.10500000000000001,1,6.0,,non_burnable,0.13333333333333333,1.0,0.25,1.0,0.29308755760368665,1.0,False
dc_5c57ba7c00e3,Centersquare Boston (BOS4-A),,colocation,operational,MA,Middlesex,42.365768,-71.158084,geocoded_address,AMBIGUOUS,medium,,,3.3172669410705566,0.08499999999999999,1,0.14500000000000002,1,0.275,1,6.0,,non_burnable,0.022222222222222223,2.0,0.06640625,3.0,0.09493087557603687,3.0,False
dc_ca70c0deb389,Centersquare Dallas (DFW2),,colocation,operational,TX,Collin,42.4731,-96.6837,geocoded_address,VERIFIED,medium,,,16.473613739013672,0.015,1,0.035,1,0.065,1,6.0,,non_burnable,0.13333333333333333,4.0,0.125,4.0,0.1889400921658986,4.0,False
dc_68edd4e8e2ac,Centersquare Dallas (DFW3),,colocation,operational,TX,Dallas,32.91035,-96.87404,geocoded_address,CANDIDATE,medium,,,18.841638565063477,0.025,1,0.035,1,0.065,1,6.0,,non_burnable,0.08888888888888889,2.0,0.1015625,3.0,0.1271889400921659,3.0,False
dc_8a7de1e6b962,Centersquare Northern Virginia (IAD4),,colocation,operational,VA,Loudoun,39.021941,-77.453284,geocoded_address,pending,medium,,,13.613815307617188,0.055,1,0.095,1,0.175,1,6.0,,non_burnable,0.3111111111111111,1.0,0.3125,1.0,0.3225806451612903,1.0,False
dc_7aabaf75c3ad,UnReal Servers,,unknown,operational,MO,Clay,39.132777,-94.580381,geocoded_address,CANDIDATE,medium,,,20.675199508666992,0.025,1,0.045,1,0.07500000000000001,1,6.0,,non_burnable,0.044444444444444446,2.0,0.09765625,2.0,0.1400921658986175,3.0,False
dc_1d1ff5972873,Level(3) Raleigh,,unknown,operational,NC,Wake,35.854381,-78.597011,geocoded_address,pending,medium,,,15.275832176208496,0.035,1,0.055,1,0.095,1,6.0,,non_burnable,0.26666666666666666,3.0,0.25390625,3.0,0.3953917050691244,3.0,False
dc_b2f8b3f3db48,Border Crossing Pop 1,,unknown,operational,CA,San Diego,32.544028,-117.027372,geocoded_address,pending,medium,,,0.6888867616653442,0.225,1,0.305,1,0.445,1,3.0,3.0,moderate,0.7083333333333334,3.0,0.6428571428571429,4.0,0.4329710144927536,4.0,False
dc_6c109172a8d5,Lincoln Rackhouse Dallas,,unknown,operational,TX,Collin,33.015496,-96.766132,geocoded_address,pending,medium,,,19.147722244262695,0.025,1,0.045,1,0.065,1,6.0,,non_burnable,0.06666666666666667,2.0,0.08203125,2.0,0.10783410138248847,3.0,False
dc_6d88b75bdb12,Lincoln Rackhouse Silver Spring,,unknown,operational,MD,Montgomery,39.058289,-76.964548,geocoded_address,pending,medium,,,14.052087783813477,0.055,1,0.095,1,0.165,1,6.0,,non_burnable,0.2222222222222222,1.0,0.40234375,1.0,0.480184331797235,1.0,False
dc_35337c131c2a,Smart City Telecom Maitland Colo,,unknown,operational,FL,Orange,28.638819,-81.39965,geocoded_address,pending,medium,,,28.079456329345703,0.015,1,0.025,1,0.035,1,6.0,,non_burnable,0.15555555555555556,3.0,0.23828125,3.0,0.26820276497695855,4.0,False
dc_2d29a4e427b4,Volt Modesto,,unknown,operational,CA,Stanislaus,37.641953,-121.00224,geocoded_address,pending,medium,,,0.31928586959838867,0.175,1,0.235,1,0.325,1,6.0,,non_burnable,0.0,0.0,0.11328125,4.0,0.19815668202764977,4.0,False
dc_ebb75c83c360,Lumen Norfolk,,colocation,operational,VA,Norfolk,36.878851,-76.221387,geocoded_address,pending,medium,,,11.459922790527344,0.035,1,0.045,1,0.08499999999999999,1,6.0,,non_burnable,0.2,1.0,0.1640625,1.0,0.19262672811059908,2.0,False
dc_2457668a558c,Globalinx Virginia Beach CLS,,unknown,operational,VA,Virginia Beach,36.785084,-76.008306,geocoded_address,CANDIDATE,medium,,,11.459922790527344,0.025,1,0.045,1,0.07500000000000001,1,6.0,,non_burnable,0.24444444444444444,1.0,0.36328125,4.0,0.40829493087557606,4.0,False
dc_38197c1f3767,"Equinix SE4 - Seattle, Kent",,colocation,operational,WA,King,47.420105,-122.248282,geocoded_address,CANDIDATE,medium,,,0.46316325664520264,0.345,1,0.485,1,0.705,1,6.0,,non_burnable,0.0,0.0,0.17578125,1.0,0.18986175115207374,1.0,False
dc_66e8fa6175af,Evocative DAL6,,unknown,operational,TX,Collin,33.0156,-96.76844,geocoded_address,CANDIDATE,medium,,,19.147722244262695,0.025,1,0.045,1,0.065,1,6.0,,non_burnable,0.06666666666666667,2.0,0.07421875,2.0,0.11152073732718894,3.0,False
dc_9a635f7f4c1f,WēConnect Westerville,,unknown,operational,OH,Franklin,40.123627,-82.943999,geocoded_address,pending,medium,,,14.810942649841309,0.035,1,0.055,1,0.095,1,6.0,,non_burnable,0.28888888888888886,1.0,0.3125,1.0,0.25622119815668204,1.0,False
dc_1459b4e7eef5,TSR Solutions Data Center,,unknown,operational,WI,Milwaukee,43.0389885,-87.9069379,geocoded_address,CANDIDATE,medium,,,8.040300369262695,0.015,1,0.035,1,0.055,1,6.0,,non_burnable,0.022222222222222223,1.0,0.0234375,1.0,0.034101382488479264,1.0,False
dc_9b95847ef56f,DC BLOX HSV1 - DCBLOX Huntsville,,unknown,operational,AL,Madison,34.7098,-86.6929,geocoded_address,VERIFIED,medium,,,18.687423706054688,0.08499999999999999,1,0.125,1,0.20500000000000002,1,6.0,,non_burnable,0.37777777777777777,2.0,0.44921875,2.0,0.480184331797235,2.0,False
dc_4d97600c0104,DC BLOX BHM1 - DCBLOX Birmingham,,unknown,operational,AL,Jefferson,33.500687,-86.821105,geocoded_address,VERIFIED,medium,,,19.824186325073242,0.065,1,0.11499999999999999,1,0.195,1,6.0,,non_burnable,0.022222222222222223,2.0,0.078125,4.0,0.1391705069124424,4.0,False
dc_faf2065fd962,DC BLOX ATL1 - DCBLOX Atlanta,,unknown,operational,GA,DeKalb,33.832314,-84.339042,geocoded_address,CANDIDATE,medium,,,16.562829971313477,0.055,1,0.08499999999999999,1,0.14500000000000002,1,6.0,,non_burnable,0.13333333333333333,3.0,0.2890625,3.0,0.3695852534562212,3.0,False
dc_2546bb57a1b3,TurnKey Internet - CA,,unknown,operational,CA,Los Angeles,34.048222,-118.254575,geocoded_address,CANDIDATE,medium,,,0.5556319355964661,0.445,1,0.605,1,0.855,1,6.0,,non_burnable,0.0,0.0,0.00390625,4.0,0.03686635944700461,4.0,False
dc_d3a8a17157cf,TurnKey Internet - DR,,unknown,operational,NY,Albany,42.64957,-73.75262,geocoded_address,CANDIDATE,medium,,,8.666078567504883,0.055,1,0.08499999999999999,1,0.155,1,6.0,,non_burnable,0.08888888888888889,3.0,0.1640625,4.0,0.3548387096774194,4.0,False
dc_7d3c86a321c9,Cogent Albany,,unknown,operational,NY,Albany,42.64957,-73.75262,geocoded_address,CANDIDATE,medium,,,8.666078567504883,0.055,1,0.08499999999999999,1,0.155,1,6.0,,non_burnable,0.08888888888888889,3.0,0.1640625,4.0,0.3548387096774194,4.0,False
dc_b21478932c0d,Lumen New York,,colocation,operational,NY,New York,40.751657,-74.007158,geocoded_address,pending,medium,,,7.277477264404297,0.10500000000000001,1,0.175,1,0.335,1,6.0,,non_burnable,0.0,0.0,0.01171875,4.0,0.04884792626728111,5.0,False
dc_b630100d026f,TierPoint Omaha - Bellevue,,colocation,operational,NE,Sarpy,41.178209,-95.924766,geocoded_address,pending,medium,,,17.158601760864258,0.015,1,0.025,1,0.045,1,6.0,,non_burnable,0.37777777777777777,3.0,0.4453125,4.0,0.35391705069124424,5.0,False
dc_cb3651da3ba0,Planet Networks Newton Datacenter,,unknown,operational,NJ,Sussex,41.058209,-74.75396,geocoded_address,pending,medium,,,8.918730735778809,0.07500000000000001,1,0.135,1,0.245,1,6.0,,non_burnable,0.37777777777777777,4.0,0.6484375,4.0,0.7972350230414746,4.0,False
dc_3c91f82abab9,Xfernet LAX01,,unknown,operational,CA,Los Angeles,34.06172,-118.29302,geocoded_address,CANDIDATE,medium,,,0.5556319355964661,0.435,1,0.595,1,0.845,1,6.0,,non_burnable,0.0,0.0,0.00390625,2.0,0.017511520737327188,4.0,False
dc_cfa299c09d66,SFN IA-IowaFalls,,unknown,operational,IA,Hardin,42.55655,-93.25919,geocoded_address,CANDIDATE,medium,,,9.590970039367676,0.015,1,0.025,1,0.035,1,1.0,1.0,very_low,0.044444444444444446,1.0,0.05859375,1.0,0.10783410138248847,1.0,False
dc_1e995f203458,"702 Communications - Fargo, ND",,unknown,operational,ND,Cass,46.864784,-96.832308,geocoded_address,pending,medium,,,7.952457904815674,0.005,1,0.015,1,0.035,1,6.0,,non_burnable,0.0,0.0,0.0546875,1.0,0.13179723502304147,1.0,False
dc_a7acec8d7af4,NYI CH1 (800 Jorie Blvd),,unknown,operational,IL,DuPage,41.845343,-87.941522,geocoded_address,pending,medium,,,16.118194580078125,0.035,1,0.055,1,0.10500000000000001,1,6.0,,non_burnable,0.4888888888888889,1.0,0.2421875,1.0,0.2184331797235023,1.0,False
dc_0378cf1ad710,Neutron - Spokane,,unknown,operational,WA,Spokane,47.6583,-117.4191,geocoded_address,CANDIDATE,medium,,,2.4368741512298584,0.035,1,0.055,1,0.095,1,6.0,,non_burnable,0.022222222222222223,3.0,0.04296875,4.0,0.18433179723502305,4.0,False
dc_03a9959da784,EdgeConneX Hillsboro (EDCPOR02),,colocation,operational,OR,Washington,45.548296,-122.907473,geocoded_address,AMBIGUOUS,medium,,,0.49183908104896545,0.175,1,0.28500000000000003,1,0.46499999999999997,1,6.0,,non_burnable,0.022222222222222223,1.0,0.1171875,2.0,0.2064516129032258,2.0,False
dc_924c700670ac,EdgeConneX Atlanta (EDCATL02),,colocation,operational,GA,Fulton,33.731803,-84.423585,geocoded_address,pending,medium,,,16.562829971313477,0.055,1,0.08499999999999999,1,0.135,1,6.0,,non_burnable,0.15555555555555556,3.0,0.234375,3.0,0.29493087557603687,3.0,False
dc_88c1a3921ea5,Racksquared Data Centers,,unknown,operational,OH,Franklin,39.9669,-82.9928,geocoded_address,CANDIDATE,medium,,,14.319350242614746,0.035,1,0.055,1,0.095,1,6.0,,non_burnable,0.022222222222222223,1.0,0.01953125,1.0,0.08110599078341015,1.0,False
dc_3c5de49118a8,Unwired FAT1 - Fresno Colocation,,unknown,operational,CA,Fresno,36.846165,-119.799363,geocoded_address,pending,medium,,,0.5898231267929077,0.175,1,0.245,1,0.355,1,3.0,3.0,moderate,0.044444444444444446,3.0,0.14453125,4.0,0.23778801843317973,4.0,False
dc_1b48e32e32a9,RagingWire VA4 - NTT,,colocation,operational,VA,Loudoun,39.019293,-77.470655,geocoded_address,pending,medium,,,13.613815307617188,0.055,1,0.095,1,0.175,1,6.0,,non_burnable,0.06666666666666667,1.0,0.328125,1.0,0.31889400921658984,1.0,False
dc_63477d7fddc5,SFN IA-Davenport,,unknown,operational,IA,Scott,41.548129,-90.621185,geocoded_address,pending,medium,,,10.213614463806152,0.025,1,0.045,1,0.07500000000000001,1,1.0,1.0,very_low,0.24444444444444444,1.0,0.31640625,1.0,0.2571428571428571,2.0,False
dc_020b4e91299a,SFN IA-Waterloo,,unknown,operational,IA,Black Hawk,42.488836,-92.330614,geocoded_address,UNRESOLVABLE,medium,,,9.094491958618164,0.015,1,0.025,1,0.045,1,6.0,,non_burnable,0.044444444444444446,1.0,0.125,1.0,0.26175115207373273,3.0,False
dc_e0deb5a5797a,"DartPoints Spartanburg, SC - SPA1",,unknown,operational,SC,Spartanburg,34.99596,-82.03468,geocoded_address,VERIFIED,medium,,,14.185957908630371,0.07500000000000001,1,0.11499999999999999,1,0.195,1,6.0,,non_burnable,0.6444444444444445,3.0,0.61328125,3.0,0.6331797235023041,3.0,False
dc_b0bc13ad8190,"DartPoints Columbus, IN - CLU1",,unknown,operational,IN,Bartholomew,39.182499,-85.895227,geocoded_address,CANDIDATE,medium,,,20.845558166503906,0.065,1,0.095,1,0.165,1,6.0,,non_burnable,0.17777777777777778,1.0,0.2421875,1.0,0.22764976958525346,1.0,False
dc_90a6d53a922b,Citynet Charleston,,unknown,operational,WV,Kanawha,38.352874,-81.640475,geocoded_address,CANDIDATE,medium,,,10.213679313659668,0.045,1,0.07500000000000001,1,0.135,1,6.0,,non_burnable,0.08888888888888889,1.0,0.23828125,3.0,0.535483870967742,4.0,False
dc_d1f55f9f8389,Citynet Bridgeport,,unknown,operational,WV,Harrison,39.276713,-80.270157,geocoded_address,pending,medium,,,10.059993743896484,0.035,1,0.055,1,0.08499999999999999,1,1.0,1.0,very_low,0.6888888888888889,3.0,0.609375,3.0,0.7105990783410139,3.0,False
dc_0be54ba06f42,Centersquare Silicon Valley (SFO4-A),,colocation,operational,CA,Santa Clara,37.375719,-121.955154,geocoded_address,pending,medium,,,0.12219325453042984,0.555,1,0.705,1,0.925,1,6.0,,non_burnable,0.0,0.0,0.03125,3.0,0.052534562211981564,4.0,False
dc_e8f9e82ff0a7,Aligned Ashburn (IAD-01),,colocation,operational,VA,Loudoun,39.014003,-77.469729,geocoded_address,pending,medium,,,13.613815307617188,0.055,1,0.095,1,0.175,1,6.0,,non_burnable,0.15555555555555556,1.0,0.359375,1.0,0.32903225806451614,1.0,False
dc_00764728680d,Aligned Dallas (DFW-01),,colocation,operational,TX,Collin,33.009295,-96.676434,geocoded_address,pending,medium,,,19.147722244262695,0.025,1,0.045,1,0.07500000000000001,1,6.0,,non_burnable,0.044444444444444446,2.0,0.1171875,3.0,0.22672811059907835,3.0,False
dc_7afb9b268c71,Aligned Phoenix (PHX-01),,colocation,operational,AZ,Maricopa,33.658881,-112.110606,geocoded_address,pending,medium,,,7.146243572235107,0.025,1,0.035,1,0.07500000000000001,1,6.0,,non_burnable,0.0,0.0,0.01171875,4.0,0.14101382488479264,5.0,False
dc_ffcac70d833e,Aligned Salt Lake (SLC-02),,colocation,operational,UT,Salt Lake,40.585936,-111.969762,geocoded_address,pending,medium,,,5.014902114868164,0.175,1,0.295,1,0.475,1,6.0,,non_burnable,0.15555555555555556,2.0,0.13671875,3.0,0.16682027649769585,3.0,False
dc_41b7b98857a3,Aligned Salt Lake (SLC-01),,colocation,operational,UT,Salt Lake,40.585936,-111.969762,geocoded_address,pending,medium,,,5.014902114868164,0.175,1,0.295,1,0.475,1,6.0,,non_burnable,0.15555555555555556,2.0,0.13671875,3.0,0.16682027649769585,3.0,False
dc_bb6acbbe7a18,QTS Hillsboro (HIL1),,colocation,operational,OR,Washington,45.5568,-122.9316,geocoded_address,CANDIDATE,medium,,,0.49183908104896545,0.175,1,0.28500000000000003,1,0.455,1,6.0,,non_burnable,0.2222222222222222,1.0,0.18359375,2.0,0.22027649769585253,2.0,False
dc_1c5529fb9a1a,QTS Manassas (MAN1),,colocation,operational,VA,Prince William,38.7534,-77.5128,geocoded_address,CANDIDATE,medium,,,12.71955680847168,0.065,1,0.10500000000000001,1,0.185,1,6.0,,non_burnable,0.24444444444444444,1.0,0.32421875,2.0,0.33087557603686635,2.0,False
dc_6f3dc8f369c9,QTS Fort Worth (FTW1),,colocation,operational,TX,Tarrant,32.988738,-97.258448,geocoded_address,VERIFIED,medium,,,17.917001724243164,0.025,1,0.035,1,0.065,1,6.0,,non_burnable,0.3333333333333333,3.0,0.35546875,3.0,0.4248847926267281,3.0,False
dc_b3c70d75bf1a,CENTRA CLT01 - Charlotte NC (701 E Trade),,unknown,operational,NC,Mecklenburg,35.22222,-80.83651,geocoded_address,CANDIDATE,medium,,,14.088505744934082,0.055,1,0.095,1,0.155,1,6.0,,non_burnable,0.022222222222222223,2.0,0.06640625,4.0,0.21474654377880184,4.0,False
dc_01f9f53c2eac,Coloblox Data Centers ATL1,,unknown,operational,GA,Cobb,33.889646,-84.465365,geocoded_address,pending,medium,,,16.562829971313477,0.065,1,0.095,1,0.155,1,6.0,,non_burnable,0.08888888888888889,3.0,0.3125,3.0,0.4423963133640553,3.0,False
dc_65462e0cdff1,The Garland Center / West 7 Center,,unknown,operational,CA,Los Angeles,34.051411,-118.265796,geocoded_address,CANDIDATE,medium,,,0.5556319355964661,0.445,1,0.595,1,0.855,1,6.0,,non_burnable,0.0,0.0,0.0078125,4.0,0.034101382488479264,4.0,False
dc_ccc53908a275,Bluebird Underground Data Center,,unknown,operational,MO,Greene,37.231398,-93.212181,geocoded_address,UNRESOLVABLE,medium,,,18.368181228637695,0.065,1,0.095,1,0.155,1,6.0,,non_burnable,0.5777777777777777,1.0,0.50390625,2.0,0.5631336405529954,2.0,False
dc_9d948b20f397,Stream Data Centers - DFW VII,,unknown,operational,TX,Dallas,32.981,-96.6594,geocoded_address,VERIFIED,medium,,,18.841638565063477,0.025,1,0.045,1,0.065,1,6.0,,non_burnable,0.17777777777777778,2.0,0.26953125,3.0,0.2294930875576037,3.0,False
dc_64c7a0c8382c,Stream Data Centers - MN I,,unknown,operational,MN,Carver,44.8084,-93.6341,geocoded_address,VERIFIED,medium,,,10.41598129272461,0.005,1,0.015,1,0.025,1,6.0,,non_burnable,0.3111111111111111,1.0,0.42578125,1.0,0.4433179723502304,3.0,False
dc_e7e81b57c81b,DQE Communications (Downtown Pittsburgh),,unknown,operational,PA,Allegheny,40.439169,-80.000902,geocoded_address,CANDIDATE,medium,,,11.686223030090332,0.025,1,0.045,1,0.07500000000000001,1,6.0,,non_burnable,0.044444444444444446,1.0,0.08203125,1.0,0.19631336405529953,1.0,False
dc_904d1fe660bd,DQE Communications (Butler),,unknown,operational,PA,Butler,40.860587,-79.907512,geocoded_address,pending,medium,,,12.542291641235352,0.025,1,0.045,1,0.07500000000000001,1,6.0,,non_burnable,0.2,1.0,0.3671875,1.0,0.5834101382488479,1.0,False
dc_9a27ff212d93,DQE Communications (Allegheny Center Mall),,unknown,operational,PA,Allegheny,40.450158,-80.006045,geocoded_address,CANDIDATE,medium,,,11.686223030090332,0.025,1,0.045,1,0.07500000000000001,1,6.0,,non_burnable,0.022222222222222223,1.0,0.0703125,1.0,0.19170506912442398,1.0,False
dc_a6deac218790,Data102 - COS01,,unknown,operational,CO,El Paso,38.832108,-104.82403,geocoded_address,pending,medium,,,11.859444618225098,0.035,1,0.065,1,0.125,1,6.0,,non_burnable,0.0,0.0,0.125,4.0,0.23963133640552994,5.0,False
dc_61349568f7bb,Data102 - COS02,,unknown,operational,CO,El Paso,38.832108,-104.82403,geocoded_address,pending,medium,,,11.859444618225098,0.035,1,0.065,1,0.125,1,6.0,,non_burnable,0.0,0.0,0.125,4.0,0.23963133640552994,5.0,False
dc_307abcbb36ae,Frontier Tampa Main Tandem Office,,unknown,operational,FL,Hillsborough,27.950142,-82.456179,geocoded_address,CANDIDATE,medium,,,28.616392135620117,0.005,1,0.015,1,0.035,1,6.0,,non_burnable,0.022222222222222223,3.0,0.046875,3.0,0.1032258064516129,3.0,False
dc_8d1d5560f657,Navégalo Data Center Miami (MI1),,unknown,operational,FL,Miami-Dade,25.776033,-80.193092,geocoded_address,CANDIDATE,medium,,,22.965288162231445,0.005,1,0.015,1,0.025,1,6.0,,non_burnable,0.022222222222222223,3.0,0.0234375,3.0,0.027649769585253458,3.0,False
dc_5682de2fcd5d,Agile Aurora,,unknown,operational,IL,DuPage,41.772203,-88.217055,geocoded_address,pending,medium,,,17.22007942199707,0.035,1,0.065,1,0.11499999999999999,1,6.0,,non_burnable,0.06666666666666667,1.0,0.11328125,1.0,0.20092165898617512,1.0,False
dc_b2ab8aee8632,FIBERTOWN Houston Data Center,,unknown,operational,TX,Harris,29.943078,-95.417308,geocoded_address,pending,medium,,,20.972787857055664,0.015,1,0.025,1,0.045,1,6.0,,non_burnable,0.044444444444444446,1.0,0.16015625,3.0,0.19723502304147467,3.0,False
dc_c81618121941,FIBERTOWN Bryan Data Center,,unknown,operational,TX,Brazos,30.674256,-96.373773,geocoded_address,pending,medium,,,18.535303115844727,0.015,1,0.025,1,0.045,1,6.0,,non_burnable,0.06666666666666667,3.0,0.234375,3.0,0.447926267281106,3.0,False
dc_0725a2d5f792,Quasar Data Center,,unknown,operational,TX,Harris,29.760061,-95.362102,geocoded_address,pending,medium,,,20.972787857055664,0.015,1,0.025,1,0.045,1,6.0,,non_burnable,0.0,0.0,0.0,0.0,0.020276497695852536,2.0,False
dc_62d3d21ff61d,"ark data centers - Tucson, AZ",,unknown,operational,AZ,Pima,32.1723,-110.95415,geocoded_address,pending,medium,,,9.74954605102539,0.015,1,0.025,1,0.055,1,6.0,,non_burnable,0.1111111111111111,3.0,0.1640625,4.0,0.18986175115207374,4.0,False
dc_bf71e65b6afd,"ark data centers - Akron,OH",,unknown,operational,OH,Summit,41.057108,-81.522183,geocoded_address,pending,medium,,,14.31541633605957,0.025,1,0.045,1,0.08499999999999999,1,6.0,,non_burnable,0.0,0.0,0.03125,1.0,0.16774193548387098,1.0,False
dc_9cbf0a55e19a,"ark data centers - Cedar Rapids ,IA",,unknown,operational,IA,Linn,42.052632,-91.554004,geocoded_address,AMBIGUOUS,medium,,,8.404583930969238,0.025,1,0.035,1,0.055,1,1.0,1.0,very_low,0.28888888888888886,1.0,0.1640625,1.0,0.23410138248847925,2.0,False
dc_868fa144afdf,PhoenixNAP ASHBURN,,unknown,operational,VA,Loudoun,39.015966,-77.48158,geocoded_address,pending,medium,,,13.613815307617188,0.055,1,0.095,1,0.175,1,6.0,,non_burnable,0.2222222222222222,1.0,0.30859375,1.0,0.3419354838709677,1.0,False
dc_363c889003c4,PhoenixNAP ATLANTA,,unknown,operational,GA,Cobb,33.927915,-84.481824,geocoded_address,pending,medium,,,16.562829971313477,0.065,1,0.095,1,0.155,1,6.0,,non_burnable,0.3111111111111111,3.0,0.3671875,3.0,0.391705069124424,3.0,False
dc_23e2d561cf0c,Cologix DAL3,,colocation,operational,TX,Dallas,32.800748,-96.819412,geocoded_address,pending,medium,,,18.841638565063477,0.025,1,0.035,1,0.065,1,6.0,,non_burnable,0.06666666666666667,3.0,0.11328125,3.0,0.14377880184331798,3.0,False
dc_22d8db7b360c,T5@Chicago,,unknown,operational,IL,Cook,42.023151,-122.975114,geocoded_address,VERIFIED,medium,,,1.3978122472763062,0.125,1,0.20500000000000002,1,0.365,1,4.0,4.0,high,1.0,5.0,0.98046875,5.0,0.9723502304147466,5.0,False
dc_4b2fdcc8f1c8,Expedient Indianapolis,,unknown,operational,IN,Hamilton,39.963184,-86.145575,geocoded_address,pending,medium,,,26.43269920349121,0.055,1,0.08499999999999999,1,0.14500000000000002,1,1.0,1.0,very_low,0.06666666666666667,1.0,0.23046875,1.0,0.31889400921658984,1.0,False
dc_3dc0908f81e0,ORI.NET Noblesville,,unknown,operational,IN,Hamilton,40.04555,-86.01401,geocoded_address,CANDIDATE,medium,,,23.243947982788086,0.055,1,0.07500000000000001,1,0.135,1,6.0,,non_burnable,0.15555555555555556,1.0,0.34765625,1.0,0.3778801843317972,1.0,False
dc_42f11cbcfcbf,Expedient Cleveland - 151 NEO,,unknown,operational,OH,Cuyahoga,41.428228,-81.573952,geocoded_address,pending,medium,,,14.31541633605957,0.025,1,0.055,1,0.095,1,6.0,,non_burnable,0.13333333333333333,1.0,0.10546875,1.0,0.1336405529953917,1.0,False
dc_b64820074b60,Expedient Boston,,unknown,operational,MA,Middlesex,42.405414,-71.074978,geocoded_address,pending,medium,,,3.3172669410705566,0.08499999999999999,1,0.14500000000000002,1,0.28500000000000003,1,6.0,,non_burnable,0.044444444444444446,2.0,0.015625,3.0,0.06912442396313365,3.0,False
dc_ee22854729f6,Expedient Cleveland - 152 NEO,,unknown,operational,OH,Cuyahoga,41.429415,-81.574072,geocoded_address,pending,medium,,,14.31541633605957,0.025,1,0.055,1,0.095,1,6.0,,non_burnable,0.15555555555555556,1.0,0.11328125,1.0,0.1336405529953917,1.0,False
dc_db838b27c2aa,Expedient Columbus - Dublin,,unknown,operational,OH,Franklin,40.091865,-83.143709,geocoded_address,pending,medium,,,15.455096244812012,0.035,1,0.055,1,0.10500000000000001,1,1.0,1.0,very_low,0.13333333333333333,1.0,0.19921875,1.0,0.24700460829493087,1.0,False
dc_878c140caab9,Expedient Columbus - Upper Arlington,,unknown,operational,OH,Franklin,40.057853,-83.0785,geocoded_address,pending,medium,,,15.455096244812012,0.035,1,0.055,1,0.095,1,6.0,,non_burnable,0.1111111111111111,1.0,0.1875,1.0,0.24700460829493087,1.0,False
dc_f9b2b8a754f1,Expedient Memphis,,unknown,operational,TN,Shelby,35.062965,-89.786143,geocoded_address,pending,medium,,,19.04093360900879,0.235,1,0.385,1,0.625,1,6.0,,non_burnable,0.26666666666666666,2.0,0.28515625,2.0,0.3705069124423963,2.0,False
dc_3511a00a4df6,Expedient Phoenix,,unknown,operational,AZ,Maricopa,33.41601,-112.009445,geocoded_address,pending,medium,,,7.057002544403076,0.025,1,0.035,1,0.055,1,6.0,,non_burnable,0.15555555555555556,4.0,0.1328125,4.0,0.1327188940092166,5.0,False
dc_9d41992d9e6f,Expedient Pittsburgh - Nova Place,,unknown,operational,PA,Allegheny,40.452,-80.0045,geocoded_address,CANDIDATE,medium,,,11.686223030090332,0.025,1,0.045,1,0.07500000000000001,1,6.0,,non_burnable,0.022222222222222223,1.0,0.06640625,1.0,0.19262672811059908,1.0,False
dc_09dea9d939e5,Databank Atlanta (ATL1),,colocation,operational,GA,Fulton,33.775782,-84.386765,geocoded_address,CANDIDATE,medium,,,16.562829971313477,0.055,1,0.08499999999999999,1,0.14500000000000002,1,6.0,,non_burnable,0.13333333333333333,3.0,0.09375,3.0,0.19078341013824884,3.0,False
dc_8f85055bfe5d,365 Data Centers Commack (CNY),,unknown,operational,NY,Suffolk,40.822677,-73.291647,geocoded_address,pending,medium,,,5.004805088043213,0.07500000000000001,1,0.11499999999999999,1,0.215,1,6.0,,non_burnable,0.4,4.0,0.3359375,4.0,0.33548387096774196,4.0,False
dc_41bc53d197ab,FairlawnGig Service Center,,unknown,operational,OH,Summit,41.133097,-81.629367,geocoded_address,pending,medium,,,14.31541633605957,0.025,1,0.045,1,0.08499999999999999,1,1.0,1.0,very_low,0.24444444444444444,1.0,0.33984375,1.0,0.5400921658986175,1.0,False
dc_6c5747e8ee21,Cogent Tampa,,unknown,operational,FL,Hillsborough,27.947439,-82.458855,geocoded_address,CANDIDATE,medium,,,28.616392135620117,0.005,1,0.015,1,0.035,1,6.0,,non_burnable,0.022222222222222223,2.0,0.0390625,3.0,0.09308755760368663,3.0,False
dc_84946db8ccde,Senawave,,unknown,operational,UT,Salt Lake,40.711882,-111.964741,geocoded_address,pending,medium,,,5.014902114868164,0.195,1,0.335,1,0.545,1,6.0,,non_burnable,0.022222222222222223,1.0,0.046875,1.0,0.08847926267281106,2.0,False
dc_23f3922163d5,Corepacket PDX-1,,unknown,operational,OR,Multnomah,45.52076,-122.678985,geocoded_address,CANDIDATE,medium,,,0.49183908104896545,0.165,1,0.275,1,0.455,1,6.0,,non_burnable,0.0,0.0,0.0546875,2.0,0.14193548387096774,3.0,False
dc_1a15871c8912,TierPoint Baltimore – BWI,,colocation,operational,MD,Anne Arundel,39.21345,-76.68286,geocoded_address,CANDIDATE,medium,,,14.052087783813477,0.055,1,0.095,1,0.165,1,6.0,,non_burnable,0.3333333333333333,1.0,0.3828125,1.0,0.4073732718894009,1.0,False
dc_cbc49ed43b20,TierPoint Charlotte - North Myers,,colocation,operational,NC,Mecklenburg,35.221531,-80.835807,geocoded_address,CANDIDATE,medium,,,14.088505744934082,0.055,1,0.095,1,0.155,1,6.0,,non_burnable,0.022222222222222223,2.0,0.06640625,4.0,0.22027649769585253,4.0,False
dc_b493d7002b92,TierPoint Tulsa-State Farm,,colocation,operational,OK,Tulsa,36.096334,-95.840438,geocoded_address,pending,medium,,,21.064456939697266,0.035,1,0.055,1,0.095,1,6.0,,non_burnable,0.37777777777777777,1.0,0.21484375,1.0,0.24976958525345622,2.0,False
dc_2fbb14b41636,TierPoint Oklahoma City,,colocation,operational,OK,Oklahoma,35.514225,-97.596767,geocoded_address,pending,medium,,,19.379959106445312,0.045,1,0.08499999999999999,1,0.165,1,6.0,,non_burnable,0.022222222222222223,1.0,0.05859375,1.0,0.11889400921658987,1.0,False
dc_6f67b70fb02b,TierPoint Raleigh – RTP,,colocation,operational,NC,Durham,35.896667,-78.878838,geocoded_address,pending,medium,,,15.275832176208496,0.035,1,0.055,1,0.095,1,6.0,,non_burnable,0.5111111111111111,3.0,0.53515625,3.0,0.5345622119815668,3.0,False
dc_e247d5484e1d,TierPoint Seattle,,colocation,operational,WA,King,47.619446,-122.34811,geocoded_address,pending,medium,,,0.6047859191894531,0.345,1,0.485,1,0.705,1,6.0,,non_burnable,0.0,0.0,0.01953125,1.0,0.035023041474654376,1.0,False
dc_ac30ac8e4a4e,TierPoint Sioux Falls - East,,colocation,operational,SD,Minnehaha,43.596146,-96.716872,geocoded_address,pending,medium,,,15.18335247039795,0.015,1,0.035,1,0.055,1,6.0,,non_burnable,0.15555555555555556,1.0,0.28125,2.0,0.4064516129032258,4.0,False
dc_68d97fc661d5,TierPoint Sioux Falls - West,,colocation,operational,SD,Minnehaha,43.607,-96.80965,geocoded_address,VERIFIED,medium,,,15.18335247039795,0.015,1,0.035,1,0.055,1,1.0,1.0,very_low,0.2222222222222222,2.0,0.15234375,2.0,0.19631336405529953,2.0,False
dc_686de1690128,TierPoint Raleigh,,colocation,operational,NC,Wake,35.854381,-78.597011,geocoded_address,pending,medium,,,15.275832176208496,0.035,1,0.055,1,0.095,1,6.0,,non_burnable,0.26666666666666666,3.0,0.25390625,3.0,0.3953917050691244,3.0,False
dc_50e9c91a244c,TierPoint Waterbury,,colocation,operational,CT,Naugatuck Valley,41.554386,-73.041037,geocoded_address,CANDIDATE,medium,,,6.144979953765869,0.07500000000000001,1,0.125,1,0.245,1,6.0,,non_burnable,0.0,0.0,0.12109375,4.0,0.3880184331797235,4.0,False
dc_b882f44c45b0,BlueBridge Networks | Downtown Cleveland,,unknown,operational,OH,Cuyahoga,41.500747,-81.683704,geocoded_address,CANDIDATE,medium,,,14.61642074584961,0.035,1,0.055,1,0.095,1,6.0,,non_burnable,0.022222222222222223,1.0,0.03515625,1.0,0.034101382488479264,1.0,False
dc_5201629a2721,BlueBridge Networks |  Mayfield Heights Data Center,,unknown,operational,OH,Cuyahoga,41.50198,-81.47152,geocoded_address,CANDIDATE,medium,,,12.655085563659668,0.025,1,0.055,1,0.10500000000000001,1,6.0,,non_burnable,0.28888888888888886,1.0,0.3046875,1.0,0.39447004608294933,1.0,False
dc_63bb73652979,Fortress SF1,,unknown,operational,CA,San Francisco,37.782608,-122.391772,geocoded_address,pending,medium,,,0.09281287342309952,0.475,1,0.605,1,0.805,1,6.0,,non_burnable,0.0,0.0,0.01171875,4.0,0.011981566820276499,4.0,False
dc_7f9a84f2ffad,bigbyte.cc,,unknown,operational,NM,Bernalillo,35.084508,-106.648933,geocoded_address,pending,medium,,,9.913078308105469,0.055,1,0.095,1,0.175,1,6.0,,non_burnable,0.0,0.0,0.08203125,3.0,0.1695852534562212,3.0,False
dc_0b62aed251e8,InterServer Teb2,,unknown,operational,NJ,Hudson,40.78606,-74.073757,geocoded_address,pending,medium,,,7.277477264404297,0.10500000000000001,1,0.175,1,0.345,1,6.0,,non_burnable,0.044444444444444446,4.0,0.1953125,5.0,0.21382488479262673,5.0,False
dc_ad5acf412ac8,InterServer Teb4,,unknown,operational,NJ,Hudson,40.785251,-74.074991,geocoded_address,pending,medium,,,7.277477264404297,0.10500000000000001,1,0.175,1,0.345,1,6.0,,non_burnable,0.06666666666666667,4.0,0.1953125,5.0,0.21013824884792626,5.0,False
dc_cd5551c92afa,mindSHIFT Ashburn,,unknown,operational,VA,Loudoun,39.01505,-77.45879,geocoded_address,CANDIDATE,medium,,,13.613815307617188,0.055,1,0.095,1,0.175,1,6.0,,non_burnable,0.15555555555555556,1.0,0.3671875,1.0,0.31889400921658984,1.0,False
dc_d1996798840c,mindSHIT Commack,,unknown,operational,NY,Suffolk,40.822677,-73.291647,geocoded_address,pending,medium,,,5.004805088043213,0.07500000000000001,1,0.11499999999999999,1,0.215,1,6.0,,non_burnable,0.4,4.0,0.3359375,4.0,0.33548387096774196,4.0,False
dc_8e8dd43b1c7e,mindSHIFT Minneapolis,,unknown,operational,MN,Hennepin,44.971408,-93.25458,geocoded_address,pending,medium,,,10.622698783874512,0.005,1,0.015,1,0.025,1,6.0,,non_burnable,0.022222222222222223,1.0,0.015625,2.0,0.04976958525345622,2.0,False
dc_92574408e089,Synergy Fiber,,unknown,operational,MI,Washtenaw,42.241964,-83.739113,geocoded_address,CANDIDATE,medium,,,16.757904052734375,0.035,1,0.055,1,0.10500000000000001,1,6.0,,non_burnable,0.15555555555555556,1.0,0.1953125,2.0,0.33732718894009217,2.0,False
dc_795295307718,INAP Phoenix,,unknown,operational,AZ,Maricopa,33.298287,-112.053638,geocoded_address,pending,medium,,,7.057002544403076,0.025,1,0.035,1,0.055,1,6.0,,non_burnable,0.2,4.0,0.4375,5.0,0.5797235023041475,5.0,False
dc_a6a8876c4b50,Evocative LAX14,,unknown,operational,CA,Los Angeles,33.89075,-118.3708,geocoded_address,VERIFIED,medium,,,0.3717229962348938,0.385,1,0.545,1,0.815,1,6.0,,non_burnable,0.0,0.0,0.015625,3.0,0.030414746543778803,3.0,False
dc_4c0328a22c39,Southwest Cyberport Albuquerque,,unknown,operational,NM,Bernalillo,35.10196,-106.589328,geocoded_address,CANDIDATE,medium,,,9.913078308105469,0.055,1,0.095,1,0.175,1,6.0,,non_burnable,0.0,0.0,0.01171875,2.0,0.05714285714285714,3.0,False
dc_22b86260251c,Digital Realty CHI (2299 Busse Road),,colocation,operational,IL,Cook,41.99418,-87.957678,geocoded_address,pending,medium,,,16.118194580078125,0.035,1,0.055,1,0.095,1,6.0,,non_burnable,0.022222222222222223,1.0,0.03125,1.0,0.1032258064516129,1.0,False
dc_f66893ce1d98,Digital Realty CHI (1400 East Devon Ave),,colocation,operational,IL,Cook,41.993346,-87.964112,geocoded_address,pending,medium,,,16.118194580078125,0.035,1,0.055,1,0.095,1,6.0,,non_burnable,0.022222222222222223,1.0,0.02734375,1.0,0.11428571428571428,1.0,False
dc_ae8edb4e2092,Digital Realty DFW (4025 Midway Road),,colocation,operational,TX,Denton,33.021665,-96.844728,geocoded_address,CANDIDATE,medium,,,19.147722244262695,0.025,1,0.045,1,0.065,1,6.0,,non_burnable,0.08888888888888889,2.0,0.08984375,2.0,0.1456221198156682,3.0,False
dc_190020b3e447,Digital Realty DFW (2440 Marsh Lane),,colocation,operational,TX,Dallas,32.980107,-96.853694,geocoded_address,pending,medium,,,18.841638565063477,0.025,1,0.045,1,0.065,1,6.0,,non_burnable,0.022222222222222223,2.0,0.05859375,2.0,0.11612903225806452,3.0,False
dc_86494a18d241,"Equinix MI6 - Miami, Doral",,colocation,operational,FL,Miami-Dade,25.787849,-80.354555,geocoded_address,pending,medium,,,22.965288162231445,0.005,1,0.015,1,0.025,1,6.0,,non_burnable,0.08888888888888889,3.0,0.12109375,3.0,0.13732718894009216,4.0,False
dc_13696f488c53,Telxius Boca Raton DC,,unknown,operational,FL,Palm Beach,26.405641,-80.114041,geocoded_address,pending,medium,,,26.052785873413086,0.005,1,0.015,1,0.025,1,6.0,,non_burnable,0.17777777777777778,1.0,0.27734375,3.0,0.22304147465437787,4.0,False
dc_67636ae84300,NOLA BROADBAND,,unknown,operational,LA,Jefferson,29.901419,-90.041661,geocoded_address,pending,medium,,,26.341787338256836,0.025,1,0.035,1,0.055,1,6.0,,non_burnable,0.06666666666666667,1.0,0.09765625,1.0,0.13732718894009216,1.0,False
dc_3d42335bad72,1530 SWIFT - NOCIX,,unknown,operational,MO,Clay,39.1361,-94.5779,geocoded_address,CANDIDATE,medium,,,20.675199508666992,0.025,1,0.045,1,0.07500000000000001,1,6.0,,non_burnable,0.0,0.0,0.1171875,2.0,0.16589861751152074,3.0,False
dc_94004336071b,NOCIX Clay Facility,,unknown,operational,MO,Clay,39.137768,-94.578826,geocoded_address,CANDIDATE,medium,,,20.675199508666992,0.025,1,0.045,1,0.07500000000000001,1,6.0,,non_burnable,0.0,0.0,0.1484375,2.0,0.16589861751152074,3.0,False
dc_5fc5932e2fa1,Aunalytics South Bend Datacenter (AUSB),,unknown,operational,IN,St. Joseph,41.66226,-86.25609,geocoded_address,CANDIDATE,medium,,,14.747052192687988,0.035,1,0.045,1,0.08499999999999999,1,6.0,,non_burnable,0.0,0.0,0.09375,1.0,0.19262672811059908,1.0,False
dc_a3de0719d6f7,Jackson Technical Datacenter,,unknown,operational,OK,Tulsa,36.151937,-95.984342,geocoded_address,pending,medium,,,21.064456939697266,0.035,1,0.055,1,0.095,1,6.0,,non_burnable,0.0,0.0,0.04296875,1.0,0.1889400921658986,3.0,False
dc_ac3f561a257b,123.NET - DC4 - 400 76th St SW,,unknown,operational,MI,Kent,42.825389,-85.672784,geocoded_address,pending,medium,,,10.852680206298828,0.025,1,0.035,1,0.065,1,6.0,,non_burnable,0.2222222222222222,2.0,0.30859375,2.0,0.3898617511520737,2.0,False
dc_183f43223ec1,123.NET - DC2 - 24275 Northwestern Hwy.,,unknown,operational,MI,Oakland,42.46701,-83.23484,geocoded_address,VERIFIED,medium,,,17.9299373626709,0.025,1,0.045,1,0.095,1,6.0,,non_burnable,0.15555555555555556,2.0,0.203125,2.0,0.14193548387096774,2.0,False
dc_7afdfff73d8e,"DartPoints Dublin, OH - CMH1",,unknown,operational,OH,Franklin,40.093185,-83.133589,geocoded_address,pending,medium,,,15.455096244812012,0.035,1,0.055,1,0.10500000000000001,1,6.0,,non_burnable,0.1111111111111111,1.0,0.18359375,1.0,0.26175115207373273,1.0,False
dc_ffc36ba64dc4,TunBroker Baltimore,,unknown,operational,MD,Anne Arundel,39.21362,-76.68284,geocoded_address,VERIFIED,medium,,,14.052087783813477,0.055,1,0.095,1,0.165,1,6.0,,non_burnable,0.4,1.0,0.3828125,1.0,0.4073732718894009,1.0,False
dc_4ca5071fffcd,123.NET - DC3 - 24245 Northwestern Hwy.,,unknown,operational,MI,Oakland,42.466911,-83.234976,geocoded_address,VERIFIED,medium,,,17.9299373626709,0.025,1,0.045,1,0.095,1,6.0,,non_burnable,0.13333333333333333,2.0,0.203125,2.0,0.14193548387096774,2.0,False
dc_70f64e34b56c,QTS Ashburn (ASH3),,colocation,operational,VA,Loudoun,39.0024,-77.4725,geocoded_address,CANDIDATE,medium,,,13.613815307617188,0.055,1,0.095,1,0.175,1,1.0,1.0,very_low,0.6,1.0,0.4140625,1.0,0.343778801843318,1.0,False
dc_cdfdfa748122,Colo Solutions Downtown Orlando,,unknown,operational,FL,Orange,28.534183,-81.379805,geocoded_address,CANDIDATE,medium,,,28.079456329345703,0.015,1,0.015,1,0.035,1,7.0,,water,0.15555555555555556,3.0,0.15234375,3.0,0.19907834101382488,3.0,True
dc_becc51ab069d,Evocative BOS1,,unknown,operational,MA,Middlesex,42.377932,-71.080419,geocoded_address,pending,medium,,,3.3172669410705566,0.08499999999999999,1,0.14500000000000002,1,0.275,1,6.0,,non_burnable,0.0,0.0,0.01171875,2.0,0.020276497695852536,3.0,False
dc_cb5e2d785f37,Neutron - Coeur d'Alene,,unknown,operational,ID,Kootenai,47.700339,-116.794444,geocoded_address,pending,medium,,,2.6981990337371826,0.035,1,0.065,1,0.10500000000000001,1,6.0,,non_burnable,0.044444444444444446,2.0,0.15234375,3.0,0.35576036866359445,4.0,False
dc_9641538f7308,Prov.net 935,,unknown,operational,RI,Providence,41.81734,-71.424019,geocoded_address,CANDIDATE,medium,,,2.800774097442627,0.065,1,0.10500000000000001,1,0.195,1,6.0,,non_burnable,0.0,0.0,0.00390625,1.0,0.07741935483870968,3.0,False
dc_cc078a791020,Cogent Atlanta,,unknown,operational,GA,Fulton,33.755474,-84.391094,geocoded_address,CANDIDATE,medium,,,16.562829971313477,0.055,1,0.08499999999999999,1,0.14500000000000002,1,6.0,,non_burnable,0.0,0.0,0.01171875,3.0,0.1631336405529954,3.0,False
dc_774234c34888,200 South Virginia - Reno,,unknown,operational,NV,Washoe,39.522999,-119.811358,geocoded_address,pending,medium,,,1.7456742525100708,0.275,1,0.405,1,0.615,1,6.0,,non_burnable,0.0,0.0,0.04296875,3.0,0.12258064516129032,4.0,False
dc_810fb2f8aacf,"CoreSite - Washington,DC (DC2)",,colocation,operational,DC,District of Columbia,38.903404,-77.031169,geocoded_address,pending,medium,,,13.629328727722168,0.055,1,0.095,1,0.155,1,6.0,,non_burnable,0.044444444444444446,1.0,0.04296875,1.0,0.11336405529953918,2.0,False
dc_5809c849162d,CoreSite - Los Angeles (LA3),,colocation,operational,CA,Los Angeles,34.058703,-118.235929,geocoded_address,pending,medium,,,0.5556319355964661,0.445,1,0.605,1,0.865,1,6.0,,non_burnable,0.0,0.0,0.0390625,4.0,0.07188940092165899,4.0,False
dc_6c962e9b59d5,SecureData 365,,unknown,operational,OH,Stark,40.832529,-81.431933,geocoded_address,pending,medium,,,12.362462997436523,0.025,1,0.045,1,0.07500000000000001,1,1.0,1.0,very_low,0.4222222222222222,1.0,0.44140625,1.0,0.3105990783410138,1.0,False
dc_f0eb87bf240c,DNSnetworks IDC4,,unknown,operational,FL,Miami-Dade,25.776033,-80.193092,geocoded_address,CANDIDATE,medium,,,22.965288162231445,0.005,1,0.015,1,0.025,1,6.0,,non_burnable,0.022222222222222223,3.0,0.0234375,3.0,0.027649769585253458,3.0,False
dc_3485d6a6a465,Globenet Boca Raton CLS,,unknown,operational,FL,Palm Beach,26.344915,-80.08815,geocoded_address,pending,medium,,,26.052785873413086,0.005,1,0.015,1,0.025,1,6.0,,non_burnable,0.15555555555555556,1.0,0.08984375,1.0,0.09493087557603687,4.0,False
dc_861ef818508f,AISO Data Center,,unknown,operational,CA,Riverside,33.74821,-117.152165,geocoded_address,pending,medium,,,1.0119638442993164,0.425,1,0.555,1,0.755,1,4.0,4.0,high,0.6666666666666666,4.0,0.65234375,5.0,0.6774193548387096,5.0,False
dc_c7c6e35626c1,Connect Des Moines,,unknown,operational,IA,Polk,41.58568,-93.6254,geocoded_address,CANDIDATE,medium,,,14.173967361450195,0.015,1,0.025,1,0.045,1,6.0,,non_burnable,0.022222222222222223,1.0,0.09765625,1.0,0.2294930875576037,2.0,False
dc_a2905edeca9d,Tonaquint Data Center - Boise ID,,unknown,operational,ID,Ada,43.60801,-116.310153,geocoded_address,pending,medium,,,3.1638710498809814,0.035,1,0.045,1,0.065,1,1.0,1.0,very_low,0.2,2.0,0.20703125,2.0,0.24055299539170508,3.0,False
dc_0f72f668a2e1,T5@Cleveland,,unknown,operational,OH,Cuyahoga,41.442224,-81.801833,geocoded_address,CANDIDATE,medium,,,14.31541633605957,0.035,1,0.055,1,0.095,1,6.0,,non_burnable,0.044444444444444446,1.0,0.06640625,1.0,0.13456221198156681,1.0,False
dc_7085de572f71,T5@Cincinnati,,unknown,operational,OH,Hamilton,39.10585,-84.536559,geocoded_address,pending,medium,,,18.689889907836914,0.045,1,0.07500000000000001,1,0.125,1,6.0,,non_burnable,0.022222222222222223,1.0,0.140625,1.0,0.26359447004608294,1.0,False
dc_88f0f2bd808e,T5@Minneapolis,,unknown,operational,MN,Hennepin,44.971526,-93.270339,geocoded_address,pending,medium,,,10.622698783874512,0.005,1,0.015,1,0.025,1,6.0,,non_burnable,0.022222222222222223,1.0,0.0234375,2.0,0.07741935483870968,2.0,False
dc_1afe434bec86,AceHost Tampa,,unknown,operational,FL,Hillsborough,27.948986,-82.457025,geocoded_address,pending,medium,,,28.616392135620117,0.005,1,0.015,1,0.035,1,6.0,,non_burnable,0.022222222222222223,2.0,0.0390625,3.0,0.10046082949308756,3.0,False
dc_64fcb38e770e,Alpha Technologies DC1,,unknown,operational,WV,Kanawha,38.353059,-81.696117,geocoded_address,pending,medium,,,10.213679313659668,0.045,1,0.07500000000000001,1,0.135,1,1.0,1.0,very_low,0.4888888888888889,3.0,0.38671875,3.0,0.5216589861751152,3.0,False
dc_5c4333eac436,Direct LTx Reading,,unknown,operational,PA,Berks,40.38115,-75.98237,geocoded_address,CANDIDATE,medium,,,11.820854187011719,0.07500000000000001,1,0.125,1,0.235,1,6.0,,non_burnable,0.4444444444444444,2.0,0.5234375,2.0,0.42857142857142855,2.0,False
dc_45aede10d770,Lincoln Rackhouse Atlanta,,unknown,operational,GA,DeKalb,33.92663,-84.326708,geocoded_address,pending,medium,,,16.562829971313477,0.065,1,0.095,1,0.155,1,6.0,,non_burnable,0.3111111111111111,3.0,0.3203125,3.0,0.3548387096774194,3.0,False
dc_854a45524688,Victory Technology Center,,unknown,operational,NY,Erie,42.82679,-78.82128,geocoded_address,CANDIDATE,medium,,,8.291032791137695,0.025,1,0.045,1,0.095,1,6.0,,non_burnable,0.3111111111111111,4.0,0.22265625,4.0,0.28110599078341014,4.0,False
dc_2b2238a314f7,Heartland Technology Data Center,,unknown,operational,IA,Buchanan,42.471271,-92.054083,geocoded_address,pending,medium,,,9.094491958618164,0.015,1,0.025,1,0.045,1,1.0,1.0,very_low,0.26666666666666666,1.0,0.17578125,1.0,0.09953917050691244,1.0,False
dc_7d30ac8ea42e,365 Data Centers New Jersey (NJ1),,unknown,operational,NJ,Somerset,40.58144,-74.573881,geocoded_address,pending,medium,,,8.329419136047363,0.095,1,0.165,1,0.315,1,4.0,4.0,high,0.4222222222222222,4.0,0.45703125,4.0,0.48847926267281105,4.0,False
dc_e1f13594b03c,LCOG Park Place,,unknown,operational,OR,Lane,44.05041,-123.092659,geocoded_address,CANDIDATE,medium,,,0.3772861361503601,0.10500000000000001,1,0.195,1,0.345,1,6.0,,non_burnable,0.0,0.0,0.06640625,3.0,0.15115207373271888,3.0,False
dc_bbc3c38a0286,Amarillo Petroleum Building,,unknown,operational,TX,Potter,35.205583,-101.839148,geocoded_address,pending,medium,,,16.99091339111328,0.045,1,0.07500000000000001,1,0.14500000000000002,1,6.0,,non_burnable,0.022222222222222223,2.0,0.05859375,3.0,0.21382488479262673,4.0,False
dc_238636144790,Bluebird Quad Cities Data Center,,unknown,operational,IA,Scott,41.550323,-90.482459,geocoded_address,pending,medium,,,11.581196784973145,0.025,1,0.045,1,0.08499999999999999,1,6.0,,non_burnable,0.28888888888888886,1.0,0.359375,1.0,0.24423963133640553,1.0,False
dc_f0164b700441,Beloit-NOC,,unknown,operational,KS,Mitchell,39.459519,-98.110625,geocoded_address,pending,medium,,,15.809340476989746,0.015,1,0.025,1,0.045,1,6.0,,non_burnable,0.1111111111111111,1.0,0.24609375,1.0,0.20921658986175115,1.0,False
dc_475764483f9f,BendTel,,unknown,operational,OR,Deschutes,44.059999,-121.309304,geocoded_address,CANDIDATE,medium,,,2.4713661670684814,0.055,1,0.07500000000000001,1,0.135,1,6.0,,non_burnable,0.044444444444444446,4.0,0.16015625,4.0,0.3493087557603687,4.0,False
dc_40e076b938dd,Cloudpath CT2 (1351 Washington Blvd),,unknown,operational,CT,Western Connecticut,41.058085,-73.542936,geocoded_address,pending,medium,,,6.558852672576904,0.08499999999999999,1,0.155,1,0.295,1,6.0,,non_burnable,0.022222222222222223,3.0,0.1171875,4.0,0.25161290322580643,4.0,False
dc_f0c152473863,Cloudpath CT19 (5 Landmark Sq),,unknown,operational,CT,Western Connecticut,41.054701,-73.537277,geocoded_address,CANDIDATE,medium,,,6.558852672576904,0.08499999999999999,1,0.155,1,0.295,1,6.0,,non_burnable,0.0,0.0,0.078125,4.0,0.21935483870967742,4.0,False
dc_0ab33847b79e,Cogent Boca Raton,,unknown,operational,FL,Palm Beach,26.392805,-80.109732,geocoded_address,AMBIGUOUS,medium,,,26.052785873413086,0.005,1,0.015,1,0.025,1,6.0,,non_burnable,0.15555555555555556,1.0,0.25,3.0,0.20921658986175115,4.0,False
dc_4873817267bd,Cogent Boston,,unknown,operational,MA,Middlesex,42.393191,-71.255728,geocoded_address,pending,medium,,,3.3172669410705566,0.08499999999999999,1,0.14500000000000002,1,0.275,1,6.0,,non_burnable,0.26666666666666666,3.0,0.31640625,3.0,0.43870967741935485,3.0,False
dc_202e0cae629a,Cogent Chicago 1,,unknown,operational,IL,Cook,41.878465,-87.634525,geocoded_address,pending,medium,,,16.118194580078125,0.035,1,0.055,1,0.095,1,6.0,,non_burnable,0.0,0.0,0.00390625,1.0,0.011059907834101382,1.0,False
dc_3bb6faa489b4,Cogent Chicago 2,,unknown,operational,IL,Cook,41.88634,-87.63239,geocoded_address,CANDIDATE,medium,,,16.118194580078125,0.035,1,0.055,1,0.095,1,6.0,,non_burnable,0.0,0.0,0.0078125,1.0,0.012903225806451613,1.0,False
dc_960d4026cc0b,Cogent Cleveland,,unknown,operational,OH,Cuyahoga,41.501163,-81.680516,geocoded_address,CANDIDATE,medium,,,14.61642074584961,0.035,1,0.055,1,0.095,1,6.0,,non_burnable,0.0,0.0,0.03515625,1.0,0.034101382488479264,1.0,False
dc_a9771e1b4483,Cogent Columbus,,unknown,operational,OH,Franklin,39.968136,-82.995596,geocoded_address,pending,medium,,,14.319350242614746,0.035,1,0.055,1,0.095,1,6.0,,non_burnable,0.022222222222222223,1.0,0.0234375,1.0,0.08202764976958525,1.0,False
dc_de24883d5033,Fiber Alley 8915,,unknown,operational,CA,San Diego,32.82958,-117.13643,geocoded_address,CANDIDATE,medium,,,0.6888867616653442,0.28500000000000003,1,0.435,1,0.655,1,6.0,,non_burnable,0.06666666666666667,3.0,0.296875,4.0,0.39078341013824885,5.0,False
dc_178934ce0e29,Fiber Alley 8917,,unknown,operational,CA,San Diego,32.829918,-117.136428,geocoded_address,CANDIDATE,medium,,,0.6888867616653442,0.28500000000000003,1,0.435,1,0.655,1,6.0,,non_burnable,0.06666666666666667,3.0,0.296875,4.0,0.39078341013824885,5.0,False
dc_5c2ab3d16b4e,Lincoln Data Centers,,unknown,operational,NE,Lancaster,40.812034,-96.702272,geocoded_address,pending,medium,,,13.985004425048828,0.015,1,0.025,1,0.055,1,6.0,,non_burnable,0.0,0.0,0.078125,3.0,0.17972350230414746,4.0,False
dc_95c9a70f2492,Binary Net Vault,,unknown,operational,NE,Lancaster,40.813187,-96.702525,geocoded_address,CANDIDATE,medium,,,13.985004425048828,0.015,1,0.025,1,0.055,1,6.0,,non_burnable,0.0,0.0,0.0625,3.0,0.18064516129032257,4.0,False
dc_83a22ad07c8d,Digital Realty DFW18 (1210 Integrity Dr),,colocation,operational,TX,Dallas,32.96515,-96.71239,geocoded_address,CANDIDATE,medium,,,18.841638565063477,0.025,1,0.045,1,0.065,1,6.0,,non_burnable,0.0,0.0,0.06640625,3.0,0.11981566820276497,3.0,False
dc_40952e73c63b,ColoHouse New York,,unknown,operational,NY,Rockland,41.034512,-73.97584,geocoded_address,pending,medium,,,6.558852672576904,0.10500000000000001,1,0.175,1,0.345,1,6.0,,non_burnable,0.26666666666666666,5.0,0.37890625,5.0,0.49216589861751153,5.0,False
dc_bc98d15f165a,"DartPoints North Liberty, IA",,unknown,operational,IA,Johnson,41.756979,-91.596653,geocoded_address,AMBIGUOUS,medium,,,9.7930326461792,0.025,1,0.035,1,0.055,1,6.0,,non_burnable,0.5777777777777777,2.0,0.44921875,2.0,0.44608294930875575,3.0,False
dc_e357f9d3e068,Navisite Andover,,unknown,operational,MA,Essex,42.696486,-71.211131,geocoded_address,pending,medium,,,3.484011173248291,0.095,1,0.175,1,0.335,1,6.0,,non_burnable,0.2222222222222222,3.0,0.33984375,3.0,0.4258064516129032,3.0,False
dc_2fcba60acd27,Navisite Santa Clara,,unknown,operational,CA,Santa Clara,37.37289,-121.948022,geocoded_address,pending,medium,,,0.12219325453042984,0.565,1,0.725,1,0.955,1,6.0,,non_burnable,0.0,0.0,0.046875,3.0,0.05069124423963134,4.0,False
dc_7f43907e8979,Sungard AS Aurora,,unknown,operational,CO,Adams,39.762718,-104.762172,geocoded_address,pending,medium,,,10.969576835632324,0.045,1,0.08499999999999999,1,0.155,1,6.0,,non_burnable,0.3111111111111111,3.0,0.265625,3.0,0.4626728110599078,4.0,False
dc_b46c8dba016d,Sungard AS Carlstadt 777,,unknown,operational,NJ,Bergen,40.828282,-74.044333,geocoded_address,pending,medium,,,7.277477264404297,0.10500000000000001,1,0.175,1,0.345,1,6.0,,non_burnable,0.2222222222222222,3.0,0.3046875,5.0,0.16589861751152074,5.0,False
dc_363733e77dcd,Houston Bunker,,unknown,operational,TX,Montgomery,30.376819,-95.669352,geocoded_address,CANDIDATE,medium,,,20.58355712890625,0.015,1,0.025,1,0.045,1,6.0,,non_burnable,0.8,4.0,0.78515625,4.0,0.6857142857142857,4.0,False
dc_343ad9c70a6c,DataBank San Diego (SAN1),,colocation,operational,CA,San Diego,32.988781,-117.073181,geocoded_address,pending,medium,,,0.6888867616653442,0.215,1,0.295,1,0.415,1,6.0,,non_burnable,0.17777777777777778,4.0,0.28515625,5.0,0.3778801843317972,5.0,False
dc_0ef9a41e7d70,DataBank McLean (IAD2),,colocation,operational,VA,Fairfax,38.919726,-77.214074,geocoded_address,CANDIDATE,medium,,,13.629328727722168,0.055,1,0.095,1,0.165,1,6.0,,non_burnable,0.13333333333333333,1.0,0.2265625,1.0,0.38894009216589864,1.0,False
dc_b86253ab50d7,DataBank Atlanta (ATL3),,colocation,operational,GA,Fulton,33.7346,-84.42592,geocoded_address,VERIFIED,medium,,,16.562829971313477,0.055,1,0.08499999999999999,1,0.135,1,6.0,,non_burnable,0.13333333333333333,3.0,0.2578125,3.0,0.30230414746543777,3.0,False
dc_060cddee4ce7,DataBank Chicago (ORD2),,colocation,operational,IL,Cook,41.870906,-87.640153,geocoded_address,pending,medium,,,16.118194580078125,0.035,1,0.055,1,0.095,1,6.0,,non_burnable,0.0,0.0,0.00390625,1.0,0.009216589861751152,1.0,False
dc_caccd08596b9,DataBank Chicago (ORD4),,colocation,operational,IL,DuPage,41.854051,-87.920916,geocoded_address,pending,medium,,,16.118194580078125,0.035,1,0.055,1,0.10500000000000001,1,6.0,,non_burnable,0.15555555555555556,1.0,0.2109375,1.0,0.18064516129032257,1.0,False
dc_bb40d67d2a9d,DataBank Denver (DEN3),,colocation,operational,CO,Denver,39.745594,-104.995046,geocoded_address,CANDIDATE,medium,,,10.969576835632324,0.045,1,0.08499999999999999,1,0.155,1,6.0,,non_burnable,0.022222222222222223,3.0,0.01953125,4.0,0.047004608294930875,4.0,False
dc_21da59088359,DataBank Denver (DEN4),,colocation,operational,CO,Jefferson,39.884552,-105.080128,geocoded_address,pending,medium,,,8.949381828308105,0.055,1,0.08499999999999999,1,0.165,1,6.0,,non_burnable,0.35555555555555557,4.0,0.34765625,4.0,0.26359447004608294,4.0,False
dc_aeb91bfc3b8f,DataBank Dallas (DFW7),,colocation,operational,TX,Dallas,32.922798,-96.791315,geocoded_address,pending,medium,,,18.841638565063477,0.025,1,0.035,1,0.065,1,6.0,,non_burnable,0.24444444444444444,3.0,0.20703125,3.0,0.14654377880184333,3.0,False
dc_517844b7b7df,DataBank Austin (AUS1),,colocation,operational,TX,Williamson,30.436238,-97.765814,geocoded_address,CANDIDATE,medium,,,13.630367279052734,0.015,1,0.015,1,0.035,1,6.0,,non_burnable,0.06666666666666667,3.0,0.15625,3.0,0.4064516129032258,4.0,False
dc_6303da2ff06f,DataBank Waco (ACT1),,colocation,operational,TX,McLennan,31.55495,-97.13324,geocoded_address,pending,medium,,,16.77141761779785,0.015,1,0.025,1,0.045,1,6.0,,non_burnable,0.08888888888888889,3.0,0.1171875,3.0,0.3493087557603687,4.0,False
dc_25e74ffcb872,DataBank Kansas City (MCI3),,colocation,operational,KS,Johnson,38.924668,-94.77027,geocoded_address,VERIFIED,medium,,,20.538841247558594,0.025,1,0.045,1,0.07500000000000001,1,6.0,,non_burnable,0.17777777777777778,3.0,0.21484375,3.0,0.24423963133640553,3.0,False
dc_08280b0c240d,DataBank Minneapolis (MSP4),,colocation,operational,MN,Hennepin,44.971408,-93.25458,geocoded_address,pending,medium,,,10.622698783874512,0.005,1,0.015,1,0.025,1,6.0,,non_burnable,0.022222222222222223,1.0,0.015625,2.0,0.04976958525345622,2.0,False
dc_aaaa51bde60b,DataBank Indianapolis (IND1),,colocation,operational,IN,Marion,39.759833,-86.171235,geocoded_address,CANDIDATE,medium,,,26.43269920349121,0.055,1,0.08499999999999999,1,0.155,1,6.0,,non_burnable,0.1111111111111111,1.0,0.05078125,1.0,0.09032258064516129,1.0,False
dc_1aa9d4da8c08,DataBank Indianapolis (IND2),,colocation,operational,IN,Marion,39.760096,-86.170486,geocoded_address,pending,medium,,,26.43269920349121,0.055,1,0.08499999999999999,1,0.155,1,6.0,,non_burnable,0.06666666666666667,1.0,0.0546875,1.0,0.09032258064516129,1.0,False
dc_84fb51e4e530,DataBank Irvine (SNA2),,colocation,operational,CA,Orange,33.687905,-117.842407,geocoded_address,AMBIGUOUS,medium,,,0.6565972566604614,0.315,1,0.425,1,0.615,1,6.0,,non_burnable,0.0,0.0,0.0546875,3.0,0.08940092165898618,3.0,False
dc_436d369c718f,DataBank Phoenix (PHX1),,colocation,operational,AZ,Maricopa,33.484087,-112.073845,geocoded_address,CANDIDATE,medium,,,7.057002544403076,0.025,1,0.035,1,0.065,1,6.0,,non_burnable,0.0,0.0,0.06640625,4.0,0.02304147465437788,5.0,False
dc_6537da35d0c5,DataBank Phoenix (PHX2),,colocation,operational,AZ,Maricopa,33.454431,-111.975724,geocoded_address,pending,medium,,,7.883434772491455,0.025,1,0.035,1,0.065,1,6.0,,non_burnable,0.044444444444444446,4.0,0.23046875,5.0,0.12903225806451613,5.0,False
dc_d120fdecb5fc,DataBank Phoenix (PHX3),,colocation,operational,AZ,Maricopa,33.273916,-111.885259,geocoded_address,pending,medium,,,7.883434772491455,0.025,1,0.035,1,0.055,1,6.0,,non_burnable,0.2222222222222222,4.0,0.33203125,5.0,0.2608294930875576,5.0,False
dc_1b3a98a4d46b,DataBank Salt Lake City (SLC4),,colocation,operational,UT,Salt Lake,40.481315,-111.90496,geocoded_address,pending,medium,,,4.538047790527344,0.165,1,0.275,1,0.455,1,6.0,,non_burnable,0.26666666666666666,2.0,0.38671875,5.0,0.4682027649769585,5.0,False
dc_b8718fb1cf84,DataBank Salt Lake City (SLC5),,colocation,operational,UT,Salt Lake,40.480867,-111.904275,geocoded_address,pending,medium,,,4.538047790527344,0.165,1,0.275,1,0.455,1,6.0,,non_burnable,0.24444444444444444,2.0,0.37890625,5.0,0.4682027649769585,5.0,False
dc_7fde5e00e88d,ACW Winter Haven,,unknown,operational,FL,Polk,28.024126,-81.728175,geocoded_address,pending,medium,,,31.471725463867188,0.005,1,0.015,1,0.035,1,6.0,,non_burnable,0.06666666666666667,3.0,0.125,4.0,0.32995391705069127,5.0,False
dc_cb548352378e,ScaleMatrix San Diego Data Center US-West 01,,unknown,operational,CA,San Diego,32.837729,-117.132639,geocoded_address,CANDIDATE,medium,,,0.6888867616653442,0.28500000000000003,1,0.425,1,0.635,1,6.0,,non_burnable,0.3333333333333333,4.0,0.453125,4.0,0.4433179723502304,5.0,False
dc_68e03ee6464c,ScaleMatrix Dallas Data Center US-South 01,,unknown,operational,TX,Collin,33.138618,-96.657387,geocoded_address,AMBIGUOUS,medium,,,19.147722244262695,0.025,1,0.045,1,0.07500000000000001,1,6.0,,non_burnable,0.24444444444444444,2.0,0.375,3.0,0.2746543778801843,3.0,False
dc_256bfc3771cd,ScaleMatrix Seattle Data Center US-West 02,,unknown,operational,WA,Pierce,47.15545,-122.280196,geocoded_address,CANDIDATE,medium,,,0.46316325664520264,0.305,1,0.415,1,0.605,1,6.0,,non_burnable,0.24444444444444444,2.0,0.1796875,2.0,0.30230414746543777,2.0,False
dc_83a5ba62b6b4,ScaleMatrix Jacksonville Data Center US-South 02,,unknown,operational,FL,Duval,30.216445,-81.582092,geocoded_address,pending,medium,,,23.808124542236328,0.025,1,0.035,1,0.065,1,6.0,,non_burnable,0.26666666666666666,3.0,0.35546875,3.0,0.3400921658986175,4.0,False
dc_5221dcc60ba1,DataBridge Sites Aurora,,unknown,operational,IL,DuPage,41.772203,-88.217055,geocoded_address,pending,medium,,,17.22007942199707,0.035,1,0.065,1,0.11499999999999999,1,6.0,,non_burnable,0.06666666666666667,1.0,0.11328125,1.0,0.20092165898617512,1.0,False
dc_1e07f06c96b1,BluBroadband Shell Ave,,unknown,operational,FL,Okaloosa,30.411196,-86.612424,geocoded_address,pending,medium,,,22.494897842407227,0.015,1,0.035,1,0.055,1,6.0,,non_burnable,0.044444444444444446,1.0,0.06640625,2.0,0.06451612903225806,3.0,False
dc_1f1b1571370c,TierPoint Bethlehem,,colocation,operational,PA,Northampton,40.670346,-75.37493,geocoded_address,pending,medium,,,10.55088996887207,0.065,1,0.11499999999999999,1,0.20500000000000002,1,6.0,,non_burnable,0.4222222222222222,3.0,0.41796875,3.0,0.2838709677419355,3.0,False
dc_5eb44db8e6ca,TierPoint Boston - Marlborough,,colocation,operational,MA,Worcester,42.312902,-71.579257,geocoded_address,pending,medium,,,3.9847612380981445,0.07500000000000001,1,0.125,1,0.235,1,6.0,,non_burnable,0.6,3.0,0.5625,3.0,0.5142857142857142,3.0,False
dc_4b7a393d65ed,TierPoint St. Louis – Millpark,,colocation,operational,MO,St. Louis,38.698612,-90.411954,geocoded_address,pending,medium,,,15.06376838684082,0.14500000000000002,1,0.225,1,0.385,1,6.0,,non_burnable,0.13333333333333333,1.0,0.10546875,1.0,0.12995391705069123,1.0,False
dc_b2841d717095,Golden West Rapid City Skyline Facility,,unknown,operational,SD,Pennington,44.047645,-103.244187,geocoded_address,pending,medium,,,16.03272247314453,0.045,1,0.07500000000000001,1,0.135,1,3.0,3.0,moderate,0.6666666666666666,3.0,0.53515625,4.0,0.5548387096774193,4.0,False
dc_1e8ff92390a0,CENTRA RNO01 - Reno Nevada (200 S. Virginia),,unknown,operational,NV,Washoe,39.522999,-119.811358,geocoded_address,pending,medium,,,1.7456742525100708,0.275,1,0.405,1,0.615,1,6.0,,non_burnable,0.0,0.0,0.04296875,3.0,0.12258064516129032,4.0,False
dc_19d78aae92b7,LightEdge Kansas City Cavern (KCI2),,unknown,operational,KS,Johnson,38.95187,-94.789552,geocoded_address,UNRESOLVABLE,medium,,,20.538841247558594,0.025,1,0.045,1,0.07500000000000001,1,6.0,,non_burnable,0.5555555555555556,3.0,0.40625,3.0,0.3686635944700461,3.0,False
dc_692764cc56b5,Equinix CH7 - Westmont,,colocation,operational,IL,DuPage,41.812598,-87.972834,geocoded_address,pending,medium,,,16.118194580078125,0.035,1,0.055,1,0.10500000000000001,1,6.0,,non_burnable,0.044444444444444446,1.0,0.17578125,1.0,0.18525345622119815,1.0,False
dc_0ae77cd8da7f,H5 Data Centers Cincinnati II,,unknown,operational,OH,Hamilton,39.105851,-84.53657,geocoded_address,pending,medium,,,18.689889907836914,0.045,1,0.07500000000000001,1,0.125,1,6.0,,non_burnable,0.022222222222222223,1.0,0.140625,1.0,0.26359447004608294,1.0,False
dc_5b24108b6e9d,Cologix ASH1,,colocation,operational,VA,Loudoun,39.019135,-77.457738,geocoded_address,pending,medium,,,13.613815307617188,0.055,1,0.095,1,0.175,1,6.0,,non_burnable,0.17777777777777778,1.0,0.3515625,1.0,0.3152073732718894,1.0,False
dc_29f5ae089013,Peak Internet,,unknown,operational,OR,Benton,44.559445,-123.275141,geocoded_address,pending,medium,,,0.3777052164077759,0.155,1,0.265,1,0.455,1,6.0,,non_burnable,0.08888888888888889,2.0,0.31640625,2.0,0.42119815668202765,2.0,False
dc_8d2c754efaf1,Ridgeview Minnetonka,,unknown,operational,MN,Hennepin,44.97197,-93.436798,geocoded_address,pending,medium,,,10.622698783874512,0.005,1,0.015,1,0.025,1,6.0,,non_burnable,0.3333333333333333,2.0,0.37890625,3.0,0.3529953917050691,4.0,False
dc_fbdab8d6b048,713 Nebraska,,unknown,operational,IA,Woodbury,42.498104,-96.403951,geocoded_address,pending,medium,,,18.442840576171875,0.015,1,0.025,1,0.055,1,6.0,,non_burnable,0.0,0.0,0.09765625,4.0,0.2967741935483871,5.0,False
dc_7c6fefec1f6e,Equinix DA11 - Dallas,,colocation,operational,TX,Dallas,32.801347,-96.821074,geocoded_address,pending,medium,,,18.841638565063477,0.025,1,0.035,1,0.065,1,6.0,,non_burnable,0.06666666666666667,3.0,0.12890625,3.0,0.14377880184331798,3.0,False
dc_afab297ce101,EdgeConneX New Orleans (EDCSLI01),,colocation,operational,LA,St. Tammany,30.287098,-89.737403,geocoded_address,pending,medium,,,27.68014907836914,0.025,1,0.035,1,0.065,1,6.0,,non_burnable,0.28888888888888886,4.0,0.3125,4.0,0.4967741935483871,5.0,False
dc_9449ac8454ad,"CENTRA PWM1 - Portland, Maine (340 Cumberland)",,unknown,operational,ME,Cumberland,43.657708,-70.261781,geocoded_address,CANDIDATE,medium,,,2.118645191192627,0.07500000000000001,1,0.125,1,0.225,1,6.0,,non_burnable,0.0,0.0,0.02734375,3.0,0.19723502304147467,3.0,False
dc_43484bcf3562,Sungard AS Thornton,,unknown,operational,CO,Adams,39.84749,-104.98069,geocoded_address,CANDIDATE,medium,,,10.969576835632324,0.045,1,0.08499999999999999,1,0.155,1,6.0,,non_burnable,0.0,0.0,0.09375,4.0,0.11612903225806452,4.0,False
dc_f11fcbc90179,MDC Nogales,,unknown,operational,AZ,Santa Cruz,31.335472,-110.943007,geocoded_address,CANDIDATE,medium,,,12.759134292602539,0.015,1,0.025,1,0.045,1,6.0,,non_burnable,0.1935483870967742,2.0,0.5467625899280576,3.0,0.7162393162393162,5.0,False
dc_573a60c3563b,T5@SiliconValley,,unknown,operational,CA,Alameda,37.50998,-122.00116,geocoded_address,CANDIDATE,medium,,,0.09281287342309952,0.595,1,0.775,1,1.025,1,6.0,,non_burnable,0.37777777777777777,3.0,0.26171875,4.0,0.14930875576036867,4.0,False
dc_3933c406bf5d,T5@Portland,,unknown,operational,OR,Washington,45.555268,-122.940007,geocoded_address,CANDIDATE,medium,,,0.49183908104896545,0.175,1,0.28500000000000003,1,0.455,1,6.0,,non_burnable,0.3333333333333333,2.0,0.2421875,2.0,0.21658986175115208,2.0,False
dc_4df3eadcb5ae,T5@Charlotte,,unknown,operational,NC,Cleveland,35.250449,-81.395098,geocoded_address,pending,medium,,,13.459467887878418,0.065,1,0.095,1,0.165,1,6.0,,non_burnable,0.7111111111111111,4.0,0.7265625,4.0,0.7345622119815668,4.0,False
dc_5ae368e148c6,T5@Atlanta,,unknown,operational,GA,Douglas,33.76344,-84.60484,geocoded_address,VERIFIED,medium,,,17.153179168701172,0.055,1,0.08499999999999999,1,0.14500000000000002,1,3.0,3.0,moderate,0.5111111111111111,3.0,0.453125,3.0,0.4894009216589862,3.0,False
dc_0440ca675a9b,T5@Augusta,,unknown,operational,GA,Richmond,33.438755,-82.157946,geocoded_address,pending,medium,,,18.24689483642578,0.07500000000000001,1,0.125,1,0.225,1,6.0,,non_burnable,0.8,4.0,0.6328125,4.0,0.6110599078341014,4.0,False
dc_2664bd7e8ca0,DC Host Sheridan,,unknown,operational,WY,Sheridan,44.784169,-106.940957,geocoded_address,pending,medium,,,10.106097221374512,0.095,1,0.155,1,0.265,1,6.0,,non_burnable,0.3333333333333333,2.0,0.421875,3.0,0.616589861751152,4.0,False
dc_5148f9e54a98,EXA Datacenter New York,,unknown,operational,NY,New York,40.717729,-74.008306,geocoded_address,pending,medium,,,7.277477264404297,0.095,1,0.175,1,0.335,1,6.0,,non_burnable,0.0,0.0,0.00390625,4.0,0.02857142857142857,5.0,False
dc_944ea7a6b67d,Lumen Tulsa 1,,colocation,operational,OK,Tulsa,36.15682,-95.993421,geocoded_address,pending,medium,,,21.064456939697266,0.035,1,0.055,1,0.095,1,6.0,,non_burnable,0.06666666666666667,1.0,0.09375,1.0,0.24700460829493087,3.0,False
dc_853509ea17b3,Foremost Dallas,,unknown,operational,TX,Dallas,32.933377,-96.808683,geocoded_address,pending,medium,,,18.841638565063477,0.025,1,0.035,1,0.065,1,6.0,,non_burnable,0.06666666666666667,3.0,0.17578125,3.0,0.1391705069124424,3.0,False
dc_f6ebe4e52512,Foremost Corpus Christi,,unknown,operational,TX,Nueces,27.795751,-97.397393,geocoded_address,CANDIDATE,medium,,,12.052451133728027,0.005,1,0.015,1,0.035,1,6.0,,non_burnable,0.044444444444444446,2.0,0.02734375,2.0,0.041474654377880185,2.0,False
dc_8369073e1b95,Foremost San Antonio,,unknown,operational,TX,Bexar,29.42938,-98.487309,geocoded_address,pending,medium,,,13.138814926147461,0.015,1,0.015,1,0.035,1,6.0,,non_burnable,0.022222222222222223,2.0,0.02734375,2.0,0.08755760368663594,3.0,False
dc_1621122fb560,Foremost Harlingen,,unknown,operational,TX,Cameron,26.192979,-97.690638,geocoded_address,pending,medium,,,9.045583724975586,0.015,1,0.025,1,0.045,1,6.0,,non_burnable,0.022222222222222223,2.0,0.109375,2.0,0.24516129032258063,3.0,False
dc_53e829a00936,Spin Servers DAL1,,unknown,operational,TX,Dallas,32.783697,-96.79467,geocoded_address,pending,medium,,,18.841638565063477,0.025,1,0.035,1,0.065,1,6.0,,non_burnable,0.022222222222222223,2.0,0.0234375,2.0,0.15115207373271888,3.0,False
dc_f5141a487f0e,AUBix Auburn,,unknown,operational,AL,Lee,32.600874,-85.513055,geocoded_address,VERIFIED,medium,,,20.020587921142578,0.035,1,0.055,1,0.095,1,3.0,3.0,moderate,0.5333333333333333,3.0,0.5390625,3.0,0.616589861751152,4.0,False
dc_bf02966eb419,RagingWire CH1 - NTT,,colocation,operational,IL,DuPage,41.988567,-88.01368,geocoded_address,AMBIGUOUS,medium,,,17.22007942199707,0.035,1,0.055,1,0.095,1,6.0,,non_burnable,0.022222222222222223,1.0,0.12890625,1.0,0.23317972350230415,1.0,False
dc_ca7d33cf6c31,Segra Kannapolis,,unknown,operational,NC,Cabarrus,35.50515,-80.62272,geocoded_address,VERIFIED,medium,,,12.582268714904785,0.055,1,0.08499999999999999,1,0.135,1,6.0,,non_burnable,0.17777777777777778,4.0,0.36328125,4.0,0.5373271889400921,4.0,False
dc_e8eb1c059cb6,CENTRA CMH01 - Columbus Ohio (180 E Broad),,unknown,operational,OH,Franklin,39.962785,-82.996184,geocoded_address,CANDIDATE,medium,,,14.319350242614746,0.035,1,0.055,1,0.095,1,6.0,,non_burnable,0.022222222222222223,1.0,0.01171875,1.0,0.08571428571428572,1.0,False
dc_47dd6e6f269c,BluegrassNet Louisville,,unknown,operational,KY,Jefferson,38.241182,-85.74932,geocoded_address,pending,medium,,,13.915719032287598,0.065,1,0.095,1,0.165,1,6.0,,non_burnable,0.022222222222222223,1.0,0.0390625,1.0,0.11797235023041475,1.0,False
dc_a5c5c40f19a1,"ark data centers - Boise, ID",,unknown,operational,ID,Ada,43.579984,-116.290797,geocoded_address,pending,medium,,,3.1638710498809814,0.035,1,0.045,1,0.065,1,6.0,,non_burnable,0.35555555555555557,3.0,0.2890625,3.0,0.2921658986175115,4.0,False
dc_6fa5cb317f61,"ark data centers - Cleveland, OH",,unknown,operational,OH,Cuyahoga,41.361157,-81.632535,geocoded_address,pending,medium,,,14.31541633605957,0.025,1,0.045,1,0.095,1,6.0,,non_burnable,0.4888888888888889,1.0,0.62109375,1.0,0.584331797235023,1.0,False
dc_936035203d1f,421 N 6th Ave East,,unknown,operational,MN,St. Louis,46.795464,-92.095399,geocoded_address,CANDIDATE,medium,,,7.881808280944824,0.005,1,0.005,1,0.015,1,6.0,,non_burnable,0.0,0.0,0.15234375,3.0,0.2589861751152074,3.0,False
dc_a4e4cd6244d3,"ark data centers - Canton,OH",,unknown,operational,OH,Stark,40.832529,-81.431933,geocoded_address,pending,medium,,,12.362462997436523,0.025,1,0.045,1,0.07500000000000001,1,1.0,1.0,very_low,0.4222222222222222,1.0,0.44140625,1.0,0.3105990783410138,1.0,False
dc_0140af52d0df,"ark data centers - Youngstown, OH",,unknown,operational,OH,Mahoning,41.11832,-80.657012,geocoded_address,pending,medium,,,10.923550605773926,0.025,1,0.045,1,0.07500000000000001,1,6.0,,non_burnable,0.1111111111111111,1.0,0.2109375,1.0,0.34101382488479265,1.0,False
dc_3b664e26d6e9,"ark data centers - Pittsburgh, PA",,unknown,operational,PA,Armstrong,40.752216,-79.637268,geocoded_address,pending,medium,,,12.542291641235352,0.025,1,0.045,1,0.07500000000000001,1,1.0,1.0,very_low,0.6666666666666666,1.0,0.703125,1.0,0.7290322580645161,1.0,False
dc_e744de60a17b,US Signal MN01 - Minneapolis,,unknown,operational,MN,Hennepin,44.877094,-93.407686,geocoded_address,pending,medium,,,10.622698783874512,0.005,1,0.015,1,0.025,1,6.0,,non_burnable,0.17777777777777778,1.0,0.30859375,2.0,0.34101382488479265,3.0,False
dc_75d783969484,US Signal WI02 - Madison,,unknown,operational,WI,Dane,42.994734,-89.423274,geocoded_address,VERIFIED,medium,,,12.755743980407715,0.015,1,0.035,1,0.055,1,6.0,,non_burnable,0.2222222222222222,2.0,0.3359375,2.0,0.3824884792626728,2.0,False
dc_d647f52dca93,US Signal IA01 - Des Moines,,unknown,operational,IA,Dallas,41.620242,-93.853996,geocoded_address,pending,medium,,,14.173967361450195,0.015,1,0.025,1,0.045,1,6.0,,non_burnable,0.13333333333333333,1.0,0.234375,1.0,0.271889400921659,1.0,False
dc_8bf50b2ebca9,US Signal AZ01 - Phoenix,,unknown,operational,AZ,Maricopa,33.355173,-111.826816,geocoded_address,pending,medium,,,7.883434772491455,0.025,1,0.035,1,0.055,1,6.0,,non_burnable,0.2222222222222222,4.0,0.140625,4.0,0.08663594470046083,4.0,False
dc_4126490726b2,EdgeConneX Chicago (EDCCHI02),,colocation,operational,IL,Cook,42.001364,-87.952626,geocoded_address,pending,medium,,,14.088419914245605,0.035,1,0.055,1,0.095,1,6.0,,non_burnable,0.0,0.0,0.0390625,1.0,0.09861751152073733,1.0,False
dc_2ce078333a5c,Cogent New Orleans,,unknown,operational,LA,Orleans,29.949305,-90.070038,geocoded_address,CANDIDATE,medium,,,26.341787338256836,0.025,1,0.035,1,0.055,1,6.0,,non_burnable,0.0,0.0,0.0,0.0,0.020276497695852536,1.0,False
dc_9edcf95c820e,Digital Realty CHI (9333 Grand Ave),,colocation,operational,IL,Cook,41.926884,-87.859119,geocoded_address,pending,medium,,,16.118194580078125,0.035,1,0.055,1,0.095,1,6.0,,non_burnable,0.0,0.0,0.1015625,1.0,0.10783410138248847,1.0,False
dc_4ad3f9c6b136,Digital Realty CHI (9355 Grand Ave),,colocation,operational,IL,Cook,41.927658,-87.859333,geocoded_address,pending,medium,,,16.118194580078125,0.035,1,0.055,1,0.095,1,6.0,,non_burnable,0.0,0.0,0.1015625,1.0,0.10691244239631337,1.0,False
dc_7d5258421dfa,Digital Realty CHI (9377 Grand Ave),,colocation,operational,IL,Cook,41.928621,-87.85877,geocoded_address,pending,medium,,,16.118194580078125,0.035,1,0.055,1,0.095,1,6.0,,non_burnable,0.0,0.0,0.125,1.0,0.11244239631336406,1.0,False
dc_c73e00e9ed81,Equinix AT4 - Atlanta,,colocation,operational,GA,Cobb,33.895445,-84.453611,geocoded_address,pending,medium,,,16.562829971313477,0.065,1,0.095,1,0.155,1,6.0,,non_burnable,0.3333333333333333,3.0,0.41796875,3.0,0.47465437788018433,3.0,False
dc_d9001f9c6c9e,EdgeCore Phoenix,,unknown,operational,AZ,Maricopa,33.34404,-111.61957,geocoded_address,VERIFIED,medium,,,7.883434772491455,0.025,1,0.035,1,0.065,1,6.0,,non_burnable,0.8444444444444444,4.0,0.60546875,4.0,0.5585253456221199,4.0,False
dc_3f9dc02dbec2,tzulo Chicago,,unknown,operational,IL,Cook,41.876203,-87.631496,geocoded_address,pending,medium,,,16.118194580078125,0.035,1,0.055,1,0.095,1,6.0,,non_burnable,0.0,0.0,0.0078125,1.0,0.009216589861751152,1.0,False
dc_1a05036564f4,SD / Comsat Southbury Ground Station,,unknown,operational,CT,Naugatuck Valley,41.451602,-73.28939,geocoded_address,pending,medium,,,5.519350051879883,0.08499999999999999,1,0.135,1,0.255,1,6.0,,non_burnable,0.8444444444444444,3.0,0.87109375,4.0,0.7622119815668202,4.0,False
dc_54b3ef0880ca,SD / Comsat Santa Paula Ground Station,,unknown,operational,CA,Ventura,34.41322,-119.07955,geocoded_address,CANDIDATE,medium,,,0.27296707034111023,0.565,1,0.775,1,1.0750000000000002,1,2.0,2.0,low,0.9333333333333333,3.0,0.94140625,3.0,0.9456221198156682,4.0,False
dc_8dc8a503fc76,HostDime Orlando Tier IV Data Center,,unknown,operational,FL,Orange,28.614463,-81.385657,geocoded_address,pending,medium,,,28.079456329345703,0.015,1,0.025,1,0.035,1,6.0,,non_burnable,0.28888888888888886,3.0,0.26171875,4.0,0.2423963133640553,4.0,False
dc_fc76d047a367,Sunbreak Electronics,,unknown,operational,OR,Clackamas,45.261026,-122.676541,geocoded_address,pending,medium,,,0.6346678733825684,0.165,1,0.265,1,0.425,1,6.0,,non_burnable,0.24444444444444444,2.0,0.40625,2.0,0.6359447004608295,3.0,False
dc_b90db17c93d0,Scott Data Center Omaha,,unknown,operational,NE,Douglas,41.242916,-96.016491,geocoded_address,pending,medium,,,15.336313247680664,0.015,1,0.025,1,0.045,1,6.0,,non_burnable,0.13333333333333333,1.0,0.14453125,2.0,0.11705069124423963,2.0,False
dc_e0c953c40206,Aligned Ashburn (IAD-02),,colocation,operational,VA,Loudoun,39.010562,-77.475185,geocoded_address,pending,medium,,,13.613815307617188,0.055,1,0.095,1,0.175,1,6.0,,non_burnable,0.3333333333333333,1.0,0.390625,1.0,0.343778801843318,1.0,False
dc_ab342699d6b9,Aligned Chicago (ORD-01),,colocation,operational,IL,Cook,41.913464,-87.91876,geocoded_address,pending,medium,,,16.118194580078125,0.035,1,0.055,1,0.095,1,6.0,,non_burnable,0.06666666666666667,1.0,0.0390625,1.0,0.06267281105990784,1.0,False
dc_39ff79a5b283,Aligned Chicago (ORD-02),,colocation,operational,IL,Cook,41.913464,-87.91876,geocoded_address,pending,medium,,,16.118194580078125,0.035,1,0.055,1,0.095,1,6.0,,non_burnable,0.06666666666666667,1.0,0.0390625,1.0,0.06267281105990784,1.0,False
dc_ca6a6b6b42c4,Connect Cedar Valley,,unknown,operational,IA,Black Hawk,42.473322,-92.458275,geocoded_address,CANDIDATE,medium,,,9.094491958618164,0.015,1,0.025,1,0.045,1,6.0,,non_burnable,0.24444444444444444,1.0,0.19921875,1.0,0.20184331797235022,1.0,False
dc_43204ca86890,Digital Fortress (PNJ),,unknown,operational,NJ,Middlesex,40.544144,-74.496592,geocoded_address,pending,medium,,,7.277477264404297,0.095,1,0.165,1,0.315,1,6.0,,non_burnable,0.3111111111111111,4.0,0.3359375,4.0,0.3317972350230415,4.0,False
dc_a8a368db33bb,Quad State Internet PAH1 Colocation,,unknown,operational,KY,McCracken,37.09402,-88.634104,geocoded_address,AMBIGUOUS,medium,,,15.870150566101074,0.325,1,0.505,1,0.815,1,6.0,,non_burnable,0.35555555555555557,2.0,0.33203125,2.0,0.37695852534562213,2.0,False
dc_c04730ac0683,SFN MN-Rochester,,unknown,operational,MN,Olmsted,44.02129,-92.462938,geocoded_address,CANDIDATE,medium,,,8.167824745178223,0.015,1,0.015,1,0.025,1,6.0,,non_burnable,0.13333333333333333,1.0,0.19921875,1.0,0.37327188940092165,1.0,False
dc_50c707acf444,SFN IL-Peoria,,unknown,operational,IL,Peoria,40.738991,-89.584721,geocoded_address,pending,medium,,,14.833417892456055,0.045,1,0.065,1,0.11499999999999999,1,6.0,,non_burnable,0.1111111111111111,1.0,0.26171875,1.0,0.2313364055299539,1.0,False
dc_9e16cf902bb8,Aureon Minneapolis,,unknown,operational,MN,Hennepin,44.971408,-93.25458,geocoded_address,pending,medium,,,10.622698783874512,0.005,1,0.015,1,0.025,1,6.0,,non_burnable,0.022222222222222223,1.0,0.015625,2.0,0.04976958525345622,2.0,False
dc_61f104ef7e31,Aureon West Des Moines,,unknown,operational,IA,Polk,41.59778,-93.7352,geocoded_address,VERIFIED,medium,,,14.173967361450195,0.015,1,0.025,1,0.045,1,6.0,,non_burnable,0.24444444444444444,1.0,0.1640625,1.0,0.24055299539170508,3.0,False
dc_b3248b7dd787,LSVL-CTC1,,unknown,operational,CO,Boulder,39.965362,-105.124453,geocoded_address,pending,medium,,,8.949381828308105,0.055,1,0.08499999999999999,1,0.175,1,6.0,,non_burnable,0.35555555555555557,4.0,0.42578125,4.0,0.4221198156682028,4.0,False
dc_69c4af3b8176,Midco Sioux Falls,,unknown,operational,SD,Lincoln,43.4976,-96.78582,geocoded_address,CANDIDATE,medium,,,15.471444129943848,0.015,1,0.035,1,0.055,1,6.0,,non_burnable,0.2222222222222222,2.0,0.19140625,2.0,0.25161290322580643,2.0,False
dc_c3798aab7f27,Midco Yankton,,unknown,operational,SD,Yankton,42.892031,-97.416548,geocoded_address,pending,medium,,,14.491186141967773,0.025,1,0.035,1,0.07500000000000001,1,6.0,,non_burnable,0.3333333333333333,2.0,0.3046875,2.0,0.29861751152073734,3.0,False
dc_0e9430d2bb67,Midco Fargo,,unknown,operational,ND,Cass,46.836551,-96.865917,geocoded_address,pending,medium,,,7.952457904815674,0.005,1,0.015,1,0.035,1,6.0,,non_burnable,0.1111111111111111,1.0,0.09375,1.0,0.12350230414746544,1.0,False
dc_6396a9188b64,Midco Grand Forks,,unknown,operational,ND,Grand Forks,47.902115,-97.090307,geocoded_address,AMBIGUOUS,medium,,,7.732477188110352,0.005,1,0.015,1,0.025,1,6.0,,non_burnable,0.2,1.0,0.16015625,1.0,0.17788018433179723,2.0,False
dc_3f21766275d1,Cogent La Mirada,,unknown,operational,CA,Los Angeles,33.8799,-118.0281,geocoded_address,CANDIDATE,medium,,,0.3717229962348938,0.395,1,0.545,1,0.805,1,6.0,,non_burnable,0.0,0.0,0.01171875,3.0,0.04884792626728111,4.0,False
dc_fed86730d8eb,Ethoplex Data Center,,unknown,operational,WI,Washington,43.227892,-88.146745,geocoded_address,pending,medium,,,8.656561851501465,0.015,1,0.025,1,0.045,1,6.0,,non_burnable,0.28888888888888886,2.0,0.42578125,2.0,0.4626728110599078,2.0,False
dc_a525f7501d71,DataBank Minneapolis (MSP3),,colocation,operational,MN,Hennepin,45.14381,-93.38704,geocoded_address,VERIFIED,medium,,,10.388507843017578,0.005,1,0.015,1,0.025,1,6.0,,non_burnable,0.28888888888888886,2.0,0.2734375,3.0,0.3069124423963134,4.0,False
dc_144eb7f40153,SFN IA-Urbana,,unknown,operational,IA,Benton,42.246422,-91.886635,geocoded_address,pending,medium,,,8.404583930969238,0.015,1,0.025,1,0.045,1,1.0,1.0,very_low,0.08888888888888889,1.0,0.12890625,1.0,0.19815668202764977,1.0,False
dc_f8f4d74a1bbf,Hemlock Plaza,,unknown,operational,OR,Curry,42.051179,-124.28091,geocoded_address,pending,medium,,,0.44767990708351135,0.435,1,0.755,1,1.2650000000000001,1,6.0,,non_burnable,0.08888888888888889,2.0,0.21484375,5.0,0.35944700460829493,5.0,False
dc_357eb5a927a6,STRATA Vernal Data Center,,unknown,operational,UT,Uintah,40.456615,-109.528963,geocoded_address,pending,medium,,,5.19505500793457,0.08499999999999999,1,0.135,1,0.235,1,6.0,,non_burnable,0.15555555555555556,2.0,0.4375,3.0,0.528110599078341,3.0,False
dc_12e6a6edf5fb,MDC San Diego,,unknown,operational,CA,San Diego,32.594192,-117.085384,geocoded_address,pending,medium,,,0.6888867616653442,0.255,1,0.355,1,0.515,1,6.0,,non_burnable,0.1111111111111111,4.0,0.08203125,4.0,0.13456221198156681,4.0,False
dc_1c6b983e109a,Router12 - Brick and Tile,,unknown,operational,IA,Cerro Gordo,43.151758,-93.199317,geocoded_address,CANDIDATE,medium,,,8.832541465759277,0.015,1,0.015,1,0.035,1,6.0,,non_burnable,0.08888888888888889,1.0,0.1953125,1.0,0.29400921658986173,2.0,False
dc_1950c37b6b09,Flexential - Atlanta/Douglasville (ATL5),,colocation,operational,GA,Douglas,33.731164,-84.615714,geocoded_address,pending,medium,,,17.153179168701172,0.055,1,0.08499999999999999,1,0.14500000000000002,1,2.0,2.0,low,0.8666666666666667,3.0,0.7109375,3.0,0.5797235023041475,3.0,False
dc_5316b4c0a16e,Flexential - Portland/Hillsboro 3 (PDX03),,colocation,operational,OR,Washington,45.55945,-122.93761,geocoded_address,VERIFIED,medium,,,0.49183908104896545,0.175,1,0.28500000000000003,1,0.455,1,6.0,,non_burnable,0.3111111111111111,2.0,0.21875,2.0,0.2294930875576037,2.0,False
dc_25cab7b22101,Flexential - Portland/Hillsboro 4 (PDX04),,colocation,operational,OR,Washington,45.555183,-122.939056,geocoded_address,pending,medium,,,0.49183908104896545,0.175,1,0.28500000000000003,1,0.455,1,6.0,,non_burnable,0.3333333333333333,2.0,0.1953125,2.0,0.21658986175115208,2.0,False
dc_ef12919892c5,Venyu BTR1,,unknown,operational,LA,East Baton Rouge,30.45319,-91.11625,geocoded_address,CANDIDATE,medium,,,27.227249145507812,0.025,1,0.035,1,0.065,1,6.0,,non_burnable,0.13333333333333333,1.0,0.16015625,1.0,0.21382488479262673,2.0,False
dc_0d852c0bbe7c,Otava Metro Detroit,,unknown,operational,MI,Wayne,42.331172,-83.419408,geocoded_address,pending,medium,,,17.9299373626709,0.035,1,0.055,1,0.10500000000000001,1,6.0,,non_burnable,0.4222222222222222,2.0,0.33984375,2.0,0.2064516129032258,2.0,False
dc_ece45f669ead,C Spire Mississippi,,unknown,operational,MS,Oktibbeha,33.470581,-88.791097,geocoded_address,pending,medium,,,22.14625358581543,0.07500000000000001,1,0.11499999999999999,1,0.185,1,6.0,,non_burnable,0.3333333333333333,3.0,0.40234375,3.0,0.6423963133640553,3.0,False
dc_854b5acb373f,Crown Castle Philadelphia (1309 Noble),,unknown,operational,PA,Philadelphia,39.96024,-75.15992,geocoded_address,CANDIDATE,medium,,,9.466512680053711,0.07500000000000001,1,0.135,1,0.255,1,6.0,,non_burnable,0.0,0.0,0.015625,2.0,0.047004608294930875,3.0,False
dc_3129f2c900a6,Crown Castle White Plains (360 Hamilton),,unknown,operational,NY,Westchester,41.034507,-73.76668,geocoded_address,CANDIDATE,medium,,,6.558852672576904,0.095,1,0.175,1,0.325,1,6.0,,non_burnable,0.2,4.0,0.30078125,4.0,0.46912442396313364,5.0,False
dc_1c50ce7c72a5,EdgeCore Silicon Valley,,unknown,operational,CA,Santa Clara,37.38369,-121.965336,geocoded_address,CANDIDATE,medium,,,0.12219325453042984,0.535,1,0.685,1,0.895,1,6.0,,non_burnable,0.0,0.0,0.01171875,3.0,0.07557603686635944,4.0,False
dc_be0ed008ea39,EdgeCore VA1,,unknown,operational,VA,Loudoun,39.021724,-77.414111,geocoded_address,pending,medium,,,13.613815307617188,0.055,1,0.095,1,0.175,1,1.0,1.0,very_low,0.15555555555555556,1.0,0.2421875,1.0,0.3336405529953917,1.0,False
dc_cea813043db3,EdgeCore VA2,,unknown,operational,VA,Loudoun,38.994747,-77.444362,geocoded_address,pending,medium,,,13.629328727722168,0.055,1,0.095,1,0.175,1,6.0,,non_burnable,0.2,1.0,0.33984375,1.0,0.33548387096774196,1.0,False
dc_2a818be79374,EdgeCore Reno 1,,unknown,operational,NV,Storey,39.524415,-119.481812,geocoded_address,AMBIGUOUS,medium,,,1.336833119392395,0.20500000000000002,1,0.295,1,0.435,1,6.0,,non_burnable,0.6888888888888889,4.0,0.87109375,5.0,0.9059907834101383,5.0,False
dc_e529dbcff544,Ethoplex Edge DC - Green Bay,,unknown,operational,WI,Brown,44.428051,-88.050196,geocoded_address,UNRESOLVABLE,medium,,,5.673304557800293,0.015,1,0.015,1,0.025,1,6.0,,non_burnable,0.2222222222222222,1.0,0.2578125,1.0,0.30046082949308756,2.0,False
dc_9979cc01880f,Ethoplex Edge DC - Fond du Lac,,unknown,operational,WI,Fond du Lac,43.833878,-88.494331,geocoded_address,UNRESOLVABLE,medium,,,6.0541157722473145,0.015,1,0.025,1,0.035,1,6.0,,non_burnable,0.2222222222222222,1.0,0.1953125,1.0,0.18986175115207374,2.0,False
dc_12ee8967fb3b,901 Commerce Dr,,unknown,operational,WI,Wood,44.632611,-90.168593,geocoded_address,pending,medium,,,5.845580101013184,0.005,1,0.015,1,0.025,1,6.0,,non_burnable,0.37777777777777777,2.0,0.36328125,2.0,0.31336405529953915,2.0,False
dc_a544254c915e,Lumen Jacksonville,,colocation,operational,FL,Duval,30.271996,-81.623873,geocoded_address,pending,medium,,,23.808124542236328,0.025,1,0.035,1,0.065,1,6.0,,non_burnable,0.15555555555555556,3.0,0.25390625,3.0,0.21566820276497695,4.0,False
dc_598350b62d6f,Lumen Portland,,colocation,operational,OR,Multnomah,45.531671,-122.68496,geocoded_address,pending,medium,,,0.49183908104896545,0.165,1,0.275,1,0.455,1,6.0,,non_burnable,0.0,0.0,0.02734375,2.0,0.1622119815668203,3.0,False
dc_f49fd2c20dca,Lumen Pittsburgh,,colocation,operational,PA,Allegheny,40.425388,-79.970352,geocoded_address,pending,medium,,,12.357475280761719,0.025,1,0.045,1,0.07500000000000001,1,6.0,,non_burnable,0.17777777777777778,1.0,0.1953125,1.0,0.19815668202764977,1.0,False
dc_a39b4630d4f6,Crown Castle Manchester (1 Sundial Ave),,unknown,operational,NH,Hillsborough,42.972613,-71.469472,geocoded_address,pending,medium,,,3.484011173248291,0.095,1,0.165,1,0.315,1,6.0,,non_burnable,0.06666666666666667,2.0,0.07421875,2.0,0.2589861751152074,2.0,False
dc_29cc8119d959,VELCO Rutland,,unknown,operational,VT,Rutland,43.660147,-72.992651,geocoded_address,pending,medium,,,5.850883483886719,0.065,1,0.10500000000000001,1,0.185,1,6.0,,non_burnable,0.7333333333333333,1.0,0.8671875,2.0,0.8470046082949308,2.0,False
dc_6480c6df7d40,Energynet Datacenter,,unknown,operational,KY,Christian,36.847841,-87.465157,geocoded_address,pending,medium,,,16.438068389892578,0.14500000000000002,1,0.225,1,0.355,1,6.0,,non_burnable,0.4,1.0,0.37890625,1.0,0.38525345622119817,1.0,False
dc_6704477657fe,Lost River Data Center,,unknown,operational,KY,Warren,36.962312,-86.470939,geocoded_address,pending,medium,,,14.498529434204102,0.08499999999999999,1,0.125,1,0.20500000000000002,1,6.0,,non_burnable,0.3111111111111111,1.0,0.33984375,1.0,0.4184331797235023,1.0,False
dc_9b2065354392,Atomic Data MSP250,,unknown,operational,MN,Hennepin,44.980707,-93.267331,geocoded_address,CANDIDATE,medium,,,10.622698783874512,0.005,1,0.015,1,0.025,1,6.0,,non_burnable,0.0,0.0,0.02734375,2.0,0.07741935483870968,2.0,False
dc_a8482afc8543,Russellvile EPB Smartnet,,unknown,operational,KY,Logan,36.846023,-86.88624,geocoded_address,pending,medium,,,15.747740745544434,0.095,1,0.155,1,0.245,1,6.0,,non_burnable,0.35555555555555557,1.0,0.59765625,1.0,0.6967741935483871,1.0,False
dc_ab2a3e5edefd,"DartPoints Baton Rouge, LA - BTR1",,unknown,operational,LA,East Baton Rouge,30.453521,-91.115584,geocoded_address,CANDIDATE,medium,,,27.227249145507812,0.025,1,0.035,1,0.065,1,6.0,,non_burnable,0.17777777777777778,1.0,0.15625,1.0,0.22027649769585253,2.0,False
dc_f800adc8ba21,H5 Data Centers San Luis Obispo,,unknown,operational,CA,San Luis Obispo,35.255773,-120.640747,geocoded_address,pending,medium,,,0.12851876020431519,0.235,1,0.325,1,0.485,1,6.0,,non_burnable,0.35555555555555557,4.0,0.5390625,5.0,0.6294930875576037,5.0,False
dc_0710358899ef,QTS Phoenix (PHX2),,colocation,operational,AZ,Maricopa,33.462368,-111.995794,geocoded_address,UNRESOLVABLE,medium,,,7.883434772491455,0.025,1,0.035,1,0.065,1,5.0,5.0,very_high,0.24444444444444444,5.0,0.078125,5.0,0.10967741935483871,5.0,False
dc_028c228e5604,Lumen West Haven,,colocation,operational,CT,South Central Connecticut,41.289812,-72.970174,geocoded_address,AMBIGUOUS,medium,,,4.001034736633301,0.07500000000000001,1,0.125,1,0.235,1,6.0,,non_burnable,0.2,3.0,0.2734375,3.0,0.32534562211981566,3.0,False
dc_0e25227f34f6,Lumen New Haven,,colocation,operational,CT,South Central Connecticut,41.299793,-72.925887,geocoded_address,CANDIDATE,medium,,,4.001034736633301,0.07500000000000001,1,0.125,1,0.235,1,6.0,,non_burnable,0.022222222222222223,1.0,0.05078125,3.0,0.18064516129032257,3.0,False
dc_feec39d1d16e,Lumen Hartford,,colocation,operational,CT,Capitol,41.745091,-72.665146,geocoded_address,pending,medium,,,4.7566447257995605,0.07500000000000001,1,0.11499999999999999,1,0.225,1,6.0,,non_burnable,0.08888888888888889,2.0,0.11328125,3.0,0.223963133640553,3.0,False
dc_74861ceae290,Lumen Stamford,,colocation,operational,CT,Western Connecticut,41.049146,-73.530484,geocoded_address,pending,medium,,,6.558852672576904,0.08499999999999999,1,0.155,1,0.295,1,6.0,,non_burnable,0.022222222222222223,3.0,0.03125,4.0,0.17880184331797236,4.0,False
dc_f7aa8ddc2fe1,Lumen New London,,colocation,operational,CT,Southeastern Connecticut,41.347035,-72.102643,geocoded_address,pending,medium,,,3.1631178855895996,0.065,1,0.10500000000000001,1,0.195,1,6.0,,non_burnable,0.06666666666666667,1.0,0.20703125,2.0,0.3870967741935484,2.0,False
dc_d17cb43dd5eb,Crown Castle Stamford,,unknown,operational,CT,Western Connecticut,41.058085,-73.542936,geocoded_address,pending,medium,,,6.558852672576904,0.08499999999999999,1,0.155,1,0.295,1,6.0,,non_burnable,0.022222222222222223,3.0,0.1171875,4.0,0.25161290322580643,4.0,False
dc_8cbc3d5fc5e2,Mountain West Technologies - Casper,,unknown,operational,WY,Natrona,42.849554,-106.326238,geocoded_address,pending,medium,,,7.8687591552734375,0.11499999999999999,1,0.185,1,0.315,1,6.0,,non_burnable,0.044444444444444446,1.0,0.20703125,3.0,0.46728110599078343,3.0,False
dc_1a41b0f928bf,Mountain West Technologies - Cheyenne,,unknown,operational,WY,Laramie,41.175834,-104.82786,geocoded_address,pending,medium,,,9.383162498474121,0.055,1,0.08499999999999999,1,0.14500000000000002,1,6.0,,non_burnable,0.13333333333333333,1.0,0.390625,3.0,0.5806451612903226,3.0,False
dc_88ac7ff70b25,Microtronix Datacenter Ottoville,,unknown,operational,OH,Putnam,40.929554,-84.341921,geocoded_address,pending,medium,,,18.13721466064453,0.055,1,0.08499999999999999,1,0.165,1,7.0,,water,0.15555555555555556,1.0,0.109375,1.0,0.08294930875576037,1.0,True
dc_f5cff530e954,SKYLINK DATA CENTERS,,unknown,operational,FL,Collier,26.167743,-81.799835,geocoded_address,pending,medium,,,27.275699615478516,0.005,1,0.015,1,0.025,1,6.0,,non_burnable,0.08888888888888889,3.0,0.1875,4.0,0.1447004608294931,4.0,False
dc_e0cef7344f80,FIBERSTATE Salt Lake City (SLC1),,unknown,operational,UT,Salt Lake,40.511814,-111.887967,geocoded_address,pending,medium,,,5.014902114868164,0.175,1,0.28500000000000003,1,0.475,1,6.0,,non_burnable,0.1111111111111111,3.0,0.171875,3.0,0.2967741935483871,5.0,False
dc_0924876c0c0b,ColoradoColo - Lakewood (LKWD),,unknown,operational,CO,Jefferson,39.728305,-105.122436,geocoded_address,pending,medium,,,8.949381828308105,0.045,1,0.08499999999999999,1,0.155,1,6.0,,non_burnable,0.06666666666666667,4.0,0.16015625,4.0,0.22580645161290322,4.0,False
dc_238000347c5c,Peace Communications CHA1,,unknown,operational,TN,Hamilton,35.03746,-85.293181,geocoded_address,pending,medium,,,15.146012306213379,0.125,1,0.20500000000000002,1,0.365,1,6.0,,non_burnable,0.1111111111111111,3.0,0.08203125,4.0,0.28294930875576035,4.0,False
dc_aefac21a1874,Peace Communications  HSV1,,unknown,operational,AL,Madison,34.699841,-86.593493,geocoded_address,pending,medium,,,18.687423706054688,0.08499999999999999,1,0.125,1,0.20500000000000002,1,6.0,,non_burnable,0.1111111111111111,2.0,0.18359375,2.0,0.35207373271889403,2.0,False
dc_3531ad1a510c,Midwest Energy & Communications,,unknown,operational,MI,Cass,41.919049,-85.973476,geocoded_address,pending,medium,,,17.207136154174805,0.035,1,0.045,1,0.08499999999999999,1,6.0,,non_burnable,0.15555555555555556,1.0,0.17578125,1.0,0.30046082949308756,1.0,False
dc_e8c73d76dcdd,Mainstream Little Rock,,unknown,operational,AR,Pulaski,34.744517,-92.274148,geocoded_address,CANDIDATE,medium,,,22.769466400146484,0.125,1,0.195,1,0.315,1,6.0,,non_burnable,0.0,0.0,0.0546875,3.0,0.24147465437788018,3.0,False
dc_e213d4585248,CloudOgre,,unknown,operational,NC,Polk,35.299848,-82.160867,geocoded_address,pending,medium,,,12.430723190307617,0.07500000000000001,1,0.11499999999999999,1,0.20500000000000002,1,6.0,,non_burnable,0.7777777777777778,4.0,0.92578125,4.0,0.9069124423963134,4.0,False
dc_a24c2e20f526,DC BLOX GSP1 - DCBLOX Greenville,,unknown,operational,SC,Greenville,34.806553,-82.345891,geocoded_address,pending,medium,,,14.185957908630371,0.07500000000000001,1,0.125,1,0.215,1,2.0,2.0,low,0.4222222222222222,3.0,0.484375,3.0,0.40184331797235023,3.0,False
dc_2e2a707c7ddf,SMRWORXA - Somerset West Central Office,,unknown,operational,OR,Washington,45.546391,-122.866777,geocoded_address,UNRESOLVABLE,medium,,,0.49183908104896545,0.175,1,0.28500000000000003,1,0.475,1,6.0,,non_burnable,0.1111111111111111,2.0,0.171875,2.0,0.21935483870967742,2.0,False
dc_6b5eadf13d33,HLBOORXH - Hawthorne Central Office,,unknown,operational,OR,Washington,45.551374,-122.937143,geocoded_address,pending,medium,,,0.49183908104896545,0.175,1,0.28500000000000003,1,0.455,1,6.0,,non_burnable,0.3111111111111111,2.0,0.19140625,2.0,0.20276497695852536,2.0,False
dc_0829ecd70434,BVTNORXB - Beaverton Central Office,,unknown,operational,OR,Washington,45.490268,-122.811289,geocoded_address,CANDIDATE,medium,,,0.6346678733825684,0.185,1,0.295,1,0.485,1,6.0,,non_burnable,0.022222222222222223,1.0,0.0546875,2.0,0.12258064516129032,2.0,False
dc_92b8c227e4e0,GRHMORXB - Gresham Central Office,,unknown,operational,OR,Multnomah,45.510976,-122.431743,geocoded_address,CANDIDATE,medium,,,0.686893105506897,0.14500000000000002,1,0.225,1,0.355,1,6.0,,non_burnable,0.1111111111111111,2.0,0.16015625,2.0,0.22580645161290322,3.0,False
dc_3b69dbc4e5a5,TGRDORXA - Tigard Central Office,,unknown,operational,OR,Washington,45.42558,-122.768572,geocoded_address,pending,medium,,,0.6346678733825684,0.185,1,0.295,1,0.475,1,6.0,,non_burnable,0.13333333333333333,2.0,0.1015625,2.0,0.15115207373271888,2.0,False
dc_4ff73b39cdde,KNWCWAXA - Kennewick Central Office,,unknown,operational,WA,Benton,46.212947,-119.187198,geocoded_address,pending,medium,,,1.8766522407531738,0.055,1,0.095,1,0.165,1,6.0,,non_burnable,0.2222222222222222,1.0,0.171875,1.0,0.26359447004608294,4.0,False
dc_7293ff46ee7f,EVRTWAXA - Everett Primary Central Office,,unknown,operational,WA,Snohomish,47.921151,-122.226913,geocoded_address,pending,medium,,,0.6047859191894531,0.275,1,0.385,1,0.565,1,6.0,,non_burnable,0.0,0.0,0.09765625,2.0,0.2672811059907834,2.0,False
dc_6986fb479925,BOTHWAXB - Bothell Central Office,,unknown,operational,WA,Snohomish,47.79089,-122.20212,geocoded_address,VERIFIED,medium,,,0.6047859191894531,0.295,1,0.415,1,0.595,1,1.0,1.0,very_low,0.2,1.0,0.3046875,1.0,0.35576036866359445,1.0,False
dc_d0390cf0ea12,CRALIDXX - Coeur d'Alene Central Office,,unknown,operational,ID,Kootenai,47.696497,-116.787537,geocoded_address,pending,medium,,,2.6981990337371826,0.035,1,0.065,1,0.10500000000000001,1,6.0,,non_burnable,0.0,0.0,0.10546875,3.0,0.37511520737327186,4.0,False
dc_ee9c5e566c3c,Data Holdings Milwaukee,,unknown,operational,WI,Milwaukee,43.04373,-87.95378,geocoded_address,VERIFIED,medium,,,8.040300369262695,0.015,1,0.035,1,0.055,1,6.0,,non_burnable,0.022222222222222223,1.0,0.046875,1.0,0.03317972350230415,1.0,False
dc_8164f23d355e,CoreSite - Miami (MI2),,colocation,operational,FL,Miami-Dade,25.793318,-80.333581,geocoded_address,pending,medium,,,22.965288162231445,0.005,1,0.015,1,0.025,1,6.0,,non_burnable,0.044444444444444446,2.0,0.1171875,3.0,0.1152073732718894,4.0,False
dc_fb81ab777b05,DC BLOX MYR1 - DCBLOX Myrtle Beach,,unknown,operational,SC,Horry,33.674657,-78.943365,geocoded_address,VERIFIED,medium,,,16.542938232421875,0.065,1,0.125,1,0.235,1,6.0,,non_burnable,0.28888888888888886,3.0,0.34765625,4.0,0.343778801843318,4.0,False
dc_a9fcf2df567d,GigeNET CHI3,,unknown,operational,IL,Cook,42.040442,-87.976151,geocoded_address,pending,medium,,,14.088419914245605,0.035,1,0.055,1,0.095,1,6.0,,non_burnable,0.1111111111111111,1.0,0.21484375,1.0,0.17880184331797236,1.0,False
dc_ee959c9118c2,Bonnie Lane,,unknown,operational,NC,Jackson,35.350076,-83.208476,geocoded_address,pending,medium,,,12.881980895996094,0.10500000000000001,1,0.175,1,0.315,1,6.0,,non_burnable,0.6222222222222222,3.0,0.7890625,4.0,0.776036866359447,4.0,False
dc_72f573fd7650,ProRacks Datacenter- Kansas City,,unknown,operational,MO,Jackson,39.104854,-94.568004,geocoded_address,pending,medium,,,20.675199508666992,0.025,1,0.045,1,0.07500000000000001,1,6.0,,non_burnable,0.0,0.0,0.05078125,3.0,0.06543778801843318,3.0,False
dc_909716436a45,"aspStation, Inc.",,unknown,operational,PA,Allegheny,40.46531,-79.946682,geocoded_address,pending,medium,,,12.357475280761719,0.025,1,0.045,1,0.07500000000000001,1,6.0,,non_burnable,0.15555555555555556,1.0,0.0859375,1.0,0.1870967741935484,1.0,False
dc_afc2c4cb9950,TierPoint Dallas Forth Worth,,colocation,operational,TX,Tarrant,32.979657,-97.252306,geocoded_address,pending,medium,,,17.917001724243164,0.025,1,0.035,1,0.065,1,6.0,,non_burnable,0.17777777777777778,2.0,0.35546875,3.0,0.4470046082949309,3.0,False
dc_22c92b609884,SecureNet DC1,,unknown,operational,WV,Kanawha,38.366184,-81.694798,geocoded_address,CANDIDATE,medium,,,10.213679313659668,0.045,1,0.07500000000000001,1,0.135,1,6.0,,non_burnable,0.08888888888888889,1.0,0.390625,3.0,0.5511520737327189,3.0,False
dc_613b9e440a52,Cologix COL4,,colocation,operational,OH,Franklin,40.118438,-82.999997,geocoded_address,pending,medium,,,14.810942649841309,0.035,1,0.055,1,0.095,1,6.0,,non_burnable,0.044444444444444446,1.0,0.1640625,1.0,0.28110599078341014,1.0,False
dc_882a55829541,Lightboard ★ Vermont,,unknown,operational,VT,Chittenden,44.45,-73.1446,geocoded_address,CANDIDATE,medium,,,5.822917461395264,0.095,1,0.14500000000000002,1,0.265,1,1.0,1.0,very_low,0.4888888888888889,2.0,0.46484375,2.0,0.5695852534562212,2.0,False
dc_770feb7b2cec,Carrier Core - Tampa,,unknown,operational,FL,Hillsborough,27.949592,-82.458713,geocoded_address,CANDIDATE,medium,,,28.616392135620117,0.005,1,0.015,1,0.035,1,6.0,,non_burnable,0.022222222222222223,2.0,0.0546875,3.0,0.09769585253456221,3.0,False
dc_c312286353c3,Midcon Recovery Solutions B3 Data Center,,unknown,operational,OK,Oklahoma,35.61718,-97.572301,geocoded_address,pending,medium,,,19.379959106445312,0.045,1,0.08499999999999999,1,0.155,1,6.0,,non_burnable,0.17777777777777778,1.0,0.31640625,1.0,0.36036866359447006,2.0,False
dc_09baa6be34aa,US Signal - Grand Rapids South,,unknown,operational,MI,Kent,42.825329,-85.672664,geocoded_address,pending,medium,,,10.852680206298828,0.025,1,0.035,1,0.065,1,6.0,,non_burnable,0.2222222222222222,2.0,0.30859375,2.0,0.3898617511520737,2.0,False
dc_668ad699c3a5,Raeden Michigan 1,,unknown,operational,MI,Wayne,42.32854,-83.053799,geocoded_address,pending,medium,,,17.9299373626709,0.025,1,0.055,1,0.095,1,6.0,,non_burnable,0.023809523809523808,1.0,0.015384615384615385,1.0,0.01862464183381089,1.0,False
dc_ed562b27f502,RC Solutions,,unknown,operational,VA,Loudoun,39.0152,-77.458733,geocoded_address,CANDIDATE,medium,,,13.613815307617188,0.055,1,0.095,1,0.175,1,6.0,,non_burnable,0.15555555555555556,1.0,0.375,1.0,0.31889400921658984,1.0,False
dc_347a9c97b46e,Encore Technologies NOR1,,unknown,operational,OH,Hamilton,39.160536,-84.44869,geocoded_address,pending,medium,,,17.444948196411133,0.045,1,0.07500000000000001,1,0.125,1,6.0,,non_burnable,0.022222222222222223,1.0,0.1015625,1.0,0.24608294930875577,1.0,False
dc_0be7ca6fbfc0,Encore Technologies BLU1,,unknown,operational,OH,Hamilton,39.277612,-84.36949,geocoded_address,pending,medium,,,17.444948196411133,0.045,1,0.07500000000000001,1,0.11499999999999999,1,6.0,,non_burnable,0.2222222222222222,1.0,0.43359375,1.0,0.4129032258064516,1.0,False
dc_97babf80923b,Encore Technologies MSB1,,unknown,operational,OH,Montgomery,39.6163,-84.2293,geocoded_address,CANDIDATE,medium,,,18.834209442138672,0.045,1,0.07500000000000001,1,0.11499999999999999,1,6.0,,non_burnable,0.2222222222222222,1.0,0.30078125,1.0,0.37511520737327186,1.0,False
dc_8a72989b8621,ELN02,,unknown,operational,ND,Dickey,46.012816,-98.569881,geocoded_address,AMBIGUOUS,medium,,,10.445856094360352,0.015,1,0.025,1,0.045,1,1.0,1.0,very_low,0.7111111111111111,1.0,0.5859375,1.0,0.5566820276497696,2.0,False
dc_dfa68b7343d1,RC-Facility,,unknown,operational,VA,Loudoun,39.008455,-77.467576,geocoded_address,pending,medium,,,13.613815307617188,0.055,1,0.095,1,0.175,1,6.0,,non_burnable,0.35555555555555557,1.0,0.375,1.0,0.3327188940092166,1.0,False
dc_518cb525fd88,Cologix DSM2,,colocation,operational,IA,Black Hawk,42.473929,-92.458325,geocoded_address,CANDIDATE,medium,,,9.094491958618164,0.015,1,0.025,1,0.045,1,6.0,,non_burnable,0.26666666666666666,1.0,0.19921875,1.0,0.20184331797235022,1.0,False
dc_a79d487eebc7,Cologix DSM1,,colocation,operational,IA,Polk,41.58568,-93.6254,geocoded_address,CANDIDATE,medium,,,14.173967361450195,0.015,1,0.025,1,0.045,1,6.0,,non_burnable,0.022222222222222223,1.0,0.09765625,1.0,0.2294930875576037,2.0,False
dc_1bb1bc07eea0,Cologix MIN5,,colocation,operational,MN,Hennepin,44.971408,-93.25458,geocoded_address,pending,medium,,,10.622698783874512,0.005,1,0.015,1,0.025,1,6.0,,non_burnable,0.022222222222222223,1.0,0.015625,2.0,0.04976958525345622,2.0,False
dc_63db379fd314,Netrality Kansas City Metro – KC2 | 7801 Nieman,,unknown,operational,KS,Johnson,38.986502,-94.712431,geocoded_address,pending,medium,,,20.538841247558594,0.025,1,0.045,1,0.07500000000000001,1,6.0,,non_burnable,0.06666666666666667,3.0,0.140625,3.0,0.2055299539170507,3.0,False
dc_cebfa79ec447,South Spencer Aureon hut,,unknown,operational,IA,Clay,43.112257,-95.120631,geocoded_address,AMBIGUOUS,medium,,,18.88361167907715,0.015,1,0.025,1,0.035,1,6.0,,non_burnable,0.022222222222222223,1.0,0.20703125,1.0,0.2589861751152074,4.0,False
dc_80a8e001435c,CoreSite - Santa Clara (SV9),,colocation,operational,CA,Santa Clara,37.37564,-121.96975,geocoded_address,VERIFIED,medium,,,0.12219325453042984,0.525,1,0.675,1,0.885,1,6.0,,non_burnable,0.0,0.0,0.0078125,3.0,0.05622119815668203,4.0,False
dc_927b5df60a78,Lightboard ★ New England,,unknown,operational,MA,Hampden,42.109522,-72.576306,geocoded_address,pending,medium,,,5.542868614196777,0.065,1,0.10500000000000001,1,0.185,1,6.0,,non_burnable,0.06666666666666667,1.0,0.10546875,3.0,0.2184331797235023,3.0,False
dc_e9670855b833,EXA CLS Lynn,,unknown,operational,MA,Essex,42.45957,-70.960773,geocoded_address,pending,medium,,,2.8466084003448486,0.08499999999999999,1,0.155,1,0.295,1,6.0,,non_burnable,0.0,0.0,0.05078125,3.0,0.19170506912442398,3.0,False
dc_cdd309693dd3,Dataverge Jersey City,,unknown,operational,NJ,Hudson,40.726366,-74.033696,geocoded_address,pending,medium,,,7.277477264404297,0.095,1,0.175,1,0.335,1,6.0,,non_burnable,0.0,0.0,0.02734375,4.0,0.0423963133640553,5.0,False
dc_dae84e0a643c,Lake Region Technology & Communications,,unknown,operational,OK,Cherokee,35.931102,-95.134992,geocoded_address,pending,medium,,,21.51450538635254,0.045,1,0.065,1,0.10500000000000001,1,2.0,2.0,low,0.7555555555555555,4.0,0.90234375,4.0,0.9520737327188941,4.0,False
dc_edee31226499,Metanet New York Data Center CHELSEA,,unknown,operational,NY,New York,40.743446,-74.00734,geocoded_address,CANDIDATE,medium,,,7.277477264404297,0.095,1,0.175,1,0.335,1,6.0,,non_burnable,0.0,0.0,0.00390625,3.0,0.03133640552995392,5.0,False
dc_19e8b4001ea2,Metanet New York Data Center Staten Island,,unknown,operational,NY,Richmond,40.6072,-74.17271,geocoded_address,CANDIDATE,medium,,,7.277477264404297,0.10500000000000001,1,0.175,1,0.345,1,3.0,3.0,moderate,0.3333333333333333,4.0,0.37109375,4.0,0.3105990783410138,5.0,False
dc_afb5c6969c03,Metanet New York Data Center GOOGLEPLEX,,unknown,operational,NY,New York,40.741491,-74.003389,geocoded_address,pending,medium,,,7.277477264404297,0.095,1,0.175,1,0.335,1,6.0,,non_burnable,0.0,0.0,0.0078125,4.0,0.02857142857142857,5.0,False
dc_f30128395268,Interphase Data Center New York I,,unknown,operational,NY,New York,40.741469,-74.003387,geocoded_address,pending,medium,,,7.277477264404297,0.095,1,0.175,1,0.335,1,6.0,,non_burnable,0.0,0.0,0.0078125,4.0,0.02857142857142857,5.0,False
dc_267ac84b2d36,"ark data centers - Green Bay, WI",,unknown,operational,WI,Calumet,44.2045,-88.3444,geocoded_address,CANDIDATE,medium,,,5.673304557800293,0.015,1,0.015,1,0.035,1,1.0,1.0,very_low,0.5111111111111111,1.0,0.2578125,1.0,0.16036866359447005,2.0,False
dc_e8fdaabd81bd,Interphase Data Center New York II,,unknown,operational,NY,New York,40.74331,-74.007932,geocoded_address,UNRESOLVABLE,medium,,,7.277477264404297,0.095,1,0.175,1,0.335,1,6.0,,non_burnable,0.0,0.0,0.00390625,3.0,0.03133640552995392,5.0,False
dc_ce0c5992cc9b,3HCloud - MIA-1,,unknown,operational,FL,Miami-Dade,25.776033,-80.193092,geocoded_address,CANDIDATE,medium,,,22.965288162231445,0.005,1,0.015,1,0.025,1,6.0,,non_burnable,0.022222222222222223,3.0,0.0234375,3.0,0.027649769585253458,3.0,False
dc_2847d8aab868,3HCloud - MIA-2,,unknown,operational,FL,Miami-Dade,25.782755,-80.193061,geocoded_address,CANDIDATE,medium,,,22.965288162231445,0.005,1,0.015,1,0.025,1,6.0,,non_burnable,0.0,0.0,0.01953125,3.0,0.02488479262672811,3.0,False
dc_83b36b26af37,3HCloud - DFW-1,,unknown,operational,TX,Dallas,32.827345,-96.873974,geocoded_address,pending,medium,,,18.841638565063477,0.025,1,0.035,1,0.065,1,6.0,,non_burnable,0.15555555555555556,2.0,0.17578125,2.0,0.2304147465437788,3.0,False
dc_b8be2b6536e3,3HCloud - SFO-1,,unknown,operational,CA,San Francisco,37.788616,-122.390816,geocoded_address,CANDIDATE,medium,,,0.09281287342309952,0.475,1,0.595,1,0.795,1,6.0,,non_burnable,0.022222222222222223,3.0,0.015625,4.0,0.011059907834101382,4.0,False
dc_3dc2a5cbe072,LSTI 401 Market,,unknown,operational,OH,Stark,40.800863,-81.374423,geocoded_address,pending,medium,,,12.362462997436523,0.025,1,0.045,1,0.07500000000000001,1,6.0,,non_burnable,0.0,0.0,0.04296875,1.0,0.2350230414746544,1.0,False
dc_de01c95e56de,TierPoint St. Louis - Locust,,colocation,operational,MO,St. Louis,38.633537,-90.21267,geocoded_address,pending,medium,,,15.06376838684082,0.165,1,0.265,1,0.455,1,6.0,,non_burnable,0.044444444444444446,1.0,0.01953125,1.0,0.06728110599078341,1.0,False
dc_097651479686,LightSpeed Hosting - Medina,,unknown,operational,OH,Medina,41.137371,-81.701097,geocoded_address,pending,medium,,,14.31541633605957,0.025,1,0.045,1,0.08499999999999999,1,6.0,,non_burnable,0.5555555555555556,1.0,0.60546875,1.0,0.6903225806451613,1.0,False
dc_02b8cb392dd2,Lumen Kansas City,,colocation,operational,MO,Jackson,39.090638,-94.568428,geocoded_address,pending,medium,,,20.675199508666992,0.025,1,0.045,1,0.07500000000000001,1,6.0,,non_burnable,0.0,0.0,0.03125,3.0,0.05622119815668203,3.0,False
dc_c07d6b78aa3d,Lumen San Antonio 1,,colocation,operational,TX,Bexar,29.475675,-98.390801,geocoded_address,pending,medium,,,13.138814926147461,0.015,1,0.015,1,0.035,1,6.0,,non_burnable,0.08888888888888889,2.0,0.2109375,3.0,0.2728110599078341,3.0,False
dc_8f0aa85ad64d,Cogent Detroit,,unknown,operational,MI,Wayne,42.330743,-83.055773,geocoded_address,pending,medium,,,17.9299373626709,0.025,1,0.055,1,0.095,1,6.0,,non_burnable,0.022222222222222223,1.0,0.009615384615384616,1.0,0.01876675603217158,1.0,False
dc_2b8c784a19e7,Apotech,,unknown,operational,IL,Cook,42.078443,-87.915648,geocoded_address,pending,medium,,,14.088419914245605,0.035,1,0.055,1,0.095,1,6.0,,non_burnable,0.022222222222222223,1.0,0.14453125,1.0,0.20368663594470046,1.0,False
dc_a189b6ecc607,"Atlantech Online - Rockville, MD",,unknown,operational,MD,Montgomery,39.064319,-77.160038,geocoded_address,pending,medium,,,13.613815307617188,0.055,1,0.095,1,0.165,1,6.0,,non_burnable,0.4444444444444444,1.0,0.4453125,1.0,0.4377880184331797,1.0,False
dc_f462f5b23353,"Atlantech Online - Silver Spring, MD",,unknown,operational,MD,Montgomery,38.994508,-77.027147,geocoded_address,CANDIDATE,medium,,,13.629328727722168,0.055,1,0.095,1,0.165,1,6.0,,non_burnable,0.15555555555555556,1.0,0.25,1.0,0.31336405529953915,1.0,False
dc_a288f31a82ee,East Kentucky Network Data Center,,unknown,operational,KY,Floyd,37.59798,-82.68097,geocoded_address,CANDIDATE,medium,,,12.019612312316895,0.065,1,0.095,1,0.175,1,6.0,,non_burnable,0.8,4.0,0.8671875,4.0,0.8866359447004608,4.0,False
dc_d988206c842d,365 Data Centers Carlstadt (NJ3),,unknown,operational,NJ,Bergen,40.827949,-74.049418,geocoded_address,pending,medium,,,7.277477264404297,0.10500000000000001,1,0.175,1,0.345,1,6.0,,non_burnable,0.2,3.0,0.33203125,5.0,0.1631336405529954,5.0,False
dc_2c733095b6bd,Element Critical Houston HOU1,,unknown,operational,TX,Harris,29.802918,-95.755821,geocoded_address,pending,medium,,,19.917362213134766,0.015,1,0.025,1,0.045,1,1.0,1.0,very_low,0.2,1.0,0.21484375,2.0,0.21658986175115208,2.0,False
dc_a2e7abda96a4,Clackamas ESD Datacenter,,unknown,operational,OR,Clackamas,45.426665,-122.562821,geocoded_address,CANDIDATE,medium,,,0.6346678733825684,0.165,1,0.275,1,0.485,1,6.0,,non_burnable,0.26666666666666666,2.0,0.171875,2.0,0.25253456221198156,2.0,False
dc_b15cee237812,"DartPoints Baton Rouge, LA - BTR2",,unknown,operational,LA,East Baton Rouge,30.453521,-91.115584,geocoded_address,CANDIDATE,medium,,,27.227249145507812,0.025,1,0.035,1,0.065,1,6.0,,non_burnable,0.17777777777777778,1.0,0.15625,1.0,0.22027649769585253,2.0,False
dc_ada9efdb9033,Southern Telecom,,unknown,operational,GA,Fulton,33.760547,-84.387636,geocoded_address,CANDIDATE,medium,,,16.562829971313477,0.055,1,0.08499999999999999,1,0.14500000000000002,1,6.0,,non_burnable,0.0,0.0,0.015625,3.0,0.17235023041474654,3.0,False
dc_8f5936e41883,70 Henry St,,unknown,operational,NY,Broome,42.100956,-75.909021,geocoded_address,pending,medium,,,6.290899753570557,0.045,1,0.065,1,0.11499999999999999,1,6.0,,non_burnable,0.06666666666666667,2.0,0.22265625,3.0,0.5290322580645161,3.0,False
dc_d66268183bda,"DartPoints Shreveport, LA - SHV1",,unknown,operational,LA,Caddo,32.511243,-93.749806,geocoded_address,CANDIDATE,medium,,,22.592914581298828,0.035,1,0.055,1,0.08499999999999999,1,6.0,,non_burnable,0.022222222222222223,1.0,0.08984375,2.0,0.19815668202764977,3.0,False
dc_cc2a38263c7a,American Tower RA1,,unknown,operational,NC,Wake,35.78812,-78.726568,geocoded_address,pending,medium,,,15.275832176208496,0.035,1,0.055,1,0.095,1,6.0,,non_burnable,0.4,3.0,0.37109375,3.0,0.46728110599078343,3.0,False
dc_98b518cb96d4,USSHC,,unknown,operational,IA,Jones,42.284076,-91.092129,geocoded_address,pending,medium,,,8.24216365814209,0.025,1,0.035,1,0.055,1,6.0,,non_burnable,0.044444444444444446,1.0,0.21875,1.0,0.2709677419354839,2.0,False
dc_6875118f0a7f,H5 Data Centers Quincy 2/3,,unknown,operational,WA,Grant,47.247916,-119.824924,geocoded_address,AMBIGUOUS,medium,,,1.113155484199524,0.07500000000000001,1,0.10500000000000001,1,0.175,1,6.0,,non_burnable,0.2,1.0,0.2578125,2.0,0.36036866359447006,4.0,False
dc_be781da0ac27,H5 Data Centers Omaha,,unknown,operational,NE,Sarpy,41.1805,-96.0848,geocoded_address,VERIFIED,medium,,,15.336313247680664,0.015,1,0.025,1,0.045,1,6.0,,non_burnable,0.15555555555555556,2.0,0.18359375,3.0,0.16682027649769585,4.0,False
dc_763d1075346e,H5 Data Centers Buffalo I,,unknown,operational,NY,Niagara,43.169108,-78.751648,geocoded_address,VERIFIED,medium,,,7.1311845779418945,0.025,1,0.045,1,0.095,1,6.0,,non_burnable,0.5777777777777777,4.0,0.6015625,4.0,0.5096774193548387,4.0,False
dc_f52600c4827b,H5 Data Centers Buffalo II,,unknown,operational,NY,Niagara,43.169846,-78.747693,geocoded_address,VERIFIED,medium,,,7.1311845779418945,0.025,1,0.045,1,0.095,1,6.0,,non_burnable,0.5333333333333333,4.0,0.609375,4.0,0.511520737327189,4.0,False
dc_d86fdc4e8f2f,Lightboard ★ Western NY,,unknown,operational,NY,Onondaga,43.05044,-76.15069,geocoded_address,CANDIDATE,medium,,,4.226500511169434,0.035,1,0.065,1,0.10500000000000001,1,6.0,,non_burnable,0.0,0.0,0.05078125,3.0,0.16866359447004609,3.0,False
dc_9d03f9d03002,BLDR-1919,,unknown,operational,CO,Boulder,40.0176,-105.2771,geocoded_address,CANDIDATE,medium,,,8.338175773620605,0.055,1,0.095,1,0.185,1,6.0,,non_burnable,0.06666666666666667,4.0,0.29296875,5.0,0.5087557603686635,5.0,False
dc_e61bb2d7e36b,365 Data Centers Buffalo (PA1),,unknown,operational,PA,Philadelphia,39.962369,-75.163734,geocoded_address,pending,medium,,,9.466512680053711,0.07500000000000001,1,0.135,1,0.255,1,6.0,,non_burnable,0.022222222222222223,2.0,0.01171875,2.0,0.054377880184331796,3.0,False
dc_ac85fb243e38,365 Data Centers Alpharetta (GA1),,unknown,operational,GA,Fulton,34.06343,-84.272727,geocoded_address,pending,medium,,,16.0975399017334,0.065,1,0.095,1,0.165,1,3.0,3.0,moderate,0.28888888888888886,3.0,0.3515625,3.0,0.3705069124423963,3.0,False
dc_af4daeefc3e5,365 Data Centers Aurora (CO1),,unknown,operational,CO,Adams,39.762839,-104.761931,geocoded_address,CANDIDATE,medium,,,10.969576835632324,0.045,1,0.08499999999999999,1,0.155,1,6.0,,non_burnable,0.3111111111111111,3.0,0.265625,3.0,0.4626728110599078,4.0,False
dc_3cd6e70ce3be,365 Data Centers Marlboro (MA1),,unknown,operational,MA,Middlesex,42.352468,-71.586082,geocoded_address,pending,medium,,,3.9847612380981445,0.07500000000000001,1,0.125,1,0.245,1,1.0,1.0,very_low,0.37777777777777777,3.0,0.3984375,3.0,0.4626728110599078,3.0,False
dc_526d50fec2b4,365 Data Centers Rancho Cordova (CA1),,unknown,operational,CA,Sacramento,38.596063,-121.272644,geocoded_address,pending,medium,,,0.568257212638855,0.11499999999999999,1,0.14500000000000002,1,0.20500000000000002,1,6.0,,non_burnable,0.13333333333333333,3.0,0.125,4.0,0.3990783410138249,4.0,False
dc_2146da00a164,365 Data Centers Richardson (TX1),,unknown,operational,TX,Dallas,32.97617,-96.70732,geocoded_address,CANDIDATE,medium,,,18.841638565063477,0.025,1,0.045,1,0.065,1,6.0,,non_burnable,0.0,0.0,0.125,3.0,0.11797235023041475,3.0,False
dc_541552635281,365 Data Centers Smyrna (GA2),,unknown,operational,GA,Cobb,33.841159,-84.522407,geocoded_address,pending,medium,,,17.153179168701172,0.065,1,0.095,1,0.155,1,6.0,,non_burnable,0.4666666666666667,3.0,0.4375,3.0,0.4258064516129032,3.0,False
dc_6868e3ad619f,Hurricane Electric San Jose 1,,unknown,operational,CA,Santa Clara,37.33448,-121.89158,geocoded_address,CANDIDATE,medium,,,0.12219325453042984,0.655,1,0.865,1,1.145,1,6.0,,non_burnable,0.022222222222222223,4.0,0.03125,4.0,0.047926267281105994,4.0,False
dc_d7f54557743c,Cogent Springfield MA,,unknown,operational,MA,Hampden,42.112956,-72.583699,geocoded_address,pending,medium,,,5.542868614196777,0.065,1,0.10500000000000001,1,0.185,1,6.0,,non_burnable,0.06666666666666667,1.0,0.10546875,3.0,0.22211981566820277,3.0,False
dc_e4340826cfb0,WANSEC DC16,,unknown,operational,KS,Johnson,38.962363,-94.714725,geocoded_address,pending,medium,,,20.538841247558594,0.025,1,0.045,1,0.07500000000000001,1,6.0,,non_burnable,0.1111111111111111,2.0,0.09375,3.0,0.1640552995391705,3.0,False
dc_5af66ce7d4ef,YAKMWAFP - Wholesail Yakima,,unknown,operational,WA,Yakima,46.604852,-120.493644,geocoded_address,pending,medium,,,0.9701794385910034,0.095,1,0.14500000000000002,1,0.245,1,6.0,,non_burnable,0.1111111111111111,3.0,0.12890625,4.0,0.3880184331797235,4.0,False
dc_5374f5d1551e,DCN Dakota Carrier Networks,,unknown,operational,ND,Cass,46.81286,-96.84383,geocoded_address,CANDIDATE,medium,,,7.952457904815674,0.005,1,0.015,1,0.035,1,1.0,1.0,very_low,0.15555555555555556,1.0,0.13671875,1.0,0.1815668202764977,1.0,False
dc_9c6d4cad3022,DCN Dakota Carrier Networks Bismarck,,unknown,operational,ND,Burleigh,46.851773,-100.78185,geocoded_address,pending,medium,,,14.379740715026855,0.015,1,0.015,1,0.035,1,6.0,,non_burnable,0.15555555555555556,1.0,0.32421875,3.0,0.48110599078341015,4.0,False
dc_ecf9c3a425ee,Cogent St Louis,,unknown,operational,MO,St. Louis,38.621224,-90.212002,geocoded_address,pending,medium,,,15.06376838684082,0.165,1,0.265,1,0.455,1,6.0,,non_burnable,0.044444444444444446,1.0,0.02734375,1.0,0.06820276497695853,1.0,False
dc_1e15142da89c,Cogent Houston,,unknown,operational,TX,Harris,29.944087,-95.416408,geocoded_address,pending,medium,,,20.972787857055664,0.015,1,0.025,1,0.045,1,6.0,,non_burnable,0.022222222222222223,1.0,0.15625,3.0,0.19723502304147467,3.0,False
dc_ed440e2ff94b,Cogent Akron,,unknown,operational,OH,Summit,41.087427,-81.513895,geocoded_address,pending,medium,,,14.31541633605957,0.025,1,0.045,1,0.08499999999999999,1,6.0,,non_burnable,0.044444444444444446,1.0,0.109375,1.0,0.17511520737327188,1.0,False
dc_c4bceff97da5,Cogent Atlanta 2,,unknown,operational,GA,Fulton,33.722413,-84.412569,geocoded_address,pending,medium,,,16.562829971313477,0.055,1,0.08499999999999999,1,0.135,1,6.0,,non_burnable,0.26666666666666666,3.0,0.2109375,3.0,0.27557603686635945,3.0,False
dc_d0177d80704c,Cogent Austin,,unknown,operational,TX,Travis,30.20925,-97.69795,geocoded_address,CANDIDATE,medium,,,13.630367279052734,0.015,1,0.015,1,0.035,1,6.0,,non_burnable,0.37777777777777777,3.0,0.35546875,3.0,0.46359447004608295,3.0,False
dc_ccac73fc88ed,Cogent Elkridge,,unknown,operational,MD,Howard,39.203469,-76.712389,geocoded_address,pending,medium,,,14.052087783813477,0.055,1,0.095,1,0.165,1,6.0,,non_burnable,0.7555555555555555,1.0,0.58984375,1.0,0.504147465437788,1.0,False
dc_42b486a76993,Cogent Billings,,unknown,operational,MT,Yellowstone,45.740895,-108.591913,geocoded_address,AMBIGUOUS,medium,,,6.671207427978516,0.055,1,0.08499999999999999,1,0.135,1,6.0,,non_burnable,0.24444444444444444,2.0,0.23046875,3.0,0.3576036866359447,4.0,False
dc_f60ee055de0c,Cogent Buffalo,,unknown,operational,NY,Erie,42.881232,-78.846588,geocoded_address,pending,medium,,,8.291032791137695,0.025,1,0.045,1,0.095,1,6.0,,non_burnable,0.022222222222222223,2.0,0.05859375,4.0,0.09032258064516129,4.0,False
dc_d42b2dbe3bc5,Cogent Charlotte,,unknown,operational,NC,Mecklenburg,35.222095,-80.836971,geocoded_address,CANDIDATE,medium,,,14.088505744934082,0.055,1,0.095,1,0.155,1,6.0,,non_burnable,0.0,0.0,0.06640625,4.0,0.21474654377880184,4.0,False
dc_9c3dfd2fd93c,Cogent Charlotte 2,,unknown,operational,NC,Mecklenburg,35.221028,-80.858282,geocoded_address,pending,medium,,,14.088505744934082,0.055,1,0.095,1,0.155,1,6.0,,non_burnable,0.022222222222222223,2.0,0.109375,4.0,0.22304147465437787,4.0,False
dc_06e384882ecc,Cogent Cheyenne,,unknown,operational,WY,Laramie,41.127922,-104.811619,geocoded_address,pending,medium,,,9.383162498474121,0.055,1,0.08499999999999999,1,0.14500000000000002,1,6.0,,non_burnable,0.044444444444444446,1.0,0.140625,2.0,0.4258064516129032,2.0,False
dc_67de210cb17a,Cogent Chicago 3,,unknown,operational,IL,Cook,41.819974,-87.728896,geocoded_address,pending,medium,,,16.118194580078125,0.035,1,0.055,1,0.095,1,6.0,,non_burnable,0.0,0.0,0.0078125,1.0,0.011981566820276499,1.0,False
dc_445b318d96ef,Cogent Cleveland 2,,unknown,operational,OH,Cuyahoga,41.484768,-81.674771,geocoded_address,pending,medium,,,14.31541633605957,0.035,1,0.055,1,0.095,1,6.0,,non_burnable,0.06666666666666667,1.0,0.04296875,1.0,0.047004608294930875,1.0,False
dc_6ae6c7cea56c,Cogent Columbus 2,,unknown,operational,OH,Franklin,39.974016,-82.998627,geocoded_address,pending,medium,,,14.319350242614746,0.035,1,0.055,1,0.095,1,6.0,,non_burnable,0.0,0.0,0.01953125,1.0,0.07649769585253456,1.0,False
dc_3a88e754c921,QTS Charlotte (CTL1),,colocation,operational,SC,York,35.034691,-81.104514,geocoded_address,CANDIDATE,medium,,,13.459467887878418,0.065,1,0.10500000000000001,1,0.175,1,4.0,4.0,high,0.9333333333333333,4.0,0.8203125,4.0,0.7944700460829494,4.0,False
dc_80b3c168cede,QTS Richmond - (RIC5),,colocation,operational,VA,Henrico,37.502016,-77.260573,geocoded_address,UNRESOLVABLE,medium,,,13.578962326049805,0.08499999999999999,1,0.14500000000000002,1,0.265,1,2.0,2.0,low,0.8666666666666667,2.0,0.8125,2.0,0.7880184331797235,3.0,False
dc_9a32e70d572f,Databank Orangeburg (LGA3),,colocation,operational,NY,Rockland,41.040063,-73.989975,geocoded_address,AMBIGUOUS,medium,,,6.558852672576904,0.10500000000000001,1,0.175,1,0.345,1,6.0,,non_burnable,0.3111111111111111,4.0,0.43359375,5.0,0.4792626728110599,5.0,False
dc_51c0ad902c40,Databank Houston West (HOU3),,colocation,operational,TX,Harris,29.84406,-95.560354,geocoded_address,pending,medium,,,19.917362213134766,0.015,1,0.025,1,0.045,1,6.0,,non_burnable,0.08888888888888889,1.0,0.1796875,2.0,0.21382488479262673,2.0,False
dc_c673c48513b5,Rochester Colo,,unknown,operational,NY,Monroe,43.049271,-77.466584,geocoded_address,pending,medium,,,5.789772987365723,0.035,1,0.055,1,0.095,1,6.0,,non_burnable,0.5555555555555556,4.0,0.62890625,4.0,0.6350230414746544,4.0,False
dc_b71e10f0b551,AceHost Durham,,unknown,operational,NC,Durham,35.895741,-78.849173,geocoded_address,pending,medium,,,15.275832176208496,0.035,1,0.055,1,0.095,1,6.0,,non_burnable,0.6222222222222222,3.0,0.51953125,3.0,0.4949308755760369,3.0,False
dc_db4d5ab5de2e,QTD2 - 60 Hudson Street 1602,,unknown,operational,NY,New York,40.717729,-74.008306,geocoded_address,pending,medium,,,7.277477264404297,0.095,1,0.175,1,0.335,1,6.0,,non_burnable,0.0,0.0,0.00390625,4.0,0.02857142857142857,5.0,False
dc_25599351716f,QTD1 - 60 Hudson Street 1510,,unknown,operational,NY,New York,40.717729,-74.008306,geocoded_address,pending,medium,,,7.277477264404297,0.095,1,0.175,1,0.335,1,6.0,,non_burnable,0.0,0.0,0.00390625,4.0,0.02857142857142857,5.0,False
dc_3c4b4aee9b7e,QTD3 - 60 Hudson Street 1901,,unknown,operational,NY,New York,40.717729,-74.008306,geocoded_address,pending,medium,,,7.277477264404297,0.095,1,0.175,1,0.335,1,6.0,,non_burnable,0.0,0.0,0.00390625,4.0,0.02857142857142857,5.0,False
dc_948284a799d6,Cogent Fairfax,,unknown,operational,SC,Allendale,32.963731,-81.236142,geocoded_address,pending,medium,,,20.187862396240234,0.095,1,0.165,1,0.295,1,6.0,,non_burnable,0.4888888888888889,4.0,0.640625,4.0,0.6258064516129033,4.0,False
dc_079b9dd52c7e,CyberLynk MKE1,,unknown,operational,WI,Milwaukee,42.862661,-87.982784,geocoded_address,CANDIDATE,medium,,,12.258405685424805,0.025,1,0.035,1,0.065,1,6.0,,non_burnable,0.3111111111111111,2.0,0.58203125,2.0,0.4774193548387097,2.0,False
dc_0bc4b8b71abf,Quad State Internet METRO1 Colocation,,unknown,operational,IL,Massac,37.152339,-88.732521,geocoded_address,CANDIDATE,medium,,,15.870150566101074,0.345,1,0.555,1,0.915,1,6.0,,non_burnable,0.13333333333333333,1.0,0.33203125,2.0,0.4552995391705069,2.0,False
dc_df9ba61f4853,Hub Express System,,unknown,operational,MA,Middlesex,42.375817,-71.080788,geocoded_address,UNRESOLVABLE,medium,,,3.3172669410705566,0.08499999999999999,1,0.14500000000000002,1,0.275,1,6.0,,non_burnable,0.0,0.0,0.01171875,2.0,0.018433179723502304,3.0,False
dc_818cc8a2f8fc,"Equinix NY3 - New York, Secaucus",,colocation,operational,NJ,Hudson,40.775204,-74.068019,geocoded_address,pending,medium,,,7.277477264404297,0.10500000000000001,1,0.175,1,0.345,1,6.0,,non_burnable,0.1111111111111111,4.0,0.12890625,5.0,0.1889400921658986,5.0,False
dc_64ee76a3c9a6,1GServers Data Center,,unknown,operational,AZ,Maricopa,33.396473,-112.000223,geocoded_address,pending,medium,,,7.057002544403076,0.025,1,0.035,1,0.055,1,6.0,,non_burnable,0.26666666666666666,4.0,0.1484375,5.0,0.20184331797235022,5.0,False
dc_32982197477b,Ligonier CO,,unknown,operational,IN,Noble,41.462171,-85.587923,geocoded_address,pending,medium,,,20.163955688476562,0.035,1,0.055,1,0.095,1,6.0,,non_burnable,0.4222222222222222,1.0,0.29296875,1.0,0.27741935483870966,1.0,False
dc_806246663f94,Lagrange CO,,unknown,operational,IN,LaGrange,41.640794,-85.426453,geocoded_address,pending,medium,,,17.038326263427734,0.035,1,0.055,1,0.10500000000000001,1,6.0,,non_burnable,0.24444444444444444,1.0,0.43359375,1.0,0.3972350230414747,1.0,False
dc_dffc745c288e,MCTX1,,unknown,operational,TX,Hidalgo,26.201918,-98.231633,geocoded_address,pending,medium,,,9.652347564697266,0.015,1,0.025,1,0.055,1,6.0,,non_burnable,0.0,0.0,0.0078125,4.0,0.11244239631336406,4.0,False
dc_b7238ef1801a,Omega CT1,,unknown,operational,CT,Western Connecticut,41.091604,-73.516758,geocoded_address,pending,medium,,,6.558852672576904,0.08499999999999999,1,0.155,1,0.295,1,6.0,,non_burnable,0.3333333333333333,4.0,0.44921875,4.0,0.41751152073732717,4.0,False
dc_d263fd05759c,Omega PA1,,unknown,operational,PA,Berks,40.341233,-76.005374,geocoded_address,pending,medium,,,12.121211051940918,0.07500000000000001,1,0.125,1,0.245,1,6.0,,non_burnable,0.2222222222222222,2.0,0.3203125,2.0,0.38894009216589864,2.0,False
dc_a110d272ec8d,Rochelle Technology Center,,unknown,operational,IL,Ogle,41.9406,-89.0337,geocoded_address,CANDIDATE,medium,,,16.612157821655273,0.035,1,0.055,1,0.11499999999999999,1,6.0,,non_burnable,0.044444444444444446,1.0,0.078125,1.0,0.08294930875576037,1.0,False
dc_3fa98b8aaba6,Lifeline Ft Wayne,,unknown,operational,IN,Allen,41.014028,-85.109976,geocoded_address,pending,medium,,,18.034406661987305,0.045,1,0.065,1,0.11499999999999999,1,6.0,,non_burnable,0.24444444444444444,1.0,0.28125,1.0,0.2654377880184332,1.0,False
dc_0c28c42b4cce,LCUB Data Center,,unknown,operational,TN,Loudon,35.84105,-84.26553,geocoded_address,VERIFIED,medium,,,12.677520751953125,0.195,1,0.325,1,0.585,1,1.0,1.0,very_low,0.7555555555555555,3.0,0.65625,3.0,0.6976958525345622,3.0,False
dc_058f35b988cf,375 Pearl Street,,unknown,operational,NY,New York,40.7109,-74.0012,unknown,VERIFIED,low,,,7.277477264404297,0.095,1,0.175,1,0.325,1,6.0,,non_burnable,0.0,0.0,0.01171875,4.0,0.02488479262672811,5.0,False
dc_b035b25ea4f6,Pittsburgh Supercomputing Center,,unknown,operational,PA,Allegheny,40.445566,-79.949326,unknown,pending,low,,,12.357475280761719,0.025,1,0.045,1,0.07500000000000001,1,6.0,,non_burnable,0.08888888888888889,1.0,0.109375,1.0,0.16774193548387098,1.0,False
dc_ac781566b7d6,Utah Data Center,National Security Agency,unknown,operational,UT,Utah,40.43153,-111.933092,unknown,pending,low,,,4.538047790527344,0.155,1,0.255,1,0.425,1,2.0,2.0,low,0.6222222222222222,4.0,0.71875,5.0,0.6516129032258065,5.0,False
dc_485eed312522,Bryant Building,,unknown,operational,MO,Jackson,39.100947,-94.580944,unknown,VERIFIED,low,,,20.675199508666992,0.025,1,0.045,1,0.07500000000000001,1,6.0,,non_burnable,0.0,0.0,0.0234375,3.0,0.052534562211981564,3.0,False
dc_6089ed0d5f26,San Diego Supercomputer Center,,unknown,operational,CA,San Diego,32.884042,-117.239332,unknown,CANDIDATE,low,,,0.6888867616653442,0.295,1,0.435,1,0.655,1,6.0,,non_burnable,0.35555555555555557,4.0,0.26953125,4.0,0.25622119815668204,4.0,False
dc_a33abfa67825,Computational Center for Nanotechnology Innovations,,unknown,operational,NY,Rensselaer,42.6805,-73.6973,unknown,pending,low,,,8.666078567504883,0.055,1,0.08499999999999999,1,0.155,1,6.0,,non_burnable,0.6444444444444445,4.0,0.55859375,4.0,0.504147465437788,4.0,False
dc_25ebcc8c51a4,Massachusetts Green High Performance Computing Center,,unknown,operational,MA,Hampden,42.202625,-72.607606,unknown,VERIFIED,low,,,5.542868614196777,0.065,1,0.10500000000000001,1,0.175,1,6.0,,non_burnable,0.022222222222222223,2.0,0.19140625,3.0,0.3824884792626728,3.0,False
dc_58f71a0cfadd,Hyperion,Meta,hyperscale,operational,LA,Richland,32.477149,-91.632333,unknown,UNRESOLVABLE,low,,,21.806913375854492,0.045,1,0.07500000000000001,1,0.125,1,6.0,,non_burnable,0.4888888888888889,2.0,0.40625,2.0,0.48110599078341015,2.0,False
