facility_id,name,state,latitude,longitude,tornado_all_rate_per_yr,tornado_sig_rate_per_yr,hail_all_rate_per_yr,hail_sig_rate_per_yr,wind_all_rate_per_yr,wind_sig_rate_per_yr
dc_9bb24f423687,CoreSite DC1,DC,38.9025805,-77.0292105,2.3793103448275863,0.17333333333333334,20.137931034482758,0.42857142857142855,98.72413793103448,1.6714285714285715
dc_a6e2e1513613,Southwest Cyberport,NM,35.10196,-106.58933,0.27586206896551724,0.0,7.448275862068965,0.07142857142857142,4.103448275862069,0.08571428571428572
dc_a686ad9e9a88,NocRoom Miami IT Services,FL,25.7915453,-80.3177484,3.7241379310344827,0.2,10.724137931034482,0.12857142857142856,13.827586206896552,0.6857142857142857
dc_6d263b15b250,NocRoom Miami IT Services,FL,25.776033,-80.193092,3.5172413793103448,0.17333333333333334,10.03448275862069,0.14285714285714285,12.96551724137931,0.7
dc_880a171377bb,Center for Computation & Technology (CCT),LA,30.407446,-91.1725454,2.0,0.32,6.827586206896552,0.21428571428571427,17.275862068965516,0.32857142857142857
dc_537f282facb3,Google Fiber,GA,33.7715677,-84.3668585,1.9655172413793103,0.44,28.620689655172413,0.44285714285714284,41.41379310344828,0.4
dc_15be445c537f,Open Computing Facility,CA,37.8698521,-122.2598231,0.06896551724137931,0.0,1.8275862068965518,0.0,0.5862068965517241,0.05714285714285714
dc_e54691f8993e,Lumos Networks,VA,37.4156786,-79.1429447,0.5517241379310345,0.08,10.793103448275861,0.08571428571428572,32.758620689655174,0.4142857142857143
dc_004d4bd391b5,Rack59 Data Center,OK,35.4672049,-97.6497453,6.206896551724138,1.24,58.96551724137931,3.5714285714285716,41.241379310344826,3.1714285714285713
dc_c15c28bd70c1,Oso Grande,NM,35.0925015,-106.6536712,0.20689655172413793,0.013333333333333334,7.0,0.07142857142857142,3.8275862068965516,0.07142857142857142
dc_c2c582121fae,Morgan Wireless,WV,39.6309851,-78.2253196,0.9310344827586207,0.02666666666666667,7.793103448275862,0.2571428571428571,22.482758620689655,0.22857142857142856
dc_6324e54cb1f3,VIRTBIZ,TX,32.7825463,-96.7828145,2.6206896551724137,0.5733333333333334,44.275862068965516,3.5285714285714285,28.06896551724138,1.5857142857142856
dc_94697aa66760,FirstLight Data Center,ME,43.657708,-70.261781,0.2413793103448276,0.0,5.206896551724138,0.04285714285714286,10.068965517241379,0.08571428571428572
dc_72d8cb06afd7,Learning GIS!,IN,40.42179,-86.9141546,1.9310344827586208,0.48,9.517241379310345,0.2714285714285714,19.79310344827586,0.6571428571428571
dc_ba3a04b0acb7,Agricultural and Biological Engineering,IN,40.4218543,-86.9165454,1.9310344827586208,0.48,9.551724137931034,0.2714285714285714,19.79310344827586,0.6428571428571429
dc_eef3ba94431e,Windstream Communications,NC,35.881397,-78.851552,0.9310344827586207,0.21333333333333335,17.75862068965517,0.32857142857142857,39.93103448275862,0.21428571428571427
dc_d1631b663c48,Level 3 Communications,NC,35.881364,-78.8515726,0.9310344827586207,0.21333333333333335,17.75862068965517,0.32857142857142857,39.93103448275862,0.21428571428571427
dc_a28b6b533687,OptimumHQ,AZ,33.3804149,-111.7526684,0.3793103448275862,0.05333333333333334,3.3793103448275863,0.04285714285714286,26.413793103448278,1.6857142857142857
dc_2980260de3e5,The Chatfield Group,AZ,33.380601,-111.7528888,0.3793103448275862,0.05333333333333334,3.3793103448275863,0.04285714285714286,26.413793103448278,1.6857142857142857
dc_b9549d1a3e6c,All About Serving Process Server,AZ,33.3199157,-111.809686,0.3448275862068966,0.05333333333333334,3.2758620689655173,0.04285714285714286,26.82758620689655,1.6857142857142857
dc_4dccde6d1dfb,Emailage,AZ,33.302965,-111.8405386,0.3448275862068966,0.05333333333333334,3.2413793103448274,0.04285714285714286,27.103448275862068,1.6571428571428573
dc_0ffde5e0d6a1,Alliance Technology,AZ,33.3799862,-111.728405,0.3448275862068966,0.05333333333333334,3.206896551724138,0.04285714285714286,25.724137931034484,1.5571428571428572
dc_74f18bfa8df0,8100 Boone Boulevard,VA,38.913156,-77.225732,2.2758620689655173,0.21333333333333335,21.0,0.42857142857142855,99.13793103448276,1.4714285714285715
dc_4465586fa278,Atlanta ATL13,GA,33.7555186,-84.3914814,2.0,0.44,28.517241379310345,0.45714285714285713,41.89655172413793,0.4142857142857143
dc_c91b689569e2,Data Holdings Data Center,WI,43.0439408,-87.9539794,0.8275862068965517,0.21333333333333335,15.586206896551724,0.4857142857142857,17.517241379310345,0.7571428571428571
dc_8f61bbab2b18,STACK Infrastructure,CA,37.403305,-121.891247,0.13793103448275862,0.02666666666666667,1.4137931034482758,0.0,0.3103448275862069,0.014285714285714285
dc_16b0103c1ecb,Digital West Data Center,CA,35.2553162,-120.6415128,0.1724137931034483,0.0,0.13793103448275862,0.0,0.27586206896551724,0.014285714285714285
dc_e0a8ffe0675b,Chick-fil-A Hiring Center,MI,42.6279424,-82.9883939,0.41379310344827586,0.2,11.10344827586207,0.07142857142857142,31.620689655172413,0.7142857142857143
dc_9fe2fa1cb2a0,Ergonomic Group,CT,41.706538,-72.590904,0.6896551724137931,0.17333333333333334,9.03448275862069,0.15714285714285714,26.448275862068964,0.21428571428571427
dc_e6031badf345,San Jose Colocation Center,CA,37.334508,-121.89143,0.1724137931034483,0.02666666666666667,1.6551724137931034,0.0,0.3448275862068966,0.014285714285714285
dc_a6907eaa6ace,Amazon Web Services IAD69,VA,39.0254851,-77.4146998,2.413793103448276,0.17333333333333334,20.310344827586206,0.37142857142857144,96.44827586206897,1.2285714285714286
dc_165fe373f4a4,Stream Data Centers Houston,TX,30.1777082,-95.486593,2.1379310344827585,0.25333333333333335,10.448275862068966,0.35714285714285715,12.068965517241379,0.2571428571428571
dc_70473eb49a8f,Crown Castle Baltimore,MD,39.287752,-76.60685,2.0344827586206895,0.13333333333333333,12.344827586206897,0.18571428571428572,61.55172413793103,0.8714285714285714
dc_a5cc2c2adb3a,AiNET One Market Center,MD,39.29165,-76.61974,2.0689655172413794,0.13333333333333333,12.448275862068966,0.18571428571428572,62.241379310344826,0.8714285714285714
dc_8adc27a50dae,Lumen McLean,VA,38.9208538,-77.2115713,2.413793103448276,0.2,21.03448275862069,0.42857142857142855,99.37931034482759,1.5
dc_14899623a0b1,TierPoint Milwaukee,WI,43.0093779,-87.9610618,0.896551724137931,0.22666666666666666,15.793103448275861,0.4857142857142857,17.655172413793103,0.7857142857142857
dc_7cf3203418c1,Frontier Science,NY,42.9902011,-78.8123836,0.3448275862068966,0.09333333333333334,4.827586206896552,0.08571428571428572,16.17241379310345,0.2
dc_8d9f4b8cf0b8,505 Marquette,NM,35.088399,-106.65223,0.20689655172413793,0.013333333333333334,7.0344827586206895,0.07142857142857142,3.8275862068965516,0.07142857142857142
dc_b82bb79938c5,123 Central,NM,35.0844494,-106.6489853,0.20689655172413793,0.013333333333333334,7.068965517241379,0.07142857142857142,3.8620689655172415,0.07142857142857142
dc_02eebfd81a53,Oak Tower,MO,39.1010328,-94.5793375,2.310344827586207,0.5733333333333334,55.724137931034484,2.1714285714285713,45.06896551724138,2.8
dc_27fa53a57833,Netrality Data Centers,MO,39.1009469,-94.5809437,2.310344827586207,0.5733333333333334,55.724137931034484,2.1714285714285713,44.96551724137931,2.8
dc_52be2b848b4f,Netrality,IL,41.8728811,-87.63344,1.6551724137931034,0.28,20.482758620689655,0.4,43.58620689655172,2.914285714285714
dc_d5e6794a2612,Brandaleone Lab for Data and Visualization,NC,36.0030993,-78.9385323,0.7931034482758621,0.13333333333333333,15.931034482758621,0.3142857142857143,37.206896551724135,0.22857142857142856
dc_d1cc4e423ca1,Frontier (supercomputer),TN,35.929597,-84.310567,0.7931034482758621,0.17333333333333334,12.793103448275861,0.37142857142857144,45.89655172413793,1.2571428571428571
dc_1771855b67b2,TelePacific,CA,37.779653,-122.393857,0.10344827586206896,0.0,1.9310344827586208,0.0,0.6551724137931034,0.05714285714285714
dc_23be1dc53fc6,VaultLogix,AZ,33.627367,-111.9017033,0.3103448275862069,0.06666666666666667,4.0344827586206895,0.07142857142857142,27.551724137931036,1.7428571428571429
dc_60ad9b8f15c0,Profit Finder Pro Software,AZ,33.6272477,-111.9020476,0.3103448275862069,0.06666666666666667,4.0344827586206895,0.07142857142857142,27.551724137931036,1.7428571428571429
dc_37739045bbd2,DataPro USA Web Development,AZ,33.6116624,-111.9139825,0.3448275862068966,0.06666666666666667,4.0344827586206895,0.07142857142857142,28.20689655172414,1.7857142857142858
dc_4b4306dd4707,e360,CA,37.9710809,-122.0437382,0.20689655172413793,0.0,1.3103448275862069,0.0,0.1724137931034483,0.0
dc_dd96fac8908c,Digital Realty ORD10,IL,41.8533507,-87.6183067,1.8275862068965518,0.29333333333333333,19.79310344827586,0.4,42.44827586206897,2.8714285714285714
dc_54fd156f6e89,Centersquare Chicago Data Center - ORD1,IL,41.8533827,-87.6186071,1.8275862068965518,0.29333333333333333,19.79310344827586,0.4,42.44827586206897,2.8714285714285714
dc_06c982ebea67,K-Motion Interactive,AZ,33.6344843,-111.8843457,0.3103448275862069,0.05333333333333334,4.0344827586206895,0.07142857142857142,27.275862068965516,1.7142857142857142
dc_e2f0d5b0e152,West Monroe,IL,41.8805271,-87.6359383,1.6551724137931034,0.25333333333333335,20.517241379310345,0.4,43.689655172413794,2.942857142857143
dc_b5221ae8a695,Iron Mountain Data Centers AZS-1,AZ,33.6446663,-111.8960985,0.3103448275862069,0.05333333333333334,3.9310344827586206,0.07142857142857142,26.137931034482758,1.6857142857142857
dc_1ecd2bc35dc3,CoreSite Chicago Data Center (CH1),IL,41.8759405,-87.6314655,1.6206896551724137,0.26666666666666666,20.24137931034483,0.4,43.3448275862069,2.914285714285714
dc_dc42b75a08e1,Accelera Data Systems,AZ,33.6647455,-112.1117142,0.2413793103448276,0.06666666666666667,3.8275862068965516,0.07142857142857142,23.655172413793103,1.5571428571428572
dc_41dcb90246ba,Expedient Owings Mills,MD,39.427109,-76.81164,2.5517241379310347,0.14666666666666667,12.172413793103448,0.18571428571428572,60.241379310344826,1.0142857142857142
dc_06efc6377b82,Lumen Baltimore,MD,39.291653,-76.619739,2.0689655172413794,0.13333333333333333,12.448275862068966,0.18571428571428572,62.241379310344826,0.8714285714285714
dc_aeb9d6e08cbd,Expedient Tidepoint,MD,39.274763,-76.590562,2.0,0.12,12.172413793103448,0.18571428571428572,61.275862068965516,0.8285714285714286
dc_366bd093071c,Flexential - Denver - Centennial Data Center,CO,39.5938733,-104.8431597,2.6551724137931036,0.2,49.758620689655174,1.5142857142857142,8.448275862068966,0.38571428571428573
dc_dbefe86a9d2c,EdgeConneX Data Center,AZ,33.3955855,-111.9700762,0.3448275862068966,0.06666666666666667,3.8620689655172415,0.04285714285714286,31.0,1.9285714285714286
dc_c7c5fc8a1267,,MI,41.8072817,-83.6276287,1.0,0.38666666666666666,14.344827586206897,0.2714285714285714,27.20689655172414,0.5142857142857142
dc_60a8427538d7,IT,CA,33.9102899,-117.5030207,0.4827586206896552,0.013333333333333334,0.5172413793103449,0.02857142857142857,1.8275862068965518,0.11428571428571428
dc_f96046272fcb,"Alembic Computer Services, Inc.",AZ,33.4051307,-111.9773353,0.3448275862068966,0.06666666666666667,3.9310344827586206,0.04285714285714286,31.413793103448278,2.0285714285714285
dc_d80fbebeedc2,J-Curve Technologies,AZ,33.4131856,-111.9711539,0.3448275862068966,0.06666666666666667,3.9310344827586206,0.04285714285714286,31.344827586206897,2.0428571428571427
dc_623234ef1b41,Flexential Cincinnati,OH,39.3159313,-84.4494638,1.4827586206896552,0.25333333333333335,20.06896551724138,0.38571428571428573,43.275862068965516,0.7
dc_023d2663ae5d,Flexential Denver - Downtown,CO,39.7455941,-104.9950455,2.3793103448275863,0.2,52.41379310344828,1.6571428571428573,9.206896551724139,0.45714285714285713
dc_65dbd76e7604,Flexential Dallas - Downtown Dallas,TX,32.8004101,-96.8193707,2.8275862068965516,0.5866666666666667,48.41379310344828,3.857142857142857,30.0,1.7142857142857142
dc_4861bf2a2b63,Flexential Jacksonville,FL,30.2457482,-81.5817226,1.8620689655172413,0.16,12.655172413793103,0.15714285714285714,32.10344827586207,0.3
dc_a8ddb88fae41,Flexential - Denver - Aurora,CO,39.6610488,-104.8488321,3.3793103448275863,0.21333333333333335,52.310344827586206,1.5285714285714285,9.413793103448276,0.45714285714285713
dc_4bfdea1a9bd2,Flexential Nashville - Brentwood,TN,35.9727294,-86.8084949,3.1724137931034484,0.37333333333333335,20.0,0.44285714285714284,60.86206896551724,1.2571428571428571
dc_3d82ec0fd7d6,Flexential Raleigh,NC,35.8505281,-78.8291431,1.0344827586206897,0.2,18.379310344827587,0.35714285714285715,40.51724137931034,0.21428571428571427
dc_672db836d74d,Flexential Tampa - West,FL,28.0373,-82.53998,3.7241379310344827,0.4,9.413793103448276,0.1,15.482758620689655,0.32857142857142857
dc_193e064bdc4b,Flexential Salt Lake City - Lindon,UT,40.332648,-111.7278754,0.13793103448275862,0.0,2.4482758620689653,0.014285714285714285,6.068965517241379,0.34285714285714286
dc_d5a6dcb8e4b7,Digital Realty New York JFK13,NY,40.719928,-74.0044583,0.6896551724137931,0.06666666666666667,11.96551724137931,0.14285714285714285,50.10344827586207,0.7142857142857143
dc_2e2dbc3e3848,Digital Realty New York JFK12,NY,40.7176766,-74.0084414,0.6896551724137931,0.06666666666666667,12.0,0.14285714285714285,50.44827586206897,0.7142857142857143
dc_e17d7e79bbea,CoreSite AT1,GA,33.7559857,-84.3911712,2.0,0.44,28.517241379310345,0.45714285714285713,41.89655172413793,0.4142857142857143
dc_a76f8d21216f,UNM Data Center,NM,35.0867385,-106.6153476,0.2413793103448276,0.0,7.275862068965517,0.07142857142857142,4.0,0.08571428571428572
dc_73ec60377ab8,Prime Santa Clara,CA,37.367929,-121.963344,0.1724137931034483,0.02666666666666667,1.6551724137931034,0.0,0.3103448275862069,0.014285714285714285
dc_36114ae3ca3e,Open Data Centers Piscataway,NJ,40.5503501,-74.4568563,0.896551724137931,0.12,10.310344827586206,0.014285714285714285,51.0,0.5571428571428572
dc_5b163fef210d,H5 Secaucus,NJ,40.7853948,-74.0750122,0.6551724137931034,0.09333333333333334,12.89655172413793,0.14285714285714285,52.793103448275865,0.7285714285714285
dc_e0ba05af04ef,"Forescout Technologies, Inc.",CA,37.3228675,-121.9474176,0.20689655172413793,0.02666666666666667,1.7241379310344827,0.0,0.4482758620689655,0.014285714285714285
dc_10b31ee93f9a,Lumen Albany 4,NY,42.7356308,-73.818665,0.6206896551724138,0.12,16.03448275862069,0.3,54.0,0.5714285714285714
dc_9c4395da1472,Equinix Chicago Data Center - CH1,IL,41.8535578,-87.6180475,1.8275862068965518,0.29333333333333333,19.79310344827586,0.4,42.41379310344828,2.8714285714285714
dc_ad06f9a5ee9b,501 West,NJ,40.315558,-74.6688514,1.206896551724138,0.21333333333333335,10.275862068965518,0.04285714285714286,49.89655172413793,0.5428571428571428
dc_e40648befe43,Dataverge,NY,40.6576264,-74.004628,0.7586206896551724,0.06666666666666667,10.862068965517242,0.12857142857142856,47.03448275862069,0.6714285714285714
dc_497196a639d6,TulsaConnect DC3,OK,36.0994735,-95.8382826,3.7586206896551726,0.8133333333333334,40.827586206896555,1.3428571428571427,40.689655172413794,3.4857142857142858
dc_8d43e8f81b7b,Comarch,AZ,33.3566787,-111.6352356,0.27586206896551724,0.05333333333333334,2.689655172413793,0.04285714285714286,22.103448275862068,1.3
dc_d850cf921795,CoreSite - LA2,CA,34.0584789,-118.2359144,0.4482758620689655,0.06666666666666667,0.4827586206896552,0.0,1.0,0.17142857142857143
dc_feb9c3b5df7f,NTT Ashburn VA7 Data Center,VA,39.0160142,-77.471954,2.2758620689655173,0.17333333333333334,19.0,0.37142857142857144,89.79310344827586,1.1285714285714286
dc_4d54edf1f2b3,NTT VA11 Data Center,VA,38.7999731,-77.6099636,2.0344827586206895,0.24,15.03448275862069,0.34285714285714286,63.10344827586207,0.7857142857142857
dc_506cd0de8c4c,Lumen Madison 1 Data Center,WI,43.0677161,-89.3922794,2.1724137931034484,0.44,16.655172413793103,0.6428571428571429,18.344827586206897,1.2428571428571429
dc_5b7a9e3b7823,Fiberhub LAS1,NV,36.065929,-115.13856,0.06896551724137931,0.0,1.896551724137931,0.014285714285714285,4.517241379310345,0.18571428571428572
dc_c1dfe74f8be0,DāStor: 3400 Horizon Drive,PA,40.0879189,-75.3397205,1.2413793103448276,0.26666666666666666,13.275862068965518,0.11428571428571428,78.89655172413794,0.8428571428571429
dc_6f6d4e070042,Rad Web Hosting,TX,32.7784469,-96.798496,2.6206896551724137,0.5733333333333334,45.37931034482759,3.6285714285714286,28.862068965517242,1.6142857142857143
dc_57b30b036cf1,Alpha Federal,WV,38.3531768,-81.6961822,0.6551724137931034,0.013333333333333334,10.03448275862069,0.22857142857142856,30.344827586206897,0.4
dc_7c8e1e4ba3bf,Parsec Data Management,MT,45.7430786,-108.6030144,0.2413793103448276,0.04,12.827586206896552,0.5571428571428572,8.482758620689655,0.5857142857142857
dc_b4dfc8453b28,Applied Digital,ND,46.9741721,-96.8739403,1.4482758620689655,0.25333333333333335,13.517241379310345,0.6285714285714286,13.275862068965518,0.9857142857142858
dc_380aecb0436f,RIC1 DC1,VA,37.4892338,-77.2474761,1.7586206896551724,0.22666666666666666,12.586206896551724,0.21428571428571427,37.241379310344826,0.12857142857142856
dc_d5435f3cc757,RIC1 DC2,VA,37.4886164,-77.2462097,1.7586206896551724,0.22666666666666666,12.586206896551724,0.21428571428571427,37.275862068965516,0.12857142857142856
dc_1aee472b3c86,RIC1 DC3,VA,37.48786,-77.24483,1.7586206896551724,0.22666666666666666,12.586206896551724,0.21428571428571427,37.37931034482759,0.12857142857142856
dc_40afc33af359,TulsaConnect,OK,36.153294,-95.989193,3.3793103448275863,0.76,40.6551724137931,1.3714285714285714,38.03448275862069,3.414285714285714
dc_4dbe408255c8,Windstream,OK,36.1485011,-95.990514,3.3793103448275863,0.76,40.758620689655174,1.3857142857142857,38.13793103448276,3.4
dc_ddc20b8cfb33,TulsaConnect,OK,36.149022,-95.990391,3.3448275862068964,0.76,40.793103448275865,1.3714285714285714,38.206896551724135,3.4
dc_515444aaf104,Digital Fortress - Portland 1,OR,45.5212569,-122.6817537,0.7241379310344828,0.02666666666666667,0.5517241379310345,0.0,0.8275862068965517,0.014285714285714285
dc_9b38f4695f6f,Digital Fortress - Portland 2,OR,45.4762137,-122.7760868,0.6896551724137931,0.02666666666666667,0.4482758620689655,0.0,0.8620689655172413,0.014285714285714285
dc_0a5b4dcabb86,Digital Fortress - Portland 3,OR,45.475634,-122.7764098,0.6896551724137931,0.02666666666666667,0.4482758620689655,0.0,0.8620689655172413,0.014285714285714285
dc_37b6e4984473,H5 DC - Portland,OR,45.5316902,-122.6837652,0.7586206896551724,0.02666666666666667,0.5517241379310345,0.0,0.8275862068965517,0.014285714285714285
dc_23feba8dfbd6,Date Center West - Eugene,OR,44.0506071,-123.0929782,0.13793103448275862,0.0,0.20689655172413793,0.0,0.20689655172413793,0.014285714285714285
dc_1d6382ebcca5,QTS Ashburn 2,VA,38.9982397,-77.4491455,2.2413793103448274,0.17333333333333334,19.862068965517242,0.4,94.6896551724138,1.2285714285714286
dc_70ea5deecfdb,OCOSA,OK,36.153287,-95.989191,3.3793103448275863,0.76,40.6551724137931,1.3714285714285714,38.03448275862069,3.414285714285714
dc_01c60ff235ed,Vantage VA16,VA,38.9985084,-77.4406368,2.206896551724138,0.16,19.896551724137932,0.4,95.20689655172414,1.2285714285714286
dc_a3b2dac5f2d0,Vantage VA15,VA,38.9994047,-77.4417901,2.206896551724138,0.16,19.896551724137932,0.4,95.17241379310344,1.2285714285714286
dc_57ca1ebae8e5,Iron City No. 1 Power Generator and Compute Center,PA,41.1410436,-78.0974055,0.20689655172413793,0.013333333333333334,1.2758620689655173,0.02857142857142857,10.655172413793103,0.11428571428571428
dc_a8ea97c0d02a,Cyxtera Dallas-Fort Worth Data Center,TX,32.8327103,-97.0410284,3.206896551724138,0.6533333333333333,60.58620689655172,4.628571428571429,37.724137931034484,2.2285714285714286
dc_e569435cdfa4,Equinix Infomart,TX,32.8009535,-96.8195234,2.8275862068965516,0.5866666666666667,48.37931034482759,3.857142857142857,29.96551724137931,1.7142857142857142
dc_686c58c1074a,CoreSite BO1,MA,42.3767059,-71.0797577,0.3103448275862069,0.12,10.310344827586206,0.24285714285714285,35.51724137931034,0.3
dc_cb30a328369f,USPO Terminal Annex,CA,34.0578,-118.236,0.4482758620689655,0.06666666666666667,0.4827586206896552,0.0,1.0,0.17142857142857143
dc_ac08463eb4ec,DataBank,TX,32.7783107,-96.7984357,2.6206896551724137,0.5733333333333334,45.37931034482759,3.6285714285714286,28.896551724137932,1.6142857142857143
dc_2d3e640cf930,CyrusOne Cincinnati-Mason CIN3,OH,39.3038941,-84.3116127,1.6896551724137931,0.25333333333333335,20.0,0.35714285714285715,45.3448275862069,0.8142857142857143
dc_24567abd6c58,LightEdge SAN1,CA,32.8278941,-117.1299275,0.2413793103448276,0.0,0.3103448275862069,0.0,1.206896551724138,0.0
dc_8d1887ea9099,EdgeConneX San Diego,CA,32.8423554,-117.1694226,0.2413793103448276,0.0,0.3103448275862069,0.0,1.2758620689655173,0.0
dc_613e1ba146fa,RagingWire CA2,CA,38.6504002,-121.4919461,0.5862068965517241,0.013333333333333334,0.3793103448275862,0.0,0.3103448275862069,0.02857142857142857
dc_8313dc48caac,RagingWire CA1,CA,38.6504319,-121.4891868,0.5862068965517241,0.013333333333333334,0.3793103448275862,0.0,0.3103448275862069,0.02857142857142857
dc_aaeb2a6d5fa0,Hewlett-Packard,GA,34.0820578,-84.2672921,1.4482758620689655,0.4,27.482758620689655,0.44285714285714284,37.758620689655174,0.32857142857142857
dc_4e99cc75cd39,Equinix SV1,CA,37.241767,-121.782967,0.3793103448275862,0.02666666666666667,1.8620689655172413,0.0,0.3448275862068966,0.02857142857142857
dc_d4812e5e6145,,OH,39.2940482,-84.4121132,1.6206896551724137,0.25333333333333335,20.896551724137932,0.37142857142857144,45.275862068965516,0.7428571428571429
dc_9558c9615f47,Lumen Sunnyvale 1,CA,37.3734695,-121.9878002,0.1724137931034483,0.02666666666666667,1.7241379310344827,0.0,0.3448275862068966,0.014285714285714285
dc_4c8ff415be80,OpenColo,CA,37.3788292,-121.9559257,0.1724137931034483,0.02666666666666667,1.6551724137931034,0.0,0.3103448275862069,0.014285714285714285
dc_764778a857ca,Equinix Santa Clara SV2,CA,37.3784704,-121.9549839,0.1724137931034483,0.02666666666666667,1.6551724137931034,0.0,0.3103448275862069,0.014285714285714285
dc_5de7805a4d95,Layer42 Santa Clara,CA,37.3780374,-121.9541277,0.1724137931034483,0.02666666666666667,1.6551724137931034,0.0,0.3103448275862069,0.014285714285714285
dc_b00a5fe6d20d,Digital Realty Silicon Valley SJC34,CA,37.3724077,-121.973647,0.1724137931034483,0.02666666666666667,1.6551724137931034,0.0,0.3103448275862069,0.014285714285714285
dc_8e694360ade4,Csquare SFO1,CA,37.3714713,-121.9696826,0.1724137931034483,0.02666666666666667,1.6551724137931034,0.0,0.3103448275862069,0.014285714285714285
dc_c55962889669,,CA,37.3733075,-121.9727778,0.1724137931034483,0.02666666666666667,1.6551724137931034,0.0,0.3103448275862069,0.014285714285714285
dc_da9fd4387a5d,Strategic Datasphere,GA,34.0948126,-84.2357244,1.4137931034482758,0.37333333333333335,27.93103448275862,0.4714285714285714,37.93103448275862,0.32857142857142857
dc_c9d4281c0249,Flexential Atlanta - Alpharetta Data Center,GA,34.0869864,-84.2518184,1.4482758620689655,0.38666666666666666,28.06896551724138,0.45714285714285713,38.06896551724138,0.32857142857142857
dc_dca5ba467cc7,Secure Data Center,GA,34.0937063,-84.250878,1.4482758620689655,0.38666666666666666,28.137931034482758,0.45714285714285713,37.89655172413793,0.32857142857142857
dc_9590e95f1c65,Cologix Santa Clara SV1 Data Center,CA,37.3654018,-121.9616726,0.1724137931034483,0.02666666666666667,1.6551724137931034,0.0,0.3103448275862069,0.014285714285714285
dc_95ac86b8be5c,Netrality Data Centers,MO,38.629039,-90.197493,3.0344827586206895,0.6,37.275862068965516,1.4428571428571428,43.3448275862069,1.6571428571428573
dc_88909d588f3f,Minneapolis Data Center #2,MN,44.9914423,-93.2803397,1.896551724137931,0.30666666666666664,47.03448275862069,1.6142857142857143,34.0,1.3
dc_e567c4149e4f,Equinix DC14,VA,38.8034341,-77.5105821,2.2413793103448274,0.25333333333333335,16.413793103448278,0.32857142857142857,76.3103448275862,1.0857142857142856
dc_8e9fdcb36e6f,Amazon IAD11,VA,38.7904948,-77.5411095,2.0344827586206895,0.25333333333333335,15.96551724137931,0.3142857142857143,70.10344827586206,0.9428571428571428
dc_efd5fc83731e,Amazon IAD24,VA,38.7903463,-77.5400098,2.0344827586206895,0.25333333333333335,15.931034482758621,0.3142857142857143,70.17241379310344,0.9428571428571428
dc_0af20c3aa097,Amazon IAD7,VA,38.7911993,-77.5382664,2.0344827586206895,0.25333333333333335,15.931034482758621,0.3142857142857143,70.41379310344827,0.9428571428571428
dc_e4369ccb8810,CyrusOne CIN2,OH,39.1030798,-84.5173158,1.1724137931034482,0.32,19.586206896551722,0.3,44.55172413793103,0.6
dc_b067df925538,VA 4,VA,38.778,-77.595,2.0689655172413794,0.22666666666666666,14.89655172413793,0.32857142857142857,62.689655172413794,0.8428571428571429
dc_1cb42af58320,Amazon IAD10,VA,39.0216753,-77.4329728,2.3448275862068964,0.17333333333333334,20.06896551724138,0.38571428571428573,95.41379310344827,1.1857142857142857
dc_9fb1f8d58659,Amazon IAD32,VA,39.0215693,-77.4347944,2.3448275862068964,0.17333333333333334,20.06896551724138,0.38571428571428573,95.13793103448276,1.1714285714285715
dc_15ae64532452,NTT RagingWire DC - Hillsboro,OR,45.5496803,-122.9373872,0.6206896551724138,0.02666666666666667,0.3793103448275862,0.0,0.7586206896551724,0.014285714285714285
dc_7d1f285cb791,Centersquare IAD1-B,VA,39.0238679,-77.4152091,2.413793103448276,0.17333333333333334,20.24137931034483,0.37142857142857144,96.51724137931035,1.2285714285714286
dc_7c8c55acfb6b,Centersquare IAD1-A,VA,39.0232978,-77.4132123,2.413793103448276,0.17333333333333334,20.275862068965516,0.38571428571428573,96.62068965517241,1.2285714285714286
dc_d41fb281d30a,Centersquare IAD1-C,VA,39.024754,-77.4122043,2.413793103448276,0.17333333333333334,20.379310344827587,0.37142857142857144,96.58620689655173,1.2285714285714286
dc_667e78753bcc,Flexential Minneapolis - Chaska,MN,44.8516116,-93.5988964,2.103448275862069,0.24,42.10344827586207,1.4,31.689655172413794,1.1428571428571428
dc_f5142250b983,Pearl Plaza Office Building,CO,39.7452303,-104.9793322,2.4827586206896552,0.22666666666666666,52.93103448275862,1.6428571428571428,9.206896551724139,0.45714285714285713
dc_12f42ac7aa67,Csquare SFO2,CA,37.397572,-121.980963,0.1724137931034483,0.02666666666666667,1.6896551724137931,0.0,0.3103448275862069,0.014285714285714285
dc_7535ad317c26,Csquare SFO2,CA,37.3986381,-121.9811563,0.1724137931034483,0.02666666666666667,1.6551724137931034,0.0,0.3103448275862069,0.014285714285714285
dc_1162b8639226,QTS Santa Clara 1,CA,37.3939862,-121.9783207,0.1724137931034483,0.02666666666666667,1.6896551724137931,0.0,0.3103448275862069,0.014285714285714285
dc_e1d7138b0007,CoreSite SV3,CA,37.3751575,-121.9717141,0.1724137931034483,0.02666666666666667,1.6551724137931034,0.0,0.3103448275862069,0.014285714285714285
dc_c8e79bad6c96,CoreSite SV6,CA,37.3763019,-121.9720837,0.1724137931034483,0.02666666666666667,1.6551724137931034,0.0,0.3103448275862069,0.014285714285714285
dc_03fb7c7b8edd,CoreSite SV8,CA,37.3773827,-121.97184,0.1724137931034483,0.02666666666666667,1.6551724137931034,0.0,0.3103448275862069,0.014285714285714285
dc_77cbe277429a,CoreSite SV5,CA,37.3751959,-121.9706889,0.1724137931034483,0.02666666666666667,1.6551724137931034,0.0,0.3103448275862069,0.014285714285714285
dc_c6ae9e1f88c6,CoreSite SV9,CA,37.3755551,-121.9696049,0.1724137931034483,0.02666666666666667,1.6551724137931034,0.0,0.3103448275862069,0.014285714285714285
dc_2358caf9e233,QTS Santa Clara 2,CA,37.3927307,-121.9784277,0.1724137931034483,0.02666666666666667,1.6896551724137931,0.0,0.3103448275862069,0.014285714285714285
dc_1628a2b176c6,STACK NVA01A - Northern Virginia,VA,39.0046933,-77.4417399,2.2758620689655173,0.17333333333333334,19.96551724137931,0.4,94.96551724137932,1.2285714285714286
dc_0f239b20a7ba,Minnesota Gateway Data Center,MN,44.9712882,-93.2546974,1.896551724137931,0.29333333333333333,46.10344827586207,1.5857142857142856,34.62068965517241,1.3714285714285714
dc_806d588bcd8f,IBM Building,NY,42.64957,-73.75262,0.6551724137931034,0.14666666666666667,15.03448275862069,0.34285714285714286,51.758620689655174,0.6
dc_6146656d1013,,MI,42.3262876,-83.0769768,0.5517241379310345,0.28,11.758620689655173,0.11428571428571428,30.17241379310345,0.7714285714285715
dc_601b882f713f,VA3,VA,38.9484941,-77.3273071,2.2758620689655173,0.22666666666666666,20.413793103448278,0.4142857142857143,98.51724137931035,1.5285714285714285
dc_9f34fd0de9e0,IAD1,VA,38.9488119,-77.3294144,2.2758620689655173,0.22666666666666666,20.413793103448278,0.4142857142857143,98.65517241379311,1.5285714285714285
dc_1893390c83ef,CoreSite Reston Campus VA1,VA,38.9506059,-77.3645496,2.1724137931034484,0.21333333333333335,20.137931034482758,0.4142857142857143,99.10344827586206,1.4857142857142858
dc_0528a0ff632a,CoreSite Reston VA3,VA,38.9483343,-77.3724298,2.1724137931034484,0.21333333333333335,20.103448275862068,0.4142857142857143,98.41379310344827,1.4428571428571428
dc_22ddddb49a8e,,NH,43.0761287,-70.8080395,0.06896551724137931,0.13333333333333333,7.655172413793103,0.1,12.137931034482758,0.14285714285714285
dc_4acc5a2218d7,Insurance Exchange Building,CO,39.745572,-104.9956909,2.3793103448275863,0.2,52.51724137931034,1.6571428571428573,9.206896551724139,0.45714285714285713
dc_5a1da1c84a02,Lincoln Rackhouse Maryland,MD,39.0586081,-76.964467,2.310344827586207,0.18666666666666668,19.03448275862069,0.38571428571428573,101.62068965517241,1.5714285714285714
dc_4c8f72b408e3,CyrusOne Cincinnati-Lebanon,OH,39.3889702,-84.2218527,2.0,0.29333333333333333,19.689655172413794,0.38571428571428573,46.89655172413793,0.8142857142857143
dc_19939411d9e4,Equinix NY7 Data Center,NJ,40.7968626,-74.0311403,0.6551724137931034,0.09333333333333334,12.89655172413793,0.14285714285714285,51.96551724137931,0.7
dc_938af684faa3,Equinix SV4,CA,37.4145109,-122.0145563,0.1724137931034483,0.02666666666666667,1.5517241379310345,0.0,0.4482758620689655,0.02857142857142857
dc_69730b99b070,Verizon - Bloomington Network,MN,44.8072109,-93.375385,2.103448275862069,0.25333333333333335,43.41379310344828,1.5285714285714285,32.172413793103445,1.3428571428571427
dc_08bc73ca6961,H5 Data Centers San Antonio,TX,29.4293706,-98.4869057,1.3103448275862069,0.24,18.689655172413794,1.3428571428571427,8.10344827586207,0.8
dc_8570f2737bd4,Aureon,IA,41.5879926,-93.6310139,4.137931034482759,0.4266666666666667,38.03448275862069,1.0285714285714285,39.06896551724138,2.6142857142857143
dc_329f757102fc,,NC,35.5881,-81.2626,2.0344827586206895,0.2,21.551724137931036,0.2714285714285714,35.62068965517241,0.5571428571428572
dc_7dc677ea1823,Patmos KC2,MO,39.0945,-94.5796,2.310344827586207,0.5733333333333334,55.689655172413794,2.1714285714285713,45.206896551724135,2.7857142857142856
dc_f3e921cb9abe,Digital Realty New York HVN10,CT,41.2407307,-73.1472668,0.7586206896551724,0.09333333333333334,4.448275862068965,0.014285714285714285,22.689655172413794,0.6285714285714286
dc_73dc9624ff3e,Lincoln Rackhouse,IL,41.7721034,-88.2170821,3.793103448275862,0.41333333333333333,30.93103448275862,0.4714285714285714,60.44827586206897,3.6857142857142855
dc_4f3fb90492d6,Digital Realty CH1,IL,41.9942413,-87.961935,2.3793103448275863,0.36,32.10344827586207,0.4142857142857143,60.724137931034484,3.6714285714285713
dc_56b1c9faf7e3,H5 Minneapolis,MN,44.972195,-93.1474731,2.1724137931034484,0.30666666666666664,44.93103448275862,1.5,33.86206896551724,1.3714285714285714
dc_e797a6f7ed88,Iron Mountain Records Storage,AZ,33.42038,-112.0413257,0.3448275862068966,0.08,3.8620689655172415,0.04285714285714286,30.379310344827587,2.0142857142857142
dc_01f94da97123,Equinix SV8,CA,37.4458951,-122.160786,0.20689655172413793,0.02666666666666667,1.7241379310344827,0.0,0.6206896551724138,0.04285714285714286
dc_8220a2e039af,NCSA Petascale Computing Facility,IL,40.0952591,-88.2420314,2.793103448275862,0.3466666666666667,9.827586206896552,0.38571428571428573,18.93103448275862,0.4714285714285714
dc_cb35267e5332,LexisNexus Springfield,OH,39.9128,-83.72379,2.0,0.25333333333333335,11.344827586206897,0.35714285714285715,26.655172413793103,0.34285714285714286
dc_5d6a143d4026,Digital Realty ORD11,IL,41.8743036,-87.6299404,1.6551724137931034,0.28,20.310344827586206,0.4,43.310344827586206,2.914285714285714
dc_65815b1ef945,Lumen,AZ,33.494309,-112.0707916,0.3103448275862069,0.08,4.206896551724138,0.07142857142857142,29.586206896551722,1.957142857142857
dc_71ee549f276d,L3Harris Technologies Inc,AZ,33.3053366,-111.6716904,0.3103448275862069,0.04,2.8275862068965516,0.04285714285714286,22.517241379310345,1.3428571428571427
dc_c9d94248f419,AZ Labs,AZ,33.3062801,-111.6717217,0.3103448275862069,0.04,2.7586206896551726,0.04285714285714286,22.17241379310345,1.3428571428571427
dc_af553fcece3c,Serverfarm CH1,IL,41.8709439,-87.6401413,1.6896551724137931,0.28,20.862068965517242,0.4,44.241379310344826,2.9857142857142858
dc_ed04a1ecbe51,Aligned Energy Data Center,AZ,33.6590546,-112.1111595,0.2413793103448276,0.06666666666666667,3.8275862068965516,0.07142857142857142,23.896551724137932,1.5571428571428572
dc_94b7312e4711,Lakeside Technology Center,IL,41.8536916,-87.6182716,1.8275862068965518,0.29333333333333333,19.79310344827586,0.4,42.44827586206897,2.8714285714285714
dc_fb37a9ca7ac1,Flexential Phoenix - Deer Valley,AZ,33.6846775,-112.0983398,0.2413793103448276,0.06666666666666667,3.7241379310344827,0.07142857142857142,23.310344827586206,1.5285714285714285
dc_8a38216b0122,TierPoint,OK,36.1585898,-95.9886293,3.3793103448275863,0.7466666666666667,40.724137931034484,1.4,38.10344827586207,3.414285714285714
dc_a4d71aa335ce,Equinix SV5,CA,37.2420719,-121.7817852,0.3793103448275862,0.02666666666666667,1.8620689655172413,0.0,0.3448275862068966,0.02857142857142857
dc_1a16f88c10dd,"Union Pacific Jack Koraleski Technology, Research & Development Center",NE,41.31803,-96.05072,2.5517241379310347,0.4,33.206896551724135,1.7,26.310344827586206,2.0428571428571427
dc_270c6c0a4182,DataBank Pittsburgh PIT2,PA,40.4513704,-80.1901663,1.1379310344827587,0.14666666666666667,22.03448275862069,0.34285714285714286,69.34482758620689,0.8285714285714286
dc_42b099cfcbc7,Molina Healthcare,NM,34.995577,-106.617908,0.2413793103448276,0.0,7.344827586206897,0.08571428571428572,4.137931034482759,0.08571428571428572
dc_3cef3c541b5d,Switch12,NV,36.0617389,-115.2132922,0.034482758620689655,0.0,1.896551724137931,0.014285714285714285,4.103448275862069,0.15714285714285714
dc_da72086b812a,Switch Las Vegas 7,NV,36.0599191,-115.210197,0.06896551724137931,0.0,1.896551724137931,0.014285714285714285,4.137931034482759,0.15714285714285714
dc_06cf1c89d97f,EdgeConneX CHI01,IL,42.0007751,-87.9507686,2.2758620689655173,0.36,31.75862068965517,0.4142857142857143,60.58620689655172,3.6714285714285713
dc_f54271a3c826,,MD,39.3777781,-77.4115448,2.4482758620689653,0.14666666666666667,11.241379310344827,0.21428571428571427,60.55172413793103,0.8428571428571429
dc_2a69da90abd8,Verizon Wireline Network Building,NJ,40.4949031,-74.4430949,0.9310344827586207,0.17333333333333334,9.931034482758621,0.0,49.0,0.5
dc_535d66b5f9b6,RagingWire CA3,CA,38.6442393,-121.4987627,0.5862068965517241,0.013333333333333334,0.3793103448275862,0.0,0.2413793103448276,0.02857142857142857
dc_f5d875508817,,IA,41.2214856,-95.863822,2.4482758620689653,0.41333333333333333,30.448275862068964,1.5285714285714285,23.482758620689655,1.9
dc_8d7d400daa85,360 Spear Street Data Center,CA,37.789282,-122.39009,0.10344827586206896,0.0,1.896551724137931,0.0,0.6551724137931034,0.05714285714285714
dc_df94ebb7df29,Equinix New York Secaucus NY5,NJ,40.7785845,-74.0723242,0.6551724137931034,0.09333333333333334,12.931034482758621,0.14285714285714285,53.03448275862069,0.7285714285714285
dc_e2b5deb384b2,Equinix New York Secaucus NY4,NJ,40.7764281,-74.0697759,0.6551724137931034,0.09333333333333334,12.862068965517242,0.14285714285714285,52.96551724137931,0.7285714285714285
dc_73f7a3eb7f29,Equinix NY3,NJ,40.7749028,-74.0689687,0.6551724137931034,0.09333333333333334,12.89655172413793,0.14285714285714285,52.96551724137931,0.7285714285714285
dc_1cb4fe2a0b9e,Equinix New York Secaucus NY2,NJ,40.7772907,-74.0759403,0.6551724137931034,0.09333333333333334,12.827586206896552,0.14285714285714285,52.827586206896555,0.7285714285714285
dc_22a977948445,Centersquare NYC3 Data Center,NJ,40.786164,-74.0691645,0.6551724137931034,0.09333333333333334,12.931034482758621,0.14285714285714285,52.51724137931034,0.7285714285714285
dc_d983542baf94,QTS Sacramento,CA,38.6463763,-121.4862686,0.5862068965517241,0.013333333333333334,0.3793103448275862,0.0,0.3103448275862069,0.02857142857142857
dc_5c2f48f1f831,,MO,39.2906383,-94.6759163,1.6206896551724137,0.44,47.37931034482759,1.8571428571428572,36.86206896551724,2.257142857142857
dc_0ea9fc7adeb0,Lincoln Rackhouse Kansas City,MO,39.2955554,-94.6734862,1.5862068965517242,0.44,47.37931034482759,1.8857142857142857,36.758620689655174,2.242857142857143
dc_603a01fbe6f3,Black Rock Financial Management,MO,39.2954814,-94.6780114,1.5862068965517242,0.44,47.275862068965516,1.8714285714285714,36.793103448275865,2.242857142857143
dc_7517a65ae363,,MO,39.3024057,-94.6847918,1.6206896551724137,0.4533333333333333,46.93103448275862,1.8571428571428572,36.724137931034484,2.2142857142857144
dc_f9a1698669ea,Cherokee Data Center,OK,36.2625496,-95.9100413,3.5517241379310347,0.8,39.758620689655174,1.3571428571428572,37.55172413793103,3.3714285714285714
dc_f9657e3a222d,CyrusOne Chicago Aurora CME,IL,41.7966077,-88.2438232,3.5517241379310347,0.41333333333333333,30.586206896551722,0.5,59.55172413793103,3.6714285714285713
dc_56db95055eaf,Xfinity/Comcast Data Center,CO,39.5883237,-104.8324181,2.6551724137931036,0.2,49.310344827586206,1.5,8.413793103448276,0.38571428571428573
dc_84c0a8b27128,IO Datacenter,NJ,40.5208169,-74.3472226,0.896551724137931,0.12,9.655172413793103,0.0,48.758620689655174,0.5714285714285714
dc_72f68f42d432,DataBank Piscataway EWR2,NJ,40.5492135,-74.4582096,0.8620689655172413,0.12,10.344827586206897,0.014285714285714285,50.93103448275862,0.5571428571428572
dc_ba26367c42aa,Optimum,NJ,40.5468425,-74.4920459,0.896551724137931,0.14666666666666667,10.241379310344827,0.014285714285714285,50.310344827586206,0.5
dc_41293169fcf5,Equinix,NJ,40.5449197,-74.4953594,0.8620689655172413,0.14666666666666667,10.206896551724139,0.014285714285714285,50.10344827586207,0.5
dc_8e83f64e34c5,Barclays Datacenter,NJ,40.5472443,-74.4597373,0.8620689655172413,0.12,10.241379310344827,0.014285714285714285,50.86206896551724,0.5571428571428572
dc_22a625aec698,Digital Realty New York EWR12,NJ,40.5529283,-74.4592038,0.896551724137931,0.13333333333333333,10.344827586206897,0.014285714285714285,51.06896551724138,0.5571428571428572
dc_c2f3fa259c37,Digital Realty New York EWR11,NJ,40.5537931,-74.4571024,0.896551724137931,0.13333333333333333,10.379310344827585,0.014285714285714285,51.10344827586207,0.5571428571428572
dc_8eb668a8b3c3,Intergate Seattle East Building 2,WA,47.4950309,-122.2905696,0.2413793103448276,0.02666666666666667,0.10344827586206896,0.0,0.06896551724137931,0.014285714285714285
dc_9f04712f31d7,Intergate Seattle East Building 1,WA,47.4948597,-122.2881943,0.2413793103448276,0.02666666666666667,0.10344827586206896,0.0,0.06896551724137931,0.014285714285714285
dc_9244f32ac697,Equinix SV15,CA,37.3754952,-121.9884063,0.1724137931034483,0.02666666666666667,1.7241379310344827,0.0,0.3448275862068966,0.014285714285714285
dc_518875f9d853,Equinix SV16,CA,37.3761243,-121.9886718,0.1724137931034483,0.02666666666666667,1.7241379310344827,0.0,0.3448275862068966,0.014285714285714285
dc_9c927d5b249c,Equinix SV17,CA,37.3765309,-121.9885825,0.1724137931034483,0.02666666666666667,1.7241379310344827,0.0,0.3448275862068966,0.014285714285714285
dc_a9ccce6607ff,Equinix SV14,CA,37.3749843,-121.9884742,0.1724137931034483,0.02666666666666667,1.7241379310344827,0.0,0.3448275862068966,0.014285714285714285
dc_27bede9eb66c,CoreSite SV4,CA,37.3762614,-121.9706851,0.1724137931034483,0.02666666666666667,1.6551724137931034,0.0,0.3103448275862069,0.014285714285714285
dc_49bdf2fd4426,Lumen Santa Clara,CA,37.3770332,-121.952059,0.1724137931034483,0.02666666666666667,1.6551724137931034,0.0,0.3103448275862069,0.014285714285714285
dc_3e5f70660fb6,Prime Santa Clara,CA,37.3750172,-121.9532497,0.1724137931034483,0.02666666666666667,1.6551724137931034,0.0,0.3103448275862069,0.014285714285714285
dc_dc75a6364fe9,Digital Realty Silicon Valley SJC10,CA,37.375822,-121.9533359,0.1724137931034483,0.02666666666666667,1.6551724137931034,0.0,0.3103448275862069,0.014285714285714285
dc_7e1ec0fe32da,Colovore,CA,37.3767228,-121.9531439,0.1724137931034483,0.02666666666666667,1.6551724137931034,0.0,0.3103448275862069,0.014285714285714285
dc_67a4e14e8e91,Digital Realty Silicon Valley SJC30,CA,37.3782874,-121.9581107,0.1724137931034483,0.02666666666666667,1.6551724137931034,0.0,0.3103448275862069,0.014285714285714285
dc_bbef47685601,Digital Realty Silicon Valley SJC15,CA,37.3749966,-121.9540769,0.1724137931034483,0.02666666666666667,1.6551724137931034,0.0,0.3103448275862069,0.014285714285714285
dc_3fa01f9ed0e0,Digital Realty Silicon Valley SJC16,CA,37.3749324,-121.9559987,0.1724137931034483,0.02666666666666667,1.6551724137931034,0.0,0.3103448275862069,0.014285714285714285
dc_05ba33d454f3,Digital Realty Silicon Valley SJC29,CA,37.3750232,-121.9580962,0.1724137931034483,0.02666666666666667,1.6551724137931034,0.0,0.3103448275862069,0.014285714285714285
dc_13ba42acb0f3,Csquare SFO4,CA,37.3757986,-121.9551844,0.1724137931034483,0.02666666666666667,1.6551724137931034,0.0,0.3103448275862069,0.014285714285714285
dc_7cdd84794129,Prime SANTA CLARA DATA CENTER,CA,37.3750292,-121.9548775,0.1724137931034483,0.02666666666666667,1.6551724137931034,0.0,0.3103448275862069,0.014285714285714285
dc_b7521d3b140b,Digital Realty Silicon Valley SJC11,CA,37.3763668,-121.9485649,0.1724137931034483,0.02666666666666667,1.6551724137931034,0.0,0.3103448275862069,0.014285714285714285
dc_a33e0eaf3913,Lumen,CA,37.3775848,-121.9506821,0.1724137931034483,0.02666666666666667,1.6551724137931034,0.0,0.3103448275862069,0.014285714285714285
dc_6e6524e46803,Silicon Valley SJC31,CA,37.3722213,-121.9482625,0.1724137931034483,0.02666666666666667,1.6551724137931034,0.0,0.3103448275862069,0.014285714285714285
dc_3b4009cb1bbc,,CA,37.3797897,-121.9499034,0.1724137931034483,0.02666666666666667,1.6551724137931034,0.0,0.3103448275862069,0.014285714285714285
dc_a0f51e098a77,Evocative Santa Clara SJC11,CA,37.3895364,-121.9619398,0.1724137931034483,0.02666666666666667,1.6551724137931034,0.0,0.3103448275862069,0.014285714285714285
dc_c161f3e80fbd,QTS Chicago,IL,41.84219,-87.6689434,2.0344827586206895,0.3466666666666667,23.17241379310345,0.4,47.51724137931034,3.1714285714285713
dc_20809b86822e,Iron Mountain Data & Record Storage,IL,41.8487049,-87.6454577,1.8620689655172413,0.3333333333333333,21.413793103448278,0.4,45.62068965517241,3.1
dc_10efe220e9f8,Data Storage Centers,AZ,33.4216928,-112.0343031,0.3103448275862069,0.08,3.8620689655172415,0.04285714285714286,30.413793103448278,2.0285714285714285
dc_c737f1f6d886,TierPoint Boston - Andover,MA,42.6857078,-71.2086024,0.13793103448275862,0.18666666666666668,12.413793103448276,0.2,32.10344827586207,0.35714285714285715
dc_277c0f0581fc,Markley Data Center,MA,42.6302832,-71.3045615,0.1724137931034483,0.18666666666666668,12.793103448275861,0.2,36.55172413793103,0.34285714285714286
dc_2705b2329455,Flexential Charlotte - South,NC,35.1354147,-80.9368313,1.3103448275862069,0.24,19.137931034482758,0.4857142857142857,34.44827586206897,0.42857142857142855
dc_83ab1d091133,Digital Realty Data Center,AZ,33.3446197,-111.8992189,0.3448275862068966,0.06666666666666667,3.6206896551724137,0.04285714285714286,29.551724137931036,1.8571428571428572
dc_d05d1d438fa4,,WA,47.6933236,-122.3173172,0.10344827586206896,0.02666666666666667,0.10344827586206896,0.0,0.06896551724137931,0.014285714285714285
dc_7595c5d5e7dc,Equinix DC97,VA,38.9615728,-77.3774178,2.206896551724138,0.2,20.310344827586206,0.4142857142857143,99.10344827586206,1.4428571428571428
dc_957ede7b418e,Amazon IAD-55,VA,38.815021,-77.64868,1.8620689655172413,0.24,14.413793103448276,0.3142857142857143,61.206896551724135,0.7571428571428571
dc_2a2a32281bd3,CTI Biopharma,WA,47.6177873,-122.356694,0.1724137931034483,0.02666666666666667,0.10344827586206896,0.0,0.06896551724137931,0.014285714285714285
dc_470dccd260a2,Westin Building,WA,47.6143555,-122.3388637,0.1724137931034483,0.02666666666666667,0.10344827586206896,0.0,0.06896551724137931,0.014285714285714285
dc_07c6d715a86b,COPT Data Center,VA,38.7439,-77.5334,1.8620689655172413,0.25333333333333335,15.586206896551724,0.32857142857142857,68.0,0.8714285714285714
dc_716763afa8e2,Dell 350 Holger Way,CA,37.419148,-121.942563,0.13793103448275862,0.02666666666666667,1.3793103448275863,0.0,0.27586206896551724,0.014285714285714285
dc_4608aa9b25e5,SV Colo,CA,37.3642804,-121.9587878,0.1724137931034483,0.02666666666666667,1.6206896551724137,0.0,0.3103448275862069,0.014285714285714285
dc_c006ad7d9563,Microsoft,CA,37.3621026,-121.9464586,0.1724137931034483,0.02666666666666667,1.6206896551724137,0.0,0.3103448275862069,0.014285714285714285
dc_4b5149e761b0,OVH US East Vint Hill,VA,38.7474201,-77.6744649,1.9310344827586208,0.17333333333333334,13.206896551724139,0.2571428571428571,55.0,0.6857142857142857
dc_158b610b5b1a,NCAR-Wyoming Supercomputing Center,WY,41.1287467,-104.8974315,1.2758620689655173,0.06666666666666667,22.0,0.8857142857142857,4.482758620689655,0.3
dc_2e8820a1a344,The Seattle Times,WA,47.6189539,-122.3365314,0.1724137931034483,0.02666666666666667,0.10344827586206896,0.0,0.06896551724137931,0.014285714285714285
dc_5b707782623f,Google Data Center The Dalles Oregon,OR,45.63195,-121.2015,0.0,0.0,0.3103448275862069,0.0,0.27586206896551724,0.02857142857142857
dc_3f99881e922b,Segra Data Center,NC,35.7249921,-78.6623632,1.4827586206896552,0.21333333333333335,17.379310344827587,0.38571428571428573,39.275862068965516,0.18571428571428572
dc_585eb4a76a27,Equinix Ashburn DC2,VA,39.0163894,-77.4590691,2.3448275862068964,0.17333333333333334,19.689655172413794,0.37142857142857144,92.65517241379311,1.1
dc_1cbea47b2e15,H5 Data Centers Ashburn,VA,39.0136782,-77.4517194,2.310344827586207,0.17333333333333334,19.896551724137932,0.38571428571428573,93.65517241379311,1.1428571428571428
dc_e797c79230f0,TierPoint Sioux Falls West Data Center,SD,43.60708,-96.80975,2.0,0.37333333333333335,24.896551724137932,0.7,16.137931034482758,1.6714285714285715
dc_7f9ae02ccc0f,Lumen McLean,VA,38.91947,-77.21238,2.413793103448276,0.2,20.96551724137931,0.42857142857142855,99.27586206896552,1.5
dc_2844929e4bbb,DataBank McLean IAD2,VA,38.9199052,-77.213585,2.413793103448276,0.2,20.96551724137931,0.42857142857142855,99.34482758620689,1.5
dc_103846411abf,eBay,UT,40.5636,-112.0478,0.27586206896551724,0.04,3.206896551724138,0.0,9.758620689655173,0.5285714285714286
dc_7dc82ae0dd2a,Equinix Chicago Data CH7,IL,41.8125627,-87.9728504,3.206896551724138,0.5066666666666667,36.689655172413794,0.6285714285714286,68.03448275862068,4.1571428571428575
dc_201440cfd9cd,PhoenixNAP,AZ,33.416077,-112.0094718,0.3103448275862069,0.08,3.8275862068965516,0.04285714285714286,30.586206896551722,2.0428571428571427
dc_bdfc6ad54e05,Merrill Lynch Data Center,NY,40.60411,-74.1793,0.7931034482758621,0.08,10.413793103448276,0.014285714285714285,50.827586206896555,0.7
dc_1bc2b9120fd7,Telehouse Teleport,NY,40.60712,-74.17499,0.7931034482758621,0.08,10.517241379310345,0.014285714285714285,51.13793103448276,0.7
dc_dbe2757c8762,32 Avenue of the Americas,NY,40.719994,-74.0045683,0.6896551724137931,0.06666666666666667,12.0,0.14285714285714285,50.13793103448276,0.7142857142857143
dc_0dc2e0d5e422,4120 Lafayette Center Drive,VA,38.9059013,-77.4689724,2.2413793103448274,0.2,18.896551724137932,0.4142857142857143,91.17241379310344,1.3285714285714285
dc_574dbb1df5a6,Digital Realty,VA,38.9101164,-77.4725921,2.2413793103448274,0.2,18.655172413793103,0.4142857142857143,91.06896551724138,1.3285714285714285
dc_3ea7dd208f28,Greenidge Power Plant and Data Center,NY,42.67965,-76.948414,0.2413793103448276,0.02666666666666667,5.379310344827586,0.02857142857142857,18.379310344827587,0.3142857142857143
dc_dd62b4cfd23c,TierPoint,MO,38.629438,-90.195807,3.0344827586206895,0.6,37.241379310344826,1.4428571428571428,43.206896551724135,1.6571428571428573
dc_885116d1864f,Verizon,NV,36.1447332,-115.0779284,0.06896551724137931,0.0,1.9310344827586208,0.014285714285714285,4.620689655172414,0.18571428571428572
dc_8e1d55e66e4c,,TX,29.4466626,-98.6405797,1.1724137931034482,0.22666666666666666,18.344827586206897,1.3714285714285714,7.724137931034483,0.7714285714285715
dc_e007921e0e2a,,TX,29.4478888,-98.6411006,1.206896551724138,0.22666666666666666,18.379310344827587,1.3714285714285714,7.724137931034483,0.7714285714285715
dc_be6fbb486171,Texas Cryptologic Center,TX,29.4472024,-98.6409962,1.1724137931034482,0.22666666666666666,18.344827586206897,1.3714285714285714,7.724137931034483,0.7714285714285715
dc_07598d7e4ad6,CenturyLink,NV,36.1437196,-115.0833851,0.06896551724137931,0.0,1.9310344827586208,0.014285714285714285,4.620689655172414,0.18571428571428572
dc_7da4291ec019,,TX,33.096018,-96.6815422,2.1724137931034484,0.49333333333333335,41.06896551724138,2.7714285714285714,24.96551724137931,1.3285714285714285
dc_82571b787ee6,Evoque Allen DA1,TX,33.09512,-96.6838,2.1724137931034484,0.49333333333333335,41.206896551724135,2.7857142857142856,24.96551724137931,1.3285714285714285
dc_a40a7a61f53f,First National Technical Center,NE,41.2614219,-95.9364982,2.5517241379310347,0.44,31.82758620689655,1.5714285714285714,24.655172413793103,1.9857142857142858
dc_5a66fc0b92a1,Flexential - Richmond,VA,37.6468902,-77.4386952,1.8275862068965518,0.13333333333333333,10.620689655172415,0.18571428571428572,33.10344827586207,0.12857142857142856
dc_7b085144d463,Amazon IAD-9,VA,38.899441,-77.455298,2.206896551724138,0.21333333333333335,19.06896551724138,0.4,91.51724137931035,1.3714285714285714
dc_e973f22c27bf,Amazon IAD22,VA,38.8979047,-77.4551032,2.2413793103448274,0.21333333333333335,18.96551724137931,0.4,91.17241379310344,1.3571428571428572
dc_5ac7881d70a2,Amazon IAD-1,VA,38.8978637,-77.4540825,2.2413793103448274,0.21333333333333335,18.93103448275862,0.4,91.41379310344827,1.3571428571428572
dc_827fe89cbc5e,H5 Data Centers Virginia (4050),VA,38.9092366,-77.4722656,2.2413793103448274,0.2,18.75862068965517,0.4142857142857143,91.24137931034483,1.3285714285714285
dc_edae91eea7f3,H5 Data Centers Virginia (4040),VA,38.9097961,-77.4734544,2.2413793103448274,0.2,18.655172413793103,0.4,90.79310344827586,1.3285714285714285
dc_6a1b8137ce48,ATI Solutions,VA,38.908136,-77.4752182,2.2413793103448274,0.2,18.724137931034484,0.4,90.72413793103448,1.3285714285714285
dc_a693333e3230,,VA,38.750815,-77.1962716,2.0344827586206895,0.21333333333333335,19.517241379310345,0.4142857142857143,90.75862068965517,1.4
dc_d7d660e610a2,Menlo Digital MD-DC1,VA,38.9271191,-77.4240727,2.310344827586207,0.21333333333333335,19.75862068965517,0.4,96.41379310344827,1.4714285714285715
dc_e7b041f66911,Cox Data Center,GA,34.0362568,-84.3195121,1.5862068965517242,0.4533333333333333,29.137931034482758,0.5,39.51724137931034,0.35714285714285715
dc_8139e532c3de,QTS Atlanta Data Center 1,GA,33.7776897,-84.4211544,2.0344827586206895,0.44,29.551724137931036,0.44285714285714284,42.3448275862069,0.4
dc_8582438c63c9,Csquare SFO3,CA,37.3720542,-121.9860407,0.1724137931034483,0.02666666666666667,1.7241379310344827,0.0,0.3448275862068966,0.014285714285714285
dc_bf1df6b842e9,Centersquare IAD3,VA,38.9809293,-77.4443786,2.2413793103448274,0.16,19.79310344827586,0.4142857142857143,95.0,1.2571428571428571
dc_84a15c5e48cb,Centersquare IAD2-A,VA,38.9844198,-77.4238096,2.2413793103448274,0.17333333333333334,20.06896551724138,0.4,96.75862068965517,1.2714285714285714
dc_23cf9d5d92b8,,VA,38.9848664,-77.4256702,2.2413793103448274,0.17333333333333334,20.06896551724138,0.4,96.79310344827586,1.2714285714285714
dc_3a460ff301b5,Centersquare IAD2-B,VA,38.9836138,-77.4240848,2.2413793103448274,0.17333333333333334,20.103448275862068,0.4,96.82758620689656,1.2714285714285714
dc_825c795eeabf,Digital Realty Data Center,GA,33.6570094,-84.4152195,1.896551724137931,0.4266666666666667,26.896551724137932,0.4142857142857143,41.689655172413794,0.44285714285714284
dc_c5f760fd708b,Cyxtera (Digital Realty Trust) Citibank Data Center,NJ,40.7607798,-74.0257417,0.6551724137931034,0.09333333333333334,12.724137931034482,0.14285714285714285,51.93103448275862,0.7142857142857143
dc_79ba191d0ddc,Digital Realty New Jersey EWR10,NJ,40.7618178,-74.0250281,0.6551724137931034,0.08,12.724137931034482,0.14285714285714285,51.827586206896555,0.7142857142857143
dc_5ce1bef66bfd,,WA,47.2462099,-119.8132256,0.06896551724137931,0.0,0.13793103448275862,0.0,0.2413793103448276,0.0
dc_e1ec41460f16,,WA,47.2476512,-119.8131864,0.06896551724137931,0.0,0.13793103448275862,0.0,0.2413793103448276,0.0
dc_3c54f97d781a,Intergate.Quincy,WA,47.2462,-119.8158,0.06896551724137931,0.0,0.13793103448275862,0.0,0.2413793103448276,0.0
dc_7c4e0d045a9c,Intergate Quincy Data Center,WA,47.2453673,-119.8160897,0.06896551724137931,0.0,0.13793103448275862,0.0,0.2413793103448276,0.0
dc_5cc1bdab179a,H5 Data Center,WA,47.25275,-119.81947,0.06896551724137931,0.0,0.20689655172413793,0.0,0.2413793103448276,0.0
dc_ae9448694997,H5 Data Centers Quincy,WA,47.24861,-119.817382,0.06896551724137931,0.0,0.1724137931034483,0.0,0.2413793103448276,0.0
dc_824340142f56,Yahoo Data Center,WA,47.24676,-119.8275,0.10344827586206896,0.0,0.1724137931034483,0.0,0.2413793103448276,0.0
dc_37ffc1fb3121,,WA,47.2467356,-119.8288659,0.10344827586206896,0.0,0.1724137931034483,0.0,0.27586206896551724,0.0
dc_3e47ba6ea7d4,,WA,47.2461,-119.8293,0.10344827586206896,0.0,0.1724137931034483,0.0,0.27586206896551724,0.0
dc_dc8fb9b88484,CoreSite AT2 - Marietta Data Center,GA,33.9255145,-84.4816338,1.6896551724137931,0.4,28.20689655172414,0.44285714285714284,42.13793103448276,0.42857142857142855
dc_64536bf4ec69,,MO,39.29175,-94.68647,1.5862068965517242,0.44,47.55172413793103,1.8571428571428572,37.206896551724135,2.257142857142857
dc_a48459500fa0,Digital Realty San Francisco SFO10,CA,37.7239,-122.3979,0.10344827586206896,0.0,1.8620689655172413,0.0,0.7241379310344828,0.05714285714285714
dc_e16c0048b956,33 Thomas Street,NY,40.71617,-74.00574,0.6896551724137931,0.06666666666666667,11.931034482758621,0.14285714285714285,50.37931034482759,0.7142857142857143
dc_2d220fd00df6,VentureData,ID,43.8252286,-111.7820703,0.20689655172413793,0.013333333333333334,1.7586206896551724,0.0,6.0344827586206895,0.07142857142857142
dc_78a95ede9fd2,Cogent Data Center,AZ,33.4002195,-112.0478786,0.3448275862068966,0.08,3.7586206896551726,0.04285714285714286,30.448275862068964,2.0142857142857142
dc_ddc8ce7e149c,CoreSpace Dallas,TX,32.8175508,-96.873071,3.0344827586206895,0.6133333333333333,53.793103448275865,4.014285714285714,32.310344827586206,1.8
dc_7c8f0dd59535,Databank Denver (DEN5),CO,39.5901315,-104.8469632,2.6206896551724137,0.2,49.724137931034484,1.4857142857142858,8.413793103448276,0.38571428571428573
dc_70319b137cc4,zColo by Zayo,CO,39.5913398,-104.8470655,2.6551724137931036,0.2,49.6551724137931,1.4857142857142858,8.413793103448276,0.38571428571428573
dc_d4a1a829c73b,Intergate Seattle East Building 5,WA,47.494963,-122.290624,0.2413793103448276,0.02666666666666667,0.10344827586206896,0.0,0.06896551724137931,0.014285714285714285
dc_a155358ecc51,Intergate Seattle East Building 3,WA,47.4934798,-122.2904647,0.2413793103448276,0.02666666666666667,0.10344827586206896,0.0,0.06896551724137931,0.014285714285714285
dc_e1661b2a1f9b,Intergate Seattle East Building 4,WA,47.4934032,-122.2888803,0.2413793103448276,0.02666666666666667,0.10344827586206896,0.0,0.06896551724137931,0.014285714285714285
dc_948f3bdc4314,Flexential Allentown data center,PA,40.6356953,-75.4575733,0.6896551724137931,0.17333333333333334,9.586206896551724,0.15714285714285714,46.96551724137931,0.3142857142857143
dc_d2de7906afe4,Digital Realty ACC4,VA,39.0178592,-77.4624708,2.3448275862068964,0.17333333333333334,19.517241379310345,0.37142857142857144,92.10344827586206,1.0857142857142856
dc_fc796ff9d529,Equinix Ashburn DC1,VA,39.0155577,-77.4603281,2.3448275862068964,0.17333333333333334,19.655172413793103,0.37142857142857144,92.58620689655173,1.1
dc_eb543ca87716,Equinix Ashburn DC5,VA,39.014551,-77.457838,2.310344827586207,0.17333333333333334,19.93103448275862,0.38571428571428573,93.03448275862068,1.1
dc_61423542fa9a,Equinix Ashburn DC11,VA,39.0148911,-77.4587995,2.3448275862068964,0.17333333333333334,19.75862068965517,0.37142857142857144,93.06896551724138,1.1
dc_131aa5f35967,Equinix Ashburn DC3,VA,39.0220154,-77.460235,2.3448275862068964,0.17333333333333334,19.413793103448278,0.37142857142857144,92.3103448275862,1.1
dc_b50a00a06b55,Digital Realty ACC3,VA,39.01988,-77.4598033,2.3448275862068964,0.17333333333333334,19.586206896551722,0.37142857142857144,92.37931034482759,1.1
dc_0d9b2c88b783,CoreSite SV2,CA,37.4056857,-121.9162604,0.13793103448275862,0.02666666666666667,1.4137931034482758,0.0,0.27586206896551724,0.014285714285714285
dc_49375bfb4e76,Amazon IAD76,VA,38.9937936,-77.450509,2.206896551724138,0.16,19.689655172413794,0.4,94.6896551724138,1.2285714285714286
dc_2e4b032d0260,Amazon IAD12,VA,38.988724,-77.447671,2.1724137931034484,0.16,19.75862068965517,0.4142857142857143,94.75862068965517,1.2571428571428571
dc_6bcbbbcd10b1,Digital Realty ACC5,VA,39.0201584,-77.4631033,2.3448275862068964,0.17333333333333334,19.482758620689655,0.37142857142857144,91.79310344827586,1.0857142857142856
dc_96abd1a194f0,Digital Realty ACC6,VA,39.0210261,-77.4635509,2.3448275862068964,0.17333333333333334,19.344827586206897,0.37142857142857144,91.82758620689656,1.0857142857142856
dc_2a70a9e5cc7b,Level 3 Ashburn,VA,39.022182,-77.4576094,2.2758620689655173,0.17333333333333334,19.79310344827586,0.38571428571428573,92.51724137931035,1.1
dc_883a5d1e99b8,Centersquare IAD4-B,VA,39.0221679,-77.4535946,2.2758620689655173,0.17333333333333334,19.896551724137932,0.38571428571428573,92.65517241379311,1.0857142857142856
dc_69fd86e9906c,NTT Ashburn VA1 Data Center,VA,39.0227436,-77.4548911,2.2758620689655173,0.17333333333333334,19.896551724137932,0.38571428571428573,92.65517241379311,1.0857142857142856
dc_ae3e7c1ac44d,Digital Realty Phoenix PHX15,AZ,33.2749228,-111.8866379,0.3103448275862069,0.05333333333333334,3.206896551724138,0.04285714285714286,27.310344827586206,1.6857142857142857
dc_c9783b27622b,H5 Phoenix,AZ,33.2769993,-111.8858906,0.3103448275862069,0.05333333333333334,3.206896551724138,0.04285714285714286,27.344827586206897,1.6857142857142857
dc_4f768adc7131,CyrusOne PHX1,AZ,33.2708783,-111.8819954,0.3103448275862069,0.05333333333333334,3.1379310344827585,0.04285714285714286,27.137931034482758,1.6714285714285715
dc_81a17a603597,Equinix DC13,VA,39.0125623,-77.4754047,2.2413793103448274,0.17333333333333334,18.79310344827586,0.37142857142857144,89.51724137931035,1.1428571428571428
dc_631371da65c8,Digital Realty Northern Virginia IAD14,VA,39.0033364,-77.4870935,2.1379310344827585,0.17333333333333334,18.482758620689655,0.38571428571428573,88.37931034482759,1.1142857142857143
dc_3d20ef20699e,Amazon Web Services Building C,VA,39.0027516,-77.4854486,2.1724137931034484,0.17333333333333334,18.551724137931036,0.38571428571428573,88.79310344827586,1.1142857142857143
dc_2e787555193c,Digital Realty Northern Virginia IAD12,VA,39.0020229,-77.4833469,2.1724137931034484,0.17333333333333334,18.655172413793103,0.38571428571428573,88.82758620689656,1.1142857142857143
dc_832cb24853a8,Digital Realty Building A,VA,39.0027414,-77.4819572,2.206896551724138,0.17333333333333334,18.689655172413794,0.38571428571428573,89.0,1.1142857142857143
dc_524910b48583,Digital Realty Northern Virginia IAD24,VA,39.0043186,-77.484415,2.1724137931034484,0.17333333333333334,18.620689655172413,0.38571428571428573,89.0,1.1142857142857143
dc_087c9c57a7c0,Databank Ashburn IAD1,VA,39.0155,-77.4821,2.2413793103448274,0.17333333333333334,18.517241379310345,0.37142857142857144,88.62068965517241,1.1
dc_ec2547a1d26b,DataBank Ashburn IAD4,VA,39.0154867,-77.4833483,2.1724137931034484,0.17333333333333334,18.482758620689655,0.37142857142857144,88.34482758620689,1.0857142857142856
dc_3f486e9e678a,Apple Data Center,AZ,33.3470334,-111.6041418,0.27586206896551724,0.04,2.413793103448276,0.02857142857142857,21.06896551724138,1.2428571428571429
dc_381df857e073,VISA,IL,42.2167763,-87.9529303,1.206896551724138,0.28,24.448275862068964,0.3,41.58620689655172,2.5285714285714285
dc_dd43c1afe709,John F. Simms Building,NM,35.6724585,-105.9565798,0.2413793103448276,0.0,4.931034482758621,0.07142857142857142,1.1379310344827587,0.05714285714285714
dc_d49059d0004a,Lumen San Antonio 2,TX,29.4382791,-98.5065217,1.3103448275862069,0.24,18.551724137931036,1.3428571428571427,8.137931034482758,0.8
dc_a3ed205f0651,Meta,OR,44.2959422,-120.8872741,0.034482758620689655,0.0,2.9310344827586206,0.014285714285714285,0.5172413793103449,0.014285714285714285
dc_0b58b9cd7bf3,Adobe Data Center,OR,45.5501967,-122.9316727,0.6206896551724138,0.02666666666666667,0.3793103448275862,0.0,0.7586206896551724,0.014285714285714285
dc_1935437c7e01,TGN Hillsboro,OR,45.54659,-122.89393,0.7241379310344828,0.02666666666666667,0.3448275862068966,0.0,0.8620689655172413,0.014285714285714285
dc_3fef4ef0197e,Stack Infrastructure - POR02,OR,45.547493,-122.897249,0.6896551724137931,0.02666666666666667,0.3448275862068966,0.0,0.8620689655172413,0.014285714285714285
dc_526c2a45ec28,Oracle,OR,45.5439148,-122.896479,0.6896551724137931,0.02666666666666667,0.3448275862068966,0.0,0.8620689655172413,0.014285714285714285
dc_88ceb844bdf4,Digital Realty PDX10 Data Center,OR,45.5476065,-122.8919518,0.7241379310344828,0.02666666666666667,0.3448275862068966,0.0,0.8620689655172413,0.014285714285714285
dc_e1986068387b,Flexential Portland - Hillsboro 1,OR,45.5476,-122.8916,0.7241379310344828,0.02666666666666667,0.3448275862068966,0.0,0.8620689655172413,0.014285714285714285
dc_084826c020f7,Flexential Portland - Hillsboro 1,OR,45.54775,-122.89155,0.7241379310344828,0.02666666666666667,0.3448275862068966,0.0,0.8620689655172413,0.014285714285714285
dc_a58e2ed3ead5,Flexential Louisville - East,KY,38.2771906,-85.5072402,2.4482758620689653,0.38666666666666666,16.620689655172413,0.44285714285714284,44.6551724137931,1.4714285714285715
dc_9996d2a0e21d,Flexential Louisville - Downtown,KY,38.242501,-85.733336,2.586206896551724,0.28,17.103448275862068,0.44285714285714284,43.86206896551724,1.3857142857142857
dc_570dcd095704,Verizon Hillsboro (Tanasbourne) Data Center,OR,45.5446185,-122.882338,0.7241379310344828,0.02666666666666667,0.3448275862068966,0.0,0.8620689655172413,0.014285714285714285
dc_805132b8f582,Terminal Commerce Building,PA,39.95962,-75.16187,1.1724137931034482,0.22666666666666666,14.724137931034482,0.14285714285714285,79.89655172413794,0.8
dc_cc28d7536dbd,TierPoint,WA,47.6719149,-117.0959323,0.2413793103448276,0.02666666666666667,1.5172413793103448,0.04285714285714286,3.1724137931034484,0.1
dc_50050da00f9b,Baltimore Technology Park,MD,39.275367,-76.62551,1.9310344827586208,0.13333333333333333,12.517241379310345,0.2,62.10344827586207,0.8714285714285714
dc_479fe0de6655,Intergate Seattle West Building C,WA,47.494123,-122.2943972,0.2413793103448276,0.02666666666666667,0.10344827586206896,0.0,0.06896551724137931,0.014285714285714285
dc_556a64184f4a,Intergate Seattle West Building B,WA,47.4930744,-122.2936837,0.2413793103448276,0.02666666666666667,0.10344827586206896,0.0,0.06896551724137931,0.014285714285714285
dc_e00eb2aece58,Intergate Seattle West Building A,WA,47.4921833,-122.2933176,0.2413793103448276,0.02666666666666667,0.10344827586206896,0.0,0.06896551724137931,0.014285714285714285
dc_5f6777919547,Vantage WA11,WA,47.25033,-119.81449,0.06896551724137931,0.0,0.13793103448275862,0.0,0.2413793103448276,0.0
dc_69b15e769d4a,NTT Data Quincy,WA,47.24366,-119.86583,0.10344827586206896,0.0,0.1724137931034483,0.0,0.27586206896551724,0.0
dc_4ad26dcfcc07,,WA,47.2388186,-119.8593592,0.10344827586206896,0.0,0.13793103448275862,0.0,0.27586206896551724,0.0
dc_31e1262f634a,,WA,47.2382623,-119.8593664,0.10344827586206896,0.0,0.13793103448275862,0.0,0.27586206896551724,0.0
dc_a6f917b12861,Geneseo Communications Inc,IA,41.5502695,-90.4824093,2.9655172413793105,0.5333333333333333,18.413793103448278,0.7428571428571429,30.482758620689655,1.9285714285714286
dc_905ee378fa5e,,IL,41.9053402,-88.2195062,3.310344827586207,0.4,33.41379310344828,0.5142857142857142,62.206896551724135,3.7142857142857144
dc_c4556817118d,,NJ,40.5528396,-74.4566865,0.896551724137931,0.13333333333333333,10.344827586206897,0.014285714285714285,51.03448275862069,0.5571428571428572
dc_ffd9669a659e,,IN,39.7171971,-85.941411,1.6551724137931034,0.7466666666666667,26.448275862068964,0.6571428571428571,34.58620689655172,0.8571428571428571
dc_79462a7aea36,,NJ,40.7847354,-74.0643545,0.6551724137931034,0.09333333333333334,13.0,0.14285714285714285,52.62068965517241,0.7285714285714285
dc_6a57259367cd,Flexential Salt Lake City - South Valley,UT,40.6189971,-111.985014,0.27586206896551724,0.04,3.103448275862069,0.0,9.931034482758621,0.5428571428571428
dc_d4b9ccf16584,Digital Realty Silicon Valley SC1,CA,37.3616469,-121.9439784,0.1724137931034483,0.02666666666666667,1.6206896551724137,0.0,0.3103448275862069,0.014285714285714285
dc_f4bc65542ad7,QES Computers,CA,37.6994753,-121.9037995,0.13793103448275862,0.02666666666666667,1.4827586206896552,0.0,0.3448275862068966,0.014285714285714285
dc_038b8645007d,Equinix SE3 Data Center,WA,47.6144229,-122.3397427,0.1724137931034483,0.02666666666666667,0.10344827586206896,0.0,0.06896551724137931,0.014285714285714285
dc_b56773cdbfc2,QTS Piscataway Data Center,NJ,40.5581,-74.4893,0.8620689655172413,0.16,10.275862068965518,0.014285714285714285,51.06896551724138,0.5428571428571428
dc_5fa783970111,AiNET,MD,39.0528404,-76.9259248,2.2758620689655173,0.17333333333333334,18.24137931034483,0.3142857142857143,102.0,1.542857142857143
dc_f08ca5bf1c62,Microsoft,TX,29.47827,-98.6906853,1.2413793103448276,0.22666666666666666,18.17241379310345,1.4,7.344827586206897,0.7428571428571429
dc_89729ff0b85d,Microsoft San Antonio,TX,29.479881,-98.6925337,1.2413793103448276,0.22666666666666666,18.137931034482758,1.3857142857142857,7.310344827586207,0.7285714285714285
dc_dfd792c8e17d,Microsoft,TX,29.4810535,-98.6965704,1.2413793103448276,0.22666666666666666,18.137931034482758,1.3857142857142857,7.275862068965517,0.7285714285714285
dc_2d99d5205c9e,Lumen Norristown,PA,40.127067,-75.4086586,0.9655172413793104,0.25333333333333335,12.241379310344827,0.12857142857142856,72.48275862068965,0.8
dc_d85b37adc53e,Equinix DC7,VA,38.9091392,-77.2205568,2.310344827586207,0.21333333333333335,21.137931034482758,0.42857142857142855,99.51724137931035,1.5
dc_11f7728742a2,Element Critical VA1,VA,38.9083675,-77.2197442,2.310344827586207,0.21333333333333335,21.137931034482758,0.42857142857142855,99.55172413793103,1.5
dc_40672a8077dd,Pittock Block,OR,45.5215436,-122.6807041,0.7241379310344828,0.02666666666666667,0.5517241379310345,0.0,0.8275862068965517,0.014285714285714285
dc_db8f9132c159,Cisco Allen,TX,33.1359616,-96.6609921,1.8620689655172413,0.4666666666666667,37.41379310344828,2.4857142857142858,21.448275862068964,1.2
dc_f88ba23a982f,Meta,OR,44.29497,-120.88397,0.034482758620689655,0.0,2.8620689655172415,0.014285714285714285,0.5172413793103449,0.014285714285714285
dc_d7bbe1a551ea,CSSNW Bellingham,WA,48.75726,-122.4805485,0.034482758620689655,0.0,0.0,0.0,0.0,0.0
dc_0bca91742046,EdgeConneX CHI02,IL,42.0014952,-87.9525624,2.2758620689655173,0.36,31.79310344827586,0.4142857142857143,60.58620689655172,3.6714285714285713
dc_b42253a6f4e0,Equinix Chicago CH3,IL,42.001221,-87.9551997,2.2758620689655173,0.36,31.79310344827586,0.4142857142857143,60.58620689655172,3.6714285714285713
dc_c5239980dbb9,Element Critical CH2,IL,41.9742269,-87.9671756,2.4827586206896552,0.3466666666666667,33.41379310344828,0.42857142857142855,62.48275862068966,3.757142857142857
dc_3ae192f6e1fc,Centersquare Elk Grove Village Data Center Campus ORD2,IL,41.9920884,-87.9580136,2.3448275862068964,0.36,32.0,0.4142857142857143,60.827586206896555,3.6714285714285713
dc_5476035b6014,Flexential Denver - Englewood,CO,39.558994,-104.8375559,2.5172413793103448,0.21333333333333335,47.724137931034484,1.4,8.0,0.38571428571428573
dc_101d7e8f8cd1,EdgeConneX Detroit DET01,MI,42.4476693,-83.2626336,0.5517241379310345,0.3333333333333333,16.03448275862069,0.2,43.3448275862069,0.9428571428571428
dc_f905447e5849,Lumen Austin 3,TX,30.261396,-97.7235975,1.8620689655172413,0.29333333333333333,20.689655172413794,1.5714285714285714,10.310344827586206,0.7
dc_3fabf9be3929,Alpheus DataCenter,TX,30.261601,-97.722423,1.8620689655172413,0.29333333333333333,20.689655172413794,1.5714285714285714,10.310344827586206,0.7
dc_c7e6eda1a3c3,Digital Realty Austin AUS11,TX,30.21226,-97.69578,1.6551724137931034,0.29333333333333333,20.896551724137932,1.5571428571428572,11.448275862068966,0.7857142857142857
dc_fe38ae01b067,LightEdge Austin II,TX,30.199440814924,-97.707103330097,1.6206896551724137,0.30666666666666664,20.586206896551722,1.5571428571428572,11.448275862068966,0.8142857142857143
dc_b89ba8f2218f,CyrusOne Austin Data Center II,TX,30.2059205,-97.6979506,1.6206896551724137,0.29333333333333333,20.79310344827586,1.5714285714285714,11.448275862068966,0.8142857142857143
dc_37e6baf63753,Data Foundry Austin 1 Data Center,TX,30.216362,-97.695677,1.7241379310344827,0.30666666666666664,21.06896551724138,1.542857142857143,11.448275862068966,0.8428571428571429
dc_cc285f70fcb8,VISA Data Center,VA,39.04877,-77.4454,2.310344827586207,0.17333333333333334,19.482758620689655,0.37142857142857144,92.06896551724138,1.1285714285714286
dc_25afe0ab10d4,LightEdge Austin I,TX,30.214761,-97.710875,1.7241379310344827,0.29333333333333333,21.17241379310345,1.542857142857143,11.275862068965518,0.8285714285714286
dc_cdbcaaff9db4,Skybox Chicago I,IL,41.9936612,-87.973521,2.4827586206896552,0.36,33.0,0.42857142857142855,61.89655172413793,3.7
dc_1e7f741f9284,Hurricane Electric Fremont 1,CA,37.4898848,-121.9310239,0.13793103448275862,0.02666666666666667,1.4137931034482758,0.0,0.3103448275862069,0.014285714285714285
dc_27080243001e,,OH,41.4321977,-82.7189574,1.2413793103448276,0.18666666666666668,10.03448275862069,0.1,20.551724137931036,0.5
dc_938aec8e77ee,Lumen Austin 1,TX,30.197065,-97.713598,1.6896551724137931,0.30666666666666664,20.689655172413794,1.5571428571428572,11.551724137931034,0.8857142857142857
dc_6b99d502d133,Data Foundry - Texas 1,TX,30.19923,-97.71342,1.6896551724137931,0.30666666666666664,20.620689655172413,1.542857142857143,11.448275862068966,0.8714285714285714
dc_8411b70ee9f3,XO Fremont,CA,37.4753251,-121.9221068,0.13793103448275862,0.02666666666666667,1.3448275862068966,0.0,0.3103448275862069,0.014285714285714285
dc_9a40b00a652d,Hurricane Electric Fremont 2,CA,37.471834,-121.9202907,0.13793103448275862,0.02666666666666667,1.3448275862068966,0.0,0.3103448275862069,0.014285714285714285
dc_e5c5994d451d,Element Critical,TX,30.34285,-97.69625,1.9310344827586208,0.3466666666666667,21.96551724137931,1.6285714285714286,10.758620689655173,0.7142857142857143
dc_a89104d1dea0,Element Critical CH1,IL,41.9757324,-87.9646913,2.4482758620689653,0.3466666666666667,33.3448275862069,0.42857142857142855,62.3448275862069,3.742857142857143
dc_b98bb7d5812f,165 Halsey / Equinix NY1 / Databank EWR1,NJ,40.7367304,-74.1738875,0.7241379310344828,0.06666666666666667,12.275862068965518,0.11428571428571428,55.6551724137931,0.6714285714285714
dc_e3d250e7b140,QTS Suwanee Data Center 1,GA,34.0353956,-84.0611057,1.2413793103448276,0.30666666666666664,24.20689655172414,0.37142857142857144,35.275862068965516,0.22857142857142856
dc_baa85d8160d3,QTS Suwanee Data Center 2,GA,34.0370622,-84.0576958,1.2413793103448276,0.30666666666666664,23.96551724137931,0.37142857142857144,35.06896551724138,0.22857142857142856
dc_a94598173ea8,TierPoint Little Rock,AR,34.75654,-92.44352,3.5172413793103448,0.9066666666666666,29.620689655172413,0.6,30.379310344827587,0.5571428571428572
dc_6553f43d85f7,Equinix SV6,CA,37.3996265,-122.0145584,0.20689655172413793,0.02666666666666667,1.7241379310344827,0.0,0.3448275862068966,0.014285714285714285
dc_d493afe55f15,Flexential Atlanta - Norcross,GA,33.9547396,-84.1985246,1.5862068965517242,0.41333333333333333,27.448275862068964,0.35714285714285715,39.44827586206897,0.32857142857142857
dc_bd791a1d5428,Centersquare Lynnwood SE1,WA,47.841809,-122.3016653,0.10344827586206896,0.02666666666666667,0.13793103448275862,0.0,0.06896551724137931,0.014285714285714285
dc_29fd6bdf13b7,Apple,OR,44.2891,-120.8725,0.034482758620689655,0.0,2.8620689655172415,0.014285714285714285,0.5172413793103449,0.014285714285714285
dc_4f0e6f5bde7c,Walmart Colorado Data Center,CO,38.9857326,-104.787263,1.3448275862068966,0.10666666666666667,50.51724137931034,1.6428571428571428,3.206896551724138,0.22857142857142856
dc_d9ae28f8917b,Verizon,NE,41.338443,-96.028402,2.5172413793103448,0.4266666666666667,32.51724137931034,1.6571428571428573,25.93103448275862,1.9857142857142858
dc_9c33e7edb393,Verizon,NE,41.3384444,-96.0286183,2.5172413793103448,0.4266666666666667,32.51724137931034,1.6571428571428573,25.93103448275862,1.9857142857142858
dc_3c8e7ae84da8,George C. Wallace Alabama Supercomputer Center,AL,34.7355,-86.6736,4.448275862068965,0.72,21.20689655172414,0.5714285714285714,48.827586206896555,1.1428571428571428
dc_a83a8d15a315,Equinix,CA,33.85003,-118.30331,0.4482758620689655,0.06666666666666667,0.3103448275862069,0.0,0.7586206896551724,0.08571428571428572
dc_543c04d60b95,Digital Realty Chicago ORD12,IL,41.9283557,-87.8592545,2.3448275862068964,0.36,31.24137931034483,0.45714285714285713,58.06896551724138,3.557142857142857
dc_b5ee50bca064,,WA,47.2376691,-119.8646264,0.10344827586206896,0.0,0.13793103448275862,0.0,0.27586206896551724,0.0
dc_36b4acad16e5,Microsoft,WA,47.2394776,-119.8830092,0.10344827586206896,0.0,0.1724137931034483,0.0,0.2413793103448276,0.0
dc_a3e6b266b930,Microsoft,WA,47.2385754,-119.8830801,0.10344827586206896,0.0,0.1724137931034483,0.0,0.2413793103448276,0.0
dc_c738a087d2cb,,WA,47.23932,-119.85941,0.10344827586206896,0.0,0.13793103448275862,0.0,0.27586206896551724,0.0
dc_7b42f550217b,Microsoft CYS Datacenter,WY,41.12416,-104.90343,1.2413793103448276,0.08,21.82758620689655,0.8714285714285714,4.482758620689655,0.3
dc_6be68fa9c112,,WY,41.1262938,-104.9018528,1.2758620689655173,0.08,21.862068965517242,0.8714285714285714,4.482758620689655,0.3
dc_506d216f297e,KOMO Plaza East,WA,47.6192326,-122.3482873,0.1724137931034483,0.02666666666666667,0.10344827586206896,0.0,0.06896551724137931,0.014285714285714285
dc_0dcf4693d966,Fidelity,NE,41.1655243,-96.0833669,2.586206896551724,0.36,32.37931034482759,1.5571428571428572,24.96551724137931,2.257142857142857
dc_efb9968b09e4,,CA,33.918074,-118.38735,0.3448275862068966,0.06666666666666667,0.27586206896551724,0.0,0.6896551724137931,0.08571428571428572
dc_4c87d97ffa9a,Serverfarm - LAX1,CA,33.9217415,-118.3864588,0.3448275862068966,0.06666666666666667,0.27586206896551724,0.0,0.6896551724137931,0.08571428571428572
dc_abc1bc37e941,DRT LAX12,CA,33.916298,-118.384828,0.3448275862068966,0.06666666666666667,0.27586206896551724,0.0,0.6896551724137931,0.08571428571428572
dc_961fc1bc0c89,Google - Thornton,CO,39.922465,-104.9834252,2.793103448275862,0.28,49.6551724137931,1.6857142857142857,8.931034482758621,0.5428571428571428
dc_5b5256c05523,DRT LAX10,CA,34.04728,-118.25669,0.4482758620689655,0.06666666666666667,0.4827586206896552,0.0,0.9310344827586207,0.15714285714285714
dc_f40c26b1ceb4,One Wilshire,CA,34.048149,-118.255721,0.4482758620689655,0.06666666666666667,0.4827586206896552,0.0,0.9310344827586207,0.15714285714285714
dc_ddf294b48205,,VA,37.4944,-77.23745,1.7586206896551724,0.22666666666666666,12.517241379310345,0.21428571428571427,37.241379310344826,0.12857142857142856
dc_66e879b37950,"CyrusOne NVA1, NVA2 & NVA3",VA,39.0259023,-77.4144697,2.3793103448275863,0.17333333333333334,20.310344827586206,0.37142857142857144,96.41379310344827,1.2285714285714286
dc_6a2a35ba07d2,NAP of the Americas,FL,25.7824,-80.19312,3.586206896551724,0.18666666666666668,10.172413793103448,0.14285714285714285,13.241379310344827,0.7142857142857143
dc_cc1e6f846f5c,CoreSite - Miami (MI1),FL,25.79739,-80.22987,3.6551724137931036,0.18666666666666668,10.793103448275861,0.14285714285714285,13.89655172413793,0.7285714285714285
dc_5127aa265ade,CyrusOne NVA5,VA,39.024356,-77.4341,2.3793103448275863,0.17333333333333334,20.103448275862068,0.38571428571428573,95.27586206896552,1.1857142857142857
dc_7829f587ad00,Microsoft,IA,41.54045,-93.82609,3.9310344827586206,0.4266666666666667,38.55172413793103,0.9714285714285714,38.58620689655172,2.5142857142857142
dc_a16fdadb09e8,Facebook Altoona Data Center 1,IA,41.6642482,-93.5147581,3.793103448275862,0.49333333333333335,37.41379310344828,1.2714285714285714,38.6551724137931,2.4
dc_ce7c1d42d89e,Facebook Altoona Data Center 2,IA,41.6655118,-93.5082089,3.7586206896551726,0.48,38.03448275862069,1.2142857142857142,39.48275862068966,2.4285714285714284
dc_fdae777cf363,Virginia Information Technologies Agency,VA,37.3607028,-77.3318065,1.6206896551724137,0.25333333333333335,11.379310344827585,0.17142857142857143,35.44827586206897,0.1
dc_3804fbe962f8,Lumen Technologies,CA,33.716985,-117.807298,0.41379310344827586,0.04,0.4482758620689655,0.014285714285714285,1.4827586206896552,0.2
dc_87fe0ed9bf1c,Lumen,WA,47.6542257,-117.4200007,0.27586206896551724,0.02666666666666667,1.5517241379310345,0.07142857142857142,3.310344827586207,0.1
dc_fe7cb3e8830f,,WI,43.0672971,-89.436704,2.0,0.44,16.24137931034483,0.6,17.517241379310345,1.2
dc_1674d44d30cc,Equinix CU2,VA,38.4548439,-77.9781318,1.4827586206896552,0.18666666666666668,7.896551724137931,0.15714285714285714,39.241379310344826,0.34285714285714286
dc_f8d214368884,DataPipe Silicon Valley One,CA,37.3336326,-121.8879639,0.1724137931034483,0.02666666666666667,1.6551724137931034,0.0,0.3448275862068966,0.014285714285714285
dc_042da0f1f99d,CoreSite Secaucus Campus,NJ,40.7841733,-74.0655505,0.6551724137931034,0.09333333333333334,13.0,0.14285714285714285,52.6551724137931,0.7285714285714285
dc_01f485c24f90,Evocative Secaucus,NJ,40.787552,-74.0680502,0.6551724137931034,0.09333333333333334,12.89655172413793,0.14285714285714285,52.37931034482759,0.7285714285714285
dc_f2511fb5508c,BT Radianz: 492 River Road,NJ,40.8214542,-74.1341867,0.6206896551724138,0.08,12.724137931034482,0.15714285714285714,53.275862068965516,0.7142857142857143
dc_f9e6c86b33a9,Time Warner Datacenter,CO,39.5989606,-104.8603785,2.5517241379310347,0.2,50.03448275862069,1.5,8.413793103448276,0.38571428571428573
dc_3afce9f03886,Time Warner Datacenter,CO,39.5999328,-104.86017,2.5517241379310347,0.2,50.03448275862069,1.5,8.413793103448276,0.38571428571428573
dc_97311ae7d1ad,CyrusOne Austin Data Center III,TX,30.2070062,-97.7011317,1.6206896551724137,0.29333333333333333,20.75862068965517,1.5714285714285714,11.448275862068966,0.8142857142857143
dc_7db3bba7c9ec,Apollo Cable Landing Station,NJ,40.1570435,-74.101582,0.5517241379310345,0.09333333333333334,4.310344827586207,0.014285714285714285,21.24137931034483,0.45714285714285713
dc_96450fb1f38e,Cable & Wireless Cable Landing Station,NY,40.8436519,-72.8833757,0.6551724137931034,0.02666666666666667,2.6551724137931036,0.02857142857142857,8.482758620689655,0.15714285714285714
dc_e4baea386a94,Equinix Ashburn DC10,VA,39.0210047,-77.4514888,2.2758620689655173,0.17333333333333334,19.896551724137932,0.38571428571428573,92.89655172413794,1.0857142857142856
dc_d92a5dd0e5f6,Amazon Web Services Datacenter Complex,VA,39.0270811,-77.4526315,2.310344827586207,0.17333333333333334,19.75862068965517,0.38571428571428573,92.72413793103448,1.0857142857142856
dc_1ef09805fae1,Amazon Web Services,VA,39.0288072,-77.4588379,2.310344827586207,0.17333333333333334,19.24137931034483,0.38571428571428573,91.17241379310344,1.0714285714285714
dc_9351a2fe0177,Amazon IAD-61,VA,38.9158051,-77.4919869,2.103448275862069,0.2,18.06896551724138,0.4,86.82758620689656,1.2714285714285714
dc_a1ec41fa9483,Amazon IAD58,VA,38.9865152,-77.4422565,2.2413793103448274,0.16,19.75862068965517,0.4142857142857143,95.37931034482759,1.2571428571428571
dc_df61119311e7,Amazon IAD51,VA,38.9914123,-77.4365107,2.2413793103448274,0.17333333333333334,19.896551724137932,0.4142857142857143,96.0,1.2142857142857142
dc_dd2e714c19e0,Amazon IAD56,VA,38.988341,-77.438008,2.2413793103448274,0.17333333333333334,19.82758620689655,0.4142857142857143,95.89655172413794,1.2428571428571429
dc_c20b2302aff2,Amazon IAD16,VA,38.9906864,-77.4488397,2.1379310344827585,0.16,19.75862068965517,0.4142857142857143,94.72413793103448,1.2571428571428571
dc_dee61d200c43,Amazon IAD15,VA,38.991708,-77.4485641,2.206896551724138,0.16,19.79310344827586,0.4142857142857143,94.86206896551724,1.2571428571428571
dc_ab293c583bc3,Amazon IAD14,VA,38.7898846,-77.5482287,2.0344827586206895,0.24,15.793103448275861,0.32857142857142857,68.10344827586206,0.9142857142857143
dc_71354fe4b02d,Amazon IAD59,VA,38.7921874,-77.5484673,2.0,0.24,15.793103448275861,0.3142857142857143,68.27586206896552,0.9142857142857143
dc_c4a43ff19d8c,Amazon IAD52,VA,38.7911185,-77.5483863,2.0,0.24,15.758620689655173,0.3142857142857143,68.20689655172414,0.9142857142857143
dc_af33dfbf5532,Amazon Web Services Datacenter Complex,OH,40.0937454,-82.7518317,1.4827586206896552,0.22666666666666666,14.517241379310345,0.21428571428571427,32.758620689655174,0.4857142857142857
dc_2f2def1e8828,Amazon AWS: Hilliard Data Center,OH,40.0598657,-83.1342839,1.4827586206896552,0.25333333333333335,13.724137931034482,0.17142857142857143,29.517241379310345,0.44285714285714284
dc_bd0c4df6edc8,Amazon Web Services,OR,45.9158356,-119.2663235,0.13793103448275862,0.013333333333333334,0.6896551724137931,0.04285714285714286,2.5517241379310347,0.12857142857142856
dc_8b5c9190f762,Amazon Web Services,OR,45.8410032,-119.6527688,0.10344827586206896,0.0,0.5862068965517241,0.02857142857142857,1.896551724137931,0.11428571428571428
dc_c3cd81b92a8d,Amazon Web Services,OR,45.8522387,-119.6299007,0.10344827586206896,0.0,0.5517241379310345,0.02857142857142857,1.896551724137931,0.11428571428571428
dc_ee2be26aa83a,Amazon Web Services,OR,45.8532,-119.64677,0.10344827586206896,0.0,0.6551724137931034,0.02857142857142857,1.9310344827586208,0.11428571428571428
dc_b8308dcc18bb,Equinix San Jose SV3,CA,37.388274,-121.8884463,0.13793103448275862,0.02666666666666667,1.5517241379310345,0.0,0.3103448275862069,0.014285714285714285
dc_6bb9d780dce7,365 Main Street Data Center,CA,37.788616,-122.390816,0.10344827586206896,0.0,1.896551724137931,0.0,0.6551724137931034,0.05714285714285714
dc_fa3d9251f7ad,Meta,NC,35.3142602,-81.8220553,1.5172413793103448,0.18666666666666668,17.137931034482758,0.2714285714285714,32.3448275862069,0.32857142857142857
dc_1aaac235c2f7,Meta,NC,35.31738,-81.82625,1.5517241379310345,0.18666666666666668,17.103448275862068,0.2714285714285714,32.44827586206897,0.32857142857142857
dc_b957334fcb5a,,CA,37.4039641,-121.8892308,0.13793103448275862,0.02666666666666667,1.3793103448275863,0.0,0.3103448275862069,0.014285714285714285
dc_68281ce20aef,Csquare SFO1,CA,37.37045,-121.9698252,0.1724137931034483,0.02666666666666667,1.6551724137931034,0.0,0.3103448275862069,0.014285714285714285
dc_973ebac1cb09,,CA,37.3717787,-121.9725052,0.1724137931034483,0.02666666666666667,1.6551724137931034,0.0,0.3103448275862069,0.014285714285714285
dc_13bf0cfc3848,Intergate Columbia B,WA,47.407164,-120.1875239,0.06896551724137931,0.0,0.3103448275862069,0.0,0.5862068965517241,0.014285714285714285
dc_5c8f14e5f3fc,Intergate Columbia A,WA,47.4086205,-120.1893981,0.06896551724137931,0.0,0.3103448275862069,0.0,0.5862068965517241,0.014285714285714285
dc_2418d90f9371,Intergate Columbia,WA,47.40758,-120.19158,0.06896551724137931,0.0,0.3103448275862069,0.0,0.5862068965517241,0.014285714285714285
dc_82d5bf536c6b,QTS Ashburn-Moran,VA,38.9942215,-77.4482013,2.206896551724138,0.16,19.75862068965517,0.4,94.89655172413794,1.2571428571428571
dc_2a3cef084baa,Centersquare IAD4-A,VA,39.0217816,-77.4527978,2.2758620689655173,0.17333333333333334,19.896551724137932,0.38571428571428573,92.82758620689656,1.0857142857142856
dc_76d8a96e6398,AWS Building E,VA,39.0050516,-77.4856124,2.1379310344827585,0.17333333333333334,18.517241379310345,0.38571428571428573,88.55172413793103,1.1
dc_783ed530397e,Digital Realty New Jersey EWR20,NJ,40.8299279,-74.1267496,0.6551724137931034,0.08,12.89655172413793,0.15714285714285714,53.48275862068966,0.7142857142857143
dc_4fe04b8d0451,CyrusOne Somerset,NJ,40.5379623,-74.5457225,0.8620689655172413,0.18666666666666668,10.344827586206897,0.014285714285714285,50.89655172413793,0.4857142857142857
dc_f56907de3951,BNY Mellon Somerset,NJ,40.535869,-74.5534315,0.896551724137931,0.18666666666666668,10.310344827586206,0.014285714285714285,51.0,0.4857142857142857
dc_afac4d785392,,NJ,40.5375265,-74.5555236,0.896551724137931,0.18666666666666668,10.275862068965518,0.014285714285714285,50.6551724137931,0.4857142857142857
dc_b095480b552f,Digital Realty New Jersey EWR21,NJ,40.832497,-74.123887,0.6551724137931034,0.08,12.862068965517242,0.15714285714285714,53.55172413793103,0.7142857142857143
dc_fd571f509631,,CA,34.199321,-118.343534,0.20689655172413793,0.05333333333333334,0.5172413793103449,0.0,0.7241379310344828,0.07142857142857142
dc_085fa1c6cd48,Amazon IAD78,VA,39.0263681,-77.4495202,2.3448275862068964,0.17333333333333334,19.896551724137932,0.38571428571428573,93.20689655172414,1.0857142857142856
dc_f76653816c0f,Amazon IAD79,VA,39.0263574,-77.4508704,2.2758620689655173,0.17333333333333334,19.896551724137932,0.38571428571428573,92.89655172413794,1.0857142857142856
dc_f5f99e41c7eb,,NV,39.56711,-119.5485335,0.3103448275862069,0.0,1.0344827586206897,0.014285714285714285,1.6551724137931034,0.14285714285714285
dc_e47b672ce4ff,Kaiser Data Center,CA,38.254065,-122.2730918,0.20689655172413793,0.0,0.7931034482758621,0.0,0.034482758620689655,0.0
dc_89f803745a9e,Lumen Dallas - 3180 Irving Blvd.,TX,32.8069549,-96.8685888,2.9310344827586206,0.6133333333333333,52.689655172413794,3.942857142857143,31.586206896551722,1.8
dc_663e3aabdd3a,Prime DFW01-01,TX,32.8379581,-96.8784007,3.0689655172413794,0.6133333333333333,54.793103448275865,4.257142857142857,32.41379310344828,1.7857142857142858
dc_2f2fa36dd479,Lumen Dallas 6,TX,32.827998,-96.8843787,3.103448275862069,0.6133333333333333,55.275862068965516,4.257142857142857,32.758620689655174,1.8
dc_c7388ffdcf0a,Digital Realty DFW36,TX,32.8275499,-96.8737498,3.0344827586206895,0.6133333333333333,54.13793103448276,4.128571428571429,32.06896551724138,1.7857142857142858
dc_2488b59ec2e1,DataBank Dallas Empire Central Data Center,TX,32.8217503,-96.873553,3.0344827586206895,0.6133333333333333,54.206896551724135,4.057142857142857,32.41379310344828,1.8142857142857143
dc_a3670fa43098,TierPoint Dallas Data Center,TX,32.8079818,-96.8573889,2.896551724137931,0.6133333333333333,52.793103448275865,3.9,31.517241379310345,1.8
dc_daf9220540a9,Amazon IAD87,VA,38.9918083,-77.441172,2.1724137931034484,0.16,19.862068965517242,0.4142857142857143,95.34482758620689,1.2428571428571429
dc_cfa3a5031c6d,Amazon IAD88,VA,38.9909679,-77.4418679,2.1724137931034484,0.16,19.82758620689655,0.4142857142857143,95.44827586206897,1.2428571428571429
dc_021211d2ad4e,Verizon,CO,39.589248,-104.877933,2.413793103448276,0.2,49.89655172413793,1.4857142857142858,8.068965517241379,0.38571428571428573
dc_3a8551ffe989,Stream Data Centers PHX-1,AZ,33.4195,-112.36,0.1724137931034483,0.04,2.5172413793103448,0.02857142857142857,18.689655172413794,1.2142857142857142
dc_a610d284990f,Live Oak Data Center,TX,32.7837489,-96.7946364,2.6206896551724137,0.5733333333333334,45.55172413793103,3.642857142857143,28.82758620689655,1.6142857142857143
dc_2309affb2b7b,Stack Infrastructure - POR01,OR,45.5493273,-122.9278183,0.6206896551724138,0.02666666666666667,0.3793103448275862,0.0,0.8275862068965517,0.014285714285714285
dc_c72d4cbdd423,Flexential Portland - Hillsboro 2,OR,45.558302,-122.9171647,0.7241379310344828,0.02666666666666667,0.3793103448275862,0.0,0.8275862068965517,0.014285714285714285
dc_34120cb9bfb9,NYSE Data Center,NJ,41.0783165,-74.152912,0.3448275862068966,0.08,10.586206896551724,0.11428571428571428,42.37931034482759,0.5571428571428572
dc_765868de3ac6,AT&T,CA,34.5799784,-118.1140073,0.20689655172413793,0.0,0.2413793103448276,0.0,0.9655172413793104,0.07142857142857142
dc_374ef12de243,,CO,38.8026713,-104.5219809,0.9655172413793104,0.09333333333333334,48.37931034482759,1.6142857142857143,3.6206896551724137,0.2714285714285714
dc_f17c4c877a75,Siemens EDA - HDC / Data Center,OR,45.3187166,-122.7658797,0.5172413793103449,0.02666666666666667,0.4482758620689655,0.0,0.7931034482758621,0.02857142857142857
dc_4dcce2e3f5c2,Aligned  DFW-01,TX,33.0093142,-96.6765617,2.2413793103448274,0.5066666666666667,41.44827586206897,2.9571428571428573,25.655172413793103,1.3571428571428572
dc_dd893891f25e,Tierpoint Dallas-Allen,TX,33.13874,-96.66024,1.8620689655172413,0.4666666666666667,37.3448275862069,2.4571428571428573,21.310344827586206,1.2
dc_d6dfe2b4b690,,TX,30.0187,-95.8637474,1.4137931034482758,0.29333333333333333,8.793103448275861,0.34285714285714286,7.586206896551724,0.32857142857142857
dc_65de9231db68,Amazon IAD73,VA,38.7779795,-77.5590992,2.0344827586206895,0.25333333333333335,15.620689655172415,0.32857142857142857,65.86206896551724,0.9
dc_3d7a9b4bc895,Amazon IAD74,VA,38.7774374,-77.5578909,2.0344827586206895,0.25333333333333335,15.620689655172415,0.32857142857142857,66.10344827586206,0.9142857142857143
dc_98252a80dd0a,H5 Data Center,OH,41.5063555,-81.683589,0.896551724137931,0.14666666666666667,15.10344827586207,0.2,29.310344827586206,0.9285714285714286
dc_daf3c5ec6554,TPx Colocation Datacenter,CA,33.7075065,-117.8441042,0.4482758620689655,0.04,0.4482758620689655,0.014285714285714285,1.4482758620689655,0.2
dc_a8e6550e1c77,Cologix Jacksonville JAX1,FL,30.3314298,-81.6624257,1.8275862068965518,0.14666666666666667,13.206896551724139,0.15714285714285714,33.827586206896555,0.32857142857142857
dc_8eb7845dad34,Microsoft,WA,47.2394872,-119.88741,0.10344827586206896,0.0,0.1724137931034483,0.0,0.2413793103448276,0.0
dc_913e6e43e473,,WA,47.2385929,-119.864537,0.10344827586206896,0.0,0.13793103448275862,0.0,0.27586206896551724,0.0
dc_9f5bae7df94d,,WA,47.2475452,-119.8255073,0.06896551724137931,0.0,0.1724137931034483,0.0,0.2413793103448276,0.0
dc_971c8fad8ba8,Facebook Fort Worth Datacenter,TX,32.9837829,-97.259335,3.103448275862069,0.52,56.55172413793103,3.9571428571428573,33.89655172413793,2.242857142857143
dc_b1a8f1928f7c,Data Center Lenexa,KS,38.9247,-94.7704,1.9655172413793103,0.49333333333333335,52.03448275862069,1.9428571428571428,43.89655172413793,2.857142857142857
dc_86ba61e0a58f,CITIGROUP TECHNOLOGY INC,TX,33.0064,-97.2452,2.9310344827586206,0.52,54.96551724137931,3.8285714285714287,32.44827586206897,2.1
dc_9499ddcbe5f4,QTS Data Center,TX,32.9889133,-97.2592738,3.0344827586206895,0.52,56.3448275862069,3.914285714285714,33.55172413793103,2.1857142857142855
dc_d4b6d917cc3b,Lowe's Data Center,TX,29.4730082,-98.6895043,1.2413793103448276,0.22666666666666666,18.24137931034483,1.4142857142857144,7.344827586206897,0.7428571428571429
dc_ce1390890e70,,TX,29.4703276,-98.6861914,1.2413793103448276,0.22666666666666666,18.24137931034483,1.4142857142857144,7.413793103448276,0.7714285714285715
dc_d20b0b46a331,,TX,29.4702125,-98.6876674,1.2413793103448276,0.22666666666666666,18.20689655172414,1.4142857142857144,7.344827586206897,0.7571428571428571
dc_e5a14b588180,CyrusOne San Antonio I,TX,29.4666098,-98.6880869,1.2758620689655173,0.24,18.137931034482758,1.4142857142857144,7.344827586206897,0.7571428571428571
dc_1290cd43e2a4,Valero Wiserman,TX,29.4742368,-98.6800789,1.206896551724138,0.22666666666666666,18.344827586206897,1.4,7.482758620689655,0.7714285714285715
dc_96e798de1923,Stream San Antonio II,TX,29.472003,-98.6717199,1.206896551724138,0.22666666666666666,18.310344827586206,1.4,7.586206896551724,0.7714285714285715
dc_73c1808d41a7,CyrusOne San Antonio II,TX,29.4708878,-98.6730474,1.206896551724138,0.22666666666666666,18.344827586206897,1.4,7.551724137931035,0.7714285714285715
dc_a3ef9d3df723,CyrusOne San Antonio III,TX,29.4700573,-98.6721062,1.206896551724138,0.24,18.344827586206897,1.4,7.586206896551724,0.7714285714285715
dc_545444cd2c47,Spectrum Charlotte National Data Center,NC,35.1428083,-80.9162228,1.2758620689655173,0.22666666666666666,18.79310344827586,0.4857142857142857,34.13793103448276,0.4
dc_5a2443390108,Apple,OR,44.2894,-120.8709,0.034482758620689655,0.0,2.8620689655172415,0.014285714285714285,0.5172413793103449,0.014285714285714285
dc_fca78ca8bfb8,Google Data Center,AZ,33.3541387,-111.6764271,0.3103448275862069,0.05333333333333334,3.103448275862069,0.04285714285714286,24.03448275862069,1.457142857142857
dc_85d3abd0eef7,Cyxtera Tampa TP1,FL,27.9455,-82.3507,3.0344827586206895,0.38666666666666666,9.793103448275861,0.11428571428571428,13.89655172413793,0.2857142857142857
dc_bfc0dc91e53d,DC Blox Chattanooga,TN,35.0315499,-85.2972523,2.1724137931034484,0.37333333333333335,12.793103448275861,0.15714285714285714,37.172413793103445,0.45714285714285713
dc_71df8167e3fe,QTS Irving - Dallas Data Center Campus,TX,32.8972479,-96.9826475,3.310344827586207,0.68,62.96551724137931,5.057142857142857,39.172413793103445,2.2142857142857144
dc_562f41628d8f,Centersquare Lisle ORD4 Data Center,IL,41.8023406,-88.0948856,3.7586206896551726,0.49333333333333335,36.758620689655174,0.6142857142857143,69.48275862068965,4.071428571428571
dc_aabc1a713f0b,GoDaddy - Gilbert,AZ,33.3619309,-111.8392899,0.3448275862068966,0.05333333333333334,3.7241379310344827,0.04285714285714286,28.862068965517242,1.7714285714285714
dc_d097e7925fc8,AT&T Center,CA,32.7476543,-117.1589538,0.20689655172413793,0.0,0.2413793103448276,0.0,1.0689655172413792,0.0
dc_0882af2abe6a,,TN,36.1405001,-86.7641364,3.5517241379310347,0.4666666666666667,20.0,0.44285714285714284,63.6551724137931,1.1285714285714286
dc_56d92a649558,CenturyLink,GA,33.7651394,-84.3837393,2.0,0.44,29.0,0.45714285714285713,42.206896551724135,0.4
dc_02fde467d5ca,,WY,41.124033,-104.8985886,1.2758620689655173,0.08,21.896551724137932,0.8857142857142857,4.482758620689655,0.3
dc_d637d15aba22,,WY,41.1240368,-104.8991021,1.2758620689655173,0.08,21.896551724137932,0.8857142857142857,4.482758620689655,0.3
dc_42f487aa6732,,WY,41.125284,-104.899022,1.2758620689655173,0.08,21.896551724137932,0.8714285714285714,4.482758620689655,0.3
dc_7668d76b7f88,,WY,41.12515,-104.89835,1.2758620689655173,0.08,21.896551724137932,0.8857142857142857,4.482758620689655,0.3
dc_a4961042eb4e,Expedient Pittsburgh South,PA,40.427371,-80.0425212,1.2413793103448276,0.17333333333333334,20.275862068965516,0.22857142857142856,67.13793103448276,0.7285714285714285
dc_7f37dc601968,Centersquare: Phoenix - (PHX1 - Mesa),AZ,33.4212542,-111.8590191,0.3793103448275862,0.06666666666666667,3.9310344827586206,0.04285714285714286,29.620689655172413,1.9
dc_c5410ccfaab6,,TX,29.9951976,-95.5633335,2.310344827586207,0.38666666666666666,16.20689655172414,0.5142857142857142,17.310344827586206,0.4714285714285714
dc_a732fbbc8530,,TX,29.9973349,-95.5640398,2.310344827586207,0.37333333333333335,16.24137931034483,0.5142857142857142,17.20689655172414,0.4714285714285714
dc_c192d1a8a58f,Liquid Web,MI,42.6879527,-84.6430423,0.8275862068965517,0.37333333333333335,4.862068965517241,0.15714285714285714,12.0,0.42857142857142855
dc_9886b7475b36,Amazon IAD63,VA,38.9168847,-77.4932514,2.103448275862069,0.2,18.06896551724138,0.4,86.6896551724138,1.2571428571428571
dc_cee882b53bd3,"Liquid Web, Inc",MI,42.705492,-84.666604,0.7931034482758621,0.3466666666666667,4.689655172413793,0.15714285714285714,12.068965517241379,0.42857142857142855
dc_83eddcd908a9,Amazon IAD62,VA,38.9493217,-77.5198747,2.0,0.2,17.06896551724138,0.37142857142857144,84.13793103448276,1.0714285714285714
dc_e694b11642aa,,GA,34.0707004,-84.6759032,1.6206896551724137,0.48,24.06896551724138,0.4714285714285714,32.827586206896555,0.2714285714285714
dc_c27350073d52,ADP South Dakota,SD,43.5999139,-96.7947573,1.9655172413793103,0.37333333333333335,24.689655172413794,0.6714285714285714,15.931034482758621,1.6714285714285715
dc_d0069abf7d58,TJX Corporate Techno,OH,40.1038888,-82.8106146,1.4482758620689655,0.26666666666666666,14.724137931034482,0.22857142857142856,32.0,0.4714285714285714
dc_47cb11fb436c,Compugen New Albany,OH,40.1045986,-82.8049123,1.4827586206896552,0.26666666666666666,14.724137931034482,0.22857142857142856,32.10344827586207,0.4714285714285714
dc_f011d85ef1f9,Compugen New Albany,OH,40.1037135,-82.8089026,1.4482758620689655,0.26666666666666666,14.724137931034482,0.22857142857142856,32.0,0.4714285714285714
dc_14a17660785d,Flexential Dallas - Richardson,TX,32.9948122,-96.7524974,2.3448275862068964,0.52,45.724137931034484,3.3857142857142857,27.551724137931036,1.5857142857142856
dc_86ea4c3bc7df,Experian McKinney Data Center,TX,33.1717958,-96.725505,1.9655172413793103,0.49333333333333335,40.3448275862069,2.742857142857143,23.103448275862068,1.3285714285714285
dc_9004be7e046a,Digital Fortress: Richmond,VA,37.3600608,-77.327038,1.6206896551724137,0.25333333333333335,11.379310344827585,0.17142857142857143,35.41379310344828,0.1
dc_e0c9ea4740c6,DataCenter.BZ - Worthington-Columbus,OH,40.1157427,-83.0025794,1.5172413793103448,0.26666666666666666,13.206896551724139,0.2,29.0,0.42857142857142855
dc_9fc2a0ec8776,Stack Infrastructure,CA,37.4025598,-121.893391,0.13793103448275862,0.02666666666666667,1.4137931034482758,0.0,0.3103448275862069,0.014285714285714285
dc_99361789c568,Stack Infrastructure,CA,37.4022,-121.8924,0.13793103448275862,0.02666666666666667,1.4137931034482758,0.0,0.3103448275862069,0.014285714285714285
dc_cf02216bd8e1,Carfax,MO,38.9235166,-92.2886061,0.7931034482758621,0.2,19.17241379310345,0.5714285714285714,13.551724137931034,0.5142857142857142
dc_2a18edd9d2aa,Facebook Altoona Data Center 3,IA,41.6670521,-93.5065646,3.793103448275862,0.48,38.310344827586206,1.2571428571428571,39.51724137931034,2.4285714285714284
dc_39191f37a067,Amazon IAD71,VA,39.0279064,-77.4574998,2.2758620689655173,0.17333333333333334,19.448275862068964,0.38571428571428573,92.17241379310344,1.0857142857142856
dc_1bea2a6b9476,Amazon IAD50,VA,39.0295615,-77.4596546,2.310344827586207,0.17333333333333334,19.24137931034483,0.38571428571428573,90.93103448275862,1.0857142857142856
dc_0f68bcad00f6,Amazon IAD60,VA,39.0287737,-77.4582461,2.310344827586207,0.17333333333333334,19.24137931034483,0.38571428571428573,91.48275862068965,1.0857142857142856
dc_4c5da4f27c7f,Amazon Web Services,TX,32.8504831,-97.0702974,3.0344827586206895,0.6,59.37931034482759,4.414285714285715,35.827586206896555,2.057142857142857
dc_0d1d0eeeddb7,Amazon Web Services  CMH50,OH,40.0946297,-82.7513394,1.4827586206896552,0.22666666666666666,14.482758620689655,0.21428571428571427,32.758620689655174,0.4857142857142857
dc_b3c53f7424cf,,IN,39.185856,-85.8870717,1.2758620689655173,0.37333333333333335,8.413793103448276,0.15714285714285714,19.448275862068964,0.6714285714285714
dc_b016da3f5d99,Thin-nology,TX,30.4211412,-97.591603,1.7586206896551724,0.37333333333333335,21.379310344827587,1.7,10.10344827586207,0.6571428571428571
dc_b28695cd9ccc,CyrusOne Norwalk,CT,41.1132,-73.3886,0.4482758620689655,0.04,5.689655172413793,0.014285714285714285,26.862068965517242,0.5714285714285714
dc_07793c6ceca0,Data Foundry - Texas 2,TX,30.197766,-97.713012,1.6896551724137931,0.30666666666666664,20.689655172413794,1.5571428571428572,11.551724137931034,0.8857142857142857
dc_f962646a287f,Meta Los Lunas Data Center,NM,34.829831,-106.77852,0.2413793103448276,0.013333333333333334,3.6206896551724137,0.04285714285714286,3.586206896551724,0.07142857142857142
dc_e521fcdace02,Google Datacenter - Douglas County,GA,33.7504467,-84.5856816,1.793103448275862,0.4666666666666667,28.24137931034483,0.44285714285714284,41.55172413793103,0.4
dc_52dd223d9f13,Google,IA,41.2219559,-95.8642852,2.4482758620689653,0.41333333333333333,30.448275862068964,1.5285714285714285,23.482758620689655,1.9
dc_855db3db7730,Microsoft - Azure Datacenter,IL,41.9229565,-87.9182633,2.6551724137931036,0.3333333333333333,33.13793103448276,0.4714285714285714,61.6551724137931,3.757142857142857
dc_c48845706377,Cloud Storage Corp,KS,38.8721322,-99.3001874,3.0,0.41333333333333333,29.896551724137932,1.1428571428571428,16.82758620689655,2.0285714285714285
dc_99f8820a08a4,Switch Las Vegas 8,NV,36.057834,-115.214258,0.06896551724137931,0.0,1.896551724137931,0.014285714285714285,4.068965517241379,0.15714285714285714
dc_d8d14da2c80f,Switch Las Vegas 9,NV,36.0557074,-115.2196277,0.034482758620689655,0.0,1.896551724137931,0.014285714285714285,3.9655172413793105,0.15714285714285714
dc_5acd35df9012,,TX,29.8215755,-95.5708004,2.9655172413793105,0.4,17.586206896551722,0.5285714285714286,18.82758620689655,0.5857142857142857
dc_1691e39922f2,Information Technology Data Center,NH,42.9820886,-70.9505947,0.10344827586206896,0.14666666666666667,9.586206896551724,0.11428571428571428,15.620689655172415,0.21428571428571427
dc_37283499bff1,Digital Fortress Lynnwood,WA,47.8224039,-122.2896138,0.06896551724137931,0.02666666666666667,0.13793103448275862,0.0,0.06896551724137931,0.014285714285714285
dc_31ed378ec23d,,TX,33.1378233,-96.6559411,1.8620689655172413,0.4666666666666667,37.241379310344826,2.4571428571428573,21.17241379310345,1.1857142857142857
dc_337852dc4642,CyrusOne Allen,TX,33.1385206,-96.6599516,1.8620689655172413,0.4666666666666667,37.310344827586206,2.4571428571428573,21.310344827586206,1.2
dc_0e8ad449fd73,Amazon Web Services,OR,45.8404436,-119.6549794,0.10344827586206896,0.0,0.5862068965517241,0.02857142857142857,1.896551724137931,0.11428571428571428
dc_7d9a53314d14,Amazon Web Services,OR,45.9174478,-119.2677339,0.13793103448275862,0.013333333333333334,0.6896551724137931,0.04285714285714286,2.586206896551724,0.12857142857142856
dc_2735a8cdb5c5,DataBank SLC3,UT,40.4797937,-111.9059228,0.2413793103448276,0.02666666666666667,3.0,0.0,11.172413793103448,0.6142857142857143
dc_d75a55f76a00,Amazon IAD80,VA,39.0271087,-77.4528289,2.310344827586207,0.17333333333333334,19.75862068965517,0.38571428571428573,92.72413793103448,1.0857142857142856
dc_b0894a6e8d78,Equinix Ashburn DC12,VA,39.0230155,-77.4497875,2.310344827586207,0.17333333333333334,19.93103448275862,0.38571428571428573,93.03448275862068,1.0857142857142856
dc_ccd80465a580,Stream DFW IV,TX,33.0001441,-96.6616465,2.206896551724138,0.5066666666666667,40.3448275862069,2.9,25.275862068965516,1.3714285714285714
dc_b5e19f1a3ea5,Rackspace Richardson DFW3,TX,32.9647813,-96.7158554,2.2758620689655173,0.5466666666666666,43.3448275862069,3.3142857142857145,27.06896551724138,1.5857142857142856
dc_7bec7a33a3ec,Digital Realty Dallas DFW17,TX,32.966739,-96.714402,2.2758620689655173,0.5333333333333333,43.55172413793103,3.3142857142857145,27.344827586206897,1.5571428571428572
dc_6a37107362a1,Digital Realty Dallas DFW29,TX,32.96725,-96.71155,2.2758620689655173,0.5333333333333333,43.55172413793103,3.257142857142857,27.275862068965516,1.457142857142857
dc_ab141916e295,DataBank Dallas (DFW2),TX,32.96739,-96.71364,2.2758620689655173,0.5333333333333333,43.55172413793103,3.257142857142857,27.275862068965516,1.457142857142857
dc_833370eeca59,Digital Realty Dallas DFW28,TX,32.9673,-96.7141,2.2758620689655173,0.5333333333333333,43.55172413793103,3.3,27.344827586206897,1.5571428571428572
dc_1f6063348ac4,Digital Realty Dallas DFW35,TX,32.964263,-96.710598,2.2758620689655173,0.5333333333333333,43.13793103448276,3.242857142857143,26.93103448275862,1.4714285714285715
dc_cd26fe372499,Digital Realty Dallas DFW18,TX,32.96526,-96.71261,2.2413793103448274,0.5333333333333333,43.241379310344826,3.3,26.896551724137932,1.5571428571428572
dc_4e931334ea09,Digital Realty Dallas DFW16,TX,32.9660428,-96.715592,2.2413793103448274,0.5333333333333333,43.310344827586206,3.3,27.03448275862069,1.5714285714285714
dc_086d8706935f,Digital Realty Northern Virginia IAD36,VA,39.0015493,-77.4793749,2.206896551724138,0.17333333333333334,18.862068965517242,0.38571428571428573,90.03448275862068,1.1428571428571428
dc_ea0f41d7fc65,Digital Realty Northern Virginia IAD35,VA,39.0005331,-77.4805775,2.206896551724138,0.17333333333333334,18.862068965517242,0.38571428571428573,90.06896551724138,1.1428571428571428
dc_1ee8b3394320,Digital Realty Northern Virginia IAD37,VA,39.000032,-77.4780146,2.206896551724138,0.17333333333333334,18.862068965517242,0.38571428571428573,90.06896551724138,1.1428571428571428
dc_340e8292278e,Digital Realty Northern Virginia IAD38,VA,39.0010841,-77.4772014,2.206896551724138,0.17333333333333334,18.82758620689655,0.38571428571428573,90.0,1.1428571428571428
dc_4e2bc52efbde,State Farm Data Center,KS,38.9401343,-94.8676823,1.7241379310344827,0.49333333333333335,48.03448275862069,1.7142857142857142,42.241379310344826,2.8142857142857145
dc_74567a4bd1f1,U.S. Bank National Data Process Center,KS,38.935867,-94.864333,1.6896551724137931,0.48,47.93103448275862,1.7,42.172413793103445,2.842857142857143
dc_0912ba349988,Equinix SV10,CA,37.2412288,-121.7847536,0.3793103448275862,0.02666666666666667,1.8620689655172413,0.0,0.3448275862068966,0.02857142857142857
dc_cf6c58c618b0,,NJ,39.8309301,-75.1953233,1.0689655172413792,0.24,12.862068965517242,0.1,75.27586206896552,0.8428571428571429
dc_893226092cbf,,NE,41.2204018,-96.1476408,2.6206896551724137,0.3466666666666667,35.37931034482759,1.8571428571428572,28.379310344827587,2.4857142857142858
dc_5ee3b5325f08,HostDime Orlando Data Center,FL,28.6174494,-81.3934606,1.6551724137931034,0.29333333333333333,15.413793103448276,0.3142857142857143,15.03448275862069,0.3142857142857143
dc_0ef64a43e0fb,Google,SC,33.0642722,-80.0414534,1.9310344827586208,0.08,22.17241379310345,0.18571428571428572,34.827586206896555,0.44285714285714284
dc_81f85512b730,TierPoint Baltimore BWI,MD,39.213455,-76.682834,2.0,0.13333333333333333,13.482758620689655,0.2,67.06896551724138,1.0142857142857142
dc_9ff573d8cbd4,NTT Ashburn VA2 Data Center,VA,39.0250127,-77.4576402,2.2758620689655173,0.17333333333333334,19.655172413793103,0.38571428571428573,92.44827586206897,1.0857142857142856
dc_1397a4d8be12,Strata Networks,UT,40.4565951,-109.5290169,0.13793103448275862,0.0,0.6551724137931034,0.0,0.6206896551724138,0.0
dc_edfca97bd4a7,Goldman Sachs,NJ,40.57157,-74.66273,0.8275862068965517,0.18666666666666668,8.862068965517242,0.014285714285714285,48.62068965517241,0.37142857142857144
dc_94c07a192a70,Mapletree Industrial,GA,34.096708,-84.2374791,1.4137931034482758,0.37333333333333335,27.896551724137932,0.4714285714285714,37.86206896551724,0.32857142857142857
dc_ee18f261d905,Switch Las Vegas 11,NV,36.0558853,-115.2141369,0.06896551724137931,0.0,1.896551724137931,0.014285714285714285,4.068965517241379,0.15714285714285714
dc_12ade908d006,365 Bridgewater NJ,NJ,40.581484,-74.5738875,0.896551724137931,0.18666666666666668,10.172413793103448,0.014285714285714285,50.827586206896555,0.44285714285714284
dc_7dfcb0eb02f9,Google Berkeley County Data Center,SC,33.0640078,-80.0423742,1.9310344827586208,0.08,22.17241379310345,0.18571428571428572,34.86206896551724,0.44285714285714284
dc_c4e49d4ab25f,AngelTrax Data Center,AL,31.2318987,-85.455834,3.2413793103448274,0.3466666666666667,5.068965517241379,0.07142857142857142,35.03448275862069,0.5142857142857142
dc_a0f70db62abb,Meta,NM,34.8302421,-106.7838124,0.2413793103448276,0.013333333333333334,3.4827586206896552,0.04285714285714286,3.586206896551724,0.07142857142857142
dc_95f1c2f09a55,Amazon Web Services,OR,45.841373,-119.6579323,0.10344827586206896,0.0,0.5862068965517241,0.02857142857142857,1.896551724137931,0.11428571428571428
dc_4099bfe11e86,Amazon Web Services,OR,45.840659,-119.654311,0.10344827586206896,0.0,0.5862068965517241,0.02857142857142857,1.896551724137931,0.11428571428571428
dc_605d28c1cd25,Centeris SH2 Build-to-Suit,WA,47.1589163,-122.2798634,0.3103448275862069,0.013333333333333334,0.06896551724137931,0.0,0.06896551724137931,0.014285714285714285
dc_d39ed5f3b9d9,Centeris SH1 Colocation,WA,47.1608506,-122.2792463,0.3103448275862069,0.013333333333333334,0.06896551724137931,0.0,0.06896551724137931,0.014285714285714285
dc_230712d60e56,Ascent - Atlanta Data Center,GA,34.0570922,-84.273003,1.4482758620689655,0.4,27.344827586206897,0.4714285714285714,38.06896551724138,0.34285714285714286
dc_09787eeb77bc,Microsoft TRP2,TX,29.411987,-98.8039948,1.2413793103448276,0.21333333333333335,16.103448275862068,1.2571428571428571,7.551724137931035,0.6857142857142857
dc_0f59160e4785,Microsoft TRP1,TX,29.4120123,-98.8027302,1.2413793103448276,0.21333333333333335,16.103448275862068,1.2571428571428571,7.551724137931035,0.6857142857142857
dc_1dd477f34bc5,CyrusOne Quincy,WA,47.24373,-119.86897,0.10344827586206896,0.0,0.1724137931034483,0.0,0.2413793103448276,0.0
dc_f6fb22a146c3,,MO,40.1944836,-92.5812336,0.7241379310344828,0.14666666666666667,7.482758620689655,0.24285714285714285,6.827586206896552,0.24285714285714285
dc_6665f22986f2,Digital Realty ACC7,VA,39.017472,-77.4656752,2.310344827586207,0.17333333333333334,19.379310344827587,0.37142857142857144,91.65517241379311,1.1
dc_fdba30db93f1,NTT Ashburn VA3 Data Center,VA,39.017225,-77.4703718,2.2758620689655173,0.17333333333333334,19.0,0.37142857142857144,89.89655172413794,1.1142857142857143
dc_b74d4fad6802,Digital Realty ACC9,VA,39.0154331,-77.4673732,2.2758620689655173,0.17333333333333334,19.275862068965516,0.37142857142857144,91.51724137931035,1.1285714285714286
dc_e4b9d11fc296,Flexential Dallas - Plano,TX,33.006168,-96.670186,2.206896551724138,0.5066666666666667,41.10344827586207,2.914285714285714,25.413793103448278,1.3571428571428572
dc_e3b416a1407f,,NC,35.5870542,-81.2602838,2.0344827586206895,0.2,21.620689655172413,0.2714285714285714,35.6551724137931,0.5571428571428572
dc_ac648486d8b7,US Signal - OR01 Bend,OR,44.0861049,-121.2830411,0.06896551724137931,0.0,4.689655172413793,0.08571428571428572,0.5172413793103449,0.014285714285714285
dc_a07b002af4ce,Expedient Milwaukee,WI,42.8631424,-87.9778759,0.9310344827586207,0.25333333333333335,14.827586206896552,0.37142857142857144,19.413793103448278,1.0142857142857142
dc_4ff698fbffc3,Amazon Web Services,VA,38.7793815,-77.5417245,2.103448275862069,0.25333333333333335,15.758620689655173,0.32857142857142857,68.03448275862068,0.9142857142857143
dc_420b62321920,Oxford Networks,ME,43.8951573,-69.9234342,0.13793103448275862,0.013333333333333334,2.9655172413793105,0.0,7.862068965517241,0.05714285714285714
dc_048121696554,NAO 1/NAO 2,OH,40.0684176,-82.7503131,1.5517241379310345,0.22666666666666666,14.689655172413794,0.21428571428571427,32.310344827586206,0.5
dc_88e2629c4bed,NTT,TX,32.9810371,-96.6563775,2.1724137931034484,0.5066666666666667,39.724137931034484,2.9857142857142858,25.620689655172413,1.4428571428571428
dc_b5dbae714a3e,Rice Data Center,TX,29.6581451,-95.4433121,3.413793103448276,0.56,17.103448275862068,0.44285714285714284,18.517241379310345,0.4857142857142857
dc_90a6848e7223,Facebook Fort Worth Datacenter,TX,32.9849203,-97.2550451,3.0689655172413794,0.52,56.51724137931034,3.942857142857143,33.758620689655174,2.2
dc_dfc666f9c4cb,Amazon Web Services,OH,40.0611521,-83.1351729,1.4827586206896552,0.25333333333333335,13.724137931034482,0.17142857142857143,29.482758620689655,0.44285714285714284
dc_3c709b4835c3,Microsoft Boydton Data Center,VA,36.6859202,-78.3764101,0.7241379310344828,0.10666666666666667,5.275862068965517,0.18571428571428572,19.689655172413794,0.11428571428571428
dc_be3f35a6c8d6,Iron Mountain AZP-2,AZ,33.4521575,-111.9772945,0.3103448275862069,0.08,3.9310344827586206,0.04285714285714286,31.344827586206897,2.0714285714285716
dc_feaaf89fa226,Amazon IAD68,VA,38.9486869,-77.5209516,2.0344827586206895,0.2,17.03448275862069,0.37142857142857144,83.89655172413794,1.0714285714285714
dc_0c42588f498d,Amazon IAD81,VA,38.9483877,-77.5218303,2.0344827586206895,0.2,17.0,0.37142857142857144,83.79310344827586,1.0714285714285714
dc_91f5a2b35cfd,Google,VA,38.9432045,-77.5243301,2.103448275862069,0.2,17.03448275862069,0.37142857142857144,83.37931034482759,1.0714285714285714
dc_ef10904644d7,Amazon IAD120,VA,38.9579165,-77.4980579,2.0689655172413794,0.2,18.103448275862068,0.38571428571428573,87.6896551724138,1.1142857142857143
dc_1a6315f98500,Amazon IAD121,VA,38.9567768,-77.4977837,2.103448275862069,0.2,18.103448275862068,0.38571428571428573,87.51724137931035,1.0857142857142856
dc_33704ffbd31e,Microsoft,WA,47.2376618,-119.8875314,0.10344827586206896,0.0,0.13793103448275862,0.0,0.2413793103448276,0.0
dc_221b5b4e4cbe,Microsoft,WA,47.2376316,-119.8832191,0.10344827586206896,0.0,0.13793103448275862,0.0,0.2413793103448276,0.0
dc_cb7067a8f749,Microsoft,WA,47.23672,-119.88333,0.10344827586206896,0.0,0.13793103448275862,0.0,0.2413793103448276,0.0
dc_c78cab6d2736,Microsoft,WA,47.23774,-119.88743,0.10344827586206896,0.0,0.13793103448275862,0.0,0.2413793103448276,0.0
dc_f3f12ded37f2,Vantage WA12,WA,47.2539697,-119.8136985,0.06896551724137931,0.0,0.20689655172413793,0.0,0.2413793103448276,0.0
dc_05ea777c5bb7,,VA,39.0120268,-77.4715605,2.2758620689655173,0.17333333333333334,19.06896551724138,0.37142857142857144,90.89655172413794,1.1428571428571428
dc_f7f92d6bf396,QTS Ashburn 1,VA,38.9995402,-77.4498559,2.2413793103448274,0.17333333333333334,19.79310344827586,0.4,94.58620689655173,1.2285714285714286
dc_9c363afc7136,Amazon IAD57,VA,38.9869931,-77.4426325,2.2413793103448274,0.16,19.75862068965517,0.4142857142857143,95.37931034482759,1.2571428571428571
dc_ba22ed99a4e2,Amazon IAD64,VA,38.8151324,-77.6529193,1.9655172413793103,0.24,14.482758620689655,0.3142857142857143,61.10344827586207,0.7428571428571429
dc_4a132824cfec,Amazon IAD84,VA,38.8159745,-77.6525395,1.9310344827586208,0.24,14.448275862068966,0.3142857142857143,61.13793103448276,0.7428571428571429
dc_8efe4675d0f1,Amazon Web Services,OR,45.9138823,-119.2676514,0.13793103448275862,0.013333333333333334,0.6896551724137931,0.04285714285714286,2.5517241379310347,0.12857142857142856
dc_ecfbfcfe278f,Amazon Web Services,OR,45.8411742,-119.6554491,0.10344827586206896,0.0,0.5862068965517241,0.02857142857142857,1.896551724137931,0.11428571428571428
dc_5218a11a35e9,Amazon Web Services,OR,45.853786,-119.6300361,0.10344827586206896,0.0,0.5862068965517241,0.02857142857142857,1.9310344827586208,0.11428571428571428
dc_5aad22ea436a,Amazon Web Services,OR,45.8466554,-119.6037093,0.10344827586206896,0.0,0.5517241379310345,0.02857142857142857,1.8620689655172413,0.11428571428571428
dc_bbebb5bd9416,Google Taylor Lake Data Center,OR,45.6381,-121.20248,0.0,0.0,0.3103448275862069,0.0,0.27586206896551724,0.02857142857142857
dc_f8f41a355b01,Digital Realty Northern Virginia IAD73,VA,39.0066187,-77.4664074,2.2413793103448274,0.17333333333333334,19.275862068965516,0.37142857142857144,91.51724137931035,1.1428571428571428
dc_9e58a3cef4db,Digital Realty Northern Virginia IAD39,VA,39.0076143,-77.4676305,2.2413793103448274,0.17333333333333334,19.24137931034483,0.37142857142857144,91.51724137931035,1.1428571428571428
dc_cbf981ab067c,Digital Realty ACC10,VA,39.0126563,-77.4656035,2.2758620689655173,0.17333333333333334,19.275862068965516,0.37142857142857144,91.96551724137932,1.1428571428571428
dc_00512a7203c4,Sentinel Ashburn Nexus Data Center,VA,39.0006465,-77.4398077,2.2413793103448274,0.16,19.93103448275862,0.4,95.13793103448276,1.2285714285714286
dc_1abdc6f74897,Vantage VA11,VA,39.0023794,-77.4376878,2.2413793103448274,0.16,20.0,0.4,95.37931034482759,1.2285714285714286
dc_18fb4cc70d24,Amazon IAD90,VA,38.9886031,-77.4116516,2.2413793103448274,0.17333333333333334,19.96551724137931,0.4,97.96551724137932,1.2714285714285714
dc_54774f9d575c,Amazon IAD91,VA,38.9878471,-77.4111191,2.2413793103448274,0.17333333333333334,20.0,0.4,98.10344827586206,1.2714285714285714
dc_5c56cb4398bf,Amazon IAD92,VA,38.9869426,-77.4104754,2.2413793103448274,0.17333333333333334,19.896551724137932,0.4,97.96551724137932,1.2714285714285714
dc_c46ec9dd6e53,Amazon IAD144,VA,38.9801,-77.42555,2.2413793103448274,0.17333333333333334,20.137931034482758,0.4,97.06896551724138,1.3142857142857143
dc_6de50b540090,CyrusOne NVA8,VA,39.0211789,-77.4132443,2.4482758620689653,0.17333333333333334,20.310344827586206,0.38571428571428573,96.6896551724138,1.2285714285714286
dc_c5814c3bae92,Amazon IAD98,VA,39.0202249,-77.4338857,2.3448275862068964,0.17333333333333334,20.06896551724138,0.38571428571428573,95.24137931034483,1.1857142857142857
dc_0e2031e82e1b,Amazon IAD99,VA,39.01917,-77.43403,2.3448275862068964,0.17333333333333334,20.137931034482758,0.38571428571428573,95.20689655172414,1.1857142857142857
dc_f1a86c9afb0a,Amazon IAD114,VA,39.035494,-77.4506986,2.310344827586207,0.17333333333333334,19.517241379310345,0.38571428571428573,92.3103448275862,1.1
dc_ad7345365e4c,Amazon IAD115,VA,39.0362941,-77.4497948,2.310344827586207,0.17333333333333334,19.482758620689655,0.38571428571428573,92.3103448275862,1.1
dc_790645b0b559,Amazon IAD65,VA,38.9170108,-77.4943665,2.103448275862069,0.2,18.03448275862069,0.38571428571428573,86.51724137931035,1.2571428571428571
dc_6b77189e7c43,Amazon IAD150,VA,38.9160727,-77.4772491,2.206896551724138,0.2,18.620689655172413,0.4,90.79310344827586,1.3285714285714285
dc_d3c309846778,,NM,35.0483475,-106.5421546,0.3103448275862069,0.0,7.689655172413793,0.08571428571428572,4.241379310344827,0.1
dc_2ae3bfe26148,Stonewall Creek Business Park,VA,39.051467,-77.5394376,2.310344827586207,0.2,17.275862068965516,0.32857142857142857,80.65517241379311,1.0857142857142856
dc_5f4d636f1ee7,Apple,OR,44.2872,-120.8702,0.034482758620689655,0.0,2.8275862068965516,0.014285714285714285,0.5172413793103449,0.014285714285714285
dc_45390bd84c06,Meta,OR,44.2936872,-120.8815985,0.034482758620689655,0.0,2.8620689655172415,0.014285714285714285,0.5172413793103449,0.014285714285714285
dc_efab6ab952e9,Amazon Web Services,OR,45.797809,-119.3666157,0.10344827586206896,0.0,0.5517241379310345,0.02857142857142857,1.8620689655172413,0.1
dc_3754a7061eec,Sabey Intergate.Ashburn,VA,39.015362,-77.476604,2.2758620689655173,0.17333333333333334,18.862068965517242,0.37142857142857144,89.13793103448276,1.1
dc_9f26b8e594c9,Google Montgomery Data Center,TN,36.6282547,-87.2601021,3.0689655172413794,0.48,9.413793103448276,0.24285714285714285,25.724137931034484,0.9571428571428572
dc_f03287bb770b,Google Data Center,VA,39.05247,-77.53966,2.310344827586207,0.2,17.275862068965516,0.32857142857142857,80.51724137931035,1.0857142857142856
dc_5447998cc8d7,Centersquare Atlanta ATL1,GA,33.7442251,-84.5812077,1.793103448275862,0.4666666666666667,27.79310344827586,0.45714285714285713,41.275862068965516,0.4
dc_20ffe88937a6,Digital Realty CH3,IL,41.9943531,-87.9649422,2.3793103448275863,0.36,32.758620689655174,0.4142857142857143,61.310344827586206,3.6857142857142855
dc_0895931a44dc,Digital Realty CH2,IL,41.9945332,-87.9577513,2.3448275862068964,0.36,31.862068965517242,0.4142857142857143,60.6551724137931,3.6714285714285713
dc_433c57ca1a5b,DataBank SLC2,UT,40.4797749,-111.9047692,0.2413793103448276,0.02666666666666667,3.0,0.0,11.172413793103448,0.6142857142857143
dc_34f9f44aa908,DataBank SLC4,UT,40.4813166,-111.9050026,0.2413793103448276,0.02666666666666667,3.0,0.0,11.172413793103448,0.6142857142857143
dc_5a2516f556b3,DataBank Plano Data Center,TX,33.0877,-96.8152,2.3448275862068964,0.49333333333333335,49.310344827586206,3.3857142857142857,28.379310344827587,1.6
dc_adec6a6778f5,Equinix Secaucus NY6,NJ,40.7775486,-74.0726876,0.6551724137931034,0.09333333333333334,12.862068965517242,0.14285714285714285,53.03448275862069,0.7285714285714285
dc_0beb79d0e77c,Google Data Center,VA,38.941988,-77.527414,2.0689655172413794,0.2,16.896551724137932,0.37142857142857144,82.86206896551724,1.0714285714285714
dc_9b36c38fcc40,Skybox Houston One,TX,29.802893,-95.7553386,2.2413793103448274,0.38666666666666666,14.172413793103448,0.4,13.96551724137931,0.45714285714285713
dc_d44ec64700fa,Google Jackson County Data Center,AL,34.9146647,-85.7483715,2.2758620689655173,0.26666666666666666,8.241379310344827,0.14285714285714285,27.0,0.35714285714285715
dc_8379a521a52c,PSE&G Delivery Emergency Response Center,NJ,40.5798956,-74.5194023,0.8620689655172413,0.16,10.068965517241379,0.014285714285714285,50.13793103448276,0.5428571428571428
dc_ef8eba6bb65f,T5 Charlotte Campus,NC,35.2504249,-81.395039,1.9655172413793103,0.26666666666666666,17.655172413793103,0.4,32.41379310344828,0.2857142857142857
dc_d334913cb26e,Epic / Mayo Data Center,MN,44.0707955,-92.5221323,1.206896551724138,0.16,18.517241379310345,0.5,15.241379310344827,0.7285714285714285
dc_7f2eb6b38fbd,STACK New Albany,OH,40.1063006,-82.8007623,1.4827586206896552,0.26666666666666666,14.689655172413794,0.22857142857142856,32.13793103448276,0.4714285714285714
dc_8af4ea407ec3,Choctaw Nation of Oklahoma Data Center,OK,33.9716849,-96.4028488,1.4137931034482758,0.5733333333333334,13.827586206896552,0.8714285714285714,11.172413793103448,0.5142857142857142
dc_3693cec0112a,QTS Data Center - Hillsboro 1,OR,45.5588149,-122.9277661,0.6896551724137931,0.02666666666666667,0.3793103448275862,0.0,0.8275862068965517,0.014285714285714285
dc_330093ad86f7,,NJ,40.5843719,-74.2433813,0.7241379310344828,0.06666666666666667,10.137931034482758,0.0,50.62068965517241,0.6857142857142857
dc_3a23c08ab006,Flexential Salt Lake City - Downtown,UT,40.7563065,-111.9548375,0.27586206896551724,0.04,2.6206896551724137,0.0,10.310344827586206,0.5714285714285714
dc_d3c9d1fc34c5,Oregon State Data Center,OR,44.9265658,-123.001847,0.4482758620689655,0.02666666666666667,0.13793103448275862,0.0,0.3448275862068966,0.04285714285714286
dc_f9abac844891,Digital Realty PDX11 Data Center,OR,45.5679542,-122.9167725,0.7241379310344828,0.02666666666666667,0.3793103448275862,0.0,0.7931034482758621,0.014285714285714285
dc_443bffa57334,Flexential Fort Lauderdale,FL,26.1900857,-80.1932967,4.103448275862069,0.24,9.310344827586206,0.1,12.827586206896552,0.7142857142857143
dc_e9deb284a87f,Amazon IAD145,VA,38.9825519,-77.4246299,2.2413793103448274,0.17333333333333334,20.103448275862068,0.4,96.82758620689656,1.2714285714285714
dc_ebdae989294c,Amazon Web Services IAD117,VA,39.0236982,-77.4190947,2.413793103448276,0.18666666666666668,20.275862068965516,0.38571428571428573,96.03448275862068,1.2285714285714286
dc_7a35346543ed,Amazon Web Services IAD116,VA,39.0243461,-77.4204393,2.413793103448276,0.18666666666666668,20.310344827586206,0.38571428571428573,96.03448275862068,1.2285714285714286
dc_8df36a0a09b5,Flexential Las Vegas - North,NV,36.2481633,-115.1012553,0.034482758620689655,0.0,1.9310344827586208,0.014285714285714285,4.448275862068965,0.15714285714285714
dc_8fb393ce5cb8,,TX,33.9533733,-98.5247859,1.3448275862068966,0.3333333333333333,30.620689655172413,1.4142857142857144,15.758620689655173,0.8857142857142857
dc_f5a70ed2b195,Fort Rock DC,OR,44.0474074,-121.3285496,0.06896551724137931,0.0,5.0344827586206895,0.08571428571428572,0.4827586206896552,0.014285714285714285
dc_110a4aba51b3,,MI,42.9687271,-83.779585,1.8620689655172413,0.4266666666666667,11.275862068965518,0.17142857142857143,25.586206896551722,0.7142857142857143
dc_1b4a6e68cdff,,NJ,40.5993632,-74.7096745,0.7931034482758621,0.17333333333333334,8.551724137931034,0.014285714285714285,50.172413793103445,0.38571428571428573
dc_03eee2face55,Meta,NM,34.8302786,-106.7801283,0.2413793103448276,0.013333333333333334,3.586206896551724,0.04285714285714286,3.586206896551724,0.07142857142857142
dc_c0e58b97b609,iGLASS Networks,NC,35.766751,-78.7839874,1.1724137931034482,0.2,17.96551724137931,0.35714285714285715,39.0,0.21428571428571427
dc_fd81772613cf,Central Office,WI,42.8336437,-88.7339975,2.6551724137931036,0.32,13.689655172413794,0.37142857142857144,23.75862068965517,1.2285714285714286
dc_d139d3d1026e,,MT,46.3321316,-113.2926719,0.0,0.0,1.4827586206896552,0.0,0.41379310344827586,0.014285714285714285
dc_685f4d6dffe6,Vital Records,NJ,40.5280718,-74.6828163,0.9310344827586207,0.2,9.068965517241379,0.0,48.37931034482759,0.38571428571428573
dc_1562ba96259b,Verizon Wireless NE Headquarters,NJ,40.5556094,-74.7055199,0.896551724137931,0.18666666666666668,9.0,0.014285714285714285,49.13793103448276,0.38571428571428573
dc_c0fdbe032d75,Meta Henrico Data Center,VA,37.4839132,-77.2373305,1.7586206896551724,0.22666666666666666,12.482758620689655,0.22857142857142856,37.206896551724135,0.12857142857142856
dc_e0148a6d7cfe,,WI,44.2044349,-88.3449304,2.2413793103448274,0.26666666666666666,13.620689655172415,0.6428571428571429,14.793103448275861,0.7714285714285715
dc_72321c59e96b,Meta,OR,44.2990903,-120.8794444,0.034482758620689655,0.0,2.8620689655172415,0.014285714285714285,0.5172413793103449,0.014285714285714285
dc_5da707de5ff8,Meta,OR,44.3013,-120.8903,0.034482758620689655,0.0,2.9310344827586206,0.014285714285714285,0.5517241379310345,0.02857142857142857
dc_b38461998b03,,MI,42.2353267,-83.4441406,0.9655172413793104,0.49333333333333335,15.89655172413793,0.2714285714285714,37.0,0.8
dc_69a7a940e136,,NV,39.5677144,-119.5423627,0.3103448275862069,0.0,1.0344827586206897,0.014285714285714285,1.6551724137931034,0.14285714285714285
dc_6eb02d929ac3,,NV,39.567501,-119.5432095,0.3103448275862069,0.0,1.0344827586206897,0.014285714285714285,1.6551724137931034,0.14285714285714285
dc_e7490836256a,,NV,39.567161,-119.544388,0.3103448275862069,0.0,1.0344827586206897,0.014285714285714285,1.6551724137931034,0.14285714285714285
dc_bd7ec689a7b2,,NV,39.5669208,-119.5452269,0.3103448275862069,0.0,1.0344827586206897,0.014285714285714285,1.6551724137931034,0.14285714285714285
dc_b79d42c9a3ab,,NV,39.5657583,-119.5479741,0.3103448275862069,0.0,1.0344827586206897,0.014285714285714285,1.6551724137931034,0.14285714285714285
dc_a6e1f2ad575b,,NV,39.5651062,-119.5476898,0.3103448275862069,0.0,1.0344827586206897,0.014285714285714285,1.6551724137931034,0.14285714285714285
dc_a84467e0fe1e,Tennessee Processing Center LLC,TN,36.2156443,-86.7840012,3.5517241379310347,0.44,21.448275862068964,0.4142857142857143,66.6896551724138,1.2285714285714286
dc_c52613c23f50,Allentown-TekPark,PA,40.5442553,-75.6543694,0.7241379310344828,0.18666666666666668,10.689655172413794,0.17142857142857143,51.37931034482759,0.44285714285714284
dc_66477ccffb02,Meta,NM,34.8303,-106.77646,0.2413793103448276,0.013333333333333334,3.6206896551724137,0.04285714285714286,3.586206896551724,0.07142857142857142
dc_83f0a31399f3,US Signal CO01 - Denver,CO,39.5590684,-104.8335336,2.586206896551724,0.21333333333333335,47.62068965517241,1.4142857142857144,8.172413793103448,0.38571428571428573
dc_bf74522cdc31,PG&E Datacenter,CA,38.2462382,-122.0671844,0.1724137931034483,0.0,0.3793103448275862,0.0,0.10344827586206896,0.014285714285714285
dc_697fb0253e39,CyrusOne PHX6,AZ,33.2676301,-111.8825116,0.3103448275862069,0.05333333333333334,3.0344827586206895,0.04285714285714286,26.517241379310345,1.6
dc_2a23ca86f39a,Facebook Altoona Data Center 4,IA,41.6677428,-93.5164071,3.8275862068965516,0.49333333333333335,38.55172413793103,1.3142857142857143,39.827586206896555,2.442857142857143
dc_53d2895afa2f,Digital Realty IAD41 (Building P),VA,39.0088059,-77.4582358,2.2758620689655173,0.17333333333333334,19.586206896551722,0.37142857142857144,92.86206896551724,1.1285714285714286
dc_64b54588a2f9,Amazon IAD118,VA,39.0185086,-77.4388362,2.310344827586207,0.17333333333333334,20.103448275862068,0.38571428571428573,95.06896551724138,1.1714285714285715
dc_340ff7de7b3d,Aligned Ashburn,VA,39.0136079,-77.4705563,2.2758620689655173,0.17333333333333334,19.103448275862068,0.37142857142857144,90.75862068965517,1.1285714285714286
dc_ee1d5c95c480,Equinix Ashburn DC15,VA,39.0225001,-77.4502558,2.310344827586207,0.17333333333333334,19.896551724137932,0.38571428571428573,93.0,1.0857142857142856
dc_9a9772149ba3,Sabey Intergate.Ashburn (Building A),VA,39.0144996,-77.4799874,2.2413793103448274,0.17333333333333334,18.79310344827586,0.37142857142857144,88.93103448275862,1.1
dc_1a5e11d27901,NTT Ashburn VA5 Data Center,VA,39.0183033,-77.472611,2.2758620689655173,0.17333333333333334,18.82758620689655,0.37142857142857144,89.55172413793103,1.1142857142857143
dc_d740e4f61b56,NTT Ashburn VA4 Data Center,VA,39.0198684,-77.4725917,2.310344827586207,0.17333333333333334,18.862068965517242,0.37142857142857144,89.27586206896552,1.1142857142857143
dc_ff3b81fbfd6f,CloudHQ LC1,VA,39.0102471,-77.4626713,2.310344827586207,0.17333333333333334,19.517241379310345,0.37142857142857144,92.34482758620689,1.1428571428571428
dc_2328225d0c1f,CloudHQ LC2,VA,39.0117547,-77.4624592,2.310344827586207,0.17333333333333334,19.517241379310345,0.37142857142857144,92.55172413793103,1.1285714285714286
dc_d693a8cbac60,Amazon IAD146,VA,38.9969711,-77.4357639,2.310344827586207,0.17333333333333334,20.103448275862068,0.4,96.0,1.2285714285714286
dc_4eff2c1f5e0f,PHX-10,AZ,33.4079462,-112.3648297,0.1724137931034483,0.04,2.413793103448276,0.02857142857142857,17.517241379310345,1.2
dc_c4b9bcee32cd,Equinix Ashburn DC21,VA,39.01125,-77.4541,2.2758620689655173,0.17333333333333334,19.82758620689655,0.38571428571428573,93.3103448275862,1.1285714285714286
dc_34504f6932cc,,NY,40.9512698,-73.897901,0.6206896551724138,0.08,12.0,0.15714285714285714,47.3448275862069,0.7714285714285715
dc_ed91aed5b37e,NAO 3,OH,40.0657248,-82.7491176,1.5517241379310345,0.22666666666666666,14.620689655172415,0.21428571428571427,32.275862068965516,0.5
dc_114c47a01e77,,WA,47.2370973,-119.895155,0.10344827586206896,0.0,0.1724137931034483,0.0,0.2413793103448276,0.0
dc_aca4fdbc3f4a,EdgeCore,AZ,33.3441489,-111.619588,0.27586206896551724,0.04,2.586206896551724,0.02857142857142857,21.24137931034483,1.2714285714285714
dc_415ec14e7f88,Comcast,MI,42.213902,-83.198214,0.7586206896551724,0.37333333333333335,12.068965517241379,0.2,28.413793103448278,0.6714285714285714
dc_ba84f7107278,SAP COS02,CO,38.9889158,-104.7863291,1.3448275862068966,0.10666666666666667,50.62068965517241,1.6428571428571428,3.1724137931034484,0.22857142857142856
dc_6d4376c7e8a2,Actapio,WA,47.40732,-120.2141,0.06896551724137931,0.0,0.3103448275862069,0.0,0.5517241379310345,0.014285714285714285
dc_89ac9b873c30,,WA,47.3921494,-120.2174624,0.06896551724137931,0.0,0.3448275862068966,0.0,0.5517241379310345,0.014285714285714285
dc_93a4507ebb34,Facebook Fort Worth Datacenter,TX,32.9883157,-97.255111,3.0344827586206895,0.52,56.241379310344826,3.9285714285714284,33.6551724137931,2.1857142857142855
dc_c5af5e7b67f8,Charles Schwab Data Center,TX,33.0045123,-97.2461412,2.9310344827586206,0.5066666666666667,54.96551724137931,3.8285714285714287,32.51724137931034,2.1
dc_230dec843522,Amazon IAD140,VA,38.9814552,-77.4175501,2.2413793103448274,0.17333333333333334,20.137931034482758,0.4,97.55172413793103,1.2571428571428571
dc_d5be93382554,Amazon IAD141,VA,38.9823877,-77.4167858,2.2413793103448274,0.17333333333333334,20.103448275862068,0.4,97.58620689655173,1.2571428571428571
dc_9f86a9be9cdb,1623 Farnam,NE,41.257546,-95.937526,2.5517241379310347,0.44,31.896551724137932,1.5714285714285714,24.586206896551722,1.9714285714285715
dc_8a8de44b5d59,Credit Suisse: Clifton Data Center,NJ,40.83345,-74.1402187,0.6551724137931034,0.08,12.89655172413793,0.15714285714285714,53.724137931034484,0.7142857142857143
dc_cffe36ef20e3,HCA Information Technology & Services Data Center,TN,36.0327164,-86.637789,3.5517241379310347,0.4533333333333333,20.82758620689655,0.4,65.44827586206897,1.2571428571428571
dc_ca4ce1d1a929,TierPoint,TN,35.92452,-86.85575,2.6551724137931036,0.29333333333333333,17.79310344827586,0.35714285714285715,53.06896551724138,1.0285714285714285
dc_d1ab1505b7c8,Amazon Web Services,OH,40.1025733,-83.1996982,1.4137931034482758,0.25333333333333335,12.482758620689655,0.15714285714285714,27.93103448275862,0.4
dc_7d1001e2c4ce,Amazon Web Services,OH,40.1035866,-83.199764,1.4137931034482758,0.25333333333333335,12.448275862068966,0.15714285714285714,27.82758620689655,0.4
dc_c123c483cf92,Flexential Brentwood Data Center,TN,35.9725623,-86.8080418,3.1724137931034484,0.37333333333333335,20.0,0.44285714285714284,60.827586206896555,1.2428571428571429
dc_eff2b6ea88b4,,TN,36.0234892,-86.7916196,3.4827586206896552,0.37333333333333335,20.379310344827587,0.4142857142857143,63.3448275862069,1.3142857142857143
dc_2e8f13854547,StrongMind,AZ,33.3426083,-111.8409621,0.3448275862068966,0.05333333333333334,3.689655172413793,0.04285714285714286,28.448275862068964,1.7714285714285714
dc_f9dd91d3b5f8,BB&T Data Center,NC,35.83934,-78.32826,1.4482758620689655,0.21333333333333335,13.551724137931034,0.24285714285714285,36.758620689655174,0.14285714285714285
dc_4bbf56c61529,Microsoft,IA,41.5167412,-93.7025134,4.172413793103448,0.4266666666666667,39.793103448275865,0.9714285714285714,38.310344827586206,2.5428571428571427
dc_adfa37d6eb75,Microsoft,IA,41.5158346,-93.702492,4.137931034482759,0.41333333333333333,39.758620689655174,0.9714285714285714,38.310344827586206,2.5428571428571427
dc_5c188ee0a08e,Microsoft,IA,41.5158177,-93.7063005,4.137931034482759,0.4266666666666667,39.689655172413794,0.9714285714285714,38.275862068965516,2.5428571428571427
dc_82c838320fc4,Microsoft,IA,41.5167061,-93.7063257,4.172413793103448,0.4266666666666667,39.689655172413794,0.9714285714285714,38.275862068965516,2.5428571428571427
dc_6b0fbb988249,Microsoft,IA,41.5185012,-93.7063325,4.172413793103448,0.4266666666666667,39.724137931034484,0.9714285714285714,38.275862068965516,2.5428571428571427
dc_d022a0bae9de,Microsoft,IA,41.517778,-93.7062,4.172413793103448,0.4266666666666667,39.724137931034484,0.9714285714285714,38.275862068965516,2.5428571428571427
dc_5077380c4e9c,Microsoft,IA,41.5176423,-93.7024991,4.172413793103448,0.4266666666666667,39.758620689655174,0.9714285714285714,38.3448275862069,2.557142857142857
dc_5655c21db942,Microsoft,IA,41.5185369,-93.7025209,4.172413793103448,0.4266666666666667,39.758620689655174,0.9714285714285714,38.37931034482759,2.557142857142857
dc_af3b818f5474,Microsoft,IA,41.4978557,-93.7870593,4.0344827586206895,0.4533333333333333,39.172413793103445,1.0142857142857142,36.96551724137931,2.4857142857142858
dc_3b086a495bdc,Microsoft,IA,41.4989008,-93.7870702,4.0,0.4533333333333333,39.172413793103445,1.0142857142857142,36.96551724137931,2.4857142857142858
dc_91374edadfb6,Facebook Altoona Data Center 5,IA,41.6711866,-93.5165942,3.793103448275862,0.5066666666666667,38.62068965517241,1.3142857142857143,39.96551724137931,2.442857142857143
dc_25aa98305d4b,,NY,43.074831,-78.944809,0.20689655172413793,0.05333333333333334,4.068965517241379,0.08571428571428572,12.068965517241379,0.12857142857142856
dc_aa188d117b03,Blockfusion Niagra Falls,NY,43.082113,-79.001469,0.20689655172413793,0.05333333333333334,3.8275862068965516,0.08571428571428572,10.96551724137931,0.12857142857142856
dc_ee6643a8eb7d,Lumen,UT,37.062799,-113.5447485,0.06896551724137931,0.0,0.3448275862068966,0.014285714285714285,1.8620689655172413,0.08571428571428572
dc_84ad60eb1b07,Sungard Systems International,AL,33.4047,-86.9116,2.896551724137931,0.6266666666666667,16.482758620689655,0.42857142857142855,22.96551724137931,0.44285714285714284
dc_44d6e3741482,Myndshift Technologies,AZ,33.4754208,-111.7191652,0.3793103448275862,0.05333333333333334,3.4827586206896552,0.04285714285714286,26.275862068965516,1.6
dc_72e0b2b6bdf4,ForceAmp.com,IA,41.7039984,-91.5870781,2.206896551724138,0.44,20.79310344827586,0.6,26.310344827586206,1.9
dc_3abd12c5de38,TierPoint - Charlotte Data Center,NC,35.1731955,-80.928121,1.4482758620689655,0.22666666666666666,19.620689655172413,0.5285714285714286,34.86206896551724,0.42857142857142855
dc_2b8dfc559922,SEGRA,NC,35.1800507,-80.9263597,1.5172413793103448,0.24,20.03448275862069,0.5285714285714286,35.48275862068966,0.45714285714285713
dc_7d96f21e96e8,Middletown Data Center,VA,39.0176781,-78.2909424,0.8620689655172413,0.05333333333333334,8.068965517241379,0.12857142857142856,33.41379310344828,0.5428571428571428
dc_3aebc3edbd4d,CoreSite Chicago Data Center (CH2),IL,41.8627972,-87.6413012,1.793103448275862,0.32,21.0,0.4,44.41379310344828,2.9857142857142858
dc_5251c1998ce0,Norma Beach Cable Landing Station,WA,47.8646928,-122.2841532,0.10344827586206896,0.02666666666666667,0.13793103448275862,0.0,0.034482758620689655,0.0
dc_d418410619e1,,AZ,32.0927065,-110.7874236,0.20689655172413793,0.02666666666666667,3.8275862068965516,0.014285714285714285,15.03448275862069,0.8142857142857143
dc_d9771f2d7f9f,Google,NV,36.0562713,-115.0085752,0.06896551724137931,0.0,1.9655172413793103,0.014285714285714285,4.517241379310345,0.18571428571428572
dc_d9c874755de8,Google,NV,36.05625,-115.00915,0.06896551724137931,0.0,1.9655172413793103,0.014285714285714285,4.517241379310345,0.18571428571428572
dc_e022cb5d327b,Google,AL,34.9136673,-85.7474223,2.2413793103448274,0.26666666666666666,8.379310344827585,0.15714285714285714,27.17241379310345,0.35714285714285715
dc_1390c65c85f0,Google,AL,34.9136413,-85.7459237,2.2413793103448274,0.25333333333333335,8.448275862068966,0.15714285714285714,27.17241379310345,0.34285714285714286
dc_573f8a5781df,,VA,39.050601,-77.5400225,2.310344827586207,0.2,17.310344827586206,0.32857142857142857,80.55172413793103,1.0857142857142856
dc_916641fe1369,Google,TX,32.4421391,-97.0624648,2.8275862068965516,0.6666666666666666,28.517241379310345,2.1714285714285713,18.20689655172414,1.2142857142857142
dc_7910da66ad06,Google,TX,32.4435639,-97.0633095,2.8275862068965516,0.68,28.551724137931036,2.1714285714285713,18.344827586206897,1.2142857142857142
dc_e3eea2ec5e00,Google,TN,36.62459,-87.2612916,3.0689655172413794,0.48,9.413793103448276,0.24285714285714285,25.655172413793103,0.9285714285714286
dc_478c687740da,Google NBY-1,OH,40.0611606,-82.7643286,1.5172413793103448,0.22666666666666666,14.758620689655173,0.21428571428571427,32.3448275862069,0.5
dc_cec54ea43a46,Meta Sarpy Data center,NE,41.12353,-96.1442,2.6551724137931036,0.38666666666666666,33.41379310344828,1.5714285714285714,25.517241379310345,2.2857142857142856
dc_ed5526cb2443,Meta Sarpy Data center,NE,41.1206,-96.1446,2.689655172413793,0.38666666666666666,33.55172413793103,1.5714285714285714,25.655172413793103,2.2857142857142856
dc_83e8ea7d14a0,Google,NE,41.135,-96.1465,2.689655172413793,0.37333333333333335,33.06896551724138,1.5857142857142856,25.655172413793103,2.3142857142857145
dc_45101812ebde,JPMorgan Chase,CO,39.9891579,-105.0207261,2.413793103448276,0.24,43.03448275862069,1.4285714285714286,8.344827586206897,0.5
dc_b7f05da064df,Marquette-Adams Telephone Coop,WI,43.7821763,-89.5748406,0.9655172413793104,0.21333333333333335,8.275862068965518,0.14285714285714285,15.551724137931034,0.5571428571428572
dc_c875f8a125cb,Compass Data Center,TX,32.5387671,-96.8044586,2.5517241379310347,0.48,27.03448275862069,2.2,18.620689655172413,1.0857142857142856
dc_787326b05d49,Amazon IAD119,VA,39.0169314,-77.4393886,2.310344827586207,0.17333333333333334,20.103448275862068,0.38571428571428573,94.89655172413794,1.1714285714285715
dc_e3f7200338fd,Flexential Portland - Hillsboro 4,OR,45.5553133,-122.9401317,0.5862068965517241,0.02666666666666667,0.3793103448275862,0.0,0.8275862068965517,0.014285714285714285
dc_91489ab87680,Stream Chicago II,IL,41.9991244,-87.9577647,2.3448275862068964,0.36,31.896551724137932,0.4142857142857143,60.6551724137931,3.6714285714285713
dc_144cef939b14,STACK Chicago CHI01,IL,42.006856,-87.9651767,2.2758620689655173,0.36,32.48275862068966,0.4142857142857143,61.10344827586207,3.657142857142857
dc_9c4211d3ccea,Stream Chicago I,IL,42.0026304,-87.9511119,2.206896551724138,0.36,31.06896551724138,0.4142857142857143,59.48275862068966,3.6142857142857143
dc_23b0f1f2b92c,Turnkey Internet,NY,42.7454447,-73.7592013,0.5517241379310345,0.10666666666666667,15.931034482758621,0.2857142857142857,54.0,0.5571428571428572
dc_2a56d8b8fa00,Microsoft,IA,41.5406505,-93.8278773,3.9310344827586206,0.4266666666666667,38.55172413793103,0.9714285714285714,38.58620689655172,2.5142857142857142
dc_12edc16ab3f5,,NC,35.5903924,-81.2645696,2.0344827586206895,0.2,21.310344827586206,0.2714285714285714,35.58620689655172,0.5571428571428572
dc_3cee381ca6c0,Amazon Web Services,OH,40.0601472,-83.1349074,1.4827586206896552,0.25333333333333335,13.724137931034482,0.17142857142857143,29.551724137931036,0.44285714285714284
dc_1592f8a75bc6,Iron Mountain,WA,47.5946162,-117.5371477,0.27586206896551724,0.02666666666666667,1.3793103448275863,0.07142857142857142,2.9310344827586206,0.08571428571428572
dc_65d48b7b2fd8,DBT Data - Harrisonburg Center,VA,38.46235,-78.85656,0.5517241379310345,0.08,4.724137931034483,0.04285714285714286,18.310344827586206,0.17142857142857143
dc_b93bd4dfbee7,amnet Data Center,CT,41.0917847,-73.5166728,0.41379310344827586,0.08,7.551724137931035,0.02857142857142857,30.448275862068964,0.6428571428571429
dc_e06c46dabeb5,TierPoint Kansas City - Lenexa,KS,38.9406295,-94.7552326,1.9310344827586208,0.5066666666666667,50.793103448275865,1.9,42.724137931034484,2.8714285714285714
dc_f5513f749da8,CloudHQ MCC1,VA,38.7170622,-77.4999396,1.9655172413793103,0.25333333333333335,16.0,0.32857142857142857,69.10344827586206,0.8857142857142857
dc_7fc2fd8eb460,Meta,NC,35.3166121,-81.8251761,1.5172413793103448,0.18666666666666668,17.137931034482758,0.2714285714285714,32.48275862068966,0.32857142857142857
dc_d6f640fb6635,Amazon IAD129,VA,39.0166636,-77.4387985,2.310344827586207,0.17333333333333334,20.103448275862068,0.38571428571428573,95.0,1.1714285714285715
dc_fd0192eae06a,Microsoft,VA,39.0747869,-77.564129,2.3793103448275863,0.2,17.06896551724138,0.3,76.41379310344827,1.0
dc_f66efb0a0bc9,NTT Silicon Valley SV1 Data Center,CA,37.3690532,-121.9553378,0.1724137931034483,0.02666666666666667,1.6551724137931034,0.0,0.3103448275862069,0.014285714285714285
dc_b54674e4a1dd,T5 Data Center,GA,34.0757915,-84.264267,1.4482758620689655,0.4,27.75862068965517,0.45714285714285713,38.0,0.32857142857142857
dc_73600f71acda,Microsoft Data Center,VA,38.9495184,-77.5594451,2.1379310344827585,0.21333333333333335,16.0,0.34285714285714286,77.24137931034483,1.042857142857143
dc_b8ec7b743908,Arcola Tech Park,VA,38.948935,-77.555793,2.1379310344827585,0.21333333333333335,16.103448275862068,0.34285714285714286,78.13793103448276,1.0571428571428572
dc_8f7e3fd47d8b,Amazon IAD125,VA,38.9480895,-77.5605449,2.1379310344827585,0.21333333333333335,15.931034482758621,0.34285714285714286,77.24137931034483,1.042857142857143
dc_e06390a3cf71,Amazon IAD124,VA,38.95,-77.5602,2.1379310344827585,0.21333333333333335,16.0,0.34285714285714286,77.24137931034483,1.042857142857143
dc_711866d61cdd,Stack Infrastructure - POR03,OR,45.5541322,-122.9379069,0.6206896551724138,0.02666666666666667,0.3793103448275862,0.0,0.8275862068965517,0.014285714285714285
dc_924bac73f757,,MI,42.3261779,-83.0697687,0.5517241379310345,0.26666666666666666,11.724137931034482,0.11428571428571428,30.0,0.7571428571428571
dc_37633208c606,Family History Center,ID,42.3172742,-111.304246,0.06896551724137931,0.0,0.41379310344827586,0.014285714285714285,1.4482758620689655,0.07142857142857142
dc_02ca9e4d5343,,TN,36.3280739,-83.3767035,0.7241379310344828,0.05333333333333334,7.310344827586207,0.17142857142857143,36.86206896551724,0.6857142857142857
dc_8b186260df9f,42310 THUNDERBALL DR,VA,39.0441027,-77.5397106,2.2758620689655173,0.2,17.482758620689655,0.34285714285714286,81.65517241379311,1.0857142857142856
dc_84d7cd7f77ed,QTS Data Center - Hillsboro 2,OR,45.5587993,-122.9297741,0.6896551724137931,0.02666666666666667,0.3793103448275862,0.0,0.8275862068965517,0.014285714285714285
dc_6029c6e6072f,Amazon Web Services,OR,45.83792,-119.68835,0.10344827586206896,0.0,0.5862068965517241,0.04285714285714286,1.8275862068965518,0.11428571428571428
dc_c01fb29e88f6,Amazon Web Services,OR,45.8375401,-119.6931286,0.10344827586206896,0.0,0.5862068965517241,0.04285714285714286,1.8275862068965518,0.11428571428571428
dc_b1c2cb55694d,Amazon Web Services,OR,45.846655,-119.6056452,0.10344827586206896,0.0,0.5517241379310345,0.02857142857142857,1.896551724137931,0.11428571428571428
dc_26679b49b723,,CO,39.72965,-104.71278,4.551724137931035,0.25333333333333335,51.6551724137931,1.6,10.586206896551724,0.5571428571428572
dc_f1a652f10359,,NY,43.0449439,-78.7492033,0.3448275862068966,0.06666666666666667,4.896551724137931,0.08571428571428572,16.862068965517242,0.22857142857142856
dc_d71a4f367977,QTS Data Center - Hillsboro 2,OR,45.5587842,-122.9318143,0.6896551724137931,0.02666666666666667,0.3793103448275862,0.0,0.8275862068965517,0.014285714285714285
dc_3b5df59ce5b8,QTS Data Center - Hillsboro 2,OR,45.5594,-122.9345,0.6896551724137931,0.02666666666666667,0.3793103448275862,0.0,0.8275862068965517,0.014285714285714285
dc_bac15142be82,QTS Data Center - Hillsboro 2,OR,45.5587955,-122.9330017,0.6896551724137931,0.02666666666666667,0.3793103448275862,0.0,0.8275862068965517,0.014285714285714285
dc_403473c81f1f,Flexential Portland - Hillsboro 3,OR,45.559537,-122.937613,0.6206896551724138,0.02666666666666667,0.3793103448275862,0.0,0.8275862068965517,0.014285714285714285
dc_5df588dae044,,WI,42.675665,-87.9184055,1.0689655172413792,0.24,13.517241379310345,0.34285714285714286,18.79310344827586,0.9714285714285714
dc_87d4cffa460b,Lumen Cleveland,OH,41.5050658,-81.6577764,0.896551724137931,0.14666666666666667,15.758620689655173,0.18571428571428572,32.0,0.9857142857142858
dc_a2db55d0efea,,NC,35.1794881,-80.5701825,0.9655172413793104,0.25333333333333335,14.482758620689655,0.42857142857142855,29.96551724137931,0.35714285714285715
dc_1dd5890ebb6b,Tennessee South Data Center,TN,35.99343,-86.49566,3.310344827586207,0.41333333333333333,19.96551724137931,0.38571428571428573,63.89655172413793,1.3571428571428572
dc_a452347faec2,,CA,33.1536001,-117.2388464,0.3448275862068966,0.0,0.3103448275862069,0.0,1.0,0.0
dc_4eb1e48ec0be,Amazon IAD163,VA,39.0323054,-77.4297021,2.3793103448275863,0.17333333333333334,19.896551724137932,0.38571428571428573,94.86206896551724,1.1857142857142857
dc_f04188e560e6,Johns Hopkins Data Center,MD,39.2935593,-76.5517314,1.9310344827586208,0.13333333333333333,11.448275862068966,0.2,59.6551724137931,0.8428571428571429
dc_d365c72ea3b9,Ebay,UT,40.5641125,-112.050635,0.27586206896551724,0.04,3.206896551724138,0.0,9.758620689655173,0.5285714285714286
dc_191efb7ea726,Edgeconnex Data Center,CA,38.5922987,-121.27744,0.6551724137931034,0.013333333333333334,0.3448275862068966,0.0,0.2413793103448276,0.0
dc_1bdb44e1842a,,NJ,40.52436,-74.54796,0.896551724137931,0.17333333333333334,10.172413793103448,0.014285714285714285,50.6551724137931,0.4857142857142857
dc_84eaf8742a3f,,AZ,33.4393768,-112.377048,0.20689655172413793,0.04,2.4827586206896552,0.02857142857142857,17.93103448275862,1.2285714285714286
dc_a0c66ebeafd4,Omnis Network,AZ,33.3944358,-111.9525168,0.3448275862068966,0.06666666666666667,3.8620689655172415,0.04285714285714286,30.724137931034484,1.9285714285714286
dc_a320d760368f,Travelers Insurance,NE,41.1278718,-96.1450714,2.6551724137931036,0.37333333333333335,33.06896551724138,1.5571428571428572,25.586206896551722,2.2857142857142856
dc_00a02e9b7cf8,Flexential Nashville - Franklin,TN,35.9204203,-86.8155401,2.8620689655172415,0.3333333333333333,18.551724137931036,0.4142857142857143,55.758620689655174,1.042857142857143
dc_c3af76581e21,Verizon,UT,40.5908144,-111.9037856,0.27586206896551724,0.04,3.1724137931034484,0.0,11.137931034482758,0.5571428571428572
dc_2e0d7065c5b2,,IA,41.5580811,-93.5276562,3.793103448275862,0.4266666666666667,36.55172413793103,1.0285714285714285,36.41379310344828,2.3142857142857145
dc_7a05f73ca77d,,OK,36.0812515,-95.8541492,3.793103448275862,0.8,40.86206896551724,1.3714285714285714,39.86206896551724,3.442857142857143
dc_d63cf08f250a,Amazon IAD175,VA,38.9798678,-77.425476,2.2413793103448274,0.17333333333333334,20.137931034482758,0.4,97.13793103448276,1.3285714285714285
dc_31eac5a9a731,DLI ONE,GA,32.4982,-84.8836,1.793103448275862,0.3466666666666667,8.206896551724139,0.15714285714285714,14.310344827586206,0.22857142857142856
dc_869246c3ddf0,Amazon IAD147,VA,38.9951,-77.4354,2.2413793103448274,0.17333333333333334,20.03448275862069,0.4142857142857143,95.82758620689656,1.2285714285714286
dc_db551e60c8c7,E-Foam,FL,28.5779418,-81.5645492,1.6206896551724137,0.3333333333333333,14.586206896551724,0.3142857142857143,14.068965517241379,0.3
dc_e3e2113ca594,,CT,41.4788147,-72.8010139,0.7586206896551724,0.17333333333333334,6.551724137931035,0.1,21.96551724137931,0.37142857142857144
dc_585b130bbc37,SimpleHelix,AL,34.745431,-86.691883,4.620689655172414,0.76,21.448275862068964,0.6285714285714286,49.13793103448276,1.1428571428571428
dc_719da80ba59e,CenturyLink,OR,44.9380753,-123.0337222,0.41379310344827586,0.02666666666666667,0.13793103448275862,0.0,0.3103448275862069,0.04285714285714286
dc_9656dea8298d,Date Center West - Eugene,OR,42.3324601,-122.880426,0.0,0.0,1.3793103448275863,0.0,0.5517241379310345,0.02857142857142857
dc_16409bb98d9c,DataBank SLC5,UT,40.4811374,-111.9039534,0.2413793103448276,0.02666666666666667,3.0,0.0,11.172413793103448,0.6142857142857143
dc_e9ba7c30d146,Digital Realty Atlanta ATL11,GA,33.7465605,-84.5797407,1.793103448275862,0.4666666666666667,28.551724137931036,0.4714285714285714,41.86206896551724,0.4
dc_e7e879fe0f05,Switch Data Center,GA,33.7550251,-84.5872685,1.793103448275862,0.4666666666666667,27.413793103448278,0.44285714285714284,41.3448275862069,0.38571428571428573
dc_e8a35c14d2f4,Amazon Web Services,OH,40.0593252,-83.1346064,1.4827586206896552,0.25333333333333335,13.758620689655173,0.17142857142857143,29.551724137931036,0.44285714285714284
dc_1624f2fc727a,Amazon Web Services,OH,40.0583089,-83.1340906,1.4827586206896552,0.25333333333333335,13.793103448275861,0.17142857142857143,29.517241379310345,0.44285714285714284
dc_0a48e11e6871,Amazon Web Services,OH,40.0607795,-83.1327529,1.4827586206896552,0.25333333333333335,13.724137931034482,0.17142857142857143,29.517241379310345,0.44285714285714284
dc_9df53017280d,CyrusOne PHX7,AZ,33.2663745,-111.8818937,0.3103448275862069,0.05333333333333334,3.0344827586206895,0.04285714285714286,26.482758620689655,1.5857142857142856
dc_4099d52bf841,CyrusOne PHX4,AZ,33.268778,-111.8825216,0.3103448275862069,0.05333333333333334,3.0344827586206895,0.04285714285714286,26.655172413793103,1.6
dc_04ab62405005,CyrusOne PHX5,AZ,33.2697502,-111.8815838,0.3103448275862069,0.05333333333333334,3.0344827586206895,0.04285714285714286,26.586206896551722,1.6
dc_2d889a97f7e9,Northwest Data Center and Communications Hub,CA,37.4334128,-122.1807076,0.20689655172413793,0.02666666666666667,1.7241379310344827,0.0,0.6551724137931034,0.04285714285714286
dc_627ff60a8500,Digital Crossroad,IN,41.7074166,-87.5202329,1.6896551724137931,0.30666666666666664,17.275862068965516,0.32857142857142857,37.41379310344828,2.642857142857143
dc_2e94aa76b2e3,CyrusOne NVA7,VA,39.0263152,-77.4340194,2.3448275862068964,0.17333333333333334,20.103448275862068,0.38571428571428573,95.17241379310344,1.1714285714285715
dc_8655b82b45fe,Switch Las Vegas 10,NV,36.0553,-115.2164,0.06896551724137931,0.0,1.896551724137931,0.014285714285714285,4.068965517241379,0.15714285714285714
dc_ae5f9fdee7ee,Amazon IAD174,VA,39.0289143,-77.4274784,2.413793103448276,0.18666666666666668,20.06896551724138,0.38571428571428573,94.96551724137932,1.1857142857142857
dc_8346029d9f3d,Amazon IAD164,VA,39.0304712,-77.4289455,2.3793103448275863,0.17333333333333334,20.0,0.38571428571428573,94.93103448275862,1.1857142857142857
dc_265564f45ed2,Vantage VA12,VA,39.0019,-77.43806,2.2413793103448274,0.16,20.0,0.4,95.37931034482759,1.2285714285714286
dc_199ded780f63,Microsoft,VA,39.07501,-77.56391,2.3793103448275863,0.2,17.06896551724138,0.3,76.37931034482759,1.0
dc_c3e3abbeb801,Verizon Wireless Mew Building,TX,32.9720407,-97.1567144,2.9310344827586206,0.5066666666666667,59.13793103448276,4.1571428571428575,35.96551724137931,2.342857142857143
dc_b2ae0d89652f,,NJ,40.5433323,-74.5383736,0.8620689655172413,0.18666666666666668,10.482758620689655,0.014285714285714285,50.89655172413793,0.5
dc_e89730a17213,Amazon IAD152,VA,38.9165716,-77.479733,2.206896551724138,0.2,18.586206896551722,0.4,90.62068965517241,1.3285714285714285
dc_ede8e462546a,Amazon IAD151,VA,38.9161469,-77.4786956,2.206896551724138,0.2,18.586206896551722,0.4,90.65517241379311,1.3285714285714285
dc_08e7c19da1a8,Amazon IAD83,VA,38.9479489,-77.5230989,2.0689655172413794,0.2,17.0,0.37142857142857144,83.65517241379311,1.0714285714285714
dc_81f8dd3b6f39,Amazon Web Services,VA,38.9465392,-77.5221879,2.103448275862069,0.2,17.06896551724138,0.37142857142857144,83.72413793103448,1.0714285714285714
dc_ac6c1bbc4b5a,Amazon IAD122,VA,38.9558707,-77.4971865,2.103448275862069,0.2,18.137931034482758,0.38571428571428573,87.62068965517241,1.1142857142857143
dc_510cff48ca13,CyrusOne Sterling IX,VA,38.9583257,-77.5057277,2.103448275862069,0.2,18.0,0.38571428571428573,86.37931034482759,1.1
dc_186227436fd6,Iron Mountain VA-2,VA,38.7772373,-77.5459965,2.103448275862069,0.25333333333333335,15.793103448275861,0.32857142857142857,67.48275862068965,0.9142857142857143
dc_3d475b731d7a,Iron Mountain VA-1,VA,38.777963,-77.5471012,2.0689655172413794,0.24,15.724137931034482,0.32857142857142857,67.34482758620689,0.9142857142857143
dc_757f768eba9e,Amazon Web Services,VA,38.7801515,-77.5398838,2.103448275862069,0.25333333333333335,15.862068965517242,0.32857142857142857,69.13793103448276,0.9142857142857143
dc_907bebabdb02,Amazon Web Services,VA,38.7784509,-77.539427,2.1379310344827585,0.25333333333333335,15.931034482758621,0.32857142857142857,68.89655172413794,0.9142857142857143
dc_5270a2cc2b71,Amazon Web Services,VA,38.7793425,-77.542896,2.103448275862069,0.25333333333333335,15.758620689655173,0.32857142857142857,68.03448275862068,0.9142857142857143
dc_f64d056bbae2,Amazon IAD102,VA,38.7359728,-77.5048957,1.9655172413793103,0.25333333333333335,15.931034482758621,0.32857142857142857,70.37931034482759,0.9
dc_215283604b6e,Amazon IAD101,VA,38.73544,-77.5057,1.9655172413793103,0.25333333333333335,15.89655172413793,0.32857142857142857,70.24137931034483,0.9
dc_0f715e95c136,Amazon IAD100,VA,38.7346,-77.50664,1.9655172413793103,0.25333333333333335,15.862068965517242,0.32857142857142857,69.96551724137932,0.8857142857142857
dc_03018a9d0b6e,CloudHQ MCC2,VA,38.7231919,-77.4989708,1.9655172413793103,0.25333333333333335,16.06896551724138,0.32857142857142857,69.75862068965517,0.8857142857142857
dc_78d8f7c02c3f,Rackspace Somerset NYC1,NJ,40.5445265,-74.5377876,0.8620689655172413,0.18666666666666668,10.551724137931034,0.014285714285714285,51.03448275862069,0.5
dc_dd7f371bd132,Rackspace Belmont NYC2,NJ,40.540843,-74.5374915,0.8620689655172413,0.18666666666666668,10.448275862068966,0.014285714285714285,50.62068965517241,0.5
dc_d8396c50b3ee,Amazon Web Services,VA,38.7430518,-77.5333746,1.896551724137931,0.25333333333333335,15.620689655172415,0.32857142857142857,67.72413793103448,0.8714285714285714
dc_eb20055e37d8,QTS Ashburn-Shellhorn DC1,VA,38.9980776,-77.4754706,2.206896551724138,0.17333333333333334,19.0,0.4,90.55172413793103,1.1571428571428573
dc_e8d31e068a27,QTS Atlanta Data Center 2,GA,33.7776013,-84.4194463,2.0344827586206895,0.44,29.482758620689655,0.44285714285714284,42.3448275862069,0.4
dc_74a74b023e2f,,TX,29.4190024,-98.7874813,1.3103448275862069,0.21333333333333335,16.620689655172413,1.3142857142857143,7.620689655172414,0.6857142857142857
dc_6bab7da413ec,Microsoft TRP3 (SAT46),TX,29.412977,-98.8063744,1.2413793103448276,0.21333333333333335,16.06896551724138,1.2714285714285714,7.517241379310345,0.6857142857142857
dc_28267cfc3b00,Microsoft,TX,29.4157967,-98.803316,1.2413793103448276,0.21333333333333335,16.06896551724138,1.2714285714285714,7.586206896551724,0.6857142857142857
dc_fae6b5693fbe,Microsoft,TX,29.4157956,-98.8045148,1.2413793103448276,0.21333333333333335,16.06896551724138,1.2714285714285714,7.551724137931035,0.6857142857142857
dc_999534d8e27f,Pewaukee Data Center,WI,43.0513735,-88.216698,1.1379310344827587,0.3466666666666667,18.586206896551722,0.4714285714285714,23.379310344827587,0.9857142857142858
dc_9d8cf5da6d03,,GA,34.060998,-84.2740266,1.4827586206896552,0.41333333333333333,27.413793103448278,0.4714285714285714,38.06896551724138,0.34285714285714286
dc_08f38c9b891d,CenturyLink,NV,36.1829977,-115.0626696,0.034482758620689655,0.0,1.896551724137931,0.014285714285714285,4.620689655172414,0.18571428571428572
dc_3bcbc5a11a48,EdgeConneX PHX02 Data Center,AZ,33.3520091,-111.6475291,0.3103448275862069,0.05333333333333334,2.689655172413793,0.04285714285714286,22.310344827586206,1.3142857142857143
dc_699df009d618,Amazon IAD601,VA,38.7788593,-77.5571158,2.0344827586206895,0.24,15.586206896551724,0.32857142857142857,66.0,0.9142857142857143
dc_e956e70cd991,Switch Edge 1,NV,36.0591345,-115.213688,0.034482758620689655,0.0,1.896551724137931,0.014285714285714285,4.068965517241379,0.15714285714285714
dc_bb73a0990371,Switch Las Vegas 4,NV,36.143646,-115.076779,0.06896551724137931,0.0,1.9310344827586208,0.014285714285714285,4.620689655172414,0.18571428571428572
dc_3c2574f581bf,Switch Las Vegas 5,NV,36.1427635,-115.0766965,0.06896551724137931,0.0,1.9310344827586208,0.014285714285714285,4.620689655172414,0.18571428571428572
dc_0ecb384a674e,T-Mobile Everglades MSO Data Center,FL,26.1849937,-80.2868773,3.7241379310344827,0.24,9.275862068965518,0.08571428571428572,12.689655172413794,0.6857142857142857
dc_ecc6d4f818f6,EdgeConneX - Portland,OR,45.55659,-122.91221,0.7241379310344828,0.02666666666666667,0.3793103448275862,0.0,0.8275862068965517,0.014285714285714285
dc_9e9c29814c16,DC Blox Data Center,AL,33.5006749,-86.8208315,3.0,0.68,16.82758620689655,0.45714285714285713,23.551724137931036,0.4
dc_db49eaafdae8,Amazon Web Services CMH56,OH,40.0965342,-82.7520513,1.4827586206896552,0.22666666666666666,14.517241379310345,0.22857142857142856,32.758620689655174,0.4857142857142857
dc_dd23e424efc1,Amazon Web Services  CMH59,OH,40.0940462,-82.7474911,1.4827586206896552,0.22666666666666666,14.482758620689655,0.21428571428571427,32.793103448275865,0.4857142857142857
dc_02d1d5411388,Searcy Information Technologies,AR,35.2492161,-91.7409058,2.8275862068965516,0.8266666666666667,11.620689655172415,0.44285714285714284,16.413793103448278,0.22857142857142856
dc_5ce525abc4b0,Amazon Web Services,VA,38.9958502,-77.4712939,2.206896551724138,0.17333333333333334,19.137931034482758,0.4,91.89655172413794,1.1571428571428573
dc_f16da2318b3f,Amazon Web Services,VA,38.9966044,-77.4732601,2.206896551724138,0.17333333333333334,19.137931034482758,0.4,91.3103448275862,1.1571428571428573
dc_5b3b4f66f387,Digital Loudoun Plaza,VA,39.0048431,-77.4851266,2.1724137931034484,0.17333333333333334,18.586206896551722,0.38571428571428573,88.6896551724138,1.1
dc_2d6ea7ca3b60,Digital Loudoun Plaza,VA,39.0016288,-77.4823625,2.1724137931034484,0.17333333333333334,18.689655172413794,0.38571428571428573,89.06896551724138,1.1142857142857143
dc_e99dc41af8d5,Meta Eagle Mountain Data Center,UT,40.267923,-112.015266,0.13793103448275862,0.0,2.3448275862068964,0.014285714285714285,6.482758620689655,0.44285714285714284
dc_10325eee14b2,Meta Eagle Mountain Data Center,UT,40.26556,-112.01513,0.13793103448275862,0.0,2.3448275862068964,0.014285714285714285,6.482758620689655,0.44285714285714284
dc_0c8314ec56c5,,KS,38.92681,-94.76837,1.9655172413793103,0.5066666666666667,52.03448275862069,1.9428571428571428,43.793103448275865,2.857142857142857
dc_e4f0ffd292d9,Digital Realty IAD42 (Building R),VA,39.0056891,-77.4494637,2.2758620689655173,0.17333333333333334,19.79310344827586,0.4,94.20689655172414,1.1428571428571428
dc_247030637655,Amazon Web Services,OR,45.84667,-119.60704,0.10344827586206896,0.0,0.5517241379310345,0.02857142857142857,1.896551724137931,0.11428571428571428
dc_d485de36a4e3,Amazon Web Services,OR,45.846754,-119.608937,0.10344827586206896,0.0,0.5517241379310345,0.02857142857142857,1.896551724137931,0.11428571428571428
dc_4fbb34622183,Meta Henrico Data Center,VA,37.4819534,-77.2337115,1.7586206896551724,0.22666666666666666,12.482758620689655,0.22857142857142856,37.41379310344828,0.14285714285714285
dc_0d21ead2053e,,FL,28.2940687,-81.8348651,1.6551724137931034,0.26666666666666666,7.413793103448276,0.07142857142857142,7.586206896551724,0.21428571428571427
dc_10de28f82ea3,DataBank Las Vegas LAS1,NV,36.059754,-115.1471723,0.06896551724137931,0.0,1.896551724137931,0.014285714285714285,4.482758620689655,0.18571428571428572
dc_57b520c4877c,Meta Eagle Mountain Data Center,UT,40.2723307,-112.0150579,0.13793103448275862,0.0,2.3448275862068964,0.014285714285714285,6.413793103448276,0.44285714285714284
dc_c6d76c93385d,Amazon IAD601,VA,39.0152596,-77.4377755,2.3448275862068964,0.17333333333333334,20.137931034482758,0.4,95.17241379310344,1.1857142857142857
dc_262cc9519516,,AZ,31.9726748,-110.3047517,0.10344827586206896,0.0,1.206896551724138,0.0,1.9655172413793103,0.07142857142857142
dc_48a36602236c,,AZ,33.4933506,-112.0705502,0.3103448275862069,0.08,4.172413793103448,0.07142857142857142,29.586206896551722,1.957142857142857
dc_c4344c114a1e,Meta Stanton Springs Data Center,GA,33.600607,-83.697704,1.0344827586206897,0.2,9.931034482758621,0.11428571428571428,22.103448275862068,0.11428571428571428
dc_3a1b184b17f4,,GA,33.6014,-83.7054,1.0344827586206897,0.2,10.03448275862069,0.11428571428571428,22.17241379310345,0.11428571428571428
dc_27b1c3e36589,Flexential Salt Lake City - Millcreek,UT,40.685569,-111.8850505,0.2413793103448276,0.04,3.103448275862069,0.0,10.275862068965518,0.5571428571428572
dc_99fd51d91906,Amazon Web Services,OR,45.8365499,-119.6898735,0.10344827586206896,0.0,0.5862068965517241,0.04285714285714286,1.8275862068965518,0.11428571428571428
dc_3fcfdde53010,Amazon Web Services,VA,38.7442865,-77.5333323,1.8620689655172413,0.25333333333333335,15.655172413793103,0.32857142857142857,68.0,0.8714285714285714
dc_7ef3283adb5a,,VA,38.746,-77.53745,1.9310344827586208,0.25333333333333335,15.448275862068966,0.32857142857142857,66.79310344827586,0.8714285714285714
dc_3c9eb2937c6d,COPT Innovation Park Data Center,VA,38.7438863,-77.5306249,1.8620689655172413,0.25333333333333335,15.551724137931034,0.32857142857142857,68.58620689655173,0.8714285714285714
dc_bb427e05d591,COPT Data Center Bldg 2,VA,38.7440549,-77.5291961,1.896551724137931,0.25333333333333335,15.586206896551724,0.32857142857142857,68.62068965517241,0.8714285714285714
dc_43894af7cd6d,QTS Ashburn Lockridge,VA,38.9959297,-77.4562445,2.2413793103448274,0.17333333333333334,19.620689655172413,0.38571428571428573,94.17241379310344,1.1857142857142857
dc_b58a2083db92,Amazon,CA,37.3899287,-121.9659908,0.1724137931034483,0.02666666666666667,1.6551724137931034,0.0,0.3103448275862069,0.014285714285714285
dc_178b28f5cd76,,SC,33.06207,-80.03846,1.9310344827586208,0.08,22.20689655172414,0.18571428571428572,34.793103448275865,0.44285714285714284
dc_c806773aba18,Google,SC,33.06218,-80.04007,1.9310344827586208,0.08,22.103448275862068,0.18571428571428572,34.793103448275865,0.44285714285714284
dc_e32fbe5604ea,Google,SC,33.061931,-80.0411281,1.9310344827586208,0.08,22.103448275862068,0.18571428571428572,34.793103448275865,0.44285714285714284
dc_da711190ad53,Google,SC,33.0643114,-80.03845,1.9310344827586208,0.08,22.275862068965516,0.18571428571428572,34.86206896551724,0.44285714285714284
dc_7c9ebf6e3c47,Google,SC,33.0663558,-80.0385236,1.896551724137931,0.08,22.310344827586206,0.18571428571428572,34.86206896551724,0.44285714285714284
dc_49df3f3fad96,Google,SC,33.0641647,-80.0436036,1.9655172413793103,0.08,22.17241379310345,0.18571428571428572,34.86206896551724,0.44285714285714284
dc_46c732da4507,Google,SC,33.0620387,-80.0449828,1.9655172413793103,0.08,22.0,0.18571428571428572,34.827586206896555,0.44285714285714284
dc_8b4592f3e993,Google,SC,33.0644422,-80.0460576,2.0,0.08,22.0,0.18571428571428572,34.93103448275862,0.44285714285714284
dc_4d8a5f0cb9bc,,GA,33.6000742,-83.6968472,1.0344827586206897,0.2,9.862068965517242,0.11428571428571428,22.06896551724138,0.11428571428571428
dc_10d0eb56510d,,GA,33.5980717,-83.6950212,1.0344827586206897,0.2,9.827586206896552,0.11428571428571428,21.93103448275862,0.11428571428571428
dc_7f252a87585c,Microsoft EAT02,WA,47.416868,-120.2076878,0.06896551724137931,0.0,0.3103448275862069,0.0,0.5862068965517241,0.014285714285714285
dc_9f03a5bdb15d,Google,IA,41.1773457,-95.8048567,2.5172413793103448,0.44,29.724137931034484,1.5285714285714285,22.93103448275862,1.8428571428571427
dc_d12fd41fa0cc,Google,IA,41.177407,-95.806318,2.5172413793103448,0.44,29.655172413793103,1.5285714285714285,23.0,1.8428571428571427
dc_b13d123c2fa9,Google,IA,41.1774831,-95.8031865,2.5172413793103448,0.44,29.75862068965517,1.5285714285714285,22.862068965517242,1.8285714285714285
dc_f7b7979f9b54,Google,IA,41.17749,-95.80092,2.5172413793103448,0.44,30.0,1.5285714285714285,22.896551724137932,1.8285714285714285
dc_f9e787337659,Google,IA,41.17552,-95.80678,2.5517241379310347,0.44,29.93103448275862,1.542857142857143,23.06896551724138,1.8571428571428572
dc_e3094350f227,Google,IA,41.1755246,-95.8056388,2.5517241379310347,0.44,29.96551724137931,1.542857142857143,23.03448275862069,1.8571428571428572
dc_a2bac79b8856,Google,IA,41.1755259,-95.804509,2.5517241379310347,0.44,30.0,1.542857142857143,23.03448275862069,1.8571428571428572
dc_1fea4ccdacb1,Google,IA,41.1755278,-95.803375,2.5517241379310347,0.44,30.0,1.542857142857143,22.96551724137931,1.8428571428571427
dc_1569e6fccb74,Google,IA,41.1755307,-95.8022395,2.5517241379310347,0.44,30.03448275862069,1.542857142857143,22.96551724137931,1.8428571428571427
dc_d4eba7bb95c9,Google,IA,41.175613,-95.801106,2.5517241379310347,0.44,30.0,1.542857142857143,22.96551724137931,1.8428571428571427
dc_b8c6e0dbdf86,Google,IA,41.1755366,-95.7999641,2.5517241379310347,0.44,30.0,1.542857142857143,22.93103448275862,1.8428571428571427
dc_1da0c5d7a144,Google,IA,41.1726404,-95.8040298,2.5517241379310347,0.4533333333333333,29.96551724137931,1.5285714285714285,23.103448275862068,1.8857142857142857
dc_2c9c352d5cb0,Google,IA,41.1726458,-95.8025278,2.5517241379310347,0.4533333333333333,29.96551724137931,1.5285714285714285,23.103448275862068,1.8857142857142857
dc_a886b4d06283,Google,IA,41.17256,-95.80113,2.5517241379310347,0.4533333333333333,30.0,1.5285714285714285,23.103448275862068,1.8857142857142857
dc_90a5aa0e6a9f,Microsoft,IA,41.4968303,-93.7869962,4.0,0.4533333333333333,39.206896551724135,1.0142857142857142,36.86206896551724,2.4714285714285715
dc_ec0baf9bd582,Microsoft,IA,41.539814,-93.8263137,3.9310344827586206,0.4266666666666667,38.55172413793103,0.9714285714285714,38.55172413793103,2.5142857142857142
dc_abd7ac10d990,Microsoft,IA,41.5396705,-93.8286654,3.896551724137931,0.4266666666666667,38.51724137931034,0.9714285714285714,38.241379310344826,2.4714285714285715
dc_f97d793b329a,,CA,37.3611541,-121.9423402,0.1724137931034483,0.02666666666666667,1.6551724137931034,0.0,0.3103448275862069,0.014285714285714285
dc_d9f6b1c94072,xAI Macrohardrr,MS,34.987,-89.9649,1.0689655172413792,0.38666666666666666,14.655172413793103,0.2571428571428571,21.448275862068964,0.8714285714285714
dc_5d6a8401ff0b,Flexential Portland - Hillsboro 4 Expansion,OR,45.5553909,-122.941087,0.5862068965517241,0.02666666666666667,0.3793103448275862,0.0,0.8275862068965517,0.014285714285714285
dc_b63c46c43ef7,Flexential Portland - Hillsboro 5,OR,45.5563407,-122.9394067,0.5862068965517241,0.02666666666666667,0.3793103448275862,0.0,0.8275862068965517,0.014285714285714285
dc_7fe16fd74581,QTS San Antonio II,TX,29.4492,-98.65315,1.1724137931034482,0.22666666666666666,18.448275862068964,1.3857142857142857,7.862068965517241,0.8
dc_1cb556e009e0,T5@Colorado Springs,CO,38.7861601,-104.7885828,0.7241379310344828,0.09333333333333334,47.44827586206897,1.6,3.1379310344827585,0.21428571428571427
dc_77bfb34f333b,Flexential Tampa - North,FL,28.0738698,-82.3683619,3.206896551724138,0.36,9.172413793103448,0.1,13.96551724137931,0.3
dc_42c854b8c335,,VA,37.356296,-77.333741,1.6206896551724137,0.25333333333333335,11.379310344827585,0.17142857142857143,35.41379310344828,0.1
dc_370cc6f40ea9,Amazon IAD-169,VA,39.0167452,-77.4520059,2.2758620689655173,0.17333333333333334,19.896551724137932,0.38571428571428573,93.27586206896552,1.1142857142857143
dc_9b04c18bf82a,Amazon IAD-179,VA,39.015885,-77.4531399,2.2758620689655173,0.17333333333333334,19.896551724137932,0.38571428571428573,93.37931034482759,1.1142857142857143
dc_b6815d83ac53,Aligned IAD02,VA,39.0104171,-77.4751585,2.2413793103448274,0.17333333333333334,18.82758620689655,0.37142857142857144,89.48275862068965,1.1285714285714286
dc_429c38217707,QTS Manassas DC5,VA,38.7547679,-77.5173876,2.0344827586206895,0.25333333333333335,15.689655172413794,0.32857142857142857,71.03448275862068,0.9142857142857143
dc_0a74f3f6a21d,PHX-11,AZ,33.4090306,-112.3648272,0.1724137931034483,0.04,2.4482758620689653,0.02857142857142857,17.551724137931036,1.2
dc_abcef906ff55,,NY,41.0523325,-73.9717745,0.4482758620689655,0.05333333333333334,11.172413793103448,0.11428571428571428,44.37931034482759,0.7
dc_624a20da991b,Compute North,NE,40.72591,-99.03842,1.793103448275862,0.41333333333333333,19.896551724137932,1.0857142857142856,13.931034482758621,1.1142857142857143
dc_baa41125feea,Flexential Atlanta - Douglasville 1,GA,33.7310574,-84.6160809,1.793103448275862,0.4666666666666667,25.96551724137931,0.44285714285714284,39.55172413793103,0.38571428571428573
dc_2143f8b4a2a6,Google,TN,36.62484,-87.26351,3.0689655172413794,0.48,9.448275862068966,0.24285714285714285,25.620689655172413,0.9428571428571428
dc_f22eaad28efd,SPC3A,TN,36.62431,-87.25902,3.0689655172413794,0.48,9.448275862068966,0.24285714285714285,25.551724137931036,0.9285714285714286
dc_7212377335fd,Amazon Web Services,VA,38.9795634,-77.4174915,2.2413793103448274,0.17333333333333334,20.137931034482758,0.4,97.48275862068965,1.2571428571428571
dc_9efbddd27ce0,Meta,NC,35.3156695,-81.8221092,1.5517241379310345,0.2,17.137931034482758,0.2714285714285714,32.37931034482759,0.32857142857142857
dc_a6ee91f963a9,,NY,43.0821786,-79.0307777,0.1724137931034483,0.04,3.8275862068965516,0.08571428571428572,10.310344827586206,0.12857142857142856
dc_f377bd967513,TierPoint Valley Forge,PA,40.1218812,-75.4208776,1.0,0.25333333333333335,12.275862068965518,0.12857142857142856,71.86206896551724,0.8142857142857143
dc_c4a353e43e52,Aligned DC - PDX-01,OR,45.5540594,-122.9492507,0.5862068965517241,0.02666666666666667,0.3793103448275862,0.0,0.7586206896551724,0.014285714285714285
dc_b98d99d8249f,Tahoe Reno 1,NV,39.5140681,-119.4755145,0.3103448275862069,0.0,1.0689655172413792,0.014285714285714285,1.6206896551724137,0.14285714285714285
dc_d185c3f308a0,Tahoe Reno 2,NV,39.513787,-119.484853,0.3103448275862069,0.0,1.0689655172413792,0.014285714285714285,1.6551724137931034,0.14285714285714285
dc_25c7e68064cd,Flexential Salt Lake City - Fair Park,UT,40.7667963,-111.9202947,0.27586206896551724,0.04,2.586206896551724,0.0,10.10344827586207,0.5571428571428572
dc_31eff1e33048,CyrusOne San Antonio IV,TX,29.47076,-98.670723,1.206896551724138,0.24,18.344827586206897,1.4,7.620689655172414,0.7714285714285715
dc_ced68be9f4dd,Equinix Ashburn DC16,VA,39.024382,-77.452285,2.2758620689655173,0.17333333333333334,19.862068965517242,0.38571428571428573,92.6896551724138,1.0857142857142856
dc_d5219db2a1d5,Microsoft IAD11,VA,38.9483832,-77.5558692,2.1379310344827585,0.21333333333333335,16.103448275862068,0.34285714285714286,78.10344827586206,1.0571428571428572
dc_b365760cf1a8,Amazon Web Services,OR,45.9019,-119.3205,0.13793103448275862,0.013333333333333334,0.6551724137931034,0.04285714285714286,2.1379310344827585,0.1
dc_0f5514724b8f,Amazon Web Services,OR,45.9027657,-119.3204918,0.13793103448275862,0.013333333333333334,0.6551724137931034,0.04285714285714286,2.1379310344827585,0.1
dc_c7365e51dba0,Amazon Web Services,OR,45.9038538,-119.3204774,0.13793103448275862,0.013333333333333334,0.6551724137931034,0.04285714285714286,2.1379310344827585,0.1
dc_8e0b128bc5f7,Amazon Web Services,OR,45.9050998,-119.3201446,0.13793103448275862,0.013333333333333334,0.6551724137931034,0.04285714285714286,2.1379310344827585,0.1
dc_9acc4e51969d,Amazon Web Services,OR,45.8469,-119.6038,0.10344827586206896,0.0,0.5517241379310345,0.02857142857142857,1.8620689655172413,0.11428571428571428
dc_782851ca8777,Amazon Web Services,OR,45.9157234,-119.2699703,0.13793103448275862,0.013333333333333334,0.6896551724137931,0.04285714285714286,2.586206896551724,0.12857142857142856
dc_b6941fc8a5af,,VA,39.0696487,-77.5607711,2.3448275862068964,0.2,17.103448275862068,0.3,77.3103448275862,1.0142857142857142
dc_d10d2ffca929,,VA,39.069906,-77.559458,2.3448275862068964,0.2,17.137931034482758,0.3,77.34482758620689,1.0142857142857142
dc_af15da12f636,Meta Henrico Data Center,VA,37.4778562,-77.2264818,1.7241379310344827,0.22666666666666666,12.448275862068966,0.22857142857142856,37.44827586206897,0.14285714285714285
dc_9641476d2168,QTS,AZ,33.4608806,-111.9971562,0.3103448275862069,0.08,3.9310344827586206,0.04285714285714286,30.379310344827587,2.0
dc_ff85876636d4,FiberState Datacenter,UT,40.5114517,-111.8882555,0.27586206896551724,0.02666666666666667,2.9655172413793105,0.0,11.241379310344827,0.5857142857142857
dc_cbea6272623c,,IL,38.8105602,-89.9487033,3.2758620689655173,0.5333333333333333,24.724137931034484,0.9857142857142858,32.689655172413794,1.4714285714285715
dc_451e126116e7,CoreSite Reston Campus VA2,VA,38.9514551,-77.363999,2.1724137931034484,0.21333333333333335,20.137931034482758,0.4142857142857143,99.03448275862068,1.4714285714285715
dc_978ee4734a31,AWS IAD105,VA,38.7475999,-77.51948,2.0,0.25333333333333335,15.620689655172415,0.32857142857142857,70.10344827586206,0.9
dc_6bda20d02c25,AWS IAD104,VA,38.7483699,-77.5207001,2.0,0.25333333333333335,15.620689655172415,0.32857142857142857,69.75862068965517,0.9
dc_e60910dea260,QTS Manassas DC1,VA,38.7525433,-77.513108,2.0344827586206895,0.25333333333333335,15.758620689655173,0.32857142857142857,71.55172413793103,0.9285714285714286
dc_607669b8392b,,MD,39.133687,-76.8514344,2.2758620689655173,0.16,17.344827586206897,0.22857142857142856,95.72413793103448,1.4428571428571428
dc_2f34cf65f086,Meta,OR,44.3016719,-120.8945866,0.034482758620689655,0.0,3.0,0.014285714285714285,0.5517241379310345,0.02857142857142857
dc_cb36d1bfe77c,Meta,OR,44.29922,-120.89458,0.034482758620689655,0.0,3.0,0.014285714285714285,0.5517241379310345,0.02857142857142857
dc_1f13f2e4e800,Digital Realty PDX11 Data Center,OR,45.56834,-122.91998,0.7241379310344828,0.02666666666666667,0.3793103448275862,0.0,0.7931034482758621,0.014285714285714285
dc_c0c1e9788a37,Datacenter (386),IL,41.7071342,-87.9759559,3.5172413793103448,0.49333333333333335,33.62068965517241,0.6285714285714286,63.55172413793103,3.8285714285714287
dc_40e30e32f22b,Amazon Web Services,OH,40.10185,-83.19975,1.4137931034482758,0.25333333333333335,12.482758620689655,0.15714285714285714,27.93103448275862,0.4
dc_a5676724cc7b,Amazon Web Services,OH,40.10077,-83.19947,1.4137931034482758,0.25333333333333335,12.448275862068966,0.15714285714285714,27.93103448275862,0.4
dc_8af951b34bae,Amazon Web Services,OH,40.0997864,-83.1992645,1.4137931034482758,0.25333333333333335,12.448275862068966,0.15714285714285714,27.93103448275862,0.4
dc_f1fa89442e45,NTT Chicago CH1,IL,41.9879619,-88.0072217,2.6206896551724137,0.36,33.758620689655174,0.4714285714285714,63.48275862068966,3.7857142857142856
dc_fde7fcc462d1,,WI,44.8771653,-91.9199989,0.9310344827586207,0.32,10.172413793103448,0.2857142857142857,9.689655172413794,0.4714285714285714
dc_a7a75774014b,CoreSite SV7,CA,37.3760788,-121.9730567,0.1724137931034483,0.02666666666666667,1.6551724137931034,0.0,0.3103448275862069,0.014285714285714285
dc_a01ca4642c9f,Meta Huntsville Data center,AL,34.8473235,-86.6269189,4.275862068965517,0.6933333333333334,19.655172413793103,0.42857142857142855,44.96551724137931,0.9285714285714286
dc_7c600bd05cc6,Meta Huntsville Data center,AL,34.8434819,-86.6288559,4.275862068965517,0.6933333333333334,19.724137931034484,0.44285714285714284,45.03448275862069,0.9285714285714286
dc_62fa7efb5bab,Meta Huntsville Data center,AL,34.84044,-86.62883,4.275862068965517,0.6933333333333334,19.551724137931036,0.45714285714285713,44.724137931034484,0.9428571428571428
dc_1ce5c0466dac,Amazon Web Services,VA,38.97923,-77.41999,2.2413793103448274,0.17333333333333334,20.17241379310345,0.4,97.24137931034483,1.2714285714285714
dc_e6229de1ac08,Microsoft EAT03,WA,47.4169,-120.2084,0.06896551724137931,0.0,0.3103448275862069,0.0,0.5862068965517241,0.014285714285714285
dc_07743f0f8a70,Microsoft EAT04,WA,47.4197,-120.214,0.034482758620689655,0.0,0.3103448275862069,0.0,0.5862068965517241,0.014285714285714285
dc_329262a4db4d,Microsoft,IA,41.5349901,-93.8634444,3.793103448275862,0.4266666666666667,38.793103448275865,0.9571428571428572,39.758620689655174,2.557142857142857
dc_e59e36c03e54,Google: Arcola 2,VA,38.9418116,-77.5274514,2.0689655172413794,0.2,16.896551724137932,0.37142857142857144,82.86206896551724,1.0714285714285714
dc_3253db789188,,TX,32.8947608,-96.9819377,3.310344827586207,0.6933333333333334,62.793103448275865,5.057142857142857,39.241379310344826,2.2142857142857144
dc_334b14b79218,Amazon IAD603,VA,38.9815444,-77.4193612,2.2413793103448274,0.17333333333333334,20.137931034482758,0.4,97.34482758620689,1.2571428571428571
dc_0ec1cdf95464,,WY,41.1254028,-104.9075519,1.2413793103448276,0.08,21.82758620689655,0.8571428571428571,4.482758620689655,0.3
dc_06c6e7b867a1,,WY,41.1264379,-104.8995158,1.2758620689655173,0.08,21.896551724137932,0.8714285714285714,4.482758620689655,0.3
dc_38efcce0825d,,WY,41.1254,-104.902,1.2758620689655173,0.08,21.862068965517242,0.8714285714285714,4.482758620689655,0.3
dc_895c21fc08cb,,WY,41.122266,-104.9081423,1.2413793103448276,0.08,21.79310344827586,0.8714285714285714,4.482758620689655,0.3
dc_7804a006dda2,,WY,41.1222462,-104.9095169,1.2413793103448276,0.08,21.75862068965517,0.8714285714285714,4.482758620689655,0.3
dc_02a45ce844d8,Amazon IAD86,VA,38.9172562,-77.4956744,2.103448275862069,0.2,18.06896551724138,0.37142857142857144,86.41379310344827,1.2428571428571429
dc_a11921ca0756,Amazon IAD130,VA,38.7603606,-77.5193019,2.103448275862069,0.25333333333333335,15.655172413793103,0.32857142857142857,71.48275862068965,0.9285714285714286
dc_d49e6fd6c32a,Amazon IAD131,VA,38.7611048,-77.518221,2.103448275862069,0.25333333333333335,15.655172413793103,0.32857142857142857,71.62068965517241,0.9428571428571428
dc_f9ad1aa121d1,Meta Data Center,MO,39.32263,-94.59808,1.6206896551724137,0.48,44.37931034482759,1.8,35.0,2.1714285714285713
dc_6216c49b2a10,QTS Ashburn-Shellhorn DC2,VA,38.9987099,-77.4743264,2.206896551724138,0.17333333333333334,18.93103448275862,0.38571428571428573,90.51724137931035,1.1571428571428573
dc_45a130be2be9,QTS Ashburn Lockridge,VA,38.9953067,-77.455264,2.206896551724138,0.17333333333333334,19.620689655172413,0.38571428571428573,94.20689655172414,1.1857142857142857
dc_646e4da4cdc0,QTS Ashburn Lockridge,VA,38.99518,-77.45682,2.2413793103448274,0.17333333333333334,19.620689655172413,0.38571428571428573,94.13793103448276,1.1857142857142857
dc_068c81dbe338,Amazon IAD192,VA,38.9896,-77.4348,2.2413793103448274,0.17333333333333334,19.82758620689655,0.4142857142857143,96.10344827586206,1.2142857142857142
dc_f289518407b9,,VA,39.017043,-77.4733379,2.2758620689655173,0.17333333333333334,18.93103448275862,0.37142857142857144,89.62068965517241,1.1285714285714286
dc_ca426d800c5e,NTT Ashburn VA8 Data Centre,VA,39.02044,-77.47551,2.2413793103448274,0.17333333333333334,18.79310344827586,0.37142857142857144,88.79310344827586,1.0857142857142856
dc_24d87e9fe5e5,DataBank Ashburn IAD3,VA,39.0179043,-77.4818188,2.206896551724138,0.17333333333333334,18.482758620689655,0.37142857142857144,88.65517241379311,1.0857142857142856
dc_89af903960ac,PowerHouse ABX-1,VA,39.0195992,-77.4504568,2.310344827586207,0.17333333333333334,19.896551724137932,0.38571428571428573,93.20689655172414,1.1142857142857143
dc_351caa7b27c5,Cologix ASH1,VA,39.017186,-77.457688,2.310344827586207,0.17333333333333334,19.82758620689655,0.38571428571428573,92.93103448275862,1.1142857142857143
dc_2187c39b38fe,Meta,NM,34.82588,-106.77889,0.2413793103448276,0.013333333333333334,3.413793103448276,0.04285714285714286,3.586206896551724,0.07142857142857142
dc_be1a71831407,,WA,47.2448126,-119.8180948,0.06896551724137931,0.0,0.13793103448275862,0.0,0.2413793103448276,0.0
dc_6e1ef83981b4,,WA,47.2442897,-119.8148063,0.06896551724137931,0.0,0.13793103448275862,0.0,0.2413793103448276,0.0
dc_b90668346127,Lightedge Des Moines 2,IA,41.666814,-93.4559432,3.793103448275862,0.4666666666666667,37.03448275862069,1.2142857142857142,37.827586206896555,2.2714285714285714
dc_fcf51a120a52,QTS Suwanee,GA,34.0361545,-84.0593468,1.2413793103448276,0.30666666666666664,24.103448275862068,0.37142857142857144,35.241379310344826,0.22857142857142856
dc_55447331648c,,NV,39.5697107,-119.5378592,0.3103448275862069,0.0,1.0344827586206897,0.014285714285714285,1.6551724137931034,0.14285714285714285
dc_eb8ab216ce0f,,NV,39.570053,-119.537092,0.3103448275862069,0.0,1.0344827586206897,0.014285714285714285,1.6551724137931034,0.14285714285714285
dc_ccf5e5778bb2,,NV,39.57059,-119.53603,0.3103448275862069,0.0,1.0344827586206897,0.014285714285714285,1.6551724137931034,0.14285714285714285
dc_26b206933be4,,NV,39.5709863,-119.5353174,0.3103448275862069,0.0,1.0344827586206897,0.014285714285714285,1.6551724137931034,0.14285714285714285
dc_64a34293fec1,Carrier Services Group,OH,41.041059,-80.633078,1.0,0.26666666666666666,16.517241379310345,0.14285714285714285,39.93103448275862,0.4142857142857143
dc_82df444c36ba,Flexential Nashville - Cool Springs,TN,35.951045,-86.833406,2.9310344827586206,0.32,18.275862068965516,0.37142857142857144,56.06896551724138,1.1285714285714286
dc_c2b297bd8c6e,,WI,43.6383333,-89.7214027,0.896551724137931,0.22666666666666666,9.793103448275861,0.15714285714285714,15.586206896551724,0.5857142857142857
dc_404bbc86384a,Gallatin Data Center,TN,36.4084957,-86.3716203,3.0,0.52,14.517241379310345,0.2571428571428571,48.62068965517241,0.9571428571428572
dc_cc8fe699ab97,Aligned Data Center - Chicago ORD-01,IL,41.9140034,-87.9175163,2.689655172413793,0.36,33.310344827586206,0.4714285714285714,61.724137931034484,3.757142857142857
dc_e750446c0bc0,Aligned Data Center - Chicago ORD-02,IL,41.9129628,-87.9175895,2.689655172413793,0.36,33.275862068965516,0.4714285714285714,61.758620689655174,3.7714285714285714
dc_132750142234,,IL,42.0231434,-87.9721861,2.310344827586207,0.37333333333333335,31.655172413793103,0.4142857142857143,59.724137931034484,3.6142857142857143
dc_e3402b9266d8,T5 Chicago II,IL,42.023067,-87.974905,2.2758620689655173,0.37333333333333335,31.655172413793103,0.4142857142857143,60.03448275862069,3.6142857142857143
dc_fb65457c05e8,Cortex supercomputer,TX,30.2156048,-97.6189387,1.5172413793103448,0.32,19.482758620689655,1.4857142857142858,10.620689655172415,0.7285714285714285
dc_f7e12f7229a2,AWS IAD106,VA,38.74698,-77.51852,2.0,0.25333333333333335,15.620689655172415,0.32857142857142857,70.17241379310344,0.9
dc_4f4a0b432dc9,Google NBY-2,OH,40.0596182,-82.7644645,1.5172413793103448,0.22666666666666666,14.758620689655173,0.21428571428571427,32.3448275862069,0.5
dc_7b586018e4c3,Amazon Web Services,VA,38.9491488,-77.5235942,2.0344827586206895,0.2,17.0,0.37142857142857144,83.51724137931035,1.0714285714285714
dc_232553a6ff95,CyrusOne OCB1 Council Bluffs,IA,41.21229,-95.87804,2.3448275862068964,0.4,30.0,1.5285714285714285,23.03448275862069,1.8857142857142857
dc_68b508c5ceaf,Amazon Web Services,OR,45.8361,-119.69405,0.10344827586206896,0.0,0.5517241379310345,0.04285714285714286,1.8275862068965518,0.11428571428571428
dc_2c47a18367ee,Novartis,TX,32.6512011,-97.3196729,2.9310344827586206,0.68,47.06896551724138,3.4714285714285715,29.689655172413794,1.9428571428571428
dc_bf2eef1439d6,Equinix SV11,CA,37.242615,-121.7840216,0.3793103448275862,0.02666666666666667,1.8620689655172413,0.0,0.3448275862068966,0.02857142857142857
dc_9b042aff160a,Amazon IAD103,VA,38.7369848,-77.5040881,1.9310344827586208,0.25333333333333335,15.89655172413793,0.32857142857142857,70.48275862068965,0.9142857142857143
dc_10369a8df37e,CloudHQ MCC3,VA,38.71502,-77.49512,1.9310344827586208,0.25333333333333335,16.0,0.32857142857142857,69.82758620689656,0.9142857142857143
dc_3b1559745c3a,CyrusOne PHX8,AZ,33.2663278,-111.8833041,0.3103448275862069,0.05333333333333334,3.0344827586206895,0.04285714285714286,26.517241379310345,1.6
dc_6d2fa97e9079,CyrusOne PHX3,AZ,33.2719163,-111.8816269,0.3103448275862069,0.05333333333333334,3.1724137931034484,0.04285714285714286,27.17241379310345,1.6857142857142857
dc_39ca538ce865,CyrusOne PHX4,AZ,33.2718093,-111.8832625,0.3103448275862069,0.05333333333333334,3.1724137931034484,0.04285714285714286,27.103448275862068,1.6714285714285715
dc_7af833dd4dce,Vantage VA13,VA,39.0032126,-77.440175,2.2413793103448274,0.16,20.0,0.4,95.34482758620689,1.2285714285714286
dc_f8de9711b6d9,Lightedge Des Moines 1,IA,41.6676628,-93.4554841,3.793103448275862,0.48,37.03448275862069,1.2142857142857142,37.827586206896555,2.2714285714285714
dc_5bfc1aecb5cf,Yahoo,NE,41.18048,-96.08488,2.5517241379310347,0.3466666666666667,32.310344827586206,1.5571428571428572,25.379310344827587,2.257142857142857
dc_b96977f6c390,,NM,32.3096657,-106.7291929,0.13793103448275862,0.0,2.896551724137931,0.05714285714285714,2.310344827586207,0.14285714285714285
dc_7cd73fdda023,Verizon North Las Vegas,NV,36.2218945,-115.1470466,0.034482758620689655,0.0,1.9655172413793103,0.014285714285714285,4.310344827586207,0.15714285714285714
dc_0549b113a011,Google,NE,41.1349,-96.1443,2.6206896551724137,0.37333333333333335,33.03448275862069,1.5857142857142856,25.655172413793103,2.342857142857143
dc_51a81e12c581,Google,NE,41.1343926,-96.1559041,2.689655172413793,0.36,33.58620689655172,1.6428571428571428,26.344827586206897,2.357142857142857
dc_f68c00c4207e,Involta Independence,OH,41.361071,-81.6327814,1.3793103448275863,0.2,23.275862068965516,0.35714285714285715,40.241379310344826,0.9
dc_d0d2390b75ed,Bloomberg Data Center,NY,41.0361943,-73.9876261,0.4827586206896552,0.05333333333333334,11.344827586206897,0.12857142857142856,45.86206896551724,0.7428571428571429
dc_00b2737ad841,fifteenfortyseven CSR ORNY1,NY,41.0344926,-73.9757865,0.4827586206896552,0.05333333333333334,11.275862068965518,0.12857142857142856,45.41379310344828,0.7428571428571429
dc_091d046182c5,Stack Infrastructure - POR03,OR,45.55415,-122.93941,0.5862068965517241,0.02666666666666667,0.3793103448275862,0.0,0.8275862068965517,0.014285714285714285
dc_6ff36699e16a,Stack Infrastructure - POR03,OR,45.554283,-122.940567,0.5862068965517241,0.02666666666666667,0.3793103448275862,0.0,0.7586206896551724,0.014285714285714285
dc_2a1d188ac87d,Stack Infrastructure - POR03,OR,45.5528982,-122.9379804,0.6206896551724138,0.02666666666666667,0.3793103448275862,0.0,0.7586206896551724,0.014285714285714285
dc_2d174e33a292,Amazon Web Services,VA,38.9043442,-77.4524692,2.2413793103448274,0.21333333333333335,19.17241379310345,0.4,92.51724137931035,1.3714285714285714
dc_1f8be8294d52,Amazon Web Services,VA,38.90492,-77.45475,2.206896551724138,0.21333333333333335,19.137931034482758,0.4,92.41379310344827,1.3714285714285714
dc_0df484691fd4,Amazon Web Services,VA,38.9159035,-77.4905509,2.103448275862069,0.2,18.06896551724138,0.4,87.48275862068965,1.2857142857142858
dc_e5ee534a8f75,Amazon Web Services,VA,38.9149908,-77.4909743,2.103448275862069,0.2,18.06896551724138,0.4,87.34482758620689,1.2714285714285714
dc_abb797b53b98,Amazon Web Services CMH62,OH,40.0929864,-82.7476276,1.4827586206896552,0.22666666666666666,14.482758620689655,0.21428571428571427,32.793103448275865,0.4857142857142857
dc_65aed79b4274,Amazon Web Services,OH,40.0934344,-82.7321669,1.4827586206896552,0.22666666666666666,14.413793103448276,0.21428571428571427,33.206896551724135,0.4714285714285714
dc_4b83d9872e2e,Amazon Web Services,OH,40.0921679,-82.7275475,1.4827586206896552,0.22666666666666666,14.379310344827585,0.21428571428571427,33.241379310344826,0.4857142857142857
dc_9853927b6203,Amazon Web Services,OH,40.0929609,-82.7265106,1.4827586206896552,0.22666666666666666,14.379310344827585,0.21428571428571427,33.241379310344826,0.4857142857142857
dc_c878c41c84a1,Amazon Web Services,OH,40.11726,-83.20197,1.4482758620689655,0.22666666666666666,12.10344827586207,0.14285714285714285,27.448275862068964,0.4
dc_b17651764b5b,,OH,40.1173912,-83.2020737,1.4482758620689655,0.22666666666666666,12.10344827586207,0.14285714285714285,27.448275862068964,0.4
dc_54e21ce1cea4,Amazon Web Services,OH,40.1190307,-83.2002438,1.4482758620689655,0.22666666666666666,12.10344827586207,0.14285714285714285,27.448275862068964,0.4
dc_b80ac4ec6ffb,Amazon Web Services,OH,40.0493536,-83.175465,1.4827586206896552,0.25333333333333335,13.10344827586207,0.17142857142857143,27.655172413793103,0.4142857142857143
dc_c1dd5309d7d9,,OH,40.0481384,-83.1752938,1.4827586206896552,0.25333333333333335,13.10344827586207,0.17142857142857143,27.689655172413794,0.4142857142857143
dc_704355a73b47,Amazon Web Services,OH,40.04815,-83.176833,1.4827586206896552,0.25333333333333335,13.10344827586207,0.17142857142857143,27.689655172413794,0.4142857142857143
dc_89fdbc2bf070,Google NBY-3,OH,40.0579063,-82.7653279,1.5172413793103448,0.22666666666666666,14.758620689655173,0.21428571428571427,32.310344827586206,0.5
dc_8e771aedabc9,Google NBY-4,OH,40.0593527,-82.7717447,1.5172413793103448,0.22666666666666666,14.758620689655173,0.21428571428571427,32.275862068965516,0.5
dc_a565678c206d,NAO 5/NAO 6,OH,40.06038,-82.75099,1.5517241379310345,0.22666666666666666,14.620689655172415,0.21428571428571427,32.3448275862069,0.5
dc_80aeb614dd61,Google,OH,39.85208,-82.99484,1.7241379310344827,0.26666666666666666,14.482758620689655,0.2,29.689655172413794,0.5
dc_4e24d0589219,Google,VA,38.7761446,-77.5825144,2.0,0.24,15.172413793103448,0.32857142857142857,63.275862068965516,0.8571428571428571
dc_b588afe1a787,Amazon Web Services,OR,45.859,-119.6051,0.10344827586206896,0.0,0.5517241379310345,0.02857142857142857,1.8620689655172413,0.11428571428571428
dc_9863a01aea38,Amazon Web Services,OR,45.860076,-119.6051229,0.10344827586206896,0.0,0.5172413793103449,0.02857142857142857,1.8620689655172413,0.11428571428571428
dc_2901313c8c49,Amazon Web Services,OR,45.8609677,-119.6051401,0.10344827586206896,0.0,0.5517241379310345,0.02857142857142857,1.8620689655172413,0.11428571428571428
dc_f049b1fca45c,Amazon Web Services,OR,45.8414702,-119.6517858,0.10344827586206896,0.0,0.5862068965517241,0.02857142857142857,1.896551724137931,0.11428571428571428
dc_ef8be669f009,Amazon Web Services,OR,45.92061,-119.23099,0.13793103448275862,0.013333333333333334,0.6896551724137931,0.04285714285714286,3.0,0.14285714285714285
dc_f8b9e84e51e9,Amazon Web Services,OR,45.92059,-119.23,0.13793103448275862,0.013333333333333334,0.6896551724137931,0.04285714285714286,3.0,0.14285714285714285
dc_dac6ac36fb92,Amazon Web Services,OR,45.7986,-119.35965,0.10344827586206896,0.0,0.5517241379310345,0.02857142857142857,1.8620689655172413,0.1
dc_8e4b8eb39168,Amazon Web Services,OR,45.799157,-119.3666613,0.10344827586206896,0.0,0.5517241379310345,0.02857142857142857,1.8620689655172413,0.1
dc_9ddbd01cdc30,Google,OH,39.7240422,-82.6911124,1.6551724137931034,0.2,11.862068965517242,0.2,27.689655172413794,0.32857142857142857
dc_b49da9aafa96,Amazon Web Services,VA,38.7462,-77.5172,1.9655172413793103,0.25333333333333335,15.586206896551724,0.32857142857142857,70.10344827586206,0.9
dc_1209b396219a,Amazon Web Services,VA,38.9213052,-77.4858007,2.1724137931034484,0.2,18.310344827586206,0.4,88.86206896551724,1.3285714285714285
dc_8f212e8b9568,Amazon Web Services,VA,38.9950879,-77.4710775,2.206896551724138,0.17333333333333334,19.17241379310345,0.4,92.0,1.1428571428571428
dc_7048b76fe40b,Meta Sarpy Data center,NE,41.1235744,-96.1328883,2.6206896551724137,0.37333333333333335,33.241379310344826,1.5571428571428572,25.17241379310345,2.2714285714285714
dc_8a06b58c62ce,Meta Sarpy Data center,NE,41.1143501,-96.1428055,2.689655172413793,0.37333333333333335,33.51724137931034,1.5571428571428572,25.344827586206897,2.2857142857142856
dc_647ebabf6c68,Meta Sarpy Data center,NE,41.11225,-96.14162,2.689655172413793,0.37333333333333335,33.275862068965516,1.5571428571428572,25.03448275862069,2.2857142857142856
dc_c5b50e13b2ca,Meta,IA,41.6757843,-93.5098305,3.793103448275862,0.49333333333333335,39.3448275862069,1.3142857142857143,40.6551724137931,2.4714285714285715
dc_865686fc232f,Meta,IA,41.675801,-93.5060373,3.8275862068965516,0.5066666666666667,38.724137931034484,1.3285714285714285,40.310344827586206,2.442857142857143
dc_631b3757e900,Dynamics Mining,KY,37.3629981,-87.5471512,2.7241379310344827,0.5333333333333333,8.586206896551724,0.17142857142857143,12.0,0.8
dc_4f0f453ed023,Flexential Atlanta - Douglasville 2,GA,33.731694,-84.616202,1.793103448275862,0.4666666666666667,25.96551724137931,0.44285714285714284,39.58620689655172,0.38571428571428573
dc_e4283b7046b1,,NV,36.0640206,-115.221109,0.034482758620689655,0.0,1.896551724137931,0.014285714285714285,3.9310344827586206,0.15714285714285714
dc_cd7f2ff1bb19,Windbreak Cable,WY,41.18281,-104.06832,2.1724137931034484,0.06666666666666667,15.551724137931034,0.8571428571428571,3.7586206896551726,0.2
dc_1971ec91f74b,,VA,38.74051,-77.50398,1.9310344827586208,0.25333333333333335,15.931034482758621,0.32857142857142857,70.82758620689656,0.9285714285714286
dc_409183797c0d,NTT Chicago CH2,IL,41.9890149,-88.0072131,2.6206896551724137,0.36,33.6551724137931,0.4714285714285714,63.241379310344826,3.7857142857142856
dc_326516e596cc,QTS,CO,39.7341,-104.7079,4.517241379310345,0.25333333333333335,51.206896551724135,1.6,10.482758620689655,0.5571428571428572
dc_c7c753ce6dca,Apple,OR,44.28576,-120.86994,0.034482758620689655,0.0,2.793103448275862,0.014285714285714285,0.5172413793103449,0.014285714285714285
dc_29e4078ce63e,Amazon IAD214,VA,38.9898,-77.4353,2.2413793103448274,0.17333333333333334,19.82758620689655,0.4142857142857143,96.10344827586206,1.2285714285714286
dc_6697ca251c9a,Aligned IAD03,VA,38.9887,-77.4409,2.206896551724138,0.16,19.79310344827586,0.4142857142857143,95.65517241379311,1.2571428571428571
dc_7a9ad2611660,Digital Realty IAD55,VA,38.99215,-77.43385,2.2413793103448274,0.17333333333333334,19.93103448275862,0.4142857142857143,96.0,1.2142857142857142
dc_2565df2c93a6,Involta-Akron,OH,41.0573837,-81.5219276,1.6551724137931034,0.21333333333333335,23.517241379310345,0.44285714285714284,36.724137931034484,0.4714285714285714
dc_0d412ec4abac,Amazon Web Services,VA,38.9473737,-77.5202381,2.0689655172413794,0.2,17.06896551724138,0.37142857142857144,84.0,1.0714285714285714
dc_d89bd2b62165,Amazon Web Services,VA,38.9824179,-77.4169319,2.2413793103448274,0.17333333333333334,20.103448275862068,0.4,97.58620689655173,1.2571428571428571
dc_61f8ed64a9f7,Amazon Web Services,VA,38.80285,-77.62212,2.0,0.24,15.03448275862069,0.34285714285714286,63.206896551724135,0.7857142857142857
dc_074fbadebefb,Amazon Web Services,VA,38.7439,-77.5334,1.8620689655172413,0.25333333333333335,15.586206896551724,0.32857142857142857,68.0,0.8714285714285714
dc_fb656744b899,Amazon Web Services,VA,38.8145928,-77.6543195,1.9310344827586208,0.24,14.482758620689655,0.3142857142857143,60.96551724137931,0.7428571428571429
dc_e1c1a14911c4,Amazon Web Services,VA,38.817,-77.6521,1.9310344827586208,0.24,14.448275862068966,0.3142857142857143,61.10344827586207,0.7571428571428571
dc_e810f98f642f,Amazon Web Services,OH,40.1341815,-83.2158409,1.4137931034482758,0.22666666666666666,12.03448275862069,0.14285714285714285,27.448275862068964,0.4
dc_387828197fcf,Amazon Web Services,OR,45.9206,-119.2289,0.13793103448275862,0.013333333333333334,0.6896551724137931,0.04285714285714286,3.0,0.14285714285714285
dc_a262f2e6c813,Amazon Web Services,OR,45.9205816,-119.2270106,0.13793103448275862,0.013333333333333334,0.6896551724137931,0.04285714285714286,3.0,0.14285714285714285
dc_2b3e01a68c80,Amazon Web Services,OR,45.919529,-119.2261389,0.13793103448275862,0.013333333333333334,0.6896551724137931,0.04285714285714286,3.0,0.14285714285714285
dc_79ee14f34b57,Amazon Web Services,OR,45.8825252,-119.3416566,0.13793103448275862,0.013333333333333334,0.6206896551724138,0.02857142857142857,2.1379310344827585,0.1
dc_86edd29795e4,Amazon Web Services,OR,45.8621,-119.6053,0.10344827586206896,0.0,0.5517241379310345,0.02857142857142857,1.8620689655172413,0.11428571428571428
dc_ece390bb620e,Amazon Web Services,OR,45.85888,-119.60527,0.10344827586206896,0.0,0.5517241379310345,0.02857142857142857,1.8620689655172413,0.11428571428571428
dc_9c10e28655f7,Amazon Web Services,OR,45.8412,-119.6544,0.10344827586206896,0.0,0.5862068965517241,0.02857142857142857,1.896551724137931,0.11428571428571428
dc_bbb7c9a29c06,Amazon Web Services,OR,45.81975,-119.63209,0.10344827586206896,0.0,0.6206896551724138,0.04285714285714286,1.896551724137931,0.11428571428571428
dc_2f483ca1c248,"Google Lockbourne, OH",OH,39.846723,-82.995655,1.7586206896551724,0.26666666666666666,14.551724137931034,0.2,29.689655172413794,0.5
dc_d02a64f6db73,Amazon New Albany: Jug and Beach Road,OH,40.09983,-82.7503,1.5172413793103448,0.22666666666666666,14.517241379310345,0.22857142857142856,32.827586206896555,0.4857142857142857
dc_bb5ca6fb7836,UPS Data Center,GA,34.10363,-84.21503,1.4137931034482758,0.3466666666666667,26.689655172413794,0.4,37.13793103448276,0.3142857142857143
dc_27736d0748c2,MineOne Wyoming Data Center,WY,41.1249898,-104.8948491,1.2758620689655173,0.08,21.896551724137932,0.8857142857142857,4.482758620689655,0.3
dc_0d3e2978537f,Iron Mountain VA-3,VA,38.77555,-77.54515,2.103448275862069,0.25333333333333335,15.793103448275861,0.32857142857142857,67.62068965517241,0.9142857142857143
dc_d3cca9241046,Microsoft,AZ,33.446011,-112.374262,0.1724137931034483,0.04,2.5172413793103448,0.02857142857142857,18.24137931034483,1.2285714285714286
dc_a8c1a452b265,Google,VA,38.77444,-77.58562,2.0,0.24,15.172413793103448,0.32857142857142857,62.96551724137931,0.8428571428571429
dc_e5424615cf44,Amazon Web Services,VA,38.801862,-77.621212,2.0,0.24,14.96551724137931,0.34285714285714286,63.13793103448276,0.7857142857142857
dc_0a62b3bc7207,Amazon Web Services,VA,38.8019,-77.6206,2.0,0.24,14.96551724137931,0.34285714285714286,63.13793103448276,0.7857142857142857
dc_a46fb1abda97,Iron Mountain VA-4,VA,38.7744146,-77.54223,2.103448275862069,0.24,15.793103448275861,0.32857142857142857,67.79310344827586,0.9142857142857143
dc_c06b85cd674e,Iron Mountain VA-5,VA,38.773028,-77.5411854,2.1379310344827585,0.25333333333333335,15.620689655172415,0.32857142857142857,68.10344827586206,0.9142857142857143
dc_e1d5b1f3fda5,QTS Manassas DC2,VA,38.7531664,-77.5108824,2.0344827586206895,0.25333333333333335,15.758620689655173,0.32857142857142857,71.75862068965517,0.9428571428571428
dc_482ea594144f,,VA,38.7589306,-77.5166938,2.103448275862069,0.25333333333333335,15.689655172413794,0.32857142857142857,71.79310344827586,0.9428571428571428
dc_e192ad80593e,Google,IA,41.17375,-95.7927,2.5517241379310347,0.4533333333333333,29.82758620689655,1.5142857142857142,22.896551724137932,1.8714285714285714
dc_b926ad69f0b0,Google,IA,41.1736283,-95.7886606,2.5517241379310347,0.44,29.551724137931036,1.5142857142857142,22.724137931034484,1.8714285714285714
dc_2c01eccc6cb3,T5@Cleveland,OH,41.4426,-81.8022,1.0,0.17333333333333334,16.79310344827586,0.18571428571428572,33.58620689655172,0.9714285714285714
dc_12f2ff8f7b4c,42311 THUNDERBALL DR,VA,39.0425196,-77.5382898,2.206896551724138,0.18666666666666668,17.517241379310345,0.34285714285714286,81.72413793103448,1.1
dc_ed1e2cf9b5d8,42255 THUNDERBALL DR,VA,39.0416534,-77.539212,2.206896551724138,0.18666666666666668,17.482758620689655,0.34285714285714286,81.44827586206897,1.0857142857142856
dc_d8e488d2ebd7,42254 THUNDERBALL DR,VA,39.0434964,-77.5408399,2.2758620689655173,0.2,17.482758620689655,0.34285714285714286,81.3103448275862,1.0714285714285714
dc_9c834cc92f25,Meta Gallatin Data Center,TN,36.4118929,-86.3696526,3.0,0.52,14.655172413793103,0.2571428571428571,48.724137931034484,0.9571428571428572
dc_c5abef17961c,GVTC,TX,29.686403,-98.4626475,1.0344827586206897,0.25333333333333335,20.724137931034484,1.457142857142857,8.310344827586206,0.6285714285714286
dc_ad74ffb219ab,Stream Data Centers DFWA,TX,32.98368,-96.65813,2.1724137931034484,0.5066666666666667,39.93103448275862,3.0,25.551724137931036,1.4428571428571428
dc_21bf956aedf2,MARA Data Center,TX,32.34343,-97.7324,1.5172413793103448,0.48,15.137931034482758,0.9571428571428572,9.689655172413794,0.6
dc_709476f6cd40,,VA,38.9480346,-77.5589842,2.1379310344827585,0.21333333333333335,16.06896551724138,0.34285714285714286,77.34482758620689,1.042857142857143
dc_533d38eafbc1,,VA,38.9500822,-77.5588677,2.1379310344827585,0.21333333333333335,16.03448275862069,0.34285714285714286,77.34482758620689,1.042857142857143
dc_c11c998fe76e,Amazon AWS Data Center,IN,41.670256,-86.471656,1.4482758620689655,0.44,9.89655172413793,0.3,29.275862068965516,0.8
dc_66e21c80d487,Iron Mountain VA-6,VA,38.76827,-77.53869,2.103448275862069,0.25333333333333335,15.89655172413793,0.34285714285714286,69.17241379310344,0.9142857142857143
dc_789e4943512c,Ark Duluth Data Center,MN,46.8274678,-92.1304819,0.13793103448275862,0.02666666666666667,10.10344827586207,0.3142857142857143,9.137931034482758,0.3
dc_fd766e3bc945,Flexential Charlotte - North,NC,35.329773,-80.7657588,1.4137931034482758,0.22666666666666666,18.03448275862069,0.44285714285714284,35.310344827586206,0.42857142857142855
dc_904e33ba7206,Equinix Ashburn DC6,VA,39.0152,-77.4588,2.3448275862068964,0.17333333333333334,19.724137931034484,0.37142857142857144,93.03448275862068,1.1
dc_686beb9d707e,Equinix Ashburn DC4,VA,39.0164403,-77.4619542,2.3448275862068964,0.17333333333333334,19.586206896551722,0.37142857142857144,92.20689655172414,1.1
dc_a9ba7c984e27,,TX,29.5801522,-98.5413037,1.1724137931034482,0.22666666666666666,19.275862068965516,1.4,7.689655172413793,0.6857142857142857
dc_61d80369f0b7,,IL,41.88855,-88.72183,2.9655172413793105,0.13333333333333333,11.620689655172415,0.37142857142857144,29.24137931034483,1.4428571428571428
dc_e6bbbb28df9c,,IL,41.8893,-88.73103,2.9655172413793105,0.13333333333333333,11.206896551724139,0.37142857142857144,28.379310344827587,1.4
dc_fa02eedb0951,,IL,41.890305,-88.7266276,2.9655172413793105,0.13333333333333333,11.620689655172415,0.37142857142857144,29.06896551724138,1.4285714285714286
dc_bdd81f74b166,Meta Gallatin Data Center,TN,36.4118,-86.367,2.9655172413793105,0.52,14.413793103448276,0.2571428571428571,48.58620689655172,0.9571428571428572
dc_3a4bdb026ecc,Meta Gallatin Data Center,TN,36.4061,-86.3666,3.0,0.52,14.517241379310345,0.24285714285714285,48.55172413793103,0.9428571428571428
dc_6f3b49e3d03a,Google,NE,41.1379084,-96.1514321,2.689655172413793,0.36,33.241379310344826,1.5714285714285714,25.96551724137931,2.3285714285714287
dc_139e10563e60,,CA,37.3706431,-121.9744825,0.1724137931034483,0.02666666666666667,1.6551724137931034,0.0,0.3103448275862069,0.014285714285714285
dc_c99149f78d34,Vantage Santa Clara CA2,CA,37.3640012,-121.94689,0.1724137931034483,0.02666666666666667,1.6206896551724137,0.0,0.3103448275862069,0.014285714285714285
dc_4f36c545582c,Digital Realty Silicon Valley SJC37,CA,37.3709193,-121.9472166,0.1724137931034483,0.02666666666666667,1.6551724137931034,0.0,0.3103448275862069,0.014285714285714285
dc_1d940d38b3eb,Switch Las Vegas 12,NV,36.0579919,-115.2103279,0.06896551724137931,0.0,1.896551724137931,0.014285714285714285,4.103448275862069,0.15714285714285714
dc_68ec06e28857,QTS,AZ,33.4646803,-111.9975601,0.3103448275862069,0.08,3.9310344827586206,0.04285714285714286,30.379310344827587,2.0
dc_becc405617af,,IL,42.0230805,-87.9614627,2.2758620689655173,0.37333333333333335,31.689655172413794,0.4142857142857143,59.793103448275865,3.6142857142857143
dc_f152760b1463,NTT,TX,32.98098,-96.6595,2.1724137931034484,0.5066666666666667,39.89655172413793,2.9857142857142858,25.586206896551722,1.4428571428571428
dc_e1a3bd223170,NTT,TX,32.9813,-96.6586,2.1724137931034484,0.5066666666666667,39.724137931034484,2.9857142857142858,25.620689655172413,1.4428571428571428
dc_dd0e72c403c9,Digital Realty Northern Virginia IAD44,VA,38.961019,-77.491648,2.0689655172413794,0.2,18.275862068965516,0.4,88.58620689655173,1.1428571428571428
dc_710f9439619a,Centersquare Ashburn IAD4 Data Center,VA,39.0219969,-77.4532002,2.2758620689655173,0.17333333333333334,19.896551724137932,0.38571428571428573,92.72413793103448,1.0857142857142856
dc_2603730d0b62,Microsoft,IA,41.49581,-93.78705,4.0,0.4533333333333333,39.241379310344826,1.0142857142857142,36.89655172413793,2.4571428571428573
dc_553e538d8ae8,Microsoft,IA,41.4947497,-93.7870201,4.0,0.4533333333333333,39.241379310344826,1.0142857142857142,36.89655172413793,2.4571428571428573
dc_d8f1873aaf3c,Apple,IA,41.6168519,-93.9243968,3.8620689655172415,0.4533333333333333,37.793103448275865,0.9571428571428572,39.96551724137931,2.557142857142857
dc_4b71e4693405,,VA,38.9498414,-77.549551,2.1379310344827585,0.21333333333333335,16.344827586206897,0.35714285714285715,79.48275862068965,1.1
dc_b297a9da2ee8,,OH,40.2223,-83.041,1.1724137931034482,0.29333333333333333,12.827586206896552,0.2,27.24137931034483,0.42857142857142855
dc_0ca47c2bf6c5,DC BLOX Myrtle Beach Cable Landing Station,SC,33.67461,-78.94388,1.0689655172413792,0.10666666666666667,9.793103448275861,0.15714285714285714,9.310344827586206,0.37142857142857144
dc_003ce6cf7b7b,Tahoe Reno 3,NV,39.5115198,-119.4833058,0.3103448275862069,0.0,1.0689655172413792,0.014285714285714285,1.6551724137931034,0.14285714285714285
dc_ce6ae3a25086,,VA,39.06602,-77.55857,2.3448275862068964,0.2,17.103448275862068,0.3,77.6896551724138,1.0285714285714285
dc_466154b3dc5e,Nautilus Cryptomine,PA,41.0826255,-76.1514194,0.5172413793103449,0.12,4.793103448275862,0.15714285714285714,19.482758620689655,0.34285714285714286
dc_94f25c0bbaa4,Nautilus Cryptomine,PA,41.0833385,-76.1514461,0.5172413793103449,0.12,4.793103448275862,0.15714285714285714,19.448275862068964,0.34285714285714286
dc_c97789fd9abd,Amazon AWS PHL,PA,41.08491,-76.14337,0.5172413793103449,0.12,4.827586206896552,0.15714285714285714,18.689655172413794,0.32857142857142857
dc_57e09c860fe5,,NE,41.341966,-96.08879,2.5172413793103448,0.4,32.758620689655174,1.6857142857142857,25.896551724137932,2.085714285714286
dc_e63c56f58572,Meta,NM,34.82586,-106.78139,0.2413793103448276,0.013333333333333334,3.413793103448276,0.04285714285714286,3.586206896551724,0.07142857142857142
dc_3e79fab29b39,DataBank,MN,45.143818,-93.387077,1.7241379310344827,0.30666666666666664,43.827586206896555,1.6571428571428573,31.137931034482758,1.0857142857142856
dc_7cf9062a50bd,Vantage WA13,WA,47.24742,-119.81387,0.06896551724137931,0.0,0.13793103448275862,0.0,0.2413793103448276,0.0
dc_906a3c0aa1a3,Amazon IAD-165,VA,38.9227671,-77.4278721,2.2758620689655173,0.21333333333333335,19.689655172413794,0.4,95.75862068965517,1.4714285714285715
dc_5b99fee65568,Amazon IAD-166,VA,38.9211238,-77.4265432,2.2758620689655173,0.21333333333333335,19.75862068965517,0.4,95.65517241379311,1.4714285714285715
dc_cffa148c7175,Amazon IAD-167,VA,38.9227105,-77.4263036,2.2758620689655173,0.21333333333333335,19.724137931034484,0.4,95.79310344827586,1.4714285714285715
dc_8e7d1266b66c,CyrusOne SAT10 & SAT11,TX,29.4182209,-98.7878367,1.3103448275862069,0.21333333333333335,16.586206896551722,1.3,7.586206896551724,0.6857142857142857
dc_bb9e276ee8a3,Amazon,TX,29.45093,-98.63879,1.206896551724138,0.22666666666666666,18.586206896551722,1.3571428571428572,7.862068965517241,0.8
dc_ec3ac5883e2e,,TX,29.4186,-98.78826,1.3103448275862069,0.21333333333333335,16.586206896551722,1.3,7.586206896551724,0.6857142857142857
dc_1b52528a2400,Csquare SFO4,CA,37.3757651,-121.9562701,0.1724137931034483,0.02666666666666667,1.6551724137931034,0.0,0.3103448275862069,0.014285714285714285
dc_ac16fc556bbf,Sentinel Data Centers,VA,39.0004483,-77.4607956,2.2413793103448274,0.17333333333333334,19.517241379310345,0.38571428571428573,93.06896551724138,1.1714285714285715
dc_a824cf17055c,,VA,38.99955,-77.46095,2.2413793103448274,0.17333333333333334,19.551724137931036,0.38571428571428573,93.17241379310344,1.1714285714285715
dc_8517c7de8a9c,Digital Realty IAD43 (Building S),VA,39.0019,-77.4529,2.2413793103448274,0.17333333333333334,19.75862068965517,0.4,94.24137931034483,1.1857142857142857
dc_521feae1aae7,Vantage VA2,VA,38.997949,-77.4302306,2.310344827586207,0.17333333333333334,20.24137931034483,0.4142857142857143,96.27586206896552,1.2142857142857142
dc_6c4275f57202,CyrusOne Cincinnati-Hamilton CIN4,OH,39.38495,-84.56688,1.2758620689655173,0.28,18.103448275862068,0.32857142857142857,38.827586206896555,0.6142857142857143
dc_74688765b678,DataBank Santa Clara SFO1,CA,37.4073026,-121.9659803,0.13793103448275862,0.02666666666666667,1.4482758620689655,0.0,0.3103448275862069,0.014285714285714285
dc_d79e66e14276,NTT PH1 Datacenter,AZ,33.35004,-111.60859,0.27586206896551724,0.04,2.5517241379310347,0.02857142857142857,21.06896551724138,1.2428571428571429
dc_abb2744b3a0e,Iron Mountain AZP-1,AZ,33.4547261,-111.9762182,0.3103448275862069,0.08,3.9310344827586206,0.04285714285714286,31.310344827586206,2.0714285714285716
dc_3220818536c7,PTC,OR,44.7752235,-122.6159312,0.3103448275862069,0.013333333333333334,0.3103448275862069,0.0,0.3103448275862069,0.04285714285714286
dc_21b651e90066,,IA,41.51586,-93.72031,4.0344827586206895,0.4266666666666667,39.241379310344826,0.9857142857142858,37.51724137931034,2.4857142857142858
dc_1ae3762b7463,,IA,41.51686,-93.71977,4.0344827586206895,0.4266666666666667,39.241379310344826,0.9857142857142858,37.51724137931034,2.4857142857142858
dc_10fa54833aa4,CenturyLink,MO,39.7440482,-93.997376,1.103448275862069,0.26666666666666666,15.448275862068966,0.5571428571428572,11.482758620689655,0.42857142857142855
dc_5255a71086fb,,AZ,33.3532147,-111.6780333,0.3103448275862069,0.05333333333333334,3.103448275862069,0.04285714285714286,24.06896551724138,1.457142857142857
dc_18348e8eb436,Amazon Web Services,OR,45.88003,-119.34171,0.13793103448275862,0.013333333333333334,0.6206896551724138,0.02857142857142857,2.1379310344827585,0.1
dc_679ff5ffd2c5,Amazon Web Services,OR,45.8825302,-119.3396948,0.13793103448275862,0.013333333333333334,0.6206896551724138,0.02857142857142857,2.1379310344827585,0.1
dc_9f6f0a48ddbb,,OH,40.0592384,-82.7626774,1.5172413793103448,0.22666666666666666,14.758620689655173,0.21428571428571427,32.41379310344828,0.5
dc_11f8cf85f74c,Microsoft,IA,41.5339161,-93.863439,3.793103448275862,0.4266666666666667,38.793103448275865,0.9571428571428572,39.758620689655174,2.557142857142857
dc_18dc72c9dac5,Microsoft,IA,41.53284,-93.86346,3.793103448275862,0.4266666666666667,38.758620689655174,0.9571428571428572,39.758620689655174,2.557142857142857
dc_eee0a9900e19,Microsoft,IA,41.531814,-93.8634426,3.793103448275862,0.4266666666666667,38.827586206896555,0.9571428571428572,39.6551724137931,2.557142857142857
dc_1fe64519a772,Flexential Las Vegas - Downtown,NV,36.1686438,-115.1431445,0.034482758620689655,0.0,1.896551724137931,0.014285714285714285,4.586206896551724,0.18571428571428572
dc_e34d7f618094,,VA,38.737125,-77.826322,1.5862068965517242,0.17333333333333334,10.10344827586207,0.15714285714285714,45.310344827586206,0.5571428571428572
dc_9f2ca161d2a1,,VA,38.7382145,-77.8258682,1.5862068965517242,0.17333333333333334,10.10344827586207,0.15714285714285714,45.310344827586206,0.5571428571428572
dc_6d22761134df,xAI Colossus,TN,35.06015,-90.15605,0.8620689655172413,0.44,13.517241379310345,0.2,19.24137931034483,0.8428571428571429
dc_e1b3a8f32643,CloudHQ,VA,39.0026,-77.472,2.206896551724138,0.17333333333333334,19.103448275862068,0.38571428571428573,91.37931034482759,1.1428571428571428
dc_7f4a4b98d21f,T5@Cleveland,OH,41.4426221,-81.8022998,1.0,0.17333333333333334,16.79310344827586,0.18571428571428572,33.58620689655172,0.9714285714285714
dc_1939617702b6,Databank LGA3,NY,41.0397,-73.9897,0.4827586206896552,0.05333333333333334,11.172413793103448,0.11428571428571428,45.58620689655172,0.7428571428571429
dc_3602336d3d9e,Amazon Web Services,OH,40.102426,-82.7501414,1.4827586206896552,0.24,14.551724137931034,0.22857142857142856,32.86206896551724,0.4714285714285714
dc_bfa1717c079a,Amazon Web Services,OH,40.1019552,-82.7519122,1.4827586206896552,0.24,14.551724137931034,0.22857142857142856,32.793103448275865,0.4714285714285714
dc_e11210b1487c,Amazon Web Services,OH,40.0942,-82.7321,1.4827586206896552,0.22666666666666666,14.413793103448276,0.21428571428571427,33.172413793103445,0.4714285714285714
dc_33991d604090,Amazon Web Services,OH,40.0943973,-82.7292787,1.4827586206896552,0.22666666666666666,14.448275862068966,0.21428571428571427,33.172413793103445,0.4714285714285714
dc_3f57a6a92dfe,Amazon Web Services,OH,40.095578,-82.732088,1.4827586206896552,0.22666666666666666,14.448275862068966,0.21428571428571427,33.241379310344826,0.4714285714285714
dc_06bbdd2a31eb,Google NBY-5,OH,40.0565,-82.7722,1.5517241379310345,0.22666666666666666,14.758620689655173,0.21428571428571427,32.37931034482759,0.5
dc_a1f012a7d971,Google NBY-6,OH,40.0539595,-82.7675946,1.5172413793103448,0.22666666666666666,14.655172413793103,0.24285714285714285,32.689655172413794,0.5
dc_1963a1dab74f,LCO DCB 1,OH,40.0614927,-82.7405524,1.5172413793103448,0.22666666666666666,14.620689655172415,0.24285714285714285,32.689655172413794,0.5
dc_295bde3d8f29,LCO DCB 2,OH,40.0652296,-82.7411681,1.5172413793103448,0.22666666666666666,14.586206896551724,0.21428571428571427,32.41379310344828,0.5
dc_45a9d34cb56f,Amazon Web Services,OH,40.1357888,-83.212641,1.4137931034482758,0.22666666666666666,12.068965517241379,0.14285714285714285,27.310344827586206,0.4
dc_3341e1570713,Amazon Web Services,OH,40.1200638,-83.1993191,1.4482758620689655,0.22666666666666666,12.068965517241379,0.15714285714285714,27.448275862068964,0.4
dc_62ad4ef31871,Amazon Web Services,OH,40.1193,-83.20323,1.4482758620689655,0.22666666666666666,12.10344827586207,0.14285714285714285,27.413793103448278,0.4
dc_5e45345b536d,Amazon Web Services,OH,40.11805,-83.2025,1.4482758620689655,0.22666666666666666,12.10344827586207,0.14285714285714285,27.413793103448278,0.4
dc_a97ad74f1324,Amazon Web Services,OH,40.05018,-83.17552,1.4827586206896552,0.25333333333333335,13.10344827586207,0.17142857142857143,27.689655172413794,0.4142857142857143
dc_c4278b67d2a7,Amazon Web Services,OH,40.0515221,-83.1757154,1.4827586206896552,0.25333333333333335,13.206896551724139,0.17142857142857143,27.724137931034484,0.4142857142857143
dc_1d3d51cfc269,Amazon Web Services,OH,40.01659,-83.12585,1.4137931034482758,0.24,13.96551724137931,0.18571428571428572,29.448275862068964,0.44285714285714284
dc_7265e2ab382c,Amazon Web Services,OH,40.0210134,-83.1260205,1.4137931034482758,0.24,13.931034482758621,0.18571428571428572,29.482758620689655,0.44285714285714284
dc_38ee88266071,Amazon Web Services,OR,45.8517,-119.6197,0.10344827586206896,0.0,0.5517241379310345,0.02857142857142857,1.896551724137931,0.11428571428571428
dc_33100f7e2542,Amazon Web Services,OR,45.8530947,-119.61968,0.10344827586206896,0.0,0.5517241379310345,0.02857142857142857,1.896551724137931,0.11428571428571428
dc_384a3561c678,Amazon Web Services,OR,45.8193,-119.632,0.10344827586206896,0.0,0.6206896551724138,0.04285714285714286,1.896551724137931,0.11428571428571428
dc_f138bbd8bc1d,Amazon Web Services,OR,45.81929,-119.63626,0.10344827586206896,0.0,0.6206896551724138,0.04285714285714286,1.896551724137931,0.11428571428571428
dc_d7d8441ed5db,Amazon Web Services,OR,45.8199495,-119.6368556,0.10344827586206896,0.0,0.6206896551724138,0.04285714285714286,1.896551724137931,0.11428571428571428
dc_e58443614b83,Amazon Web Services,OR,45.810384,-119.268776,0.13793103448275862,0.013333333333333334,0.6896551724137931,0.04285714285714286,2.4482758620689653,0.08571428571428572
dc_fb93b96e8ed9,Amazon Web Services,OR,45.8082769,-119.2686163,0.13793103448275862,0.013333333333333334,0.6896551724137931,0.04285714285714286,2.4482758620689653,0.08571428571428572
dc_3a2713412dbf,Amazon Web Services,OR,45.799,-119.3617,0.10344827586206896,0.0,0.5517241379310345,0.02857142857142857,1.8620689655172413,0.1
dc_e33cbb7805bd,Amazon Web Services,OR,45.7996834,-119.3584242,0.10344827586206896,0.0,0.5517241379310345,0.02857142857142857,1.896551724137931,0.1
dc_3fee772ee31d,Amazon Web Services,OR,45.797835,-119.360508,0.10344827586206896,0.0,0.5517241379310345,0.02857142857142857,1.8620689655172413,0.1
dc_0fe2a0efd4a5,CYS41 Datacenter,WY,41.1246,-104.8983,1.2758620689655173,0.08,21.896551724137932,0.8857142857142857,4.482758620689655,0.3
dc_cd516cae2531,CYS42 Datacenter,WY,41.12538,-104.90889,1.2413793103448276,0.08,22.03448275862069,0.8714285714285714,4.586206896551724,0.3
dc_eba87b29546a,xAI Macrohard Colossus 2,TN,34.9981,-90.03498,0.9310344827586207,0.4266666666666667,14.655172413793103,0.22857142857142856,21.17241379310345,0.8714285714285714
dc_673b340833e9,,OK,35.56835,-95.51242,3.2758620689655173,0.5733333333333334,20.896551724137932,0.5857142857142857,19.17241379310345,1.4
dc_00e628ce6044,True North Data Centers,VA,39.0436134,-77.5372623,2.2413793103448274,0.2,17.517241379310345,0.34285714285714286,82.0,1.1
dc_bf2b1134f899,TikTok Data Center,VA,39.04425,-77.53796,2.2413793103448274,0.2,17.517241379310345,0.34285714285714286,81.89655172413794,1.1
dc_c231fc51e3eb,Encompass Minneapolis Facility,MN,45.1321573,-93.0956156,1.793103448275862,0.29333333333333333,37.62068965517241,1.3,28.379310344827587,0.9571428571428572
dc_5049ca57aab5,,KS,38.9391997,-94.8601851,1.7241379310344827,0.49333333333333335,48.172413793103445,1.7142857142857142,42.724137931034484,2.842857142857143
dc_1a859cfbdcb4,,OH,40.0526729,-83.1274235,1.4827586206896552,0.25333333333333335,13.96551724137931,0.18571428571428572,29.75862068965517,0.44285714285714284
dc_e577fdae7a20,,WY,44.1892369,-105.6104802,0.7241379310344828,0.08,8.655172413793103,0.22857142857142856,6.137931034482759,0.32857142857142857
dc_cf3294ee628d,State of Montana Data Center,MT,46.4068846,-105.8206969,0.034482758620689655,0.013333333333333334,4.379310344827586,0.2857142857142857,4.275862068965517,0.6571428571428571
dc_4ecbe50b2051,Switch Las Vegas 14,NV,36.0652076,-115.222045,0.034482758620689655,0.0,1.896551724137931,0.014285714285714285,3.896551724137931,0.15714285714285714
dc_d6ad1ac37897,Google,NE,41.3393059,-96.0846572,2.4827586206896552,0.4,32.793103448275865,1.6857142857142857,25.862068965517242,2.085714285714286
dc_3e1e075b64ea,Google,NE,41.3419,-96.0877,2.5172413793103448,0.4,32.689655172413794,1.6857142857142857,25.862068965517242,2.085714285714286
dc_a6b4531def62,Google,NE,41.3455,-96.09365,2.4827586206896552,0.4,32.58620689655172,1.6714285714285715,25.79310344827586,2.085714285714286
dc_5f6e752e8332,,ND,46.0123214,-98.5730984,1.1724137931034482,0.18666666666666668,7.551724137931035,0.37142857142857144,5.655172413793103,0.8142857142857143
dc_c6bcbe1b8a1f,,ND,46.0135016,-98.5716711,1.1724137931034482,0.18666666666666668,7.620689655172414,0.37142857142857144,5.793103448275862,0.8285714285714286
dc_059baa53ed1a,,ND,46.0126411,-98.5744629,1.1724137931034482,0.18666666666666668,7.551724137931035,0.37142857142857144,5.689655172413793,0.8142857142857143
dc_cc1a5c76c102,QTS NAL 2 DC1,OH,40.05574,-82.75645,1.5517241379310345,0.22666666666666666,15.275862068965518,0.2571428571428571,33.41379310344828,0.5285714285714286
dc_2c541c5c30d6,QTS NAL 2 DC2,OH,40.0531,-82.7566,1.5517241379310345,0.22666666666666666,15.275862068965518,0.2571428571428571,33.37931034482759,0.5285714285714286
dc_b1c8c36b01b9,QTS NAL1 DC2,OH,40.0636133,-82.7582273,1.5172413793103448,0.22666666666666666,14.689655172413794,0.21428571428571427,32.310344827586206,0.5
dc_a20930b79289,QTS NAL1 DC1,OH,40.0650012,-82.7581306,1.5172413793103448,0.22666666666666666,14.689655172413794,0.21428571428571427,32.37931034482759,0.5
dc_21b4adeddde5,,IL,41.79538,-88.24696,3.586206896551724,0.41333333333333333,30.275862068965516,0.5,59.241379310344826,3.6285714285714286
dc_53100ad6729e,Google,TX,32.5390042,-96.7932072,2.5517241379310347,0.48,26.862068965517242,2.157142857142857,18.517241379310345,1.042857142857143
dc_3fbc71924de1,Compass Data Center,TX,32.545504,-96.802207,2.6206896551724137,0.49333333333333335,27.20689655172414,2.1857142857142855,18.82758620689655,1.1142857142857143
dc_073b5a543445,Compass Data Center,TX,32.5442,-96.8022,2.6206896551724137,0.49333333333333335,27.17241379310345,2.1857142857142855,18.82758620689655,1.1
dc_a53b0f3f5d96,Compass Data Center,TX,32.5428991,-96.8021938,2.586206896551724,0.48,27.103448275862068,2.1857142857142855,18.655172413793103,1.0857142857142856
dc_81873e5cdfa0,Compass Data Center,TX,32.5415885,-96.8022074,2.586206896551724,0.48,27.137931034482758,2.2,18.655172413793103,1.0857142857142856
dc_cb4c961a9958,Compass Data Center,TX,32.5402764,-96.8022204,2.5517241379310347,0.48,27.06896551724138,2.2,18.620689655172413,1.0857142857142856
dc_fb27816330e8,Compass Data Center,TX,32.5426759,-96.793719,2.586206896551724,0.48,26.93103448275862,2.157142857142857,18.551724137931036,1.0571428571428572
dc_e95c9536a835,Compass Data Center,TX,32.543994,-96.793719,2.6206896551724137,0.48,27.03448275862069,2.157142857142857,18.551724137931036,1.0571428571428572
dc_1ef21e9efb64,Compass Data Center,TX,32.5452986,-96.7937562,2.6206896551724137,0.49333333333333335,27.103448275862068,2.1714285714285713,18.586206896551722,1.0714285714285714
dc_dcfd9a467a8b,Compass Data Center,TX,32.544711,-96.788648,2.586206896551724,0.48,26.93103448275862,2.157142857142857,18.482758620689655,1.0571428571428572
dc_802db22e67f1,Compass Data Center,TX,32.5452921,-96.7883821,2.6206896551724137,0.48,26.93103448275862,2.157142857142857,18.482758620689655,1.0571428571428572
dc_bcd0a6c2165d,Amazon IAD-168,VA,38.9231403,-77.4249774,2.2758620689655173,0.21333333333333335,19.689655172413794,0.4,95.6896551724138,1.4714285714285715
dc_3d890dc6520c,Amazon IAD-500,VA,38.936,-77.4243,2.310344827586207,0.2,20.03448275862069,0.44285714285714284,96.72413793103448,1.4428571428571428
dc_7c029fb06937,Google NBY-7,OH,40.0539392,-82.7639185,1.5517241379310345,0.22666666666666666,15.275862068965518,0.2571428571428571,33.51724137931034,0.5285714285714286
dc_f568eee20c17,Vantage Building 1,OH,40.1025,-82.74695,1.5172413793103448,0.24,14.551724137931034,0.22857142857142856,32.93103448275862,0.4857142857142857
dc_1491711e475b,Vantage Building 2,OH,40.1005303,-82.7471193,1.5172413793103448,0.22666666666666666,14.517241379310345,0.22857142857142856,32.89655172413793,0.4857142857142857
dc_4a8c1543df7d,Vantage Building 3,OH,40.0987619,-82.7472449,1.5172413793103448,0.22666666666666666,14.482758620689655,0.21428571428571427,32.96551724137931,0.4857142857142857
dc_dad966852eb4,Microsoft,WA,47.2385928,-119.8874148,0.10344827586206896,0.0,0.1724137931034483,0.0,0.2413793103448276,0.0
dc_990f669f9ec2,,TX,29.44968,-98.7144036,1.3448275862068966,0.21333333333333335,17.896551724137932,1.3428571428571427,7.137931034482759,0.7
dc_9b9f99566927,,TX,29.4499,-98.7141,1.3448275862068966,0.22666666666666666,17.896551724137932,1.3428571428571427,7.137931034482759,0.7
dc_080f1a37f4e4,,TX,29.4522303,-98.7140639,1.3448275862068966,0.22666666666666666,17.896551724137932,1.3428571428571427,7.172413793103448,0.7
dc_f0527c78fab7,,MO,39.3226315,-94.5947952,1.6206896551724137,0.48,44.48275862068966,1.8,34.96551724137931,2.1714285714285713
dc_06b6217194bb,CloudHQ LC3,VA,39.0112,-77.4604,2.310344827586207,0.17333333333333334,19.586206896551722,0.37142857142857144,92.93103448275862,1.1285714285714286
dc_5e9834409f88,Google,OR,45.6231,-121.2067,0.0,0.0,0.3103448275862069,0.0,0.3103448275862069,0.02857142857142857
dc_b15a9ac2dbba,Alinged Data Center DFW-03,TX,32.55,-97.0749,3.413793103448276,0.76,40.758620689655174,3.0142857142857142,28.17241379310345,1.8714285714285714
dc_227328ca29fa,,VA,39.05598,-77.54733,2.3448275862068964,0.2,17.275862068965516,0.3,79.20689655172414,1.042857142857143
dc_d9595069df1d,,VA,39.0577971,-77.546734,2.3448275862068964,0.2,17.275862068965516,0.3,79.06896551724138,1.042857142857143
dc_45594dea9379,,VA,39.0821895,-77.5651208,2.3793103448275863,0.2,16.655172413793103,0.2857142857142857,75.17241379310344,0.9714285714285714
dc_5040856febf7,NTT Chicago CH3,IL,41.98758,-88.010887,2.6551724137931036,0.36,33.793103448275865,0.4714285714285714,63.758620689655174,3.7857142857142856
dc_becfb5c153fe,NTT Chicago CH4,IL,41.9891013,-88.0047584,2.6206896551724137,0.36,33.58620689655172,0.45714285714285713,63.10344827586207,3.757142857142857
dc_590024763fae,Microsoft Data Center 2,VA,38.7999718,-77.5833485,2.0,0.24,15.551724137931034,0.34285714285714286,65.06896551724138,0.8714285714285714
dc_42e5e1f19e3b,,OH,40.0207739,-83.1241809,1.4137931034482758,0.24,13.931034482758621,0.18571428571428572,29.517241379310345,0.44285714285714284
dc_4360cc6ad80d,,OH,40.021203,-83.1231884,1.4137931034482758,0.24,13.931034482758621,0.18571428571428572,29.517241379310345,0.44285714285714284
dc_803d715f084d,PowerHouse CTP-02,VA,37.36059,-77.3257,1.6551724137931034,0.25333333333333335,11.379310344827585,0.17142857142857143,35.41379310344828,0.1
dc_3678db5e848c,,MN,44.7347591,-93.0618605,2.2758620689655173,0.25333333333333335,37.241379310344826,1.3285714285714285,28.862068965517242,1.3714285714285714
dc_3d1532ca066a,,MN,44.7345345,-93.0648906,2.2758620689655173,0.25333333333333335,37.3448275862069,1.3285714285714285,28.93103448275862,1.3714285714285714
dc_d2de6bd1654c,NTT RagingWire DC - Hillsboro,OR,45.5480793,-122.9377875,0.6206896551724138,0.02666666666666667,0.3793103448275862,0.0,0.7586206896551724,0.014285714285714285
dc_31978bedd946,,IA,41.514853,-93.7208856,4.0344827586206895,0.4266666666666667,39.241379310344826,0.9857142857142858,37.51724137931034,2.4857142857142858
dc_6cff6c8c0f96,,IA,41.5138877,-93.7214096,4.0344827586206895,0.4266666666666667,39.275862068965516,0.9857142857142858,37.51724137931034,2.4857142857142858
dc_3e38f37da8cc,IONIC Digital Cedarvale,TX,31.5139,-103.4488,0.5172413793103449,0.10666666666666667,4.689655172413793,0.45714285714285713,3.3448275862068964,0.2571428571428571
dc_4cb7cf3af123,,ID,43.4631415,-116.2682325,0.3793103448275862,0.0,1.2758620689655173,0.014285714285714285,3.3793103448275863,0.05714285714285714
dc_dd03aab3ce8e,,ID,43.4633361,-116.2720949,0.3793103448275862,0.0,1.2758620689655173,0.014285714285714285,3.3793103448275863,0.05714285714285714
dc_0effc7beed6d,East Kentucky Network Datacenter,KY,37.6001856,-82.6787687,0.2413793103448276,0.02666666666666667,12.344827586206897,0.2,32.3448275862069,0.2714285714285714
dc_ff5f3d1e936c,,AZ,33.3471979,-111.6324603,0.27586206896551724,0.05333333333333334,2.6206896551724137,0.04285714285714286,21.82758620689655,1.2857142857142858
dc_2a63d0b145ad,,AZ,33.3463331,-111.6289144,0.27586206896551724,0.05333333333333334,2.6206896551724137,0.04285714285714286,21.551724137931036,1.2857142857142858
dc_204d8cf6c427,,AZ,33.347189,-111.6257923,0.27586206896551724,0.05333333333333334,2.6206896551724137,0.04285714285714286,21.517241379310345,1.2714285714285714
dc_4ccb2c1d6e95,,TX,31.1941757,-94.7967665,0.7586206896551724,0.36,6.758620689655173,0.15714285714285714,7.862068965517241,0.38571428571428573
dc_6908e0a4116d,Google,TX,32.4402,-97.06085,2.8620689655172415,0.6666666666666666,28.379310344827587,2.157142857142857,18.17241379310345,1.2142857142857142
dc_145f8eb38f08,Newrays Two LLC Mining,TN,36.3270316,-88.3200731,2.3448275862068964,0.30666666666666664,9.172413793103448,0.1,18.137931034482758,0.6
dc_effe5dd6b5df,,VA,39.0552634,-77.5447851,2.310344827586207,0.2,17.24137931034483,0.3142857142857143,79.86206896551724,1.0571428571428572
dc_d13459ca6718,,VA,39.0540969,-77.545995,2.310344827586207,0.2,17.24137931034483,0.3,80.10344827586206,1.0857142857142856
dc_b3d26444c787,,VA,39.0512,-77.5347,2.3448275862068964,0.2,17.586206896551722,0.32857142857142857,81.79310344827586,1.1
dc_b9607f6a4899,EdgeCore Silicon Valley,CA,37.3837192,-121.9654044,0.1724137931034483,0.02666666666666667,1.6551724137931034,0.0,0.3103448275862069,0.014285714285714285
dc_949ff6edb0fd,STACK SVY02,CA,37.3619343,-121.9537306,0.1724137931034483,0.02666666666666667,1.6206896551724137,0.0,0.3103448275862069,0.014285714285714285
dc_4522ee78b5e3,Amazon AWS SAT - 12807 Donop,TX,29.2930099,-98.3915987,1.2758620689655173,0.18666666666666668,16.310344827586206,1.1857142857142857,7.655172413793103,0.6857142857142857
dc_75378fd737b2,Prime DFW01-01,TX,32.83751,-96.879424,3.103448275862069,0.6133333333333333,54.689655172413794,4.257142857142857,32.310344827586206,1.7857142857142858
dc_a40902f66f87,Google,VA,38.7793049,-77.5863352,2.0,0.24,15.206896551724139,0.32857142857142857,63.48275862068966,0.8428571428571429
dc_924134c2a4de,QTS Data Center - Hillsboro 3,OR,45.5719248,-122.918438,0.7241379310344828,0.02666666666666667,0.3793103448275862,0.0,0.7931034482758621,0.014285714285714285
dc_a2925ffcf201,QTS Data Center - Hillsboro 3,OR,45.5684,-122.9199,0.7241379310344828,0.02666666666666667,0.3793103448275862,0.0,0.7931034482758621,0.014285714285714285
dc_104426d2e73e,,WA,47.2401708,-119.8632652,0.10344827586206896,0.0,0.13793103448275862,0.0,0.27586206896551724,0.0
dc_254519e1eeb7,SPC4A,TN,36.62406,-87.25691,3.0344827586206895,0.49333333333333335,9.413793103448276,0.24285714285714285,25.379310344827587,0.9285714285714286
dc_5275a77e506f,,IN,41.6885485,-86.4730506,1.4482758620689655,0.44,9.689655172413794,0.3,28.75862068965517,0.8
dc_0499ba5ee08a,,IN,41.6885306,-86.4698642,1.4482758620689655,0.44,9.620689655172415,0.3,28.862068965517242,0.8
dc_94adf4e278f3,,IN,41.692058,-86.4648908,1.4137931034482758,0.44,9.551724137931034,0.3,28.103448275862068,0.7857142857142857
dc_804db6bb2305,,IN,41.6885384,-86.4718825,1.4482758620689655,0.44,9.689655172413794,0.3,28.82758620689655,0.8
dc_951ab6bcefa0,,IN,41.6885566,-86.475061,1.4482758620689655,0.44,9.655172413793103,0.3,28.0,0.8
dc_d6b57c7d2f07,,IN,41.6924747,-86.466384,1.4137931034482758,0.44,9.551724137931034,0.3,28.137931034482758,0.8
dc_2046ccb217ea,,IN,41.6920458,-86.4637145,1.4482758620689655,0.44,9.586206896551724,0.3,28.137931034482758,0.7857142857142857
dc_2b393a3841c5,QTS,GA,33.4484,-84.5225,2.5172413793103448,0.41333333333333333,20.448275862068964,0.32857142857142857,37.55172413793103,0.24285714285714285
dc_c46ca6c89e13,QTS,GA,33.4508851,-84.5236253,2.5172413793103448,0.4266666666666667,20.551724137931036,0.32857142857142857,37.689655172413794,0.24285714285714285
dc_2baa37ae6f4f,,UT,40.2658623,-112.0194332,0.13793103448275862,0.0,2.3448275862068964,0.014285714285714285,6.482758620689655,0.44285714285714284
dc_ddffff011e6b,,UT,40.2699,-112.0195,0.13793103448275862,0.0,2.3448275862068964,0.014285714285714285,6.482758620689655,0.44285714285714284
dc_60550a4f2094,CyrusOne CHI3,IL,41.80285,-88.2474,3.586206896551724,0.41333333333333333,30.551724137931036,0.5,59.58620689655172,3.7
dc_955dd0d1f4c4,Edged Chicago ORD01,IL,41.8069309,-88.2410968,3.5517241379310347,0.41333333333333333,31.06896551724138,0.5142857142857142,60.3448275862069,3.757142857142857
dc_c50964c22193,,VA,38.7771313,-77.5561679,2.0344827586206895,0.24,15.586206896551724,0.32857142857142857,66.0,0.9142857142857143
dc_332cf8bf4e95,Amazon IAD230,VA,38.988888,-77.44851,2.1379310344827585,0.16,19.724137931034484,0.4142857142857143,94.65517241379311,1.2571428571428571
dc_a55b0ad0ecd4,,TX,33.1407,-96.6596,1.8275862068965518,0.4666666666666667,37.275862068965516,2.4571428571428573,21.310344827586206,1.2
dc_a88013721ba7,Aligned Data Centers DFW-04,TX,33.00601,-96.65709,2.206896551724138,0.5066666666666667,39.48275862068966,2.8142857142857145,24.689655172413794,1.3428571428571427
dc_7260fa89b9b2,Verizon Wireless,TN,36.2821754,-86.7971366,3.4482758620689653,0.48,19.06896551724138,0.35714285714285715,62.206896551724135,1.1142857142857143
dc_1daa73860d72,Argo Data Center,TX,33.7746,-100.8691,1.7586206896551724,0.12,10.96551724137931,0.8285714285714286,5.793103448275862,0.42857142857142855
dc_a4c02ff1ab9a,Switch: The Rock,TX,30.4880189,-97.6725256,2.1379310344827585,0.4,22.724137931034484,1.7428571428571429,10.689655172413794,0.8
dc_10b5ea15f75c,DC6,VA,37.4852894,-77.2501822,1.793103448275862,0.22666666666666666,12.655172413793103,0.21428571428571427,37.206896551724135,0.12857142857142856
dc_4cde6afb83b5,DC5,VA,37.4847788,-77.2491092,1.793103448275862,0.22666666666666666,12.620689655172415,0.21428571428571427,37.206896551724135,0.12857142857142856
dc_ada093eb611f,DC4,VA,37.4839184,-77.2478145,1.793103448275862,0.22666666666666666,12.655172413793103,0.21428571428571427,37.275862068965516,0.12857142857142856
dc_026860356044,RIC2 DC1,VA,37.4881735,-77.2400618,1.7586206896551724,0.22666666666666666,12.517241379310345,0.22857142857142856,37.241379310344826,0.12857142857142856
dc_ccce259deff1,RIC2 DC2,VA,37.48709,-77.24098,1.7586206896551724,0.22666666666666666,12.448275862068966,0.21428571428571427,37.06896551724138,0.12857142857142856
dc_120e0272afcc,RIC2 DC3,VA,37.4860655,-77.2418909,1.7241379310344827,0.22666666666666666,12.482758620689655,0.21428571428571427,37.310344827586206,0.12857142857142856
dc_4500391b9a8b,RIC2 DC5,VA,37.4848483,-77.2429836,1.7241379310344827,0.22666666666666666,12.517241379310345,0.21428571428571427,37.3448275862069,0.12857142857142856
dc_69f514533469,RIC2 DC6,VA,37.4839006,-77.2437642,1.793103448275862,0.22666666666666666,12.517241379310345,0.21428571428571427,37.275862068965516,0.12857142857142856
dc_6fc77096a366,RIC3 DC1,VA,37.4805,-77.25162,1.793103448275862,0.22666666666666666,12.620689655172415,0.21428571428571427,37.172413793103445,0.12857142857142856
dc_5505e83a8a7d,RIC3 DC2,VA,37.4797266,-77.2522103,1.793103448275862,0.22666666666666666,12.551724137931034,0.21428571428571427,36.96551724137931,0.12857142857142856
dc_dfcdf261d966,RIC3 DC3,VA,37.48,-77.2523,1.793103448275862,0.22666666666666666,12.551724137931034,0.21428571428571427,36.96551724137931,0.12857142857142856
dc_ffee65abd862,RIC3 DC5,VA,37.4770151,-77.2496926,1.793103448275862,0.22666666666666666,12.517241379310345,0.21428571428571427,37.10344827586207,0.12857142857142856
dc_5daffb14e048,RIC3 DC4,VA,37.4779175,-77.2489773,1.793103448275862,0.22666666666666666,12.517241379310345,0.21428571428571427,37.13793103448276,0.12857142857142856
dc_a2483b687fe0,Tahoe Reno 4,NV,39.509868,-119.4830413,0.3103448275862069,0.0,1.0689655172413792,0.014285714285714285,1.6551724137931034,0.14285714285714285
dc_6227bf84afd6,Tahoe Reno 5,NV,39.5079,-119.48324,0.3103448275862069,0.0,1.0689655172413792,0.014285714285714285,1.6551724137931034,0.14285714285714285
dc_c23d657f1be3,,KS,37.2784058,-98.5884618,2.0689655172413794,0.26666666666666666,22.586206896551722,0.7857142857142857,11.206896551724139,0.9714285714285714
dc_690df06e6539,,TX,31.05752,-97.29825,1.5517241379310345,0.37333333333333335,12.551724137931034,0.7428571428571429,8.275862068965518,0.45714285714285713
dc_c89bb09da654,Google,OH,39.72411,-82.68757,1.6551724137931034,0.2,11.758620689655173,0.17142857142857143,27.20689655172414,0.3
dc_fa46f751ca71,Amazon Web Services,OR,45.8538757,-119.6197258,0.10344827586206896,0.0,0.5517241379310345,0.02857142857142857,1.896551724137931,0.11428571428571428
dc_feb977251d5e,Amazon Web Services,OR,45.8552336,-119.6197272,0.10344827586206896,0.0,0.5517241379310345,0.02857142857142857,1.896551724137931,0.11428571428571428
dc_90b6d7cbc168,Amazon Web Services,OR,45.8117453,-119.268665,0.13793103448275862,0.013333333333333334,0.6896551724137931,0.04285714285714286,2.4482758620689653,0.08571428571428572
dc_bf3a5359df1d,Amazon Web Services,OR,45.81038,-119.26867,0.13793103448275862,0.013333333333333334,0.6896551724137931,0.04285714285714286,2.4482758620689653,0.08571428571428572
dc_38113ff13f32,Amazon Web Services,OR,45.8112095,-119.2782469,0.13793103448275862,0.013333333333333334,0.6206896551724138,0.04285714285714286,2.3793103448275863,0.08571428571428572
dc_4661711aa91c,Crane DC - Portland,OR,45.5147872,-123.078828,0.3103448275862069,0.02666666666666667,0.27586206896551724,0.0,0.4827586206896552,0.014285714285714285
dc_cd16309c74e0,Percheron DC,OR,45.7113177,-119.8262349,0.10344827586206896,0.0,0.4827586206896552,0.02857142857142857,0.7241379310344828,0.07142857142857142
dc_de20ecdcfb85,Percheron DC,OR,45.7119338,-119.8247642,0.10344827586206896,0.0,0.4827586206896552,0.02857142857142857,0.7241379310344828,0.07142857142857142
dc_d4f155a2b9d4,Percheron DC,OR,45.7082722,-119.8222729,0.10344827586206896,0.0,0.4827586206896552,0.02857142857142857,0.7241379310344828,0.07142857142857142
dc_1d02d6941bfd,Percheron DC,OR,45.7093209,-119.8212121,0.10344827586206896,0.0,0.4827586206896552,0.02857142857142857,0.7241379310344828,0.07142857142857142
dc_707f7bff6b02,NYGC Chateaugay,NY,44.8930062,-74.0728813,0.034482758620689655,0.0,1.3103448275862069,0.0,5.482758620689655,0.014285714285714285
dc_0888941918ee,Vantage Data Centers TX22,TX,29.47909,-98.6977,1.2413793103448276,0.22666666666666666,18.137931034482758,1.3857142857142857,7.310344827586207,0.7285714285714285
dc_01fc94cf15b9,,TX,29.470428,-98.698835,1.2758620689655173,0.24,18.03448275862069,1.3714285714285714,7.275862068965517,0.7428571428571429
dc_e985cd8a1feb,MDC,TX,31.7500067,-106.3099264,0.034482758620689655,0.0,4.862068965517241,0.12857142857142856,3.9310344827586206,0.14285714285714285
dc_a9eeb2ecdcc1,,WI,42.6733205,-87.8968464,1.0,0.24,12.448275862068966,0.3,17.413793103448278,0.8714285714285714
dc_835c8b136700,,OR,45.8098,-119.8589,0.06896551724137931,0.0,0.3793103448275862,0.014285714285714285,0.7586206896551724,0.07142857142857142
dc_044a443dd7e2,Google,OR,45.6247767,-121.208428,0.0,0.0,0.3103448275862069,0.0,0.3103448275862069,0.02857142857142857
dc_23dd70e27fd3,Amazon Web Services,MS,32.41193,-90.18784,5.586206896551724,0.6933333333333334,17.689655172413794,0.6571428571428571,43.44827586206897,1.3142857142857143
dc_2cc523155665,Amazon Web Services,MS,32.4119331,-90.1895198,5.586206896551724,0.68,17.724137931034484,0.6571428571428571,43.44827586206897,1.3142857142857143
dc_aa437d7ed6c9,Amazon Web Services,MS,32.4119506,-90.1905464,5.586206896551724,0.68,17.724137931034484,0.6571428571428571,43.44827586206897,1.3142857142857143
dc_945543dfe7d9,Amazon Web Services,MS,32.412351,-90.1922336,5.551724137931035,0.68,17.724137931034484,0.6571428571428571,43.41379310344828,1.3142857142857143
dc_cb943ec8c29b,QTS,GA,33.46229,-84.52368,2.5172413793103448,0.4266666666666667,20.96551724137931,0.32857142857142857,38.48275862068966,0.24285714285714285
dc_48932a950563,QTS,GA,33.4639934,-84.5291838,2.4827586206896552,0.41333333333333333,21.03448275862069,0.32857142857142857,38.58620689655172,0.24285714285714285
dc_104eefb08c2e,,VA,38.7751744,-77.5399654,2.103448275862069,0.25333333333333335,15.89655172413793,0.32857142857142857,68.65517241379311,0.9142857142857143
dc_74f020694462,Amazon Web Services,VA,38.789376,-77.5819732,2.0344827586206895,0.24,15.310344827586206,0.32857142857142857,64.72413793103448,0.8714285714285714
dc_6eb415a8ef3b,Amazon Web Services,VA,38.7894558,-77.5796864,2.0344827586206895,0.24,15.344827586206897,0.32857142857142857,64.79310344827586,0.8714285714285714
dc_62dd2b7fa7cc,Amazon Web Services,VA,38.74661,-77.49722,2.0,0.25333333333333335,15.827586206896552,0.32857142857142857,72.24137931034483,0.9714285714285714
dc_acfd3a40de9f,Amazon Web Services,VA,38.7476409,-77.4947856,2.0,0.25333333333333335,15.89655172413793,0.32857142857142857,72.6896551724138,0.9714285714285714
dc_85aaa696bf19,Amazon Web Services,VA,38.7499,-77.4931,2.0344827586206895,0.25333333333333335,15.862068965517242,0.3142857142857143,73.10344827586206,0.9714285714285714
dc_48d6192ea411,,TX,31.5327486,-103.8062715,0.3448275862068966,0.09333333333333334,3.5172413793103448,0.24285714285714285,1.896551724137931,0.2
dc_d8d34358af13,,TX,31.5327486,-103.8052292,0.3448275862068966,0.09333333333333334,3.5172413793103448,0.24285714285714285,1.896551724137931,0.2
dc_43d1b8fa745f,,TX,31.5327607,-103.8041922,0.3448275862068966,0.09333333333333334,3.5172413793103448,0.24285714285714285,1.9310344827586208,0.2
dc_5e31a13f74b9,,TX,31.5333451,-103.800415,0.3448275862068966,0.09333333333333334,3.5517241379310347,0.24285714285714285,1.9655172413793103,0.2
dc_02cbb0a9f4e7,Digital Realty Northern Virginia IAD40,VA,39.0062702,-77.4683054,2.2413793103448274,0.17333333333333334,19.17241379310345,0.37142857142857144,91.34482758620689,1.1428571428571428
dc_d1e1933ac3d8,Vantage VA14,VA,39.003223,-77.439718,2.2413793103448274,0.16,19.96551724137931,0.4,95.41379310344827,1.2285714285714286
dc_640f760993bb,Information Systems Facility,NM,32.3805057,-106.4810659,0.1724137931034483,0.0,2.8275862068965516,0.05714285714285714,2.4827586206896552,0.14285714285714285
dc_9ecfe9c3bf78,,VA,38.935591,-77.4267117,2.2413793103448274,0.2,19.96551724137931,0.4142857142857143,96.65517241379311,1.4285714285714286
dc_e83acd2e78d1,,VA,38.93646,-77.42464,2.2758620689655173,0.2,20.03448275862069,0.44285714285714284,96.75862068965517,1.4428571428571428
dc_054193767570,Equinix,VA,39.0134,-77.4538,2.2758620689655173,0.17333333333333334,19.82758620689655,0.38571428571428573,93.48275862068965,1.1285714285714286
dc_daf88193f8d2,Digital Realty,TX,32.974397,-96.650364,2.103448275862069,0.52,38.51724137931034,2.914285714285714,24.79310344827586,1.4285714285714286
dc_2e1860ff6362,"Landmax Data Systems, Inc",NY,42.9972167,-77.6458295,0.3793103448275862,0.0,4.448275862068965,0.05714285714285714,21.17241379310345,0.22857142857142856
dc_5e1d8fbc3e75,DataBank SLC6,UT,40.4806176,-111.9063611,0.2413793103448276,0.02666666666666667,3.0,0.0,11.172413793103448,0.6142857142857143
dc_b492591b9a2d,Digital Realty,TX,32.9764,-96.6501,2.103448275862069,0.5066666666666667,38.58620689655172,2.914285714285714,24.93103448275862,1.4285714285714286
dc_e0c1cc3cf46a,NTT,TX,32.97953,-96.65838,2.1724137931034484,0.5066666666666667,39.758620689655174,3.0,25.620689655172413,1.4428571428571428
dc_97a8471652c2,Aligned  DFW-02,TX,33.0090025,-96.6751351,2.2413793103448274,0.5066666666666667,41.41379310344828,2.9571428571428573,25.620689655172413,1.3571428571428572
dc_94ad65dfbe69,Verizon,NJ,40.5442554,-74.4965213,0.8620689655172413,0.14666666666666667,10.241379310344827,0.014285714285714285,50.206896551724135,0.5
dc_953d28b6d60c,OVHcloud - Hillsboro,OR,45.534,-122.9557,0.5862068965517241,0.02666666666666667,0.3793103448275862,0.0,0.7586206896551724,0.014285714285714285
dc_90940e7c3b70,Google Data Center,NC,35.894022,-81.545278,1.0344827586206897,0.16,19.137931034482758,0.2,24.344827586206897,0.34285714285714286
dc_b1bab62f304f,Liberty Center One,MI,42.5334813,-83.1774894,0.6551724137931034,0.32,15.379310344827585,0.12857142857142856,41.241379310344826,0.9142857142857143
dc_9c866fe205ee,Apple - Maiden Data Center,NC,35.58835,-81.2626,2.0344827586206895,0.2,21.551724137931036,0.2714285714285714,35.51724137931034,0.5571428571428572
dc_f4bc8c66c017,HPC,NM,35.0499451,-106.542801,0.3103448275862069,0.0,7.689655172413793,0.08571428571428572,4.241379310344827,0.1
dc_d1aef113ad23,Barclays Datacenter,NJ,40.6437889,-74.2854476,0.7586206896551724,0.06666666666666667,10.655172413793103,0.014285714285714285,53.724137931034484,0.7
dc_935e740f9717,CyberNAP Glen Burnie,MD,39.1402303,-76.6064303,1.793103448275862,0.10666666666666667,12.448275862068966,0.12857142857142856,62.3448275862069,0.8857142857142857
dc_82b88a5440d2,Meta Huntsville Data Center,AL,34.8442568,-86.6280217,4.275862068965517,0.6933333333333334,19.724137931034484,0.44285714285714284,45.0,0.9285714285714286
dc_ddf0f305ef19,Dakota Carrier Network,ND,46.8151,-96.84431,1.6551724137931034,0.28,13.862068965517242,0.6714285714285714,13.310344827586206,0.8571428571428571
dc_bb1260086ef0,Microsoft Data Center 1,VA,38.8023704,-77.5823062,2.0,0.24,15.689655172413794,0.34285714285714286,65.82758620689656,0.8714285714285714
dc_2fb6faada02b,QTS Data Center - Hillsboro 3,OR,45.5595,-122.9376,0.6206896551724138,0.02666666666666667,0.3793103448275862,0.0,0.8275862068965517,0.014285714285714285
dc_781f2b85da3d,EAT14,WA,47.3594969,-120.1600907,0.06896551724137931,0.0,0.3448275862068966,0.0,0.4482758620689655,0.014285714285714285
dc_7daf03548fa7,EAT13,WA,47.3584257,-120.1599758,0.06896551724137931,0.0,0.3448275862068966,0.0,0.4482758620689655,0.014285714285714285
dc_0418bc301d33,EAT12,WA,47.357683,-120.159213,0.06896551724137931,0.0,0.3448275862068966,0.0,0.4482758620689655,0.014285714285714285
dc_5a3101d7946e,,VA,38.7376,-77.5076,1.9310344827586208,0.25333333333333335,15.827586206896552,0.32857142857142857,70.17241379310344,0.8857142857142857
dc_e5983c042068,Google datacenter,SC,33.1769601,-80.534942,2.103448275862069,0.10666666666666667,11.172413793103448,0.12857142857142856,39.93103448275862,0.4857142857142857
dc_4c251ee10a95,,SC,33.1776984,-80.5365658,2.103448275862069,0.10666666666666667,11.137931034482758,0.12857142857142856,39.93103448275862,0.4857142857142857
dc_f08f429f5b31,AWS IAD-500 and IAD-501,VA,38.93675,-77.42459,2.2758620689655173,0.2,20.06896551724138,0.44285714285714284,96.75862068965517,1.4428571428571428
dc_9f6881cb0524,Dorchester County Google Datacenter,SC,32.9582784,-80.3080686,1.793103448275862,0.08,18.82758620689655,0.14285714285714285,48.48275862068966,0.5428571428571428
dc_f394a25ba7ff,CyrusOne Datacenter,TX,32.9026069,-97.3954256,2.689655172413793,0.5733333333333334,51.3448275862069,3.5142857142857142,30.24137931034483,1.8428571428571427
dc_56aaea9dd837,,MS,32.5963048,-90.089258,4.827586206896552,0.64,15.10344827586207,0.5714285714285714,37.275862068965516,1.1857142857142857
dc_831ce16615b7,,MS,32.5947,-90.098,4.827586206896552,0.64,15.10344827586207,0.5714285714285714,37.37931034482759,1.2
dc_e43a3cf43272,,MS,32.5944763,-90.0944115,4.862068965517241,0.64,15.137931034482758,0.5714285714285714,37.37931034482759,1.2
dc_3525b583d0e6,,MS,32.5960505,-90.0944274,4.862068965517241,0.64,15.10344827586207,0.5714285714285714,37.3448275862069,1.2
dc_ae738dd582dd,,MS,32.5960391,-90.0980115,4.827586206896552,0.64,15.10344827586207,0.5714285714285714,37.37931034482759,1.2
dc_36754c52f050,"Equinix DC1-DC15,DC21-DC22 - Ashburn",VA,39.014822,-77.45859,2.3448275862068964,0.17333333333333334,19.75862068965517,0.37142857142857144,93.06896551724138,1.1
dc_9acc15c3d0a9,Digital Realty SFO (200 Paul),CA,37.72442,-122.39805,0.10344827586206896,0.0,1.8620689655172413,0.0,0.7241379310344828,0.05714285714285714
dc_4cf5e14e6a53,"Equinix SV1/SV5/SV10 - Silicon Valley, San Jose",CA,37.241767,-121.782967,0.3793103448275862,0.02666666666666667,1.8620689655172413,0.0,0.3448275862068966,0.02857142857142857
dc_82835681bfc0,Equinix CH1/CH2/CH4 - Chicago,IL,41.85365,-87.618342,1.8275862068965518,0.29333333333333333,19.79310344827586,0.4,42.44827586206897,2.8714285714285714
dc_7015a8562d9d,Equinix LA1 - Los Angeles,CA,34.047282,-118.256692,0.4482758620689655,0.06666666666666667,0.4827586206896552,0.0,0.9310344827586207,0.15714285714285714
dc_34c302840328,"Equinix NY1 - New York, Newark",NJ,40.736844,-74.173402,0.7241379310344828,0.06666666666666667,12.275862068965518,0.11428571428571428,55.44827586206897,0.6714285714285714
dc_88450995c8ab,Digital Realty NYC (60 Hudson),NY,40.717723,-74.008299,0.6896551724137931,0.06666666666666667,12.0,0.14285714285714285,50.44827586206897,0.7142857142857143
dc_ac4ba4acc418,Equinix AT2/AT3 - Atlanta,GA,33.755456,-84.39153,2.0,0.44,28.517241379310345,0.45714285714285713,41.89655172413793,0.4142857142857143
dc_faa6dba0bad0,"Equinix MI1 - Miami, NOTA",FL,25.782425,-80.193091,3.586206896551724,0.18666666666666668,10.172413793103448,0.14285714285714285,13.241379310344827,0.7142857142857143
dc_05323da3c824,Digital Realty NYC (111 8th Ave),NY,40.741469,-74.003387,0.7241379310344828,0.08,12.275862068965518,0.14285714285714285,50.758620689655174,0.7142857142857143
dc_d4fbdd3d160d,CoreSite - San Jose (SV1),CA,37.334508,-121.89143,0.1724137931034483,0.02666666666666667,1.6551724137931034,0.0,0.3448275862068966,0.014285714285714285
dc_4fd715d56b5a,FedConnect San Francisco,CA,37.783322,-122.392048,0.10344827586206896,0.0,1.896551724137931,0.0,0.6551724137931034,0.05714285714285714
dc_8b1409a7c09c,JMA NAC Los Angeles,CA,34.048222,-118.254575,0.4482758620689655,0.06666666666666667,0.4827586206896552,0.0,0.9310344827586207,0.15714285714285714
dc_64ef535e80b4,Digital Realty SFO (365 Main),CA,37.788616,-122.390816,0.10344827586206896,0.0,1.896551724137931,0.0,0.6551724137931034,0.05714285714285714
dc_483139dbc068,The Mission Street Center,CA,37.780581,-122.409099,0.10344827586206896,0.0,1.896551724137931,0.0,0.6551724137931034,0.05714285714285714
dc_6cd941ab7126,SVTIX San Jose,CA,37.3335,-121.9048,0.1724137931034483,0.02666666666666667,1.6551724137931034,0.0,0.3448275862068966,0.014285714285714285
dc_5c289e8fcbb5,"Equinix NY9 - New York, 111 8th Avenue",NY,40.741469,-74.003387,0.7241379310344828,0.08,12.275862068965518,0.14285714285714285,50.758620689655174,0.7142857142857143
dc_6377f6789f0d,Digital Realty Seattle SEA10,WA,47.614347,-122.338883,0.1724137931034483,0.02666666666666667,0.10344827586206896,0.0,0.06896551724137931,0.014285714285714285
dc_95e3409a561c,KDWEB San Jose,CA,37.333942,-121.889924,0.1724137931034483,0.02666666666666667,1.6551724137931034,0.0,0.3448275862068966,0.014285714285714285
dc_2c5adc2a0ab8,Equinix SE2/SE3 - Seattle,WA,47.614358,-122.338864,0.1724137931034483,0.02666666666666667,0.10344827586206896,0.0,0.06896551724137931,0.014285714285714285
dc_e060f829c242,"Equinix DC7 - Ashburn, Vienna",VA,38.908422,-77.219692,2.310344827586207,0.2,21.137931034482758,0.42857142857142855,99.55172413793103,1.5
dc_1d517d9c43cf,Equinix LA2 - Los Angeles,CA,34.04902,-118.259396,0.4482758620689655,0.06666666666666667,0.4827586206896552,0.0,0.896551724137931,0.14285714285714285
dc_ed793f68cc82,Digital Realty NYC (32 AofA),NY,40.72,-74.004561,0.6896551724137931,0.06666666666666667,12.0,0.14285714285714285,50.13793103448276,0.7142857142857143
dc_c34856e581f7,Digital Realty ATL (56 Marietta),GA,33.755456,-84.39153,2.0,0.44,28.517241379310345,0.45714285714285713,41.89655172413793,0.4142857142857143
dc_0cfbf292e004,"Equinix DC8 - Ashburn, Vienna",VA,38.931419,-77.238951,2.413793103448276,0.21333333333333335,20.896551724137932,0.42857142857142855,98.82758620689656,1.5142857142857142
dc_eb804c8b0e43,Equinix PH1 - Philadelphia,PA,39.959616,-75.161873,1.1724137931034482,0.22666666666666666,14.724137931034482,0.14285714285714285,79.89655172413794,0.8
dc_f8e6324f3558,Evocative San Jose (SV7),CA,37.339028,-121.910595,0.1724137931034483,0.02666666666666667,1.6206896551724137,0.0,0.3448275862068966,0.014285714285714285
dc_471ff8a35a44,iM Critical Miami,FL,25.848414,-80.195084,3.7586206896551726,0.21333333333333335,11.310344827586206,0.14285714285714285,14.172413793103448,0.7142857142857143
dc_f3ae051ee57a,Digital Realty PHX10 (120 E Van Buren),AZ,33.452003,-112.072042,0.3448275862068966,0.08,4.137931034482759,0.05714285714285714,30.06896551724138,1.9857142857142858
dc_7c0cbc96d748,Level(3) Sunnyvale,CA,37.373412,-121.98778,0.1724137931034483,0.02666666666666667,1.7241379310344827,0.0,0.3448275862068966,0.014285714285714285
dc_cab7dc076637,Printer's Square Chicago (600 S Federal),IL,41.874302,-87.629928,1.6551724137931034,0.28,20.310344827586206,0.4,43.310344827586206,2.914285714285714
dc_5a3cb29dc9a8,Netrality - Indy Telcom Center - 733 W. Henry,IN,39.75985,-86.17165,1.6551724137931034,0.68,29.24137931034483,0.6571428571428571,35.03448275862069,0.9142857142857143
dc_0967d5287af9,FiberNet Telecom Group - 60 Hudson St,NY,40.717664,-74.008333,0.6896551724137931,0.06666666666666667,12.0,0.14285714285714285,50.44827586206897,0.7142857142857143
dc_7d8d010f3707,FiberNet Telecom Group New York (111 Eighth Ave),NY,40.741355,-74.003203,0.7241379310344828,0.08,12.275862068965518,0.14285714285714285,50.724137931034484,0.7142857142857143
dc_970d93b0c688,Level(3) Weehawken,NJ,40.761825,-74.025031,0.6551724137931034,0.08,12.724137931034482,0.14285714285714285,51.827586206896555,0.7142857142857143
dc_c005344da0ff,Markley Group One Summer Street Boston,MA,42.354692,-71.060266,0.3448275862068966,0.12,9.689655172413794,0.15714285714285714,34.62068965517241,0.2857142857142857
dc_d53cb59c41ed,Peace Communications  KNX1,TN,35.966288,-83.921575,0.9655172413793104,0.16,12.758620689655173,0.37142857142857144,46.172413793103445,1.0
dc_2839fc2c5212,Looking Glass Networks NYC Node,NY,40.726368,-74.005592,0.6896551724137931,0.06666666666666667,12.344827586206897,0.14285714285714285,50.758620689655174,0.7142857142857143
dc_5cdbfb9dbc3c,Level(3) Atlanta (Courtland),GA,33.765138,-84.383731,2.0,0.44,29.0,0.45714285714285713,42.206896551724135,0.4
dc_02182668c9f0,Level(3) Chicago (Canal),IL,41.884066,-87.639377,1.6896551724137931,0.26666666666666666,21.20689655172414,0.4,44.206896551724135,2.9714285714285715
dc_4cfa0741336f,ServerCondo-219 Albuquerque,NM,35.084344,-106.649484,0.20689655172413793,0.013333333333333334,7.068965517241379,0.07142857142857142,3.8620689655172415,0.07142857142857142
dc_2d7b8c28a757,Citynet Columbus,OH,39.968171,-82.994861,1.4827586206896552,0.25333333333333335,13.862068965517242,0.18571428571428572,29.75862068965517,0.45714285714285713
dc_474103050162,Citynet Pittsburgh,PA,40.447383,-80.003614,1.2413793103448276,0.2,21.03448275862069,0.2571428571428571,69.6896551724138,0.7285714285714285
dc_07b3382b03ec,Citynet Indianapolis,IN,39.759534,-86.170711,1.6551724137931034,0.68,29.24137931034483,0.6571428571428571,35.03448275862069,0.9142857142857143
dc_767f1e943a61,PTOR1,OR,45.521366,-122.680792,0.7241379310344828,0.02666666666666667,0.5517241379310345,0.0,0.8275862068965517,0.014285714285714285
dc_877f8d001c22,Centersquare New Jersey (EWR5),NJ,40.78616,-74.06912,0.6551724137931034,0.09333333333333334,12.931034482758621,0.14285714285714285,52.51724137931034,0.7285714285714285
dc_ef3e0fde0b9d,"Equinix BO1 - Boston, Waltham",MA,42.395346,-71.269187,0.5172413793103449,0.18666666666666668,11.724137931034482,0.18571428571428572,39.13793103448276,0.3142857142857143
dc_b2d8b1a270c4,365 Data Centers Chicago (CH6),IL,41.876212,-87.631453,1.6206896551724137,0.26666666666666666,20.24137931034483,0.4,43.3448275862069,2.914285714285714
dc_0fddb314e04f,Evocative SJC3,CA,37.378042,-121.954136,0.1724137931034483,0.02666666666666667,1.6551724137931034,0.0,0.3103448275862069,0.014285714285714285
dc_dce4e16c83f1,Level(3) Nashville (Sidco Drive),TN,36.102726,-86.755786,3.3448275862068964,0.38666666666666666,19.344827586206897,0.44285714285714284,62.758620689655174,1.1428571428571428
dc_13a37eb7f85b,IRIS - Nashville,TN,36.162621,-86.776316,3.5517241379310347,0.44,21.482758620689655,0.42857142857142855,66.24137931034483,1.2
dc_6d10a61e19f2,Cincinnatti Bell - West 7th Street,OH,39.103125,-84.517017,1.1724137931034482,0.32,19.586206896551722,0.3,44.51724137931034,0.6
dc_572b91bb7df5,Level(3) Cincinnati,OH,39.102533,-84.50313,1.3103448275862069,0.3333333333333333,20.24137931034483,0.3,45.03448275862069,0.6
dc_4595feafd7e2,Telehouse - Los Angeles,CA,34.048122,-118.256329,0.4482758620689655,0.06666666666666667,0.4827586206896552,0.0,0.9310344827586207,0.15714285714285714
dc_f9308489536b,Newport Financial Center,NJ,40.72655,-74.033789,0.7241379310344828,0.08,12.482758620689655,0.14285714285714285,52.13793103448276,0.7142857142857143
dc_23d4f87a5267,Netrality St. Louis - 900 Walnut,MO,38.625536,-90.195238,3.0,0.6,37.172413793103445,1.4428571428571428,43.206896551724135,1.6714285714285715
dc_eac2b2368edf,"Equinix LA3/LA4 - Los Angeles, El Segundo",CA,33.918002,-118.384026,0.3448275862068966,0.06666666666666667,0.27586206896551724,0.0,0.6896551724137931,0.08571428571428572
dc_5a62da9c3162,Level(3) New York,NY,40.744,-74.0074,0.7241379310344828,0.08,12.344827586206897,0.14285714285714285,51.13793103448276,0.7142857142857143
dc_1fec2e59960c,165 Halsey Meet-Me Room,NJ,40.736844,-74.173402,0.7241379310344828,0.06666666666666667,12.275862068965518,0.11428571428571428,55.44827586206897,0.6714285714285714
dc_f231db004eb1,Crown Castle Brentwood (1650 Islip),NY,40.784184,-73.219864,0.5517241379310345,0.05333333333333334,5.137931034482759,0.05714285714285714,16.24137931034483,0.18571428571428572
dc_6c8911ef04ae,710 Tucker St Louis,MO,38.632728,-90.195813,3.0344827586206895,0.6,36.86206896551724,1.4428571428571428,43.13793103448276,1.6571428571428573
dc_da9d1fb0b335,CoreSite - Los Angeles (LA2),CA,34.0582,-118.23556,0.4482758620689655,0.06666666666666667,0.4827586206896552,0.0,1.0,0.17142857142857143
dc_db0f207e9b74,XO Nashville,TN,36.158837,-86.772516,3.5517241379310347,0.44,21.275862068965516,0.44285714285714284,66.27586206896552,1.2142857142857142
dc_93d82a58a852,Network 222,WI,43.073116,-89.386502,2.1379310344827585,0.44,16.689655172413794,0.6428571428571429,18.448275862068964,1.2428571428571429
dc_f94db4d64ace,OCDC Orange County Datacenter Santa Ana,CA,33.730192,-117.850521,0.5172413793103449,0.04,0.4827586206896552,0.014285714285714285,1.4482758620689655,0.2
dc_9448c3ccf011,iConnect Billings Fiber Hotel,MT,45.780784,-108.511788,0.2413793103448276,0.04,13.172413793103448,0.5285714285714286,8.931034482758621,0.6714285714285714
dc_c97738231c91,iConnect Missoula,MT,46.872109,-113.993787,0.0,0.0,2.896551724137931,0.08571428571428572,2.6206896551724137,0.11428571428571428
dc_d8cbb9e4b58b,CoreSite - Denver (DE1),CO,39.74565,-104.99534,2.3793103448275863,0.2,52.41379310344828,1.6571428571428573,9.206896551724139,0.45714285714285713
dc_50e4626e32e8,WOW! Business (Tampa Datacenter),FL,27.947439,-82.458854,3.586206896551724,0.4533333333333333,9.689655172413794,0.08571428571428572,15.241379310344827,0.32857142857142857
dc_2e3dadc752a4,Digital Realty DFW (2323 Bryan St),TX,32.78693,-96.794018,2.586206896551724,0.5733333333333334,45.51724137931034,3.6714285714285713,28.75862068965517,1.6142857142857143
dc_45ec8b20e65d,Digital Realty LAX (600 W 7th),CA,34.047282,-118.256692,0.4482758620689655,0.06666666666666667,0.4827586206896552,0.0,0.9310344827586207,0.15714285714285714
dc_559731ec2e30,Digital Realty IAD (44480 Hastings),VA,39.017808,-77.462489,2.3448275862068964,0.17333333333333334,19.517241379310345,0.37142857142857144,92.13793103448276,1.0857142857142856
dc_47d937b135c2,Netrality Houston - 1301 Fannin,TX,29.754104,-95.365803,3.8275862068965516,0.64,17.655172413793103,0.4857142857142857,19.551724137931036,0.5571428571428572
dc_4b5aca5e22a3,190 Park Center Plaza San Jose,CA,37.332931,-121.891362,0.1724137931034483,0.02666666666666667,1.6551724137931034,0.0,0.3448275862068966,0.014285714285714285
dc_cda90edc406a,The Franklin Exchange Tampa,FL,27.949592,-82.458713,3.586206896551724,0.4533333333333333,9.689655172413794,0.08571428571428572,15.344827586206897,0.32857142857142857
dc_2e34e7874bca,Level(3) Oakland,CA,37.834675,-122.286597,0.06896551724137931,0.0,1.8620689655172413,0.0,0.6206896551724138,0.05714285714285714
dc_7fe57b05a442,Netrality Kansas City - 1102 Grand,MO,39.100947,-94.580944,2.310344827586207,0.5733333333333334,55.724137931034484,2.1714285714285713,44.96551724137931,2.8
dc_070bebed08d4,Digital Realty CHI (350 E Cermak),IL,41.85365,-87.618342,1.8275862068965518,0.29333333333333333,19.79310344827586,0.4,42.44827586206897,2.8714285714285714
dc_224c864afb76,Digital Realty OAK (720 2nd St),CA,37.799021,-122.282507,0.10344827586206896,0.0,2.0,0.0,0.7241379310344828,0.05714285714285714
dc_c8a36d575578,Digital Realty SJC (2820 NW Pkwy),CA,37.372818,-121.973377,0.1724137931034483,0.02666666666666667,1.6551724137931034,0.0,0.3103448275862069,0.014285714285714285
dc_97a9a746d058,GAP Union Station,IN,41.669526,-86.255805,1.6206896551724137,0.4666666666666667,11.0,0.24285714285714285,34.58620689655172,0.6571428571428571
dc_20dbd0561061,Carolina Internet / CaroNet,NC,35.173324,-80.925975,1.4482758620689655,0.22666666666666666,19.551724137931036,0.5285714285714286,34.793103448275865,0.42857142857142855
dc_a15321ccd7ac,TierPoint Spokane,WA,47.671879,-117.09123,0.20689655172413793,0.02666666666666667,1.4827586206896552,0.04285714285714286,3.103448275862069,0.08571428571428572
dc_6cab86b4b98b,US Bank Building,WA,47.65801,-117.4185,0.27586206896551724,0.02666666666666667,1.5517241379310345,0.07142857142857142,3.310344827586207,0.1
dc_cb6d24a8690a,324 E Wisconsin,WI,43.03873,-87.907475,0.7931034482758621,0.2,14.482758620689655,0.4714285714285714,16.724137931034484,0.7285714285714285
dc_aa41048d7691,Lumen Boston,MA,42.367691,-71.086779,0.3793103448275862,0.12,10.551724137931034,0.2,35.62068965517241,0.3
dc_af88d300efeb,"1101 Stewart Ave, Garden City",NY,40.73616,-73.594195,0.5517241379310345,0.06666666666666667,7.0,0.11428571428571428,26.93103448275862,0.4857142857142857
dc_fd11a1f44708,180 E Broad St.,OH,39.962785,-82.996184,1.4827586206896552,0.25333333333333335,13.862068965517242,0.18571428571428572,29.79310344827586,0.45714285714285713
dc_bb7e64ba6a05,Equinix DA4 - Dallas,TX,32.786929,-96.794018,2.586206896551724,0.5733333333333334,45.51724137931034,3.6714285714285713,28.75862068965517,1.6142857142857143
dc_e4de78d83084,"Equinix NY8 - New York, 60 Hudson",NY,40.717723,-74.008299,0.6896551724137931,0.06666666666666667,12.0,0.14285714285714285,50.44827586206897,0.7142857142857143
dc_4f362c566385,SBTC,WA,47.612139,-122.340036,0.1724137931034483,0.02666666666666667,0.10344827586206896,0.0,0.06896551724137931,0.014285714285714285
dc_64860b293bb0,"Equinix NY7 - New York, North Bergen",NJ,40.796857,-74.031129,0.6551724137931034,0.09333333333333334,12.89655172413793,0.14285714285714285,51.96551724137931,0.7
dc_1ba158ee3c5f,3500 Garrott,TX,29.741436,-95.385784,3.9310344827586206,0.6666666666666666,17.896551724137932,0.5142857142857142,19.82758620689655,0.5857142857142857
dc_d6ee1c60c7cf,Equinix MI2 - Miami,FL,25.77603,-80.19309,3.5172413793103448,0.17333333333333334,10.03448275862069,0.14285714285714285,12.96551724137931,0.7
dc_fc171f02d21c,5Nines Data,WI,43.073116,-89.386502,2.1379310344827585,0.44,16.689655172413794,0.6428571428571429,18.448275862068964,1.2428571428571429
dc_da694d866879,H5 Data Centers Nashville,TN,36.16294,-86.77855,3.5517241379310347,0.44,21.482758620689655,0.42857142857142855,66.27586206896552,1.2142857142857142
dc_597fa7e4dbb1,Epsilon Global Hubs New York (60 Hudson),NY,40.717664,-74.008333,0.6896551724137931,0.06666666666666667,12.0,0.14285714285714285,50.44827586206897,0.7142857142857143
dc_e58ccf16d115,QTS Santa Clara (SJC1/SJC2),CA,37.394031,-121.978279,0.1724137931034483,0.02666666666666667,1.6896551724137931,0.0,0.3103448275862069,0.014285714285714285
dc_a26daee8f0b8,QTS Jersey City (JCY1),NJ,40.719403,-74.04282,0.7241379310344828,0.08,12.10344827586207,0.12857142857142856,51.93103448275862,0.7
dc_e5cafa592f46,QTS Atlanta-Suwanee (SUW1),GA,34.0353,-84.0614,1.2413793103448276,0.30666666666666664,24.20689655172414,0.37142857142857144,35.275862068965516,0.22857142857142856
dc_ef06ca20995a,QTS Atlanta-Metro (ATL1),GA,33.777526,-84.421036,2.0344827586206895,0.44,29.551724137931036,0.44285714285714284,42.3448275862069,0.4
dc_b1fceb7d2ac8,QTS Miami (MIA1),FL,25.791541,-80.379598,3.7586206896551726,0.17333333333333334,10.413793103448276,0.12857142857142856,13.655172413793103,0.6571428571428571
dc_b2178656f857,1025Connect,NY,40.7558,-73.557923,0.6551724137931034,0.08,7.0,0.11428571428571428,27.310344827586206,0.5285714285714286
dc_5f959f8ebedd,Intergate West / Digital.forest / Fortress,WA,47.494136,-122.29441,0.2413793103448276,0.02666666666666667,0.10344827586206896,0.0,0.06896551724137931,0.014285714285714285
dc_69889b71d3f5,274 Brannan Street,CA,37.782582,-122.391764,0.10344827586206896,0.0,1.896551724137931,0.0,0.6551724137931034,0.05714285714285714
dc_b7447025e854,FiberNet Telecom Group Newark - 165 Halsey,NJ,40.736844,-74.173402,0.7241379310344828,0.06666666666666667,12.275862068965518,0.11428571428571428,55.44827586206897,0.6714285714285714
dc_f2547bb7a78e,365 Data Centers Ft. Lauderdale (FLL),FL,26.184971,-80.190819,3.9310344827586206,0.24,9.241379310344827,0.08571428571428572,12.724137931034482,0.7142857142857143
dc_b4cb8f3be956,"Colo at 55, LLC",GA,33.755474,-84.391094,2.0,0.44,28.482758620689655,0.45714285714285713,41.89655172413793,0.4142857142857143
dc_cc49cc794d73,Telecom Center LA,CA,34.048222,-118.254575,0.4482758620689655,0.06666666666666667,0.4827586206896552,0.0,0.9310344827586207,0.15714285714285714
dc_a61f211e8fc1,Colo4Dallas,TX,32.807888,-96.857296,2.896551724137931,0.6133333333333333,52.758620689655174,3.9,31.517241379310345,1.8
dc_583749301cba,CoreSite - Reston (VA1),VA,38.950631,-77.364541,2.1724137931034484,0.21333333333333335,20.137931034482758,0.4142857142857143,99.10344827586206,1.4857142857142858
dc_a19dbeb11233,CoreSite - New York (NY1),NY,40.72,-74.004561,0.6896551724137931,0.06666666666666667,12.0,0.14285714285714285,50.13793103448276,0.7142857142857143
dc_bed5d7adeebd,ColoHouse Miami,FL,25.776033,-80.193092,3.5172413793103448,0.17333333333333334,10.03448275862069,0.14285714285714285,12.96551724137931,0.7
dc_555e7f99046e,Equinix DE2 - Denver,CO,39.5604,-104.85783,2.310344827586207,0.18666666666666668,48.41379310344828,1.4285714285714286,7.896551724137931,0.38571428571428573
dc_6073295c9610,Equinix CU1/CU2/CU3/CU4 - Culpeper,VA,38.454881,-77.978325,1.4827586206896552,0.18666666666666668,7.896551724137931,0.15714285714285714,39.241379310344826,0.34285714285714286
dc_e3f553271048,Telehouse - Teleport Center (New York),NY,40.60723,-74.17269,0.8275862068965517,0.08,10.482758620689655,0.014285714285714285,51.03448275862069,0.7
dc_682c5aa2595c,Level(3) Jersey City,NJ,40.718534,-74.037494,0.7241379310344828,0.08,12.10344827586207,0.12857142857142856,52.0,0.7
dc_d8cbe6a83e85,YRIX,MT,45.78078,-108.51179,0.2413793103448276,0.04,13.172413793103448,0.5285714285714286,8.931034482758621,0.6714285714285714
dc_a5f0be3912b0,"Kanobe, LLC",WA,47.779371,-122.190511,0.10344827586206896,0.02666666666666667,0.13793103448275862,0.0,0.06896551724137931,0.014285714285714285
dc_97685944d21e,LightEdge San Diego 1 (SAN1),CA,32.828068,-117.129906,0.2413793103448276,0.0,0.3103448275862069,0.0,1.206896551724138,0.0
dc_42fe8c21d049,LightEdge San Diego 2 (SAN2),CA,32.897149,-117.20105,0.27586206896551724,0.0,0.27586206896551724,0.0,1.3448275862068966,0.0
dc_2718db0e3e25,Cologix MIN1,MN,44.971408,-93.25458,1.896551724137931,0.29333333333333333,46.10344827586207,1.5857142857142856,34.58620689655172,1.3714285714285714
dc_dc9cfe14a3c1,JSLLC Bozeman,MT,45.680672,-111.035371,0.06896551724137931,0.0,2.5517241379310347,0.04285714285714286,3.4482758620689653,0.11428571428571428
dc_1a7218366cda,Level(3) Salt Lake City,UT,40.756316,-111.955031,0.27586206896551724,0.04,2.6206896551724137,0.0,10.310344827586206,0.5714285714285714
dc_fd9603176e38,XO Salt Lake City IP PoP,UT,40.750975,-111.979876,0.27586206896551724,0.04,2.5517241379310347,0.0,10.206896551724139,0.5857142857142857
dc_84bb862c11a5,NASA Moffet Field,CA,37.420567,-122.040197,0.1724137931034483,0.02666666666666667,1.5172413793103448,0.0,0.4827586206896552,0.02857142857142857
dc_ace039d9399a,Quonix Datacenter (2401 Locust St),PA,39.950345,-75.180048,1.1724137931034482,0.24,14.551724137931034,0.14285714285714285,81.24137931034483,0.8285714285714286
dc_087ab67b867b,Digital Realty EWR (100 Delawanna),NJ,40.829926,-74.126752,0.6551724137931034,0.08,12.89655172413793,0.15714285714285714,53.48275862068966,0.7142857142857143
dc_b853c136e629,Equinix AT1 - Atlanta,GA,33.758485,-84.387673,2.0344827586206895,0.44,28.448275862068964,0.45714285714285713,41.93103448275862,0.4
dc_8571719d8d4f,Flex Data Center,VA,38.951881,-77.346564,2.2413793103448274,0.21333333333333335,20.310344827586206,0.4142857142857143,99.10344827586206,1.542857142857143
dc_d066029539f1,Netriplex,NC,35.488137,-82.557785,0.10344827586206896,0.013333333333333334,16.82758620689655,0.14285714285714285,17.655172413793103,0.07142857142857142
dc_474021bfadb0,800 south hope,CA,34.046483,-118.259013,0.4482758620689655,0.06666666666666667,0.4827586206896552,0.0,0.896551724137931,0.14285714285714285
dc_5cda8a3851c2,Equinix CH3 - Elk Grove,IL,42.001171,-87.954882,2.2758620689655173,0.36,31.79310344827586,0.4142857142857143,60.58620689655172,3.6714285714285713
dc_4d5eb2ad3758,Login Tucson,AZ,32.244939,-110.969165,0.3448275862068966,0.02666666666666667,4.413793103448276,0.014285714285714285,16.655172413793103,0.8714285714285714
dc_0d2326038c4d,QuadraNet DTLA,CA,34.048222,-118.254575,0.4482758620689655,0.06666666666666667,0.4827586206896552,0.0,0.9310344827586207,0.15714285714285714
dc_41636269afae,801 Main Street - Lenoir,NC,35.922479,-81.54274,0.896551724137931,0.13333333333333333,18.896551724137932,0.18571428571428572,24.448275862068964,0.34285714285714286
dc_3875880f621c,Tonaquint Data Center - Saint George,UT,37.081472,-113.607242,0.06896551724137931,0.0,0.3448275862068966,0.014285714285714285,1.8620689655172413,0.08571428571428572
dc_381edb33d816,XO 818 West 7th,CA,34.048852,-118.259479,0.4482758620689655,0.06666666666666667,0.4827586206896552,0.0,0.896551724137931,0.14285714285714285
dc_9dd5566a71a7,XO 600 West 7th,CA,34.0472,-118.2567,0.4482758620689655,0.06666666666666667,0.4827586206896552,0.0,0.9310344827586207,0.15714285714285714
dc_fbb53be5b475,Level(3) Dallas,TX,32.807584,-96.86816,2.9310344827586206,0.6133333333333333,52.724137931034484,3.942857142857143,31.551724137931036,1.7857142857142858
dc_52d8bce06fbc,ixColo,NY,42.884227,-78.875514,0.41379310344827586,0.09333333333333334,4.827586206896552,0.08571428571428572,14.655172413793103,0.15714285714285714
dc_4b5f2abb8123,Level(3) Seattle (Denny Way),WA,47.619054,-122.336393,0.1724137931034483,0.02666666666666667,0.10344827586206896,0.0,0.06896551724137931,0.014285714285714285
dc_bce2a55a99d1,501 Franklin Ave,NY,40.7217,-73.6312,0.5172413793103449,0.06666666666666667,7.0,0.11428571428571428,28.137931034482758,0.4714285714285714
dc_5ed930ed15c9,Zayo Networks,CO,39.964963,-105.165261,1.4482758620689655,0.16,40.310344827586206,1.3428571428571427,6.379310344827586,0.37142857142857144
dc_3d8ba6265059,SBA Edge - Jacksonville (JAX),FL,30.331375,-81.662322,1.8275862068965518,0.14666666666666667,13.206896551724139,0.15714285714285714,33.827586206896555,0.32857142857142857
dc_bd177f82d3dd,Level(3) Kansas City,MO,39.101004,-94.582095,2.310344827586207,0.5733333333333334,55.827586206896555,2.1714285714285713,44.96551724137931,2.8
dc_dad53bb36c30,801 Tenth Street Modesto (Ayera),CA,37.638551,-120.998503,0.41379310344827586,0.013333333333333334,0.13793103448275862,0.0,0.20689655172413793,0.02857142857142857
dc_6bd093e936e7,500 Green (AKA VOLICO 2.0),FL,26.289687,-80.130014,3.7241379310344827,0.26666666666666666,7.551724137931035,0.11428571428571428,11.448275862068966,0.6714285714285714
dc_6ad7c23dd50f,Level(3) Los Angeles,CA,34.04895,-118.25948,0.4482758620689655,0.06666666666666667,0.4827586206896552,0.0,0.896551724137931,0.14285714285714285
dc_12dcf424978c,Digital Realty SJC (2220 De La Cruz Blvd),CA,37.361768,-121.943773,0.1724137931034483,0.02666666666666667,1.6206896551724137,0.0,0.3103448275862069,0.014285714285714285
dc_0bbaee713245,Vantage Data Centers (Santa Clara),CA,37.372595,-121.973508,0.1724137931034483,0.02666666666666667,1.6551724137931034,0.0,0.3103448275862069,0.014285714285714285
dc_854cee558167,RagingWire VA1 - NTT,VA,39.022561,-77.455012,2.2758620689655173,0.17333333333333334,19.896551724137932,0.38571428571428573,92.6896551724138,1.0857142857142856
dc_5ec81740ac02,"232 20th St NW, East Grand Forks",MN,47.945477,-97.022654,2.5172413793103448,0.22666666666666666,16.93103448275862,0.2857142857142857,14.758620689655173,1.1428571428571428
dc_6fac010572d0,IUPUI Informatics & Communications Technology Complex,IN,39.77382,-86.167904,1.6551724137931034,0.68,29.17241379310345,0.6714285714285714,34.86206896551724,0.9
dc_b42e1143db3d,INdigital,IN,41.132672,-85.211021,1.206896551724138,0.28,16.0,0.4142857142857143,28.103448275862068,0.8714285714285714
dc_606ad9c4165a,Syringa Networks Boise,ID,43.567545,-116.207057,0.3448275862068966,0.0,1.3103448275862069,0.014285714285714285,3.3448275862068964,0.04285714285714286
dc_fd519f588a3b,SupraNet Communications Madison,WI,43.075606,-89.524364,1.9655172413793103,0.4266666666666667,15.03448275862069,0.5428571428571428,16.482758620689655,1.0571428571428572
dc_110d4d59e055,QTS Piscataway (PNJ1),NJ,40.5578,-74.489,0.8620689655172413,0.16,10.275862068965518,0.014285714285714285,51.13793103448276,0.5428571428571428
dc_b18c7f03ee5a,I2B SAN02,CA,32.830414,-117.136849,0.2413793103448276,0.0,0.3103448275862069,0.0,1.206896551724138,0.0
dc_d19c07e250c3,I2B SAN01,CA,32.830076,-117.135523,0.2413793103448276,0.0,0.3103448275862069,0.0,1.206896551724138,0.0
dc_ee5a10e9cdc7,USNAMES-NET,DE,39.730981,-75.627882,1.103448275862069,0.29333333333333333,7.137931034482759,0.08571428571428572,51.58620689655172,0.5857142857142857
dc_5559c4f443dd,Level(3) Denver,CO,39.745119,-104.979669,2.4827586206896552,0.22666666666666666,52.93103448275862,1.6428571428571428,9.206896551724139,0.45714285714285713
dc_57ba990839e2,DataBank Ashburn (IAD1),VA,39.015966,-77.48158,2.2413793103448274,0.17333333333333334,18.551724137931036,0.37142857142857144,88.65517241379311,1.1
dc_f907a6d7f787,Fireline Data Center,CA,34.062462,-118.357905,0.3448275862068966,0.06666666666666667,0.4482758620689655,0.0,0.7931034482758621,0.1
dc_c600c3efed73,CoreSite - Denver (DE2),CO,39.744922,-104.97913,2.4827586206896552,0.22666666666666666,52.827586206896555,1.6428571428571428,9.206896551724139,0.45714285714285713
dc_3892ecf526a3,321 S Boston Ave,OK,36.153266,-95.989196,3.3793103448275863,0.76,40.6551724137931,1.3714285714285714,38.03448275862069,3.414285714285714
dc_4f54bffb8d68,"Equinix MI3 - Miami, Boca Raton",FL,26.390199,-80.108655,3.4482758620689653,0.26666666666666666,7.0,0.11428571428571428,10.448275862068966,0.6
dc_71b5b73fcac8,Telehouse - New York Chelsea,NY,40.743446,-74.00734,0.7241379310344828,0.08,12.241379310344827,0.14285714285714285,51.0,0.7142857142857143
dc_9ed1aea6df62,INOC Albany (80 State St),NY,42.6495,-73.7526,0.6551724137931034,0.14666666666666667,15.03448275862069,0.34285714285714286,51.758620689655174,0.6
dc_e81430ad9e71,Colo@34 (Downtown),GA,33.754711,-84.389556,1.9655172413793103,0.44,28.517241379310345,0.45714285714285713,41.93103448275862,0.4142857142857143
dc_4d6a0bcae658,Level(3) Memphis,TN,35.028826,-89.930755,1.1379310344827587,0.44,15.827586206896552,0.2571428571428571,22.517241379310345,0.9428571428571428
dc_caf0dd24a4a3,Hivelocity,FL,28.019886,-82.524709,3.793103448275862,0.44,9.689655172413794,0.1,15.89655172413793,0.32857142857142857
dc_ec064dc4d572,NP Rochester,MN,44.02129,-92.462938,1.1724137931034482,0.17333333333333334,19.0,0.5285714285714286,15.89655172413793,0.7428571428571429
dc_74be05054a07,Duluth Missabe,MN,46.785475,-92.102217,0.1724137931034483,0.02666666666666667,10.206896551724139,0.32857142857142857,9.241379310344827,0.32857142857142857
dc_f4381f508e7b,XMission - Salt Lake City - Utah,UT,40.760709,-111.889029,0.27586206896551724,0.04,2.4827586206896552,0.0,9.931034482758621,0.5285714285714286
dc_1e56ff5b5b31,EvoSwitch WDC1,VA,38.74794,-77.53215,1.9310344827586208,0.25333333333333335,15.586206896551724,0.32857142857142857,68.44827586206897,0.8714285714285714
dc_d51a40e3ebd7,Digital Realty IAD (44521 Hastings),VA,39.020131,-77.463206,2.3448275862068964,0.17333333333333334,19.482758620689655,0.37142857142857144,91.75862068965517,1.0857142857142856
dc_002da1390e71,Digital Realty IAD (44461 Chilum),VA,39.021133,-77.463564,2.3448275862068964,0.17333333333333334,19.344827586206897,0.37142857142857144,91.82758620689656,1.0857142857142856
dc_1d8cca75d953,Digital Realty DFW (1232 Alma),TX,32.96506,-96.7161,2.2758620689655173,0.5466666666666666,43.3448275862069,3.3142857142857145,27.06896551724138,1.5857142857142856
dc_b12f43ed44be,Digital Realty CHI (2200 Busse Rd.),IL,41.994269,-87.962053,2.3793103448275863,0.36,32.10344827586207,0.4142857142857143,60.724137931034484,3.6714285714285713
dc_131e675b00b7,Rackspace Dallas Grapevine (DFW1),TX,32.929191,-97.104853,2.8620689655172415,0.56,63.48275862068966,4.6,38.793103448275865,2.2714285714285714
dc_272219c4c331,Carolina Internet / CaroNet XB,NC,35.179019,-80.932278,1.5172413793103448,0.24,19.655172413793103,0.5285714285714286,34.724137931034484,0.42857142857142855
dc_b31752bb43f2,Westelcom Networks Watertown,NY,43.974742,-75.913547,0.13793103448275862,0.0,0.896551724137931,0.0,8.379310344827585,0.1
dc_022cedeff92c,Westelcom Networks Plattsburgh,NY,44.696433,-73.452937,0.034482758620689655,0.05333333333333334,6.448275862068965,0.12857142857142856,14.137931034482758,0.17142857142857143
dc_f0251b9c4cc6,Fusion - Cleveland,OH,41.501163,-81.680516,0.896551724137931,0.16,15.172413793103448,0.2,31.03448275862069,0.9714285714285714
dc_80a9eb772e82,DataBank New York (LGA1),NY,40.717664,-74.008333,0.6896551724137931,0.06666666666666667,12.0,0.14285714285714285,50.44827586206897,0.7142857142857143
dc_5e87bc712d75,Crown Castle Pittsburgh (Allegheny Center Mall),PA,40.45141,-80.00571,1.206896551724138,0.2,21.24137931034483,0.2571428571428571,70.03448275862068,0.7285714285714285
dc_85af46cfd088,1500 Champa,CO,39.74559,-104.99505,2.3793103448275863,0.2,52.41379310344828,1.6571428571428573,9.206896551724139,0.45714285714285713
dc_a7346f4ae373,ColoCenter.com - Manchester NH,NH,42.97202,-71.46958,0.13793103448275862,0.16,9.620689655172415,0.07142857142857142,17.96551724137931,0.17142857142857143
dc_298d8384169d,Implex Minneapolis,MN,45.000634,-93.265888,2.0,0.30666666666666664,47.275862068965516,1.6142857142857143,34.41379310344828,1.3
dc_fed2cce6b6c2,IPR Wilmington CCC,DE,39.747408,-75.546652,0.9655172413793104,0.29333333333333333,8.310344827586206,0.08571428571428572,58.0,0.6857142857142857
dc_c076f88bdf99,CyrusOne Cincinnati 7th St,OH,39.103125,-84.517017,1.1724137931034482,0.32,19.586206896551722,0.3,44.51724137931034,0.6
dc_a29f6258e847,CyrusOne Lebanon,OH,39.389053,-84.220796,2.0,0.29333333333333333,19.689655172413794,0.38571428571428573,46.89655172413793,0.8142857142857143
dc_50f553e0c62c,CyrusOne Florence,KY,38.98065,-84.618707,1.1724137931034482,0.25333333333333335,16.655172413793103,0.3142857142857143,42.241379310344826,0.5
dc_df6acb943b72,CyrusOne Mason,OH,39.303887,-84.311636,1.6896551724137931,0.25333333333333335,20.0,0.35714285714285715,45.3448275862069,0.8142857142857143
dc_5f2a61722af9,CyrusOne Hamilton,OH,39.3852,-84.56691,1.2758620689655173,0.28,18.103448275862068,0.32857142857142857,38.827586206896555,0.6142857142857143
dc_86334a11f204,Databank Houston Galleria (HOU5),TX,29.7282,-95.4447,3.586206896551724,0.5733333333333334,18.20689655172414,0.5,19.586206896551722,0.5714285714285714
dc_664c5d805196,Databank Houston West (HOU1) (HOU2),TX,29.844182,-95.556656,2.896551724137931,0.38666666666666666,17.24137931034483,0.5142857142857142,18.517241379310345,0.5857142857142857
dc_0b2f7896c0d0,CyrusOne Dallas (Lewisville),TX,33.001402,-96.99766,2.5172413793103448,0.5466666666666666,60.275862068965516,4.571428571428571,35.96551724137931,2.0285714285714285
dc_58616fe2297e,CyrusOne Dallas (Carrollton),TX,32.993965,-96.930484,2.6206896551724137,0.5466666666666666,60.06896551724138,4.457142857142857,36.06896551724138,1.9
dc_3223faf8d9ac,CyrusOne Chicago (Lombard),IL,41.849175,-88.029567,3.3448275862068964,0.48,38.3448275862069,0.6142857142857143,70.96551724137932,4.171428571428572
dc_e22e8d10f87c,200 Quannapowitt Pkwy,MA,42.51857,-71.08619,0.13793103448275862,0.16,9.827586206896552,0.2,33.689655172413794,0.34285714285714286
dc_89d0864db4f2,Bay Area Internet,CA,37.365431,-121.961738,0.1724137931034483,0.02666666666666667,1.6551724137931034,0.0,0.3103448275862069,0.014285714285714285
dc_f379e2e3f368,EZ Network Systems,CA,37.990788,-121.289822,0.41379310344827586,0.0,0.13793103448275862,0.0,0.06896551724137931,0.0
dc_db573af22b8c,DataBank Las Vegas (LAS1),NV,36.05905,-115.14557,0.06896551724137931,0.0,1.896551724137931,0.014285714285714285,4.517241379310345,0.18571428571428572
dc_b5323f8208c8,Level(3) Newark,NJ,40.736844,-74.173402,0.7241379310344828,0.06666666666666667,12.275862068965518,0.11428571428571428,55.44827586206897,0.6714285714285714
dc_8ee44a03b9d6,Level(3) Bellevue,NE,41.185518,-95.936099,2.5172413793103448,0.41333333333333333,31.620689655172413,1.5285714285714285,24.517241379310345,2.1
dc_148aeae62582,Level(3) Hayward,CA,37.638508,-122.129908,0.20689655172413793,0.02666666666666667,2.206896551724138,0.0,0.6896551724137931,0.07142857142857142
dc_82ff6a5c5a0d,OneNet OSU Tulsa,OK,36.163393,-95.987612,3.3793103448275863,0.7466666666666667,40.689655172413794,1.4,38.172413793103445,3.414285714285714
dc_b6fbffa58ede,ARE-ON Hope,AR,33.664742,-93.600378,1.3448275862068966,0.28,9.551724137931034,0.5714285714285714,13.344827586206897,0.6142857142857143
dc_a6d9638415be,ARE-ON Forrest City,AR,35.040103,-90.768064,0.9655172413793104,0.32,4.275862068965517,0.05714285714285714,6.0344827586206895,0.3
dc_d64ac7105bee,"375 Pearl, Intergate.Manhattan",NY,40.710859,-74.000694,0.6896551724137931,0.06666666666666667,11.793103448275861,0.14285714285714285,49.758620689655174,0.7142857142857143
dc_69bfcdca0d0e,Sungard AS Sacramento,CA,38.596081,-121.272635,0.6551724137931034,0.013333333333333334,0.3793103448275862,0.0,0.27586206896551724,0.0
dc_4b4602a89a86,SITCO Evansville,IN,38.019934,-87.521467,2.7241379310344827,0.4533333333333333,11.793103448275861,0.4714285714285714,21.03448275862069,1.1857142857142857
dc_1302d924a662,InfoBunker,IA,42.164903,-93.794162,3.310344827586207,0.56,21.448275862068964,1.0142857142857142,21.0,1.1714285714285715
dc_7d017b08a124,DataBank Miami (MIA1),FL,25.776033,-80.193092,3.5172413793103448,0.17333333333333334,10.03448275862069,0.14285714285714285,12.96551724137931,0.7
dc_39a8cb17ab9f,Level(3) Austin (Kramer),TX,30.386556,-97.708075,1.8275862068965518,0.32,22.379310344827587,1.7,10.586206896551724,0.6857142857142857
dc_ea8cf986c503,Alpheus Houston (777 Walker Street),TX,29.75922,-95.366246,3.896551724137931,0.64,17.96551724137931,0.5142857142857142,19.655172413793103,0.5714285714285714
dc_c8127fd45f74,CLT2,NC,35.193762,-80.938485,1.6206896551724137,0.24,20.24137931034483,0.4857142857142857,34.86206896551724,0.42857142857142855
dc_178e214f0af3,"SBA Edge, LLC",IL,41.875948,-88.248975,3.3793103448275863,0.41333333333333333,31.137931034482758,0.4714285714285714,60.86206896551724,3.7
dc_e40e30b5f07d,Level(3) Atlanta (Peachtree),GA,33.758485,-84.387673,2.0344827586206895,0.44,28.448275862068964,0.45714285714285713,41.93103448275862,0.4
dc_864cf68f769a,Level(3) Chicago (Kingsbury),IL,41.898951,-87.644642,1.7586206896551724,0.25333333333333335,21.17241379310345,0.44285714285714284,43.827586206896555,2.9714285714285715
dc_b5e8b871ad80,Level(3) Miami (5th St),FL,25.779013,-80.192962,3.5517241379310347,0.17333333333333334,10.10344827586207,0.14285714285714285,13.10344827586207,0.7142857142857143
dc_f762d99d6b4e,Level(3) Herndon,VA,38.964641,-77.382947,2.206896551724138,0.18666666666666668,20.344827586206897,0.4142857142857143,99.06896551724138,1.4428571428571428
dc_883d27078b2e,Level(3) McLean,VA,38.9201,-77.2132,2.413793103448276,0.2,20.96551724137931,0.42857142857142855,99.3103448275862,1.5
dc_ed8005520bf5,DataBank Dallas (DFW6),TX,32.838552,-96.865083,3.0,0.6133333333333333,54.48275862068966,4.228571428571429,32.10344827586207,1.8285714285714285
dc_ae465e5fe76f,HSW-DC1RH,SC,34.92958,-81.021841,1.3103448275862069,0.2,15.310344827586206,0.5,30.310344827586206,0.5142857142857142
dc_4e2c0853b3db,Digital Realty Boston BOS16 (closed),MA,42.302248,-71.21957,0.6206896551724138,0.13333333333333333,11.551724137931034,0.18571428571428572,38.03448275862069,0.3142857142857143
dc_01f98dd90a2d,LightPoint Corporation,OR,45.521436,-122.677878,0.7241379310344828,0.02666666666666667,0.5517241379310345,0.0,0.8275862068965517,0.014285714285714285
dc_ee2dabe2d034,IC2NET Data Center,CA,33.71632,-117.80396,0.41379310344827586,0.04,0.4482758620689655,0.014285714285714285,1.4827586206896552,0.2
dc_c37802ecd331,Northland Communications - Syracuse,NY,43.04426,-76.15226,0.20689655172413793,0.05333333333333334,11.068965517241379,0.14285714285714285,24.620689655172413,0.3
dc_d4c3cf951bc7,Northland Communications - Utica,NY,43.099765,-75.235426,0.8620689655172413,0.04,12.137931034482758,0.1,27.896551724137932,0.32857142857142857
dc_fd5d2f4c2f9e,NYI NY1 (100 William Street),NY,40.708341,-74.007174,0.6896551724137931,0.06666666666666667,11.758620689655173,0.14285714285714285,49.96551724137931,0.7142857142857143
dc_d26d3b37dc1a,Host Color,NY,40.74463,-73.987667,0.6896551724137931,0.08,12.137931034482758,0.14285714285714285,50.206896551724135,0.7
dc_fa5618a8e380,H5 Data Centers New York,NY,40.72682,-74.007478,0.6896551724137931,0.06666666666666667,12.344827586206897,0.14285714285714285,50.827586206896555,0.7142857142857143
dc_f3db3ae251af,DataBank New York (LGA2),NY,40.741469,-74.003387,0.7241379310344828,0.08,12.275862068965518,0.14285714285714285,50.758620689655174,0.7142857142857143
dc_5f57417784ad,DataBank Newark (EWR1),NJ,40.736844,-74.173402,0.7241379310344828,0.06666666666666667,12.275862068965518,0.11428571428571428,55.44827586206897,0.6714285714285714
dc_81bdea6e864f,WOW! Business (Columbus Datacenter),OH,39.96773,-82.99574,1.4827586206896552,0.25333333333333335,13.862068965517242,0.18571428571428572,29.75862068965517,0.45714285714285713
dc_9d9fbdb41e19,DC74-CLT1,NC,35.193902,-80.937263,1.6206896551724137,0.24,20.24137931034483,0.4857142857142857,34.86206896551724,0.42857142857142855
dc_49e0d2491132,DC74-CLT4,NC,35.180076,-80.92639,1.5172413793103448,0.24,20.03448275862069,0.5285714285714286,35.48275862068966,0.45714285714285713
dc_7d05eaf4ac3e,612 W Main,WI,43.06776,-89.392409,2.1724137931034484,0.44,16.655172413793103,0.6428571428571429,18.344827586206897,1.2428571428571429
dc_20728e9abe29,Telefonica KeyCenter,FL,25.796769,-80.379841,3.7586206896551726,0.17333333333333334,10.448275862068966,0.12857142857142856,13.689655172413794,0.6714285714285714
dc_34886e6cf7de,DataBank Seattle (SEA1),WA,47.614347,-122.338883,0.1724137931034483,0.02666666666666667,0.10344827586206896,0.0,0.06896551724137931,0.014285714285714285
dc_aea1cf806ec1,EdgeConneX Denver (EDCDEN01),CO,39.560754,-104.826772,2.6551724137931036,0.21333333333333335,47.793103448275865,1.4142857142857144,8.344827586206897,0.38571428571428573
dc_a234b02a6a79,Digital Realty IAD (43940 Digital Loudoun),VA,39.000821,-77.479198,2.206896551724138,0.17333333333333334,18.862068965517242,0.38571428571428573,90.06896551724138,1.1428571428571428
dc_5eaa6dda34c1,QTS Phoenix (PHX1),AZ,33.452003,-112.072042,0.3448275862068966,0.08,4.137931034482759,0.05714285714285714,30.06896551724138,1.9857142857142858
dc_ffef5b6cf155,Montana Opticom,MT,45.673641,-111.19004,0.06896551724137931,0.0,2.310344827586207,0.04285714285714286,2.5517241379310347,0.08571428571428572
dc_82227ff3b01d,Iron Mountain Data Center - Denver (DEN-1),CO,39.777353,-104.968212,2.793103448275862,0.22666666666666666,53.58620689655172,1.7142857142857142,9.413793103448276,0.4714285714285714
dc_baa87d4e6e61,EdgeConneX Houston (EDCHOU01),TX,29.794579,-95.745149,2.2413793103448274,0.38666666666666666,14.310344827586206,0.4,14.068965517241379,0.44285714285714284
dc_3383905d0028,NEGMA Datacenter,TX,32.949582,-96.837348,2.7586206896551726,0.6,53.93103448275862,4.1,31.0,1.7571428571428571
dc_0e570fa9e1ff,EdgeConneX Phoenix (EDCPHX01),AZ,33.395544,-111.97012,0.3448275862068966,0.06666666666666667,3.8620689655172415,0.04285714285714286,31.0,1.9285714285714286
dc_dfda7e9a1e03,EdgeConneX Las Vegas (EDCLAS01),NV,36.065272,-115.130816,0.06896551724137931,0.0,1.896551724137931,0.014285714285714285,4.517241379310345,0.18571428571428572
dc_bceae002eccf,EdgeConneX Norfolk (EDCNOR01),VA,36.86186,-76.235342,1.5862068965517242,0.13333333333333333,9.517241379310345,0.17142857142857143,22.448275862068964,0.37142857142857144
dc_ac081552fe1c,EdgeConneX Portland (EDCPOR01),OR,45.548296,-122.907473,0.6896551724137931,0.02666666666666667,0.3448275862068966,0.0,0.8275862068965517,0.014285714285714285
dc_32cda6fe8ad6,EdgeConneX Miami (EDCMIA01),FL,25.793016,-80.38119,3.7586206896551726,0.17333333333333334,10.413793103448276,0.12857142857142856,13.689655172413794,0.6571428571428571
dc_a013916a228d,EdgeConneX Nashville (EDCNAS01),TN,36.144881,-86.701721,3.6206896551724137,0.44,20.896551724137932,0.45714285714285713,68.13793103448276,1.1714285714285715
dc_584854729387,EdgeConneX Pittsburgh (EDCPIT01),PA,40.451752,-80.043152,1.2758620689655173,0.18666666666666668,21.275862068965516,0.2571428571428571,69.41379310344827,0.7285714285714285
dc_215a200532dc,EdgeConneX Sacramento (EDCSAC01),CA,38.592346,-121.277389,0.6551724137931034,0.013333333333333334,0.3448275862068966,0.0,0.2413793103448276,0.0
dc_f37586d2198c,EdgeConneX Detroit (EDCDET01),MI,42.448537,-83.261226,0.5517241379310345,0.3333333333333333,15.96551724137931,0.2,43.172413793103445,0.9285714285714286
dc_9b38c6590761,EdgeConneX San Diego (EDCSDG01),CA,32.83998,-117.16853,0.2413793103448276,0.0,0.3103448275862069,0.0,1.2758620689655173,0.0
dc_6941afa4ec15,EdgeConneX Atlanta (EDCATL01),GA,33.729369,-84.420099,1.9655172413793103,0.4266666666666667,29.103448275862068,0.45714285714285713,42.51724137931034,0.42857142857142855
dc_733aea2e5795,EdgeConneX Memphis (EDCMEM01),TN,35.038995,-89.88623,1.1724137931034482,0.4533333333333333,15.689655172413794,0.22857142857142856,22.586206896551722,0.9142857142857143
dc_e579a4187175,CME Cermak,IL,41.85365,-87.618342,1.8275862068965518,0.29333333333333333,19.79310344827586,0.4,42.44827586206897,2.8714285714285714
dc_57ccaad02d2e,Lifeline Eastgate,IN,39.775998,-86.04275,1.6206896551724137,0.7333333333333333,29.137931034482758,0.6428571428571429,35.689655172413794,0.8857142857142857
dc_c38d391736df,Digital Realty MIA (36 NE 2nd St),FL,25.776033,-80.193092,3.5172413793103448,0.17333333333333334,10.03448275862069,0.14285714285714285,12.96551724137931,0.7
dc_5f370fd573c6,Level(3) Boise,ID,43.56619,-116.185889,0.3448275862068966,0.0,1.2758620689655173,0.0,3.2758620689655173,0.02857142857142857
dc_fdb3d62969dc,South Reach Networks,FL,25.776033,-80.193092,3.5172413793103448,0.17333333333333334,10.03448275862069,0.14285714285714285,12.96551724137931,0.7
dc_b91b77b57b86,"LogInToUs, Inc.",NY,44.861059,-74.294006,0.034482758620689655,0.013333333333333334,1.206896551724138,0.014285714285714285,4.793103448275862,0.014285714285714285
dc_fcd214823e30,MDC McAllen,TX,26.201918,-98.231633,0.5517241379310345,0.02666666666666667,3.6206896551724137,0.2857142857142857,5.068965517241379,0.42857142857142855
dc_b88a0de9a6f9,Laredo VTX,TX,27.50656,-99.501483,0.0,0.013333333333333334,3.2413793103448274,0.22857142857142856,2.0344827586206895,0.18571428571428572
dc_ff894257d489,Netrality St. Louis - 210 N Tucker,MO,38.629039,-90.197493,3.0344827586206895,0.6,37.275862068965516,1.4428571428571428,43.3448275862069,1.6571428571428573
dc_528e1ba31c73,Level(3) Nashville (9th Ave),TN,36.18889,-86.80367,3.5517241379310347,0.41333333333333333,21.586206896551722,0.42857142857142855,66.48275862068965,1.2142857142857142
dc_141a6d343f13,Iron Mountain Data Center - Ohio (OHS-1),OH,39.591093,-84.236385,2.2413793103448274,0.36,20.862068965517242,0.5142857142857142,44.06896551724138,0.5714285714285714
dc_96c5b654ee78,Iron Mountain Data Center - New Jersey (NJE-1),NJ,40.5213,-74.3472,0.896551724137931,0.12,9.655172413793103,0.0,48.758620689655174,0.5714285714285714
dc_5a0289a90452,Evocative Emeryville (EM1),CA,37.847,-122.29318,0.06896551724137931,0.0,1.8620689655172413,0.0,0.6206896551724138,0.05714285714285714
dc_9e8f44c6161f,365 Data Centers New York (NY10),NY,40.707335,-74.012583,0.7241379310344828,0.06666666666666667,11.655172413793103,0.12857142857142856,50.0,0.7
dc_5880d7b58735,365 Data Centers Philadelphia (PH2),PA,39.956611,-75.196511,1.206896551724138,0.24,14.793103448275861,0.12857142857142856,82.55172413793103,0.8
dc_34f0b7f21dd7,Netrality - Indy Telcom Center - 701 W. Henry,IN,39.759534,-86.170711,1.6551724137931034,0.68,29.24137931034483,0.6571428571428571,35.03448275862069,0.9142857142857143
dc_c58e13acabfe,365 Data Centers Detroit (DT1),MI,42.469879,-83.259651,0.5172413793103449,0.32,16.275862068965516,0.2,43.58620689655172,0.9428571428571428
dc_3836361e4e37,Wintek Corporation,IN,40.421474,-86.890366,1.8620689655172413,0.52,9.517241379310345,0.2571428571428571,19.79310344827586,0.6571428571428571
dc_27ae5eaebba0,NETRIX - MTP,IL,42.078163,-87.915633,1.896551724137931,0.37333333333333335,28.551724137931036,0.4,54.689655172413794,3.342857142857143
dc_ad044f529f5f,NETRIX - ALSIP,IL,41.662716,-87.746531,3.1724137931034484,0.52,26.06896551724138,0.44285714285714284,52.689655172413794,3.2714285714285714
dc_66cc54598f3e,NETRIX - BBN,IL,42.202902,-87.883783,1.3103448275862069,0.28,23.724137931034484,0.3142857142857143,41.03448275862069,2.6714285714285713
dc_ea75373be693,Pixel Factory Data Center,VA,37.698361,-77.435303,1.9310344827586208,0.13333333333333333,10.379310344827585,0.18571428571428572,33.827586206896555,0.12857142857142856
dc_6f387c9933e4,EdgeConneX Boston (EDCBOS01),MA,42.528505,-71.249495,0.2413793103448276,0.2,12.137931034482758,0.2,37.06896551724138,0.37142857142857144
dc_83ffc6452bd2,EdgeConneX Tallahassee (EDCTAL01),FL,30.47092,-84.35522,1.5172413793103448,0.25333333333333335,5.137931034482759,0.1,42.41379310344828,0.2714285714285714
dc_668e8cfeb9b1,EdgeConneX Richmond (EDCRIC01),VA,37.6391,-77.4677,1.896551724137931,0.16,10.724137931034482,0.18571428571428572,33.3448275862069,0.12857142857142856
dc_a4bccfe660c3,EdgeConneX Jacksonville (EDCJAX01),FL,30.254238,-81.604183,1.8275862068965518,0.16,12.724137931034482,0.15714285714285714,32.37931034482759,0.3
dc_4397dcdb97c4,EdgeConneX Salt Lake City (EDCSLC01),UT,40.720873,-111.984927,0.2413793103448276,0.04,2.689655172413793,0.0,9.931034482758621,0.6
dc_3e49d7f1ba48,EdgeConneX Seattle (EDCSEA01),WA,47.498209,-122.289962,0.2413793103448276,0.02666666666666667,0.10344827586206896,0.0,0.06896551724137931,0.014285714285714285
dc_d766673ffec0,FiberCloud-Westin1809,WA,47.614358,-122.338864,0.1724137931034483,0.02666666666666667,0.10344827586206896,0.0,0.06896551724137931,0.014285714285714285
dc_7c4b01474de7,FiberCloud-Westin3205,WA,47.614358,-122.338864,0.1724137931034483,0.02666666666666667,0.10344827586206896,0.0,0.06896551724137931,0.014285714285714285
dc_52cd5868f517,123.NET - DC1 - 24700 Northwestern Hwy.,MI,42.471634,-83.238056,0.5862068965517241,0.32,15.689655172413794,0.17142857142857143,42.51724137931034,0.9285714285714286
dc_e87f67f21f0c,H5 Data Centers Tampa,FL,27.949592,-82.458713,3.586206896551724,0.4533333333333333,9.689655172413794,0.08571428571428572,15.344827586206897,0.32857142857142857
dc_c2f10be9629e,H5 Data Centers Buffalo III,NY,42.88427,-78.875707,0.41379310344827586,0.09333333333333334,4.758620689655173,0.08571428571428572,14.655172413793103,0.15714285714285714
dc_ec9f9b87e90e,TierPoint Hawthorne (fka Xand),NY,41.090952,-73.813834,0.4482758620689655,0.10666666666666667,10.068965517241379,0.14285714285714285,41.51724137931034,0.6
dc_b8a06f212731,Netrality Philadelphia - 401 N Broad,PA,39.959616,-75.161873,1.1724137931034482,0.22666666666666666,14.724137931034482,0.14285714285714285,79.89655172413794,0.8
dc_09200711b7ac,833 Chestnut Street,PA,39.949362,-75.154904,1.1724137931034482,0.22666666666666666,14.620689655172415,0.14285714285714285,79.44827586206897,0.8142857142857143
dc_70fb4023eb68,H5 Data Centers Philadelphia (PA01),PA,39.962351,-75.163736,1.1724137931034482,0.22666666666666666,14.724137931034482,0.14285714285714285,80.06896551724138,0.8
dc_4aca16af087d,SD Data Center,FL,28.259917,-80.694719,2.0,0.21333333333333335,6.0,0.11428571428571428,9.172413793103448,0.3142857142857143
dc_9d25e192f215,Digital Fortress (SEA),WA,47.617781,-122.356693,0.1724137931034483,0.02666666666666667,0.10344827586206896,0.0,0.06896551724137931,0.014285714285714285
dc_735d2581baf7,Digital Fortress (TUK),WA,47.494136,-122.29441,0.2413793103448276,0.02666666666666667,0.10344827586206896,0.0,0.06896551724137931,0.014285714285714285
dc_9ecc3ad99ee0,TierPoint Omaha - Midlands,NE,41.134508,-96.039042,2.5517241379310347,0.36,33.310344827586206,1.6,25.03448275862069,2.3142857142857145
dc_d0a52d46f2aa,CyrusOne NJ-1,NJ,40.538224,-74.546019,0.8620689655172413,0.18666666666666668,10.344827586206897,0.014285714285714285,50.93103448275862,0.4857142857142857
dc_55f5c1098183,CyrusOne NC-1,NC,35.93208,-78.88317,0.9655172413793104,0.17333333333333334,17.17241379310345,0.3142857142857143,40.03448275862069,0.21428571428571427
dc_ba58e4ebbda3,Psychz Networks LAX1,CA,34.04865,-118.257155,0.4482758620689655,0.06666666666666667,0.4827586206896552,0.0,0.9310344827586207,0.15714285714285714
dc_805c4656a845,230 Congress,MA,42.354552,-71.054087,0.3448275862068966,0.12,9.689655172413794,0.17142857142857143,34.37931034482759,0.2857142857142857
dc_c781be459e42,DataBank Denver (DEN2),CO,39.591303,-104.846748,2.6551724137931036,0.2,49.6551724137931,1.4857142857142858,8.413793103448276,0.38571428571428573
dc_8895a8adb317,SoVerNet Burlington,VT,44.479321,-73.213866,0.10344827586206896,0.04,7.482758620689655,0.12857142857142856,16.24137931034483,0.22857142857142856
dc_86ad0acb41d8,Simply Bits DC1,AZ,32.205098,-110.956748,0.3448275862068966,0.02666666666666667,4.448275862068965,0.014285714285714285,16.96551724137931,0.8714285714285714
dc_cd3925d5b7dd,DataBank Boston (BOS1),MA,42.354699,-71.060271,0.3448275862068966,0.12,9.689655172413794,0.15714285714285714,34.62068965517241,0.2857142857142857
dc_6db2ddc44c26,Digital Realty BOS (128 1st Ave),MA,42.301316,-71.219029,0.6206896551724138,0.13333333333333333,11.551724137931034,0.18571428571428572,37.96551724137931,0.3142857142857143
dc_79d256a5f79f,Colo@ (Buckhead),GA,33.83887,-84.372429,1.8275862068965518,0.41333333333333333,30.103448275862068,0.4714285714285714,42.3448275862069,0.4142857142857143
dc_3f21446be601,Atlanta Tech Village,GA,33.848673,-84.373313,1.8620689655172413,0.4266666666666667,30.379310344827587,0.4714285714285714,42.3448275862069,0.42857142857142855
dc_dd9631825e6b,GIP Plano,TX,33.012213,-96.683109,2.2413793103448274,0.5066666666666667,41.6551724137931,2.9714285714285715,25.689655172413794,1.3571428571428572
dc_c2f977e5b859,UFN Kearns,UT,40.766362,-111.891169,0.27586206896551724,0.04,2.5172413793103448,0.0,9.931034482758621,0.5428571428571428
dc_755d5a3f3818,CyrusOne Sterling,VA,39.025827,-77.41381,2.413793103448276,0.17333333333333334,20.344827586206897,0.37142857142857144,96.51724137931035,1.2285714285714286
dc_2338d12e367c,RSA Dexter Avenue Datacenter,AL,32.37803,-86.30301,3.7241379310344827,0.41333333333333333,8.172413793103448,0.2571428571428571,15.172413793103448,0.22857142857142856
dc_f7435c1bda22,Gafachi 1 West Main Rochester,NY,43.155657,-77.612519,0.20689655172413793,0.0,4.172413793103448,0.04285714285714286,17.82758620689655,0.2
dc_2e566d6574eb,Cologix MIN2,MN,44.971385,-93.254494,1.896551724137931,0.29333333333333333,46.10344827586207,1.5857142857142856,34.58620689655172,1.3714285714285714
dc_2e5749b84fc8,Vaultas,WI,43.044997,-87.910189,0.7931034482758621,0.2,14.586206896551724,0.45714285714285713,16.82758620689655,0.7285714285714285
dc_49e9f7db52dc,Data Foundry Austin 1,TX,30.215695,-97.695677,1.7241379310344827,0.29333333333333333,20.82758620689655,1.5285714285714285,11.448275862068966,0.8428571428571429
dc_3706cdb29bf1,Data Foundry Houston 1,TX,29.749895,-95.472527,3.3448275862068964,0.5466666666666666,17.551724137931036,0.5,18.724137931034484,0.5285714285714286
dc_94fb239dbf78,Data Foundry Houston 2,TX,29.945145,-95.424212,2.6206896551724137,0.44,16.24137931034483,0.45714285714285713,17.96551724137931,0.4714285714285714
dc_c958657a0348,TriTech Center,MN,44.979252,-93.26646,1.8620689655172413,0.29333333333333333,46.6551724137931,1.6285714285714286,34.62068965517241,1.3428571428571427
dc_a48bd507b5ac,CyrusOne Wappingers Falls,NY,41.59911,-73.88234,0.7931034482758621,0.08,9.827586206896552,0.02857142857142857,38.6551724137931,0.6285714285714286
dc_80dd96d6f070,CyrusOne Totowa,NJ,40.907217,-74.242258,0.6206896551724138,0.09333333333333334,12.03448275862069,0.08571428571428572,54.13793103448276,0.6
dc_a1a2d4c9b9b0,CyrusOne Norwalk,CT,41.1116,-73.3922,0.4482758620689655,0.04,5.793103448275862,0.014285714285714285,26.896551724137932,0.5714285714285714
dc_2600bf81e31a,QTS Richmond (RIC1),VA,37.488073,-77.244177,1.7586206896551724,0.22666666666666666,12.586206896551724,0.21428571428571427,37.3448275862069,0.12857142857142856
dc_1633b238c629,Cologix DAL1,TX,32.800748,-96.819412,2.8275862068965516,0.5866666666666667,48.41379310344828,3.857142857142857,30.0,1.7142857142857142
dc_033df59021e1,Cologix DAL2,TX,32.800748,-96.819412,2.8275862068965516,0.5866666666666667,48.41379310344828,3.857142857142857,30.0,1.7142857142857142
dc_62b148aaa408,Cologix COL1,OH,40.116491,-83.001985,1.5172413793103448,0.26666666666666666,13.172413793103448,0.2,29.0,0.42857142857142855
dc_2c014e46bfd7,Cologix COL2,OH,40.116491,-83.001985,1.5172413793103448,0.26666666666666666,13.172413793103448,0.2,29.0,0.42857142857142855
dc_8c4c2067351e,Cologix JAX2,FL,30.273221,-81.613866,1.8620689655172413,0.14666666666666667,13.724137931034482,0.18571428571428572,34.310344827586206,0.32857142857142857
dc_841c8754ed1b,Cologix LAK1,FL,28.079624,-81.975179,2.1379310344827585,0.28,8.655172413793103,0.11428571428571428,8.793103448275861,0.17142857142857143
dc_ce8075567251,Flexential - Cincinnati (CIN1/2),OH,39.31601,-84.44924,1.4827586206896552,0.25333333333333335,20.03448275862069,0.38571428571428573,43.275862068965516,0.7
dc_6452cc5b0c97,Level(3) Charlotte,NC,35.17868,-80.928126,1.5172413793103448,0.24,19.620689655172413,0.5285714285714286,34.724137931034484,0.42857142857142855
dc_93add6dd1d1d,ERC Broadband,NC,35.594066,-82.55792,0.13793103448275862,0.0,15.413793103448276,0.14285714285714285,16.79310344827586,0.07142857142857142
dc_90929b3b19a1,Lightboard ★ Massachusetts,MA,42.109443,-72.575141,0.5862068965517241,0.22666666666666666,13.551724137931034,0.17142857142857143,35.689655172413794,0.35714285714285715
dc_90c8dcfdda40,Stack Infrastructure Portland PORO2,OR,45.5475,-122.8972,0.6896551724137931,0.02666666666666667,0.3448275862068966,0.0,0.8620689655172413,0.014285714285714285
dc_59783b2d12ed,EdgeConneX Santa Clara (EDCSVC01/EDCSVC02),CA,37.36437,-121.958865,0.1724137931034483,0.02666666666666667,1.6206896551724137,0.0,0.3103448275862069,0.014285714285714285
dc_23a57bb771d3,"DataSite, Boise",ID,43.606214,-116.303601,0.4827586206896552,0.0,1.4137931034482758,0.014285714285714285,3.7586206896551726,0.05714285714285714
dc_7fe3c888b6c0,Lunavi - Westin1809,WA,47.614347,-122.338883,0.1724137931034483,0.02666666666666667,0.10344827586206896,0.0,0.06896551724137931,0.014285714285714285
dc_78def80fc2f7,Lunavi - Westin1969,WA,47.614347,-122.338883,0.1724137931034483,0.02666666666666667,0.10344827586206896,0.0,0.06896551724137931,0.014285714285714285
dc_12cbbeba293d,Lunavi - Westin3205,WA,47.614347,-122.338883,0.1724137931034483,0.02666666666666667,0.10344827586206896,0.0,0.06896551724137931,0.014285714285714285
dc_4b4508a3fbf2,Flexential - Denver/Aurora (DEN03),CO,39.66107,-104.849813,3.3793103448275863,0.21333333333333335,52.310344827586206,1.5142857142857142,9.413793103448276,0.45714285714285713
dc_33b0acb3fbfc,Flexential - Denver/Englewood (DEN11),CO,39.559006,-104.838116,2.5172413793103448,0.21333333333333335,47.758620689655174,1.4,8.0,0.38571428571428573
dc_a3a8fb84180f,Flexential - Minneapolis/Chaska (MSP01),MN,44.851292,-93.599549,2.1379310344827585,0.24,42.10344827586207,1.4,31.724137931034484,1.1428571428571428
dc_2183463f5e3a,Flexential - Las Vegas/Downtown (LAS03),NV,36.168644,-115.143561,0.034482758620689655,0.0,1.896551724137931,0.014285714285714285,4.551724137931035,0.17142857142857143
dc_e5ff3c2dc17c,Flexential - Las Vegas/Downtown (LAS05),NV,36.168333,-115.143126,0.034482758620689655,0.0,1.896551724137931,0.014285714285714285,4.586206896551724,0.18571428571428572
dc_b04abdda0a7c,Flexential - Las Vegas/North (LAS04),NV,36.248009,-115.101272,0.034482758620689655,0.0,1.9310344827586208,0.014285714285714285,4.448275862068965,0.15714285714285714
dc_ce363e3ec754,Flexential - Portland/Hillsboro (PDX01),OR,45.54761,-122.89156,0.7241379310344828,0.02666666666666667,0.3448275862068966,0.0,0.8620689655172413,0.014285714285714285
dc_cf7e6e8946c1,Flexential - Portland/Hillsboro 2 (PDX02),OR,45.557854,-122.917023,0.7241379310344828,0.02666666666666667,0.3793103448275862,0.0,0.8275862068965517,0.014285714285714285
dc_d966ea3f8e06,Flexential - Denver/Centennial (DEN05),CO,39.594144,-104.843142,2.6551724137931036,0.2,49.793103448275865,1.5142857142857142,8.448275862068966,0.38571428571428573
dc_55529f8314f5,Flexential - Dallas/Richardson (RCH01),TX,32.993304,-96.756242,2.3448275862068964,0.52,46.206896551724135,3.442857142857143,27.586206896551722,1.5857142857142856
dc_dfc785a7c7de,Flexential - Salt Lake City/Cottonwood (SLC05),UT,40.634811,-111.805979,0.2413793103448276,0.04,3.2413793103448274,0.0,11.0,0.5142857142857142
dc_2d61a33ca46b,Flexential - Salt Lake City/South Valley (SLC09),UT,40.618997,-111.985014,0.27586206896551724,0.04,3.103448275862069,0.0,9.931034482758621,0.5428571428571428
dc_c7daef7be339,DataBank Dallas (DFW5),TX,32.800748,-96.819412,2.8275862068965516,0.5866666666666667,48.41379310344828,3.857142857142857,30.0,1.7142857142857142
dc_c620295c9127,Cologix NNJ2,NJ,40.831821,-74.448794,0.5517241379310345,0.10666666666666667,11.344827586206897,0.07142857142857142,54.44827586206897,0.4714285714285714
dc_21bd83254e11,Cologix NNJ3,NJ,40.857084,-74.418907,0.5172413793103449,0.10666666666666667,11.448275862068966,0.07142857142857142,53.89655172413793,0.5
dc_e398f3978d57,Alpheus Austin (1905 E. 6th Street),TX,30.261601,-97.722423,1.8620689655172413,0.29333333333333333,20.689655172413794,1.5714285714285714,10.310344827586206,0.7
dc_362d590e4b24,Voonami SLC2,UT,40.720873,-111.984927,0.2413793103448276,0.04,2.689655172413793,0.0,9.931034482758621,0.6
dc_6f992d5b84cd,Voonami SLC1,UT,40.326235,-111.681642,0.13793103448275862,0.0,2.3448275862068964,0.014285714285714285,5.620689655172414,0.32857142857142857
dc_180d30e8b4da,ACT Cheyenne,WY,41.131025,-104.900887,1.2758620689655173,0.06666666666666667,22.06896551724138,0.9,4.586206896551724,0.3
dc_2b69bfa841ef,ACT Wheatland,WY,42.045087,-104.963884,0.8620689655172413,0.02666666666666667,9.96551724137931,0.5428571428571428,2.0,0.12857142857142856
dc_0ccbc7a90b2d,ACT Douglas,WY,42.734225,-105.338279,0.4482758620689655,0.02666666666666667,2.9310344827586206,0.21428571428571427,1.103448275862069,0.014285714285714285
dc_255488578f92,ACT Casper,WY,42.852917,-106.319088,0.3103448275862069,0.05333333333333334,3.1379310344827585,0.1,2.3793103448275863,0.11428571428571428
dc_125f47540bac,ACT Riverton,WY,43.024471,-108.381932,0.1724137931034483,0.04,2.7586206896551726,0.0,3.9310344827586206,0.14285714285714285
dc_58ca51de8887,ACT Gillette,WY,44.246829,-105.504717,0.7241379310344828,0.08,9.827586206896552,0.2857142857142857,6.517241379310345,0.34285714285714286
dc_7db6a874da87,ACT Buffalo,WY,44.354194,-106.696638,0.034482758620689655,0.0,3.5517241379310347,0.05714285714285714,1.4482758620689655,0.05714285714285714
dc_9987086c405c,ACT Sheridan,WY,44.797251,-106.955883,0.034482758620689655,0.0,5.793103448275862,0.15714285714285714,3.2413793103448274,0.15714285714285714
dc_6f74b8c1ecc5,ACT Colstrip,MT,45.89347,-106.618344,0.06896551724137931,0.0,4.137931034482759,0.18571428571428572,1.7586206896551724,0.14285714285714285
dc_4dbc93c49488,Digital Realty SJC (2805 Lafayette),CA,37.372597,-121.947955,0.1724137931034483,0.02666666666666667,1.6551724137931034,0.0,0.3103448275862069,0.014285714285714285
dc_e1b88786f3b0,Digital Realty LAX (2260 E El Segundo),CA,33.91565,-118.3847,0.3448275862068966,0.06666666666666667,0.27586206896551724,0.0,0.6896551724137931,0.08571428571428572
dc_3dea0a669a7d,325 Delaware Ave,NY,42.893011,-78.875279,0.41379310344827586,0.09333333333333334,4.724137931034483,0.08571428571428572,14.586206896551724,0.15714285714285714
dc_59773501dcdd,Forsythe Data Centers,IL,42.00687,-87.96457,2.2758620689655173,0.36,32.44827586206897,0.4142857142857143,61.10344827586207,3.657142857142857
dc_dfcc7a22bf0c,Columbia County Community Broadband Utility,GA,33.545316,-82.135633,1.6551724137931034,0.29333333333333333,13.482758620689655,0.08571428571428572,31.689655172413794,1.0285714285714285
dc_ee2c4724265a,Equinix DA7 - Dallas,TX,33.064858,-96.810993,2.413793103448276,0.52,50.793103448275865,3.6,29.103448275862068,1.6142857142857143
dc_3feab9bb27ef,Centersquare Chicago (ORD2),IL,41.99209,-87.958015,2.3448275862068964,0.36,32.0,0.4142857142857143,60.827586206896555,3.6714285714285713
dc_95a460858bbe,Centersquare Columbus (CMH1),OH,40.16884,-83.010799,1.3448275862068966,0.24,13.793103448275861,0.2,29.103448275862068,0.42857142857142855
dc_1fd168086757,Centersquare Northern Virginia (IAD1-A/F),VA,39.023339,-77.413194,2.413793103448276,0.17333333333333334,20.275862068965516,0.38571428571428573,96.62068965517241,1.2285714285714286
dc_445dff13f0cb,EdgeConneX Madison (EDCMAD01),WI,43.04802,-89.297331,2.4827586206896552,0.4266666666666667,16.551724137931036,0.6571428571428571,19.103448275862068,1.2714285714285714
dc_a57a479290da,EdgeConneX Minneapolis (EDCMSP01),MN,44.878844,-93.404156,2.0344827586206895,0.28,47.13793103448276,1.6714285714285715,35.172413793103445,1.3714285714285714
dc_528384267832,Centersquare Northern Virginia (IAD1-C/E),VA,39.025283,-77.413213,2.413793103448276,0.17333333333333334,20.344827586206897,0.37142857142857144,96.51724137931035,1.2285714285714286
dc_39d40801f80a,Centersquare Northern Virginia (IAD2),VA,38.984122,-77.423889,2.2413793103448274,0.17333333333333334,20.103448275862068,0.4,96.79310344827586,1.2714285714285714
dc_fa631ad5684c,Centersquare Northern Virginia (IAD3),VA,38.980226,-77.443486,2.2413793103448274,0.16,19.79310344827586,0.4142857142857143,95.0,1.2571428571428571
dc_ff3aba8fa11d,Centersquare Dallas (DFW1),TX,32.832607,-97.040726,3.206896551724138,0.6533333333333333,60.62068965517241,4.628571428571429,37.724137931034484,2.2285714285714286
dc_837045fc5729,Centersquare Denver (DEN1),CO,39.550215,-105.033374,1.2413793103448276,0.13333333333333333,46.10344827586207,1.2857142857142858,6.379310344827586,0.2714285714285714
dc_a8b860d92de2,Centersquare Denver (DEN2),CO,39.560863,-104.830727,2.6206896551724137,0.21333333333333335,47.689655172413794,1.4142857142857144,8.172413793103448,0.38571428571428573
dc_ec0b9c36f643,Centersquare Minneapolis (MSP1),MN,44.778828,-93.461982,2.1724137931034484,0.25333333333333335,41.3448275862069,1.5857142857142856,31.413793103448278,1.1714285714285715
dc_c1851f9d9727,Centersquare New Jersey (EWR2),NJ,40.76218,-74.024685,0.6551724137931034,0.08,12.724137931034482,0.14285714285714285,51.827586206896555,0.7142857142857143
dc_c7be2966c16a,Centersquare New Jersey (EWR3),NJ,40.553374,-74.459223,0.896551724137931,0.13333333333333333,10.379310344827585,0.014285714285714285,51.10344827586207,0.5571428571428572
dc_634e7c426abd,Centersquare Los Angeles (LAX3),CA,33.687339,-117.848727,0.4482758620689655,0.04,0.4482758620689655,0.014285714285714285,1.4482758620689655,0.2
dc_cfd86dec39d0,Centersquare Phoenix (PHX1),AZ,33.454411,-111.976435,0.3103448275862069,0.08,3.9310344827586206,0.04285714285714286,31.310344827586206,2.0714285714285716
dc_9a78859fa7f1,Centersquare Silicon Valley (SFO1),CA,37.371485,-121.969739,0.1724137931034483,0.02666666666666667,1.6551724137931034,0.0,0.3103448275862069,0.014285714285714285
dc_d290e4022b32,Centersquare Silicon Valley (SFO2),CA,37.398632,-121.980961,0.1724137931034483,0.02666666666666667,1.6551724137931034,0.0,0.3103448275862069,0.014285714285714285
dc_b3f9e624dfec,Centersquare Seattle (SEA1-B),WA,47.491883,-122.289792,0.2413793103448276,0.02666666666666667,0.10344827586206896,0.0,0.06896551724137931,0.014285714285714285
dc_90455f1b2274,Centersquare Silicon Valley (SFO3),CA,37.372078,-121.986073,0.1724137931034483,0.02666666666666667,1.7241379310344827,0.0,0.3448275862068966,0.014285714285714285
dc_6ab52053e3ec,Centersquare Tampa (TPA1),FL,27.94551,-82.35121,3.0344827586206895,0.38666666666666666,9.793103448275861,0.11428571428571428,13.89655172413793,0.2857142857142857
dc_83495392fdac,NP Belle Plaine (MSP1),MN,44.6234,-93.75902,2.0689655172413794,0.18666666666666668,24.275862068965516,0.8571428571428571,20.275862068965516,0.7571428571428571
dc_3ef211afc81f,I-Evolve Technology Datacenter Amherst,NY,43.018107,-78.784612,0.3448275862068966,0.08,4.758620689655173,0.08571428571428572,16.20689655172414,0.2
dc_0889bebc1079,Lowest Host/Empire Technology,UT,40.7997,-111.946913,0.3103448275862069,0.04,2.6551724137931036,0.0,10.620689655172415,0.5571428571428572
dc_577d0763b239,CoreSite - Reston (VA2),VA,38.94895,-77.364494,2.206896551724138,0.21333333333333335,20.20689655172414,0.4142857142857143,99.0,1.4857142857142858
dc_77d6c520b74a,Ascent - CH2,IL,41.920029,-87.912164,2.6551724137931036,0.3466666666666667,33.206896551724135,0.4857142857142857,61.758620689655174,3.757142857142857
dc_54191d9d0f70,MultaCom Main,CA,34.049219,-118.257002,0.4482758620689655,0.06666666666666667,0.4827586206896552,0.0,0.9310344827586207,0.15714285714285714
dc_815a4077d7c3,SDN Communications Campus Sioux Falls South Dakota,SD,43.546529,-96.764101,2.206896551724138,0.38666666666666666,24.96551724137931,0.6285714285714286,15.862068965517242,1.7142857142857142
dc_a4a29a509851,SDN Communication Mark Shlanta Technology Park,SD,43.60705,-96.80934,2.0344827586206895,0.37333333333333335,24.896551724137932,0.7,16.137931034482758,1.6714285714285715
dc_a1d2bf1489bd,BESTNAP,TX,30.273541,-97.742861,1.8620689655172413,0.29333333333333333,20.689655172413794,1.5714285714285714,10.241379310344827,0.6714285714285714
dc_26db4d08cc6d,Evocative DA4,TX,32.837967,-96.878307,3.0689655172413794,0.6133333333333333,54.793103448275865,4.2,32.37931034482759,1.7857142857142858
dc_f27036f5aa1b,H5 Data Centers Silicon Valley,CA,37.372036,-121.987545,0.1724137931034483,0.02666666666666667,1.7241379310344827,0.0,0.3793103448275862,0.014285714285714285
dc_1582bf9a4bfb,Digital Realty CHI (600-780 S Federal),IL,41.874224,-87.629937,1.6551724137931034,0.28,20.379310344827587,0.4,43.3448275862069,2.914285714285714
dc_16d1c4c70378,Zayo Pittsburgh - 2500 Allegheny Center Mall,PA,40.451862,-80.006977,1.206896551724138,0.2,21.24137931034483,0.2571428571428571,70.0,0.7285714285714285
dc_fa32d5b574b6,Zayo Nashville - 209 10th Ave. S,TN,36.155165,-86.782559,3.4827586206896552,0.4266666666666667,20.689655172413794,0.42857142857142855,65.20689655172414,1.2
dc_76ee034b9cda,Zayo Cleveland - 1525 Rockwell Ave,OH,41.506167,-81.68395,0.896551724137931,0.14666666666666667,15.10344827586207,0.2,29.310344827586206,0.9285714285714286
dc_6408ea6661a1,Sungard AS Scottsdale,AZ,33.632423,-111.917795,0.3103448275862069,0.06666666666666667,4.0,0.07142857142857142,26.724137931034484,1.7142857142857142
dc_c5961d5d88a0,INAP Houston,TX,29.754104,-95.365803,3.8275862068965516,0.64,17.655172413793103,0.4857142857142857,19.551724137931036,0.5571428571428572
dc_3ad585b77fab,DataBank Chicago (ORD1),IL,41.874224,-87.629937,1.6551724137931034,0.28,20.379310344827587,0.4,43.3448275862069,2.914285714285714
dc_bc06006b2111,Zayo Baltimore - 111 Market Pl,MD,39.287752,-76.60685,2.0344827586206895,0.13333333333333333,12.344827586206897,0.18571428571428572,61.55172413793103,0.8714285714285714
dc_62a40204a545,DataBank Memphis (MEM1),TN,35.203086,-89.808615,1.206896551724138,0.5066666666666667,15.862068965517242,0.2571428571428571,23.413793103448278,0.9571428571428572
dc_55079160dfd9,Zayo Minneapolis - 10300 6th Ave N,MN,44.98646,-93.411433,1.793103448275862,0.25333333333333335,48.206896551724135,1.7428571428571429,35.86206896551724,1.2571428571428571
dc_03a055ec8a9d,DataBank Chicago (ORD3),IL,42.078055,-87.923547,2.0,0.38666666666666666,28.96551724137931,0.4,55.0,3.357142857142857
dc_e4341c36e064,"Roller Network (Reno, NV)",NV,39.469306,-119.76983,0.3448275862068966,0.0,1.5172413793103448,0.02857142857142857,1.5517241379310345,0.08571428571428572
dc_53c76c4c9a51,Zayo Washington DC - 2100 M Street NW,DC,38.904888,-77.047082,2.3448275862068964,0.17333333333333334,20.24137931034483,0.44285714285714284,98.0,1.6428571428571428
dc_44e1452bfc28,DataBank Seattle (SEA2),WA,47.495027,-122.290569,0.2413793103448276,0.02666666666666667,0.10344827586206896,0.0,0.06896551724137931,0.014285714285714285
dc_c9e0167855d2,1011 San Jacinto,TX,30.27167,-97.738559,1.8620689655172413,0.29333333333333333,20.79310344827586,1.5714285714285714,10.310344827586206,0.6714285714285714
dc_939f4f8150c1,H5 Data Centers Cleveland,OH,41.506167,-81.68395,0.896551724137931,0.14666666666666667,15.10344827586207,0.2,29.310344827586206,0.9285714285714286
dc_60f5bc675bc3,Digital Realty CLT (125 N Myers St),NC,35.221491,-80.835817,1.5172413793103448,0.25333333333333335,19.79310344827586,0.5428571428571428,36.03448275862069,0.44285714285714284
dc_9aa547ca020f,DataBank Denver (DEN1),CO,39.5608,-104.8653,2.2758620689655173,0.18666666666666668,48.48275862068966,1.4285714285714286,7.9655172413793105,0.38571428571428573
dc_50f300dbed19,Alpheus Fort Worth (307 W 7th St),TX,32.751822,-97.331523,2.793103448275862,0.6,49.689655172413794,3.7,29.689655172413794,1.9428571428571428
dc_6c5c3de9236e,Digital Realty EWR (3 Corporate Pl),NJ,40.5537,-74.459,0.896551724137931,0.13333333333333333,10.379310344827585,0.014285714285714285,51.03448275862069,0.5571428571428572
dc_c83ebcd9777a,DataBank Irvine (SNA1),CA,33.691369,-117.840359,0.4482758620689655,0.04,0.4482758620689655,0.014285714285714285,1.4482758620689655,0.2
dc_7cc4b0b4fc96,Evocative EWR1,NJ,40.787662,-74.068015,0.6551724137931034,0.09333333333333334,12.89655172413793,0.14285714285714285,52.37931034482759,0.7285714285714285
dc_9dd5204cf104,TierPoint Chicago - West,IL,41.927017,-87.858028,2.3448275862068964,0.36,31.03448275862069,0.44285714285714284,57.827586206896555,3.5285714285714285
dc_0e8f573507fc,US Signal - Oak Brook,IL,41.846308,-87.939656,3.0689655172413794,0.4666666666666667,36.3448275862069,0.6428571428571429,67.0,4.057142857142857
dc_08c02a332e69,Evocative SEA1,WA,47.619446,-122.34811,0.1724137931034483,0.02666666666666667,0.10344827586206896,0.0,0.06896551724137931,0.014285714285714285
dc_c81ebd5c76fc,Evocative Virginia (VA1),VA,38.948869,-77.329428,2.2758620689655173,0.22666666666666666,20.413793103448278,0.4142857142857143,98.6896551724138,1.5285714285714285
dc_586f965d0e34,Long Lines Data Center,IA,42.479224,-96.346135,1.9310344827586208,0.36,20.551724137931036,0.6285714285714286,15.448275862068966,1.1428571428571428
dc_202a2991c5a5,UnitedLayer Los Angeles,CA,34.048222,-118.254575,0.4482758620689655,0.06666666666666667,0.4827586206896552,0.0,0.9310344827586207,0.15714285714285714
dc_1bdd34364619,TierPoint Philadelphia,PA,39.892465,-75.165482,1.1379310344827587,0.22666666666666666,13.551724137931034,0.12857142857142856,78.0,0.8142857142857143
dc_ddd97248cc7e,TierPoint Chicago - Polk,IL,41.871616,-87.642825,1.6551724137931034,0.28,20.862068965517242,0.4,44.3448275862069,2.9857142857142858
dc_e2cb4bbef84e,H5 Data Centers Denver,CO,39.618102,-104.891509,2.5172413793103448,0.18666666666666668,50.827586206896555,1.5,8.413793103448276,0.4142857142857143
dc_a99edebba530,H5 Data Centers Seattle,WA,47.619054,-122.336393,0.1724137931034483,0.02666666666666667,0.10344827586206896,0.0,0.06896551724137931,0.014285714285714285
dc_1f5c6ef67d69,H5 Data Centers Atlanta,GA,33.765199,-84.38365,2.0,0.44,29.0,0.45714285714285713,42.206896551724135,0.4
dc_50cfa203d920,Amplex DC0,OH,41.48316,-83.4532,1.206896551724138,0.28,15.137931034482758,0.21428571428571427,28.724137931034484,0.5
dc_8e3b85f052e5,Markley Group Lowell,MA,42.6302,-71.3045,0.1724137931034483,0.18666666666666668,12.793103448275861,0.2,36.55172413793103,0.34285714285714286
dc_6a78d9936b54,GIP Dallas,TX,32.783819,-96.79463,2.6206896551724137,0.5733333333333334,45.55172413793103,3.642857142857143,28.82758620689655,1.6142857142857143
dc_79dfa0f520ee,Enseva Cedar Rapids,IA,42.055307,-91.679646,3.0,0.4533333333333333,22.896551724137932,0.5428571428571428,29.344827586206897,2.057142857142857
dc_1381e04db5f3,Digital Realty SJC (1100 Space Park),CA,37.375823,-121.953325,0.1724137931034483,0.02666666666666667,1.6551724137931034,0.0,0.3103448275862069,0.014285714285714285
dc_b5563d708045,CyrusOne Aurora I,IL,41.796754,-88.24276,3.5517241379310347,0.41333333333333333,30.586206896551722,0.5,59.51724137931034,3.6714285714285713
dc_f41ce391bc3a,Optic Fusion - Perkins Building,WA,47.253338,-122.436709,0.3793103448275862,0.02666666666666667,0.034482758620689655,0.0,0.06896551724137931,0.014285714285714285
dc_b7fb6104e55f,Digital Realty HOU (12001 North Freeway),TX,29.943168,-95.416846,2.6551724137931036,0.4533333333333333,15.89655172413793,0.44285714285714284,17.93103448275862,0.45714285714285713
dc_3c96251ce435,Tech Vault South Burlington,VT,44.45418,-73.141763,0.10344827586206896,0.04,8.03448275862069,0.14285714285714285,16.724137931034484,0.21428571428571427
dc_5dcb98d9729e,Digital Realty Portland - PDX10,OR,45.547609,-122.892017,0.7241379310344828,0.02666666666666667,0.3448275862068966,0.0,0.8620689655172413,0.014285714285714285
dc_acacfb9245c6,Cologix MIN3,MN,44.971408,-93.25458,1.896551724137931,0.29333333333333333,46.10344827586207,1.5857142857142856,34.58620689655172,1.3714285714285714
dc_7ab474505334,Cologix COL3,OH,40.116491,-83.001985,1.5172413793103448,0.26666666666666666,13.172413793103448,0.2,29.0,0.42857142857142855
dc_b272dd406678,Consolidated - 811 Louisiana,TX,29.759292,-95.366313,3.896551724137931,0.64,17.96551724137931,0.5142857142857142,19.586206896551722,0.5714285714285714
dc_5d9780f4d912,Prov.net PVD1 (1155 Westminster),RI,41.817374,-71.427671,0.7241379310344828,0.04,7.0344827586206895,0.07142857142857142,18.137931034482758,0.18571428571428572
dc_21ebebf3dbbb,Prov.net PVD2 (304 Carpenter),RI,41.817622,-71.429267,0.7241379310344828,0.04,7.0,0.07142857142857142,18.06896551724138,0.18571428571428572
dc_02dc64b737be,Prov.net CHF1 (Boston North),MA,42.597085,-71.331383,0.20689655172413793,0.22666666666666666,12.793103448275861,0.2,36.689655172413794,0.37142857142857144
dc_0ba8bcd18eb0,QTS Princeton (PJC1),NJ,40.279249,-74.547551,1.1379310344827587,0.18666666666666668,9.758620689655173,0.02857142857142857,47.62068965517241,0.5285714285714286
dc_347878620932,QTS Chicago (CHI1),IL,41.841895,-87.668306,2.0344827586206895,0.3466666666666667,23.137931034482758,0.4,47.55172413793103,3.1714285714285713
dc_85cad2201208,QTS Overland Park (OVP1),KS,38.89627,-94.673374,2.0,0.4266666666666667,51.724137931034484,1.957142857142857,42.206896551724135,2.8
dc_e37781a3945e,US Internet - Minnetonka,MN,44.972011,-93.436607,1.7586206896551724,0.26666666666666666,48.13793103448276,1.7285714285714286,35.6551724137931,1.2714285714285714
dc_af69a6e28ad1,Everstream Parma Data Center,OH,41.407902,-81.780019,1.1724137931034482,0.21333333333333335,19.310344827586206,0.2571428571428571,36.06896551724138,1.0
dc_eca142e41806,LADC2 - 707 Wilshire Blvd,CA,34.049219,-118.257002,0.4482758620689655,0.06666666666666667,0.4827586206896552,0.0,0.9310344827586207,0.15714285714285714
dc_7569fa9635bc,LADC3 - 600 W 7th St,CA,34.047282,-118.256692,0.4482758620689655,0.06666666666666667,0.4827586206896552,0.0,0.9310344827586207,0.15714285714285714
dc_ac067fc8caa1,LADC4 - 530 W 6th St,CA,34.048222,-118.254575,0.4482758620689655,0.06666666666666667,0.4827586206896552,0.0,0.9310344827586207,0.15714285714285714
dc_c7aa0c4fe9d5,LADC5 - 650 S Grand Ave,CA,34.047741,-118.256095,0.4482758620689655,0.06666666666666667,0.4827586206896552,0.0,0.9310344827586207,0.15714285714285714
dc_57acf1168596,SFDC1 - 200 Paul Ave,CA,37.724028,-122.397718,0.10344827586206896,0.0,1.8620689655172413,0.0,0.7241379310344828,0.05714285714285714
dc_be812f833558,NYDC1 - 60 Hudson Street,NY,40.717729,-74.008306,0.6896551724137931,0.06666666666666667,12.0,0.14285714285714285,50.44827586206897,0.7142857142857143
dc_f6923d09cd62,NYDC2 - 111 8th ave,NY,40.741469,-74.003387,0.7241379310344828,0.08,12.275862068965518,0.14285714285714285,50.758620689655174,0.7142857142857143
dc_3cd8837b3e4f,NYDC3 - 11 skyline dr,NY,41.09095,-73.81383,0.4482758620689655,0.10666666666666667,10.068965517241379,0.14285714285714285,41.51724137931034,0.6
dc_871585f535e8,NJDC1 - 100 Delawanna ave,NJ,40.829947,-74.126657,0.6551724137931034,0.08,12.89655172413793,0.15714285714285714,53.48275862068966,0.7142857142857143
dc_df65c9139bfb,NJDC2 - 300 J F Kennedy Blvd,NJ,40.777818,-74.075909,0.6551724137931034,0.09333333333333334,12.827586206896552,0.14285714285714285,52.827586206896555,0.7285714285714285
dc_75f15cdb1182,BDC1 - 34 Saint Martin Dr,MA,42.312902,-71.579257,0.6206896551724138,0.18666666666666668,11.275862068965518,0.18571428571428572,32.3448275862069,0.3
dc_081751389720,PDC1 - 9999 Hamilton blvd,PA,40.544235,-75.655718,0.7241379310344828,0.18666666666666668,10.586206896551724,0.17142857142857143,51.03448275862069,0.44285714285714284
dc_c58b1b612021,PDC2 - 1000 Adams ave,PA,40.121801,-75.421011,1.0,0.25333333333333335,12.241379310344827,0.12857142857142856,71.82758620689656,0.8142857142857143
dc_7efbc943a5b5,PDC3 - 3949 Schelden Cir,PA,40.675013,-75.378107,0.7586206896551724,0.18666666666666668,9.206896551724139,0.15714285714285714,47.827586206896555,0.2714285714285714
dc_194539a143f0,CDC1 - 350 E Cermak Rd,IL,41.853701,-87.618252,1.8275862068965518,0.29333333333333333,19.79310344827586,0.4,42.44827586206897,2.8714285714285714
dc_ad43d4cf1b08,CDC2 - 600 S Federal st,IL,41.874224,-87.629937,1.6551724137931034,0.28,20.379310344827587,0.4,43.3448275862069,2.914285714285714
dc_037586104f46,CDC3 - 800 E Business Center Dr,IL,42.078055,-87.923547,2.0,0.38666666666666666,28.96551724137931,0.4,55.0,3.357142857142857
dc_6fa7f8a2244a,CDC4 - 1808 Swift Dr,IL,41.854051,-87.920916,3.0689655172413794,0.4666666666666667,35.758620689655174,0.6142857142857143,65.55172413793103,3.9857142857142858
dc_c160bcff218a,CDC5 - 2200 Busse Rd,IL,41.994269,-87.962053,2.3793103448275863,0.36,32.10344827586207,0.4142857142857143,60.724137931034484,3.6714285714285713
dc_ec7f3d892327,MDC1 - 36 NE 2nd St,FL,25.776033,-80.193092,3.5172413793103448,0.17333333333333334,10.03448275862069,0.14285714285714285,12.96551724137931,0.7
dc_41ca0ce0a509,HDC1 - 108 Bank St,CT,41.554386,-73.041037,1.0,0.18666666666666668,9.275862068965518,0.04285714285714286,29.75862068965517,0.5714285714285714
dc_a9daac2a9bcf,"ColoSpace - Bedford, NH",NH,42.928233,-71.463933,0.06896551724137931,0.13333333333333333,9.758620689655173,0.08571428571428572,19.482758620689655,0.17142857142857143
dc_9674a1042873,"ColoSpace - Waltham, MA",MA,42.399882,-71.253131,0.5172413793103449,0.18666666666666668,11.551724137931034,0.18571428571428572,38.89655172413793,0.32857142857142857
dc_fe6a5082e1a4,"ColoSpace - Rockland, MA",MA,42.166264,-70.898347,0.41379310344827586,0.05333333333333334,7.586206896551724,0.11428571428571428,25.20689655172414,0.17142857142857143
dc_7371f6e88a78,"ColoSpace - Somerville, MA",MA,42.376703,-71.079763,0.3103448275862069,0.12,10.310344827586206,0.24285714285714285,35.51724137931034,0.3
dc_64078778e699,MI Tech - Main Campus,MI,47.119532,-88.551329,0.0,0.0,2.7241379310344827,0.07142857142857142,3.9310344827586206,0.3
dc_57096ce99736,Crown Castle Hartford (960 Main),CT,41.76818,-72.6726,0.8275862068965517,0.26666666666666666,11.862068965517242,0.14285714285714285,32.10344827586207,0.3142857142857143
dc_f386ecfb7f09,Crown Castle Boston (1 Summer),MA,42.354692,-71.060266,0.3448275862068966,0.12,9.689655172413794,0.15714285714285714,34.62068965517241,0.2857142857142857
dc_4de2dac0b961,Crown Castle Springfield (1 Federal),MA,42.109052,-72.576013,0.5862068965517241,0.22666666666666666,13.551724137931034,0.17142857142857143,35.6551724137931,0.35714285714285715
dc_c67379e56350,Crown Castle Newark (165 Halsey),NJ,40.736844,-74.173402,0.7241379310344828,0.06666666666666667,12.275862068965518,0.11428571428571428,55.44827586206897,0.6714285714285714
dc_0697d50df413,Crown Castle Providence (235 Promenade),RI,41.828542,-71.41934,0.7586206896551724,0.04,7.068965517241379,0.07142857142857142,18.24137931034483,0.18571428571428572
dc_3b40bd0e28a9,Crown Castle Chicago (725 S Wells),IL,41.872619,-87.633278,1.6551724137931034,0.28,20.482758620689655,0.4,43.58620689655172,2.914285714285714
dc_64fac6510bfa,Crown Castle Marlboro (34 St Martin),MA,42.313247,-71.578316,0.6206896551724138,0.18666666666666668,11.275862068965518,0.18571428571428572,32.3448275862069,0.3
dc_e7bcef4e6ef3,Crown Castle Worcester (474 Main),MA,42.262556,-71.802963,0.7931034482758621,0.17333333333333334,10.241379310344827,0.14285714285714285,25.413793103448278,0.24285714285714285
dc_f16231684f36,Crown Castle New York (111 8th),NY,40.741469,-74.003387,0.7241379310344828,0.08,12.275862068965518,0.14285714285714285,50.758620689655174,0.7142857142857143
dc_1976e66defac,Crown Castle Providence (300 Carpenter),RI,41.817911,-71.42888,0.7241379310344828,0.04,7.0344827586206895,0.07142857142857142,18.103448275862068,0.18571428571428572
dc_caa1e331d330,Crown Castle Columbus (101 E Town),OH,39.958911,-82.996895,1.4827586206896552,0.25333333333333335,13.931034482758621,0.18571428571428572,29.82758620689655,0.45714285714285713
dc_8a0744087416,ManagedWay TYM1,MI,42.537158,-83.099861,0.5172413793103449,0.30666666666666664,13.620689655172415,0.08571428571428572,37.724137931034484,0.8
dc_f1924a1f4658,ManagedWay TYM2,MI,42.540615,-83.098459,0.4827586206896552,0.30666666666666664,13.620689655172415,0.08571428571428572,37.793103448275865,0.8
dc_83e9572d0746,ManagedWay BYK1,MI,42.825353,-85.672818,1.0689655172413792,0.28,6.379310344827586,0.24285714285714285,13.655172413793103,0.38571428571428573
dc_e69a4d117f8d,ManagedWay SFJ1,MI,42.471634,-83.238056,0.5862068965517241,0.32,15.689655172413794,0.17142857142857143,42.51724137931034,0.9285714285714286
dc_f9b72dde45d8,ManagedWay SFJ2,MI,42.467059,-83.234759,0.5172413793103449,0.32,15.689655172413794,0.17142857142857143,42.48275862068966,0.9285714285714286
dc_b24968196134,NWT Data Center,FL,25.775583,-80.188189,3.4827586206896552,0.17333333333333334,10.068965517241379,0.14285714285714285,13.0,0.7
dc_9ce7e28cd5d6,IM Datacenter,FL,25.776,-80.1931,3.5172413793103448,0.17333333333333334,10.03448275862069,0.14285714285714285,12.96551724137931,0.7
dc_d76a427d377e,Patmos KC1,MO,39.097212,-94.567238,2.310344827586207,0.56,56.62068965517241,2.157142857142857,45.310344827586206,2.8
dc_3f97f56200be,CoreSite - Orlando (OR1),FL,28.427139,-81.419829,1.4482758620689655,0.29333333333333333,14.137931034482758,0.2571428571428571,12.620689655172415,0.2571428571428571
dc_c31443bd7e5d,"DartPoints Cincinnati, OH - CVG1",OH,39.098228,-84.517483,1.1379310344827587,0.30666666666666664,19.586206896551722,0.3,44.41379310344828,0.5857142857142857
dc_487092045130,TierPoint Allentown-TekPark,PA,40.544235,-75.655718,0.7241379310344828,0.18666666666666668,10.586206896551724,0.17142857142857143,51.03448275862069,0.44285714285714284
dc_5e85cebf311b,TierPoint Lehigh Valley,PA,40.675013,-75.378107,0.7586206896551724,0.18666666666666668,9.206896551724139,0.15714285714285714,47.827586206896555,0.2714285714285714
dc_03a4e256150f,"DartPoints Asheville, NC - AVL1",NC,35.488154,-82.558062,0.10344827586206896,0.013333333333333334,16.79310344827586,0.14285714285714285,17.620689655172413,0.07142857142857142
dc_5a60b2d9349b,"DartPoints Greenville, SC - GSP1",SC,34.807763,-82.34338,1.6551724137931034,0.25333333333333335,23.379310344827587,0.4,36.62068965517241,0.6428571428571429
dc_6186c857fc4f,"DartPoints Columbia, SC - CAE1",SC,33.987661,-81.030715,2.206896551724138,0.30666666666666664,15.551724137931034,0.15714285714285714,51.41379310344828,1.4142857142857144
dc_d6d98ef855f4,"DartPoints Charleston, SC - CHS1",SC,32.96496,-80.1013,1.9655172413793103,0.09333333333333334,20.75862068965517,0.14285714285714285,37.03448275862069,0.4714285714285714
dc_85dc506fa124,Hosted Backbone Richmond1,VA,37.646784,-77.438443,1.8275862068965518,0.13333333333333333,10.620689655172415,0.18571428571428572,33.10344827586207,0.12857142857142856
dc_5410c3966313,T5@Dallas,TX,33.064858,-96.810993,2.413793103448276,0.52,50.793103448275865,3.6,29.103448275862068,1.6142857142857143
dc_6b2ef030c33c,Digital Realty ATL (250 Williams),GA,33.761611,-84.391309,2.0,0.44,29.20689655172414,0.45714285714285713,42.3448275862069,0.4
dc_3c15e6d243fd,Anexio NJ1,NJ,40.55734,-74.4844,0.896551724137931,0.16,10.310344827586206,0.014285714285714285,51.0,0.5428571428571428
dc_2e8f81227e3c,Anexio ACC5,VA,39.020131,-77.463206,2.3448275862068964,0.17333333333333334,19.482758620689655,0.37142857142857144,91.75862068965517,1.0857142857142856
dc_d5bc37668c90,Aecero - Orange County (SNA1),CA,33.848958,-117.971033,0.6206896551724138,0.06666666666666667,0.6206896551724138,0.014285714285714285,1.3793103448275863,0.2
dc_7259ff26155b,QuadraNet LAX,CA,33.9464,-118.3936,0.3793103448275862,0.06666666666666667,0.3448275862068966,0.0,0.7241379310344828,0.08571428571428572
dc_ffd700f6d2ef,DataBank Atlanta (ATL2),GA,33.733895,-84.425712,1.9655172413793103,0.4266666666666667,28.724137931034484,0.44285714285714284,42.48275862068966,0.42857142857142855
dc_a8fff910467b,FirstLight Regen Hut,ME,43.658074,-70.29982,0.2413793103448276,0.0,5.413793103448276,0.04285714285714286,10.172413793103448,0.1
dc_2d83d46863fc,Opus Interactive Portland (PDX01),OR,45.52306,-122.683661,0.7586206896551724,0.02666666666666667,0.5517241379310345,0.0,0.8275862068965517,0.014285714285714285
dc_58ce7a0aa27d,Opus Interactive Hillsboro (HIO01),OR,45.5472,-122.89725,0.6896551724137931,0.02666666666666667,0.3448275862068966,0.0,0.8620689655172413,0.014285714285714285
dc_64a01d02406b,Opus Interactive Dallas (DTX01),TX,32.778287,-96.7984,2.6206896551724137,0.5733333333333334,45.37931034482759,3.6285714285714286,28.896551724137932,1.6142857142857143
dc_bb41f7c6272c,Opus Interactive Silicon Valley (SJC01),CA,37.402591,-121.893199,0.13793103448275862,0.02666666666666667,1.4137931034482758,0.0,0.3103448275862069,0.014285714285714285
dc_2c9f0fdd6bd5,WhiteLabelITSolutions,NJ,40.883258,-74.050276,0.6896551724137931,0.08,13.0,0.14285714285714285,53.48275862068966,0.8142857142857143
dc_5453a4c127bb,Bresco Broadband Data Center,OH,39.959803,-82.988601,1.5517241379310345,0.25333333333333335,13.793103448275861,0.18571428571428572,29.655172413793103,0.44285714285714284
dc_ca9d0ab87d83,Continental Plaza,OH,39.962785,-82.996184,1.4827586206896552,0.25333333333333335,13.862068965517242,0.18571428571428572,29.79310344827586,0.45714285714285713
dc_7fabd1d8f84d,H5 Data Centers Secaucus (NJ01),NJ,40.78387,-74.07545,0.6551724137931034,0.09333333333333334,12.89655172413793,0.14285714285714285,52.89655172413793,0.7285714285714285
dc_8d25991bfa8d,Element Critical  Austin AUS1,TX,30.3428,-97.6964,1.9310344827586208,0.3466666666666667,21.96551724137931,1.6285714285714286,10.758620689655173,0.7142857142857143
dc_4c67f29cb099,Tech Mahindra Cleveland,OH,41.49786,-81.693321,0.9655172413793104,0.17333333333333334,15.448275862068966,0.2,30.379310344827587,0.9285714285714286
dc_2c7c11ab382b,Cologix MIN4,MN,44.971408,-93.25458,1.896551724137931,0.29333333333333333,46.10344827586207,1.5857142857142856,34.58620689655172,1.3714285714285714
dc_1e39597e7669,H5 Data Centers Nashville (TN01),TN,36.162621,-86.776316,3.5517241379310347,0.44,21.482758620689655,0.42857142857142855,66.24137931034483,1.2
dc_667b43557d64,75 Broad Street,NY,40.704435,-74.01149,0.7241379310344828,0.06666666666666667,11.586206896551724,0.12857142857142856,49.86206896551724,0.6857142857142857
dc_79d66f4fbbef,H5 Data Centers St. Louis (MO01),MO,38.632728,-90.195813,3.0344827586206895,0.6,36.86206896551724,1.4428571428571428,43.13793103448276,1.6571428571428573
dc_4485a73fc1d8,vXchnge Raleigh-Durham (NC01),NC,35.895769,-78.849214,0.9310344827586207,0.21333333333333335,17.551724137931036,0.32857142857142857,39.6551724137931,0.21428571428571427
dc_67ff6b9472eb,Evocative New York (JFK2),NY,41.18114,-73.75511,0.41379310344827586,0.12,8.586206896551724,0.08571428571428572,35.93103448275862,0.5285714285714286
dc_3ca280f35beb,H5 Data Centers Pittsburgh (PA02),PA,40.452053,-79.980564,1.1724137931034482,0.18666666666666668,21.24137931034483,0.2571428571428571,70.65517241379311,0.7285714285714285
dc_5a561854a759,Verizon Atlanta,GA,33.727965,-84.417833,1.9655172413793103,0.4266666666666667,29.137931034482758,0.45714285714285713,42.51724137931034,0.42857142857142855
dc_739935478bcb,Centersquare Albuquerque (ABQ1),NM,35.08659,-106.651287,0.20689655172413793,0.013333333333333334,7.068965517241379,0.07142857142857142,3.8275862068965516,0.07142857142857142
dc_583b75cdc1d2,Centersquare Atlanta (ATL1-A/B/C),GA,33.744284,-84.581404,1.793103448275862,0.4666666666666667,27.79310344827586,0.45714285714285713,41.275862068965516,0.4
dc_e7c1247bfe63,Centersquare Boston (BOS1-A),MA,42.396785,-71.267452,0.5172413793103449,0.18666666666666668,11.724137931034482,0.18571428571428572,39.172413793103445,0.3142857142857143
dc_8d868acd51ee,Consolidated - 770 Elm St.,NH,42.989023,-71.46365,0.13793103448275862,0.16,9.137931034482758,0.07142857142857142,16.689655172413794,0.15714285714285714
dc_4290cc221459,Consolidated - 266 Main St.,VT,44.476496,-73.208582,0.10344827586206896,0.04,7.724137931034483,0.14285714285714285,16.75862068965517,0.24285714285714285
dc_81e63f1a603e,Consolidated - 45 Forest Ave.,ME,43.66578,-70.27613,0.2413793103448276,0.0,5.206896551724138,0.04285714285714286,10.03448275862069,0.08571428571428572
dc_713ae9ff9f61,Switch Tahoe Reno,NV,39.5141,-119.4738,0.3103448275862069,0.0,1.103448275862069,0.014285714285714285,1.6551724137931034,0.14285714285714285
dc_7bac40f4748e,Sabey Intergate East Building 4,WA,47.493087,-122.293706,0.2413793103448276,0.02666666666666667,0.10344827586206896,0.0,0.06896551724137931,0.014285714285714285
dc_740a1ee8d789,Verus Corportation,MN,45.124986,-93.2728,1.8275862068965518,0.28,43.48275862068966,1.5571428571428572,30.379310344827587,1.1142857142857143
dc_95ab7384a93f,DataBank Dallas (DFW3),TX,33.085202,-96.812385,2.3448275862068964,0.49333333333333335,49.41379310344828,3.4,28.310344827586206,1.6
dc_e3304d66630f,DataBank Minneapolis (MSP1),MN,44.862766,-93.330405,1.9655172413793103,0.25333333333333335,45.0,1.5714285714285714,33.96551724137931,1.3714285714285714
dc_04ef3d9451a0,DataBank Minneapolis (MSP2),MN,44.838484,-93.145777,2.0344827586206895,0.32,43.241379310344826,1.4428571428571428,32.724137931034484,1.3
dc_80da332f0c37,DataBank Kansas City (MCI2),KS,38.97526,-94.70892,2.103448275862069,0.5066666666666667,55.48275862068966,2.157142857142857,46.172413793103445,3.0714285714285716
dc_1b4424f5d12f,DataBank Cleveland (CLE1),OH,41.500691,-81.684135,0.896551724137931,0.16,15.172413793103448,0.2,30.275862068965516,0.9285714285714286
dc_c6a7708cb1fd,DataBank Pittsburgh (PIT1),PA,40.451325,-80.005712,1.206896551724138,0.2,21.24137931034483,0.2571428571428571,70.06896551724138,0.7285714285714285
dc_f2375e9e8272,DataBank Salt Lake City (SLC1),UT,40.768287,-111.885994,0.27586206896551724,0.04,2.5172413793103448,0.0,9.89655172413793,0.5285714285714286
dc_5cb21e4f1f61,DataBank Salt Lake City (SLC2),UT,40.480032,-111.904533,0.2413793103448276,0.02666666666666667,3.0,0.0,11.172413793103448,0.6142857142857143
dc_89b2b8fe4327,DataBank Salt Lake City (SLC3),UT,40.479891,-111.905781,0.2413793103448276,0.02666666666666667,3.0,0.0,11.172413793103448,0.6142857142857143
dc_a1a5838a60ca,Smartcom Telephone (MCAL2),TX,26.203611,-98.225848,0.5517241379310345,0.02666666666666667,3.6206896551724137,0.2857142857142857,5.172413793103448,0.44285714285714284
dc_93c731f0d49a,Smartcom Telephone (MCAL1),TX,26.203638,-98.225835,0.5517241379310345,0.02666666666666667,3.6206896551724137,0.2857142857142857,5.172413793103448,0.44285714285714284
dc_7aae4d4abf47,TierPoint Dallas2 - Allen,TX,33.13593,-96.66089,1.8620689655172413,0.4666666666666667,37.41379310344828,2.4857142857142858,21.448275862068964,1.2
dc_e815cc10857f,TierPoint Jacksonville,FL,30.216587,-81.581459,1.793103448275862,0.16,12.379310344827585,0.14285714285714285,31.82758620689655,0.3
dc_165b15e48a25,Equinix DE1 - Denver,CO,39.58737,-104.8763,2.4482758620689653,0.2,49.86206896551724,1.4714285714285715,8.068965517241379,0.38571428571428573
dc_d62273c68978,EDCDET01,MI,42.448537,-83.261226,0.5517241379310345,0.3333333333333333,15.96551724137931,0.2,43.172413793103445,0.9285714285714286
dc_e1ff79fe6a61,Fireline Broadband,CA,33.94835,-118.07316,0.6206896551724138,0.06666666666666667,0.6206896551724138,0.014285714285714285,1.2758620689655173,0.15714285714285714
dc_551d1055ddc3,LightEdge Kansas City Subtropolis (KCI1),MO,39.159195,-94.471237,2.0,0.52,51.03448275862069,2.0285714285714285,40.48275862068966,2.4
dc_c71975653c6c,LightEdge Omaha (OMA1),NE,41.158303,-96.026596,2.4827586206896552,0.38666666666666666,32.37931034482759,1.5,25.24137931034483,2.257142857142857
dc_9b54779dc33d,Quest Roseville,CA,38.791,-121.317,0.5862068965517241,0.013333333333333334,0.41379310344827586,0.0,0.27586206896551724,0.0
dc_7019d4a4257b,MDC Laredo,TX,27.690636,-99.450354,0.034482758620689655,0.013333333333333334,3.9310344827586206,0.22857142857142856,2.2758620689655173,0.18571428571428572
dc_90539e96965d,Cogent New York 1,NY,40.705,-74.014,0.7241379310344828,0.06666666666666667,11.655172413793103,0.12857142857142856,50.06896551724138,0.6857142857142857
dc_374a8dbdef04,CyrusOne Sterling V,VA,39.027202,-77.435827,2.3448275862068964,0.17333333333333334,20.103448275862068,0.38571428571428573,94.86206896551724,1.1428571428571428
dc_1c34e69b8d80,Coloblox Data Centers ATL2,GA,33.755474,-84.391094,2.0,0.44,28.482758620689655,0.45714285714285713,41.89655172413793,0.4142857142857143
dc_5108e71bb3f6,"Equinix BO2 - Boston, Billerica",MA,42.551527,-71.217522,0.20689655172413793,0.18666666666666668,11.724137931034482,0.2,35.758620689655174,0.35714285714285715
dc_8454f89ad7f5,Digital Realty SJC (3205 Alfred St),CA,37.379576,-121.958562,0.1724137931034483,0.02666666666666667,1.6551724137931034,0.0,0.3103448275862069,0.014285714285714285
dc_5901d49adbc4,Digital Realty SJC (3105 Alfred St),CA,37.378271,-121.958112,0.1724137931034483,0.02666666666666667,1.6551724137931034,0.0,0.3103448275862069,0.014285714285714285
dc_67ad37b81af1,Digital Realty SJC (3011 Lafayette St),CA,37.376362,-121.948543,0.1724137931034483,0.02666666666666667,1.6551724137931034,0.0,0.3103448275862069,0.014285714285714285
dc_ad3f1c9b17f1,Digital Realty SJC (1725 Comstock St),CA,37.375034,-121.958096,0.1724137931034483,0.02666666666666667,1.6551724137931034,0.0,0.3103448275862069,0.014285714285714285
dc_d677d70d3c7b,Digital Realty SJC (1525 Comstock St),CA,37.37493,-121.956008,0.1724137931034483,0.02666666666666667,1.6551724137931034,0.0,0.3103448275862069,0.014285714285714285
dc_6db1673e46d6,Digital Realty SJC (1500 Space Park Dr),CA,37.375801,-121.955182,0.1724137931034483,0.02666666666666667,1.6551724137931034,0.0,0.3103448275862069,0.014285714285714285
dc_e3eb86c1081a,Digital Realty SJC (1201 Comstock St),CA,37.37498,-121.954079,0.1724137931034483,0.02666666666666667,1.6551724137931034,0.0,0.3103448275862069,0.014285714285714285
dc_73878c244253,Digital Realty IAD (44100 Digital Loudoun),VA,39.001128,-77.479043,2.206896551724138,0.17333333333333334,18.896551724137932,0.38571428571428573,90.06896551724138,1.1428571428571428
dc_864daa63b839,H5 Data Centers Virginia (4030),VA,38.910141,-77.472549,2.2413793103448274,0.2,18.655172413793103,0.4142857142857143,91.06896551724138,1.3285714285714285
dc_9b958c018393,43915 Devin Shafron,VA,39.002814,-77.481851,2.206896551724138,0.17333333333333334,18.689655172413794,0.38571428571428573,89.0,1.1142857142857143
dc_7538b0a42bca,Digital Realty IAD (43881 Devin Shafron),VA,39.002034,-77.483444,2.1724137931034484,0.17333333333333334,18.655172413793103,0.38571428571428573,88.82758620689656,1.1142857142857143
dc_54b013b60906,Digital Realty IAD (43791 Devin Shafron),VA,39.003285,-77.487214,2.1379310344827585,0.17333333333333334,18.482758620689655,0.38571428571428573,88.34482758620689,1.1142857142857143
dc_64527d47d8c6,Digital Realty IAD (43830 Devin Shafron),VA,39.004182,-77.484108,2.1724137931034484,0.17333333333333334,18.620689655172413,0.38571428571428573,88.93103448275862,1.1142857142857143
dc_bdff878de982,Digital Realty IAD (44060 Digital Loudoun),VA,39.001795,-77.47841,2.206896551724138,0.17333333333333334,18.862068965517242,0.38571428571428573,90.03448275862068,1.1428571428571428
dc_33e94a939c1b,Digital Realty IAD (44490 Chilum),VA,39.021667,-77.459578,2.3448275862068964,0.17333333333333334,19.689655172413794,0.38571428571428573,92.41379310344827,1.1
dc_f2ddfa4dc87b,Digital Realty IAD (44520 Hastings),VA,39.020372,-77.459125,2.3448275862068964,0.17333333333333334,19.689655172413794,0.38571428571428573,92.48275862068965,1.1
dc_af951740e7e1,Digital Realty IAD (21625 Gresham),VA,39.017522,-77.465676,2.310344827586207,0.17333333333333334,19.379310344827587,0.37142857142857144,91.65517241379311,1.1
dc_f173d04f46e2,Digital Realty IAD (21745 Sir Timothy),VA,39.014286,-77.466327,2.2758620689655173,0.17333333333333334,19.379310344827587,0.37142857142857144,91.72413793103448,1.1285714285714286
dc_1e1101b5f2d2,Digital Realty IAD (1780 Business Center),VA,38.948482,-77.327203,2.2758620689655173,0.22666666666666666,20.413793103448278,0.4142857142857143,98.51724137931035,1.5285714285714285
dc_d0750011f8b2,Digital Realty GNV (8217 Linton Hall),VA,38.77782,-77.59529,2.0689655172413794,0.22666666666666666,14.89655172413793,0.32857142857142857,62.62068965517241,0.8428571428571429
dc_7dd700f2302b,Digital Realty CLT (113 N Myers St),NC,35.221402,-80.835538,1.5172413793103448,0.25333333333333335,19.79310344827586,0.5428571428571428,36.03448275862069,0.44285714285714284
dc_879b2f39f650,Digital Realty EWR (2 Peekay),NJ,40.832,-74.1237,0.6551724137931034,0.08,12.862068965517242,0.15714285714285714,53.55172413793103,0.7142857142857143
dc_7f78d28d21cc,Aphorio Carter Trumbull Data Center,CT,41.240684,-73.147321,0.7586206896551724,0.09333333333333334,4.448275862068965,0.014285714285714285,22.689655172413794,0.6285714285714286
dc_46a9ac21e607,Digital Realty Boston BOS13 (closed),MA,42.51235,-71.236851,0.2413793103448276,0.21333333333333335,11.206896551724139,0.2,36.758620689655174,0.37142857142857144
dc_7a668eda7453,Digital Realty AUS (7500 Metro Center Dr),TX,30.212217,-97.695701,1.6551724137931034,0.29333333333333333,20.896551724137932,1.5571428571428572,11.448275862068966,0.7857142857142857
dc_1040e7bc3ee5,Jaguar Communications,MN,44.083125,-93.228236,2.586206896551724,0.29333333333333333,12.689655172413794,0.4,12.241379310344827,0.4142857142857143
dc_0f8e04f8093f,Cogent Seattle,WA,47.31176,-122.294551,0.27586206896551724,0.02666666666666667,0.034482758620689655,0.0,0.06896551724137931,0.014285714285714285
dc_5dc1ed2d15ae,Cogent Herndon,VA,38.962883,-77.380442,2.206896551724138,0.2,20.379310344827587,0.4142857142857143,99.0,1.4428571428571428
dc_65708f50b372,Burbank Water and Power,CA,34.17856,-118.316386,0.2413793103448276,0.05333333333333334,0.5172413793103449,0.0,0.7241379310344828,0.08571428571428572
dc_d6b549083307,Flexential - Atlanta/Alpharetta (ATL3/4),GA,34.08716,-84.252346,1.4482758620689655,0.38666666666666666,28.06896551724138,0.45714285714285713,38.06896551724138,0.32857142857142857
dc_f90876e9d8ae,Flexential - Louisville/Downtown (LOU02/03/04),KY,38.242458,-85.733412,2.586206896551724,0.28,17.06896551724138,0.44285714285714284,43.689655172413794,1.3857142857142857
dc_2d3d06e9ea7a,Flexential - Louisville/East (LOU5),KY,38.275674,-85.507183,2.4482758620689653,0.38666666666666666,16.655172413793103,0.45714285714285713,44.758620689655174,1.4714285714285715
dc_5057b853b06b,Flexential - Nashville/Brentwood (NAS01/04),TN,35.972453,-86.808748,3.1724137931034484,0.37333333333333335,20.0,0.44285714285714284,60.758620689655174,1.2428571428571429
dc_03c1a9199b8c,Flexential - Nashville/Cool Springs (NAS02/03),TN,35.951091,-86.833251,2.9310344827586206,0.32,18.275862068965516,0.37142857142857144,56.10344827586207,1.1285714285714286
dc_5b48930dcb41,Flexential - Nashville/Franklin (NAS05/06),TN,35.92028,-86.815618,2.8620689655172415,0.3333333333333333,18.551724137931036,0.4142857142857143,55.758620689655174,1.042857142857143
dc_19f4861e9a91,Flexential - Raleigh (RAL01/02/03),NC,35.84984,-78.829017,1.0344827586206897,0.2,18.379310344827587,0.35714285714285715,40.6551724137931,0.21428571428571427
dc_5998861d7b2d,Flexential - Tampa/West (TPA01/02),FL,28.03698,-82.54105,3.7586206896551726,0.4,9.413793103448276,0.1,15.448275862068966,0.32857142857142857
dc_6cd417b4303c,Flexential - Tampa/North (TPA03),FL,28.074222,-82.368201,3.206896551724138,0.36,9.172413793103448,0.1,13.96551724137931,0.3
dc_70517ce6c585,Colocation Northwest - Tacoma,WA,47.253339,-122.436765,0.3793103448275862,0.02666666666666667,0.034482758620689655,0.0,0.06896551724137931,0.014285714285714285
dc_5721d1182d99,"702 Communications - Moorhead, MN",MN,46.874078,-96.769171,1.5517241379310345,0.25333333333333335,14.0,0.6428571428571429,13.172413793103448,0.9142857142857143
dc_c481a23e5621,Data Center West Medford,OR,42.332451,-122.880416,0.0,0.0,1.3793103448275863,0.0,0.5517241379310345,0.02857142857142857
dc_7f5f90e935c4,H5 Data Centers Albuquerque,NM,35.088399,-106.65223,0.20689655172413793,0.013333333333333334,7.0344827586206895,0.07142857142857142,3.8275862068965516,0.07142857142857142
dc_732615ae8393,EdgeConneX Miami (EDCMIA02),FL,25.945524,-80.191391,3.9310344827586206,0.21333333333333335,12.137931034482758,0.14285714285714285,15.172413793103448,0.8
dc_4ee36820cdbd,QTS Ashburn (ASH1),VA,38.99957,-77.45017,2.2413793103448274,0.17333333333333334,19.79310344827586,0.4,94.55172413793103,1.2285714285714286
dc_1cab594215d1,WowRack,WA,47.49312,-122.293712,0.2413793103448276,0.02666666666666667,0.10344827586206896,0.0,0.06896551724137931,0.014285714285714285
dc_5fef38fd6a16,Digital Realty IAD 39 (44274 Round Table),TX,39.0076364,-77.4674725,2.2413793103448274,0.17333333333333334,19.24137931034483,0.37142857142857144,91.51724137931035,1.1428571428571428
dc_50b6ee35fe1a,CyrusOne Dallas (Allen),TX,33.13863,-96.65976,1.8620689655172413,0.4666666666666667,37.310344827586206,2.4571428571428573,21.310344827586206,1.2
dc_93e321876bc3,"Lawton Information Services, LLC",FL,27.958465,-81.965329,2.586206896551724,0.32,8.793103448275861,0.12857142857142856,9.310344827586206,0.15714285714285714
dc_2dcf536a9c38,CentriLogic Rochester (ROC),NY,43.167127,-77.673029,0.20689655172413793,0.0,3.896551724137931,0.04285714285714286,16.482758620689655,0.2
dc_81488b0d568f,CentriLogic Buffalo (BUF),NY,42.884112,-78.875431,0.41379310344827586,0.09333333333333334,4.827586206896552,0.08571428571428572,14.689655172413794,0.15714285714285714
dc_d26ec4045e7e,X2nSat Petaluma,CA,38.275227,-122.666142,0.1724137931034483,0.013333333333333334,0.896551724137931,0.0,0.06896551724137931,0.0
dc_ba3321bb1d05,TRG Datacenters Houston (HOU1) (HOU2),TX,30.065987,-95.459024,2.2758620689655173,0.37333333333333335,15.0,0.5571428571428572,16.862068965517242,0.4
dc_9bae8815eb40,TierPoint St. Louis - Walnut,MO,38.625536,-90.195238,3.0,0.6,37.172413793103445,1.4428571428571428,43.206896551724135,1.6714285714285715
dc_cd1b4830cc8b,Wave Data Centers San Francisco,CA,37.72386,-122.3978,0.10344827586206896,0.0,1.8620689655172413,0.0,0.7241379310344828,0.05714285714285714
dc_a0ba79ee7b3b,Equinix HO1 - Houston,TX,29.9358,-95.36435,3.0,0.5333333333333333,15.758620689655173,0.42857142857142855,17.82758620689655,0.4714285714285714
dc_e2ea0f2d5fa5,TierPoint Baltimore,MD,39.27541,-76.625461,1.9310344827586208,0.13333333333333333,12.517241379310345,0.2,62.13793103448276,0.8714285714285714
dc_630579405647,Aunalytics Kalamazoo Datacenter,MI,42.246545,-85.675111,0.9655172413793104,0.28,6.0,0.34285714285714286,15.931034482758621,0.4
dc_bac0d40c168b,Serverfarm ATL1 Atlanta,GA,34.036063,-84.063817,1.2758620689655173,0.30666666666666664,24.103448275862068,0.37142857142857144,35.172413793103445,0.22857142857142856
dc_3e26e88eb51b,ScaleMatrix Charlotte Data Center US-East 01,NC,35.173088,-80.927807,1.4482758620689655,0.22666666666666666,19.586206896551722,0.5285714285714286,34.86206896551724,0.42857142857142855
dc_3e5cc95a0f6d,Serverfarm TiTAN Moses Lake,WA,47.181497,-119.3215,0.10344827586206896,0.0,0.41379310344827586,0.0,0.3103448275862069,0.014285714285714285
dc_0a9668a7af4c,Serverfarm CH2 Oak Brook / Chicago,IL,41.845343,-87.941522,3.0344827586206895,0.4666666666666667,36.3448275862069,0.6428571428571429,67.20689655172414,4.071428571428571
dc_37ea6db27be4,ServerFarm SC1,CA,37.407382,-121.965885,0.13793103448275862,0.02666666666666667,1.4482758620689655,0.0,0.3103448275862069,0.014285714285714285
dc_bfc2d08370f4,CoreSite - Reston (VA3),VA,38.948941,-77.371495,2.1724137931034484,0.21333333333333335,20.310344827586206,0.4142857142857143,98.65517241379311,1.4428571428571428
dc_f8e77a5485b8,Peace Communications NSH2,TN,36.103326,-86.668932,3.586206896551724,0.41333333333333333,21.82758620689655,0.42857142857142855,69.3103448275862,1.2571428571428571
dc_74a33a13576f,INOC Albany (11 North Pearl St),NY,42.650137,-73.752435,0.6551724137931034,0.14666666666666667,15.03448275862069,0.34285714285714286,51.758620689655174,0.6
dc_257a1a9f40c2,INOC Albany (4 Tower Pl),NY,42.686106,-73.84255,0.6551724137931034,0.12,14.827586206896552,0.3,51.758620689655174,0.6
dc_23e3d9344ea5,OzarksGo Fayetteville,AR,36.077952,-94.212464,2.206896551724138,0.4533333333333333,19.689655172413794,0.7285714285714285,22.379310344827587,1.4285714285714286
dc_5801df70eb41,Subrigo LAX11,CA,34.047741,-118.256095,0.4482758620689655,0.06666666666666667,0.4827586206896552,0.0,0.9310344827586207,0.15714285714285714
dc_828f6330155e,Subrigo DET11,MI,42.471612,-83.238138,0.5862068965517241,0.32,15.689655172413794,0.17142857142857143,42.51724137931034,0.9285714285714286
dc_fb7b3b72a5bc,JAX NAP,FL,30.331375,-81.662322,1.8275862068965518,0.14666666666666667,13.206896551724139,0.15714285714285714,33.827586206896555,0.32857142857142857
dc_f7c3855e08a9,Simple Helix,AL,34.745454,-86.691888,4.620689655172414,0.76,21.448275862068964,0.6285714285714286,49.13793103448276,1.1428571428571428
dc_36a3c1c1f362,RACK59 Data Center,OK,35.466279,-97.64893,6.241379310344827,1.24,58.96551724137931,3.5428571428571427,41.310344827586206,3.1714285714285713
dc_b013e69db6d4,IP Pathways DSM1,IA,41.627549,-93.767761,4.0344827586206895,0.4666666666666667,38.62068965517241,0.9428571428571428,40.6551724137931,2.6285714285714286
dc_be110fe76f32,TulsaConnect DC3,OK,36.098083,-95.839889,3.7586206896551726,0.8133333333333334,40.827586206896555,1.3428571428571427,40.6551724137931,3.4857142857142858
dc_50d4b0564dea,QX.Net Lexington,KY,38.04783,-84.500067,1.0344827586206897,0.32,8.517241379310345,0.34285714285714286,36.758620689655174,1.0142857142857142
dc_81bf17999a6f,Evocative ATL1,GA,33.761505,-84.39141,2.0,0.44,29.20689655172414,0.45714285714285713,42.3448275862069,0.4
dc_984b3aec7ac9,NJFX,NJ,40.16059,-74.052962,0.4482758620689655,0.08,3.7586206896551726,0.014285714285714285,19.862068965517242,0.44285714285714284
dc_a0de6177fed5,LightWave Networks,MA,42.302267,-71.219577,0.6206896551724138,0.13333333333333333,11.551724137931034,0.18571428571428572,38.03448275862069,0.3142857142857143
dc_d74048d15a6b,LightEdge Austin 2 (AUS2),TX,30.20048,-97.70727,1.6206896551724137,0.30666666666666664,20.551724137931036,1.542857142857143,11.448275862068966,0.8142857142857143
dc_8ce3e4ffe880,Coloblox Data Centers ATL3,GA,33.887451,-84.467834,1.793103448275862,0.38666666666666666,29.20689655172414,0.44285714285714284,42.37931034482759,0.4142857142857143
dc_6450f5a2d7fb,InterConnX Realty,TX,29.754605,-95.369869,3.9655172413793105,0.64,17.93103448275862,0.5,19.79310344827586,0.5857142857142857
dc_9c88fb61b0b7,NYI NY2 (60 Hudson Street),NY,40.717729,-74.008306,0.6896551724137931,0.06666666666666667,12.0,0.14285714285714285,50.44827586206897,0.7142857142857143
dc_398612fa21ca,365 Data Centers Bridgewater (BW1),NJ,40.58144,-74.573881,0.896551724137931,0.18666666666666668,10.206896551724139,0.014285714285714285,50.827586206896555,0.44285714285714284
dc_c2fe624e0003,COPT DC-6,VA,38.747611,-77.53198,1.9310344827586208,0.25333333333333335,15.586206896551724,0.32857142857142857,68.48275862068965,0.8714285714285714
dc_b0c57c44b511,Encompass New York 111 8th Ave,NY,40.741469,-74.003387,0.7241379310344828,0.08,12.275862068965518,0.14285714285714285,50.758620689655174,0.7142857142857143
dc_d4f724bf0b85,Element Critical Northern Virginia VA1,VA,38.908613,-77.220473,2.310344827586207,0.21333333333333335,21.137931034482758,0.42857142857142855,99.55172413793103,1.5
dc_f58af64586a4,Cloudpath CT1 (26 Fahey St),CT,41.091604,-73.516758,0.41379310344827586,0.08,7.586206896551724,0.02857142857142857,30.551724137931036,0.6428571428571429
dc_3afc967d9d1a,365 Data Centers Herndon (VA1),VA,38.9328,-77.4273,2.2758620689655173,0.21333333333333335,19.862068965517242,0.4,96.72413793103448,1.457142857142857
dc_6306dacb193a,Iron Mountain Data Center - Boston (BOS-1),MA,42.340622,-71.639811,0.7241379310344828,0.18666666666666668,11.310344827586206,0.14285714285714285,29.862068965517242,0.3
dc_69e23360ffac,Iron Mountain Data Center - Western Pennsylvania (WPA-1),PA,41.092096,-79.912188,0.6896551724137931,0.17333333333333334,11.10344827586207,0.17142857142857143,32.827586206896555,0.22857142857142856
dc_f7e77aebe39c,Iron Mountain Data Center - Kansas City (KCM-1),MO,39.010862,-94.501281,2.0344827586206895,0.49333333333333335,52.58620689655172,1.9857142857142858,42.58620689655172,2.657142857142857
dc_ea29c9c9ca57,Iron Mountain Data Center - Manassas (VA-2),VA,38.77323,-77.5418,2.103448275862069,0.24,15.689655172413794,0.32857142857142857,68.0,0.9142857142857143
dc_5454e38d3adb,SFN MN-Albert Lea,MN,43.633435,-93.383825,2.5172413793103448,0.49333333333333335,10.931034482758621,0.5714285714285714,11.241379310344827,0.5142857142857142
dc_b0e5e2338d19,H5 Data Centers Cincinnati,OH,39.097935,-84.524095,1.0689655172413792,0.30666666666666664,19.413793103448278,0.3,44.48275862068966,0.6
dc_6fdf64f1f69a,ColoCrossing BUF1,NY,42.893049,-78.875318,0.41379310344827586,0.09333333333333334,4.724137931034483,0.08571428571428572,14.586206896551724,0.15714285714285714
dc_59230c71f261,ColoCrossing SJ1,CA,37.334508,-121.89143,0.1724137931034483,0.02666666666666667,1.6551724137931034,0.0,0.3448275862068966,0.014285714285714285
dc_6be6451b0bd2,ColoCrossing SEA1,WA,47.49312,-122.293712,0.2413793103448276,0.02666666666666667,0.10344827586206896,0.0,0.06896551724137931,0.014285714285714285
dc_9277151d2171,ColoCrossing NJ1,NJ,40.558035,-74.48942,0.8620689655172413,0.16,10.275862068965518,0.014285714285714285,51.13793103448276,0.5428571428571428
dc_1419d45e56a4,ColoCrossing LA1,CA,34.048222,-118.254575,0.4482758620689655,0.06666666666666667,0.4827586206896552,0.0,0.9310344827586207,0.15714285714285714
dc_e6c4c8934f01,ColoCrossing DFW1,TX,32.807888,-96.857296,2.896551724137931,0.6133333333333333,52.758620689655174,3.9,31.517241379310345,1.8
dc_c0dc6dafc51e,ColoCrossing CHI1,IL,41.994256,-87.961965,2.3793103448275863,0.36,32.10344827586207,0.4142857142857143,60.724137931034484,3.6714285714285713
dc_7284cc251f4e,Peer-Point Colocation,FL,25.767923,-80.19032,3.413793103448276,0.17333333333333334,9.931034482758621,0.12857142857142856,12.620689655172415,0.6571428571428571
dc_ddb7e68d3679,Heyburn Building,KY,38.245944,-85.757291,2.5172413793103448,0.28,16.93103448275862,0.44285714285714284,43.172413793103445,1.3142857142857143
dc_2f27232ab9dd,Lunavi - Cheyenne,WY,41.129714,-104.741612,1.2758620689655173,0.09333333333333334,23.75862068965517,0.9714285714285714,4.482758620689655,0.3
dc_8ab8ca86bd41,SFN IA-Emery,IA,43.132695,-93.27891,1.9310344827586208,0.37333333333333335,13.89655172413793,0.2857142857142857,13.827586206896552,0.7714285714285715
dc_9bfe6733e707,UPX Miami,FL,25.932848,-80.121136,3.7586206896551726,0.21333333333333335,11.551724137931034,0.14285714285714285,14.517241379310345,0.7857142857142857
dc_4c9033aaa0e5,AiNET WDC11,MD,39.101551,-76.84789,2.2758620689655173,0.16,17.137931034482758,0.2571428571428571,97.41379310344827,1.5714285714285714
dc_dd717d06043b,AiNET MD-300L,MD,39.291653,-76.619739,2.0689655172413794,0.13333333333333333,12.448275862068966,0.18571428571428572,62.241379310344826,0.8714285714285714
dc_d7293cd91449,AiNET MD-790R,MD,39.13848,-76.605528,1.793103448275862,0.10666666666666667,12.241379310344827,0.12857142857142856,62.0,0.8857142857142857
dc_857c2235de8a,AiNET DC-900S,DC,38.90101,-77.003861,2.2758620689655173,0.17333333333333334,19.862068965517242,0.42857142857142855,98.72413793103448,1.6714285714285715
dc_f34b6043d4fd,RagingWire VA3 - NTT,VA,39.019293,-77.470655,2.310344827586207,0.17333333333333334,18.896551724137932,0.37142857142857144,89.6896551724138,1.1142857142857143
dc_8e268643b2bf,RagingWire VA2 - NTT,VA,39.02489,-77.457559,2.2758620689655173,0.17333333333333334,19.655172413793103,0.38571428571428573,92.44827586206897,1.0857142857142856
dc_b9ee518385d3,Colocation Northwest - Bellevue,WA,47.583534,-122.134492,0.10344827586206896,0.02666666666666667,0.13793103448275862,0.0,0.06896551724137931,0.014285714285714285
dc_122d26c60fe0,Colocation Northwest - Redmond,WA,47.632512,-122.138538,0.10344827586206896,0.02666666666666667,0.13793103448275862,0.0,0.06896551724137931,0.014285714285714285
dc_3dc0f4451cf1,Colocation Northwest - Seattle,WA,47.614347,-122.338883,0.1724137931034483,0.02666666666666667,0.10344827586206896,0.0,0.06896551724137931,0.014285714285714285
dc_3c06c3237ab7,Colocation Northwest - South Hill,WA,47.1554,-122.28017,0.3103448275862069,0.013333333333333334,0.06896551724137931,0.0,0.06896551724137931,0.014285714285714285
dc_63d292808da8,Digital Realty CHI (505 N Railroad),IL,41.920267,-87.912334,2.6551724137931036,0.3466666666666667,33.206896551724135,0.4857142857142857,61.724137931034484,3.757142857142857
dc_ec4c14283b81,Wnet Telecom USA,NY,40.597568,-73.994831,0.7931034482758621,0.08,10.10344827586207,0.08571428571428572,42.3448275862069,0.6
dc_3b978cea1326,CoreSite - Atlanta (AT2),GA,33.925548,-84.481654,1.6896551724137931,0.4,28.20689655172414,0.44285714285714284,42.13793103448276,0.42857142857142855
dc_205214f38282,Centersquare Los Angeles (LAX4),CA,33.92441,-118.32016,0.3448275862068966,0.06666666666666667,0.3448275862068966,0.0,0.6896551724137931,0.08571428571428572
dc_5155a7762cb7,Centersquare Los Angeles (LAX5),CA,33.68484,-117.83684,0.41379310344827586,0.04,0.4482758620689655,0.014285714285714285,1.4137931034482758,0.2
dc_14483ad203a0,Centersquare Atlanta (ATL1-D),GA,33.744326,-84.581852,1.793103448275862,0.4666666666666667,27.79310344827586,0.45714285714285713,41.241379310344826,0.4
dc_2f5dcb1f11e8,Centersquare Chicago (ORD4),IL,41.802407,-88.094656,3.7586206896551726,0.49333333333333335,36.758620689655174,0.6142857142857143,69.44827586206897,4.057142857142857
dc_5c57ba7c00e3,Centersquare Boston (BOS4-A),MA,42.365768,-71.158084,0.41379310344827586,0.16,11.172413793103448,0.2,37.55172413793103,0.34285714285714286
dc_ca70c0deb389,Centersquare Dallas (DFW2),TX,42.4731,-96.6837,1.6206896551724137,0.41333333333333333,21.17241379310345,0.6428571428571429,15.96551724137931,1.0
dc_68edd4e8e2ac,Centersquare Dallas (DFW3),TX,32.91035,-96.87404,2.8620689655172415,0.64,55.62068965517241,4.285714285714286,31.655172413793103,1.8
dc_8a7de1e6b962,Centersquare Northern Virginia (IAD4),VA,39.021941,-77.453284,2.2758620689655173,0.17333333333333334,19.896551724137932,0.38571428571428573,92.6896551724138,1.0857142857142856
dc_7aabaf75c3ad,UnReal Servers,MO,39.132777,-94.580381,2.1724137931034484,0.5733333333333334,57.241379310344826,2.2142857142857144,45.241379310344826,2.8
dc_1d1ff5972873,Level(3) Raleigh,NC,35.854381,-78.597011,1.1724137931034482,0.18666666666666668,18.275862068965516,0.4142857142857143,39.793103448275865,0.21428571428571427
dc_b2f8b3f3db48,Border Crossing Pop 1,CA,32.544028,-117.027372,0.034482758620689655,0.0,0.1724137931034483,0.0,0.7586206896551724,0.0
dc_6c109172a8d5,Lincoln Rackhouse Dallas,TX,33.015496,-96.766132,2.3793103448275863,0.5066666666666667,46.41379310344828,3.4,27.20689655172414,1.5714285714285714
dc_6d88b75bdb12,Lincoln Rackhouse Silver Spring,MD,39.058289,-76.964548,2.310344827586207,0.18666666666666668,19.03448275862069,0.38571428571428573,101.62068965517241,1.5714285714285714
dc_35337c131c2a,Smart City Telecom Maitland Colo,FL,28.638819,-81.39965,1.7586206896551724,0.29333333333333333,15.517241379310345,0.3142857142857143,15.172413793103448,0.3142857142857143
dc_2d29a4e427b4,Volt Modesto,CA,37.641953,-121.00224,0.41379310344827586,0.013333333333333334,0.13793103448275862,0.0,0.20689655172413793,0.02857142857142857
dc_ebb75c83c360,Lumen Norfolk,VA,36.878851,-76.221387,1.5172413793103448,0.13333333333333333,9.413793103448276,0.17142857142857143,22.17241379310345,0.37142857142857144
dc_2457668a558c,Globalinx Virginia Beach CLS,VA,36.785084,-76.008306,0.7586206896551724,0.08,6.793103448275862,0.05714285714285714,14.10344827586207,0.32857142857142857
dc_38197c1f3767,"Equinix SE4 - Seattle, Kent",WA,47.420105,-122.248282,0.27586206896551724,0.02666666666666667,0.10344827586206896,0.0,0.06896551724137931,0.014285714285714285
dc_66e8fa6175af,Evocative DAL6,TX,33.0156,-96.76844,2.3793103448275863,0.5066666666666667,46.827586206896555,3.4285714285714284,27.586206896551722,1.6142857142857143
dc_9a635f7f4c1f,WēConnect Westerville,OH,40.123627,-82.943999,1.4482758620689655,0.24,13.344827586206897,0.18571428571428572,29.24137931034483,0.4714285714285714
dc_1459b4e7eef5,TSR Solutions Data Center,WI,43.0389885,-87.9069379,0.7931034482758621,0.18666666666666668,14.482758620689655,0.4714285714285714,16.724137931034484,0.7285714285714285
dc_9b95847ef56f,DC BLOX HSV1 - DCBLOX Huntsville,AL,34.7098,-86.6929,4.482758620689655,0.7466666666666667,22.0,0.6428571428571429,50.51724137931034,1.1714285714285715
dc_4d97600c0104,DC BLOX BHM1 - DCBLOX Birmingham,AL,33.500687,-86.821105,3.0,0.68,16.82758620689655,0.45714285714285713,23.551724137931036,0.4
dc_faf2065fd962,DC BLOX ATL1 - DCBLOX Atlanta,GA,33.832314,-84.339042,1.8275862068965518,0.41333333333333333,28.517241379310345,0.38571428571428573,41.13793103448276,0.42857142857142855
dc_2546bb57a1b3,TurnKey Internet - CA,CA,34.048222,-118.254575,0.4482758620689655,0.06666666666666667,0.4827586206896552,0.0,0.9310344827586207,0.15714285714285714
dc_d3a8a17157cf,TurnKey Internet - DR,NY,42.64957,-73.75262,0.6551724137931034,0.14666666666666667,15.03448275862069,0.34285714285714286,51.758620689655174,0.6
dc_7d3c86a321c9,Cogent Albany,NY,42.64957,-73.75262,0.6551724137931034,0.14666666666666667,15.03448275862069,0.34285714285714286,51.758620689655174,0.6
dc_b21478932c0d,Lumen New York,NY,40.751657,-74.007158,0.6896551724137931,0.08,12.517241379310345,0.14285714285714285,51.10344827586207,0.7142857142857143
dc_b630100d026f,TierPoint Omaha - Bellevue,NE,41.178209,-95.924766,2.3793103448275863,0.4266666666666667,30.344827586206897,1.5285714285714285,23.75862068965517,2.0
dc_cb3651da3ba0,Planet Networks Newton Datacenter,NJ,41.058209,-74.75396,0.27586206896551724,0.14666666666666667,6.344827586206897,0.05714285714285714,33.86206896551724,0.08571428571428572
dc_3c91f82abab9,Xfernet LAX01,CA,34.06172,-118.29302,0.41379310344827586,0.06666666666666667,0.4482758620689655,0.0,0.8275862068965517,0.12857142857142856
dc_cfa299c09d66,SFN IA-IowaFalls,IA,42.55655,-93.25919,2.3448275862068964,0.32,11.482758620689655,0.32857142857142857,12.931034482758621,0.9571428571428572
dc_1e995f203458,"702 Communications - Fargo, ND",ND,46.864784,-96.832308,1.7241379310344827,0.25333333333333335,14.137931034482758,0.6714285714285714,13.448275862068966,0.9285714285714286
dc_a7acec8d7af4,NYI CH1 (800 Jorie Blvd),IL,41.845343,-87.941522,3.0344827586206895,0.4666666666666667,36.3448275862069,0.6428571428571429,67.20689655172414,4.071428571428571
dc_0378cf1ad710,Neutron - Spokane,WA,47.6583,-117.4191,0.27586206896551724,0.02666666666666667,1.5517241379310345,0.07142857142857142,3.310344827586207,0.1
dc_03a9959da784,EdgeConneX Hillsboro (EDCPOR02),OR,45.548296,-122.907473,0.6896551724137931,0.02666666666666667,0.3448275862068966,0.0,0.8275862068965517,0.014285714285714285
dc_924c700670ac,EdgeConneX Atlanta (EDCATL02),GA,33.731803,-84.423585,1.9655172413793103,0.4266666666666667,28.724137931034484,0.44285714285714284,42.275862068965516,0.42857142857142855
dc_88c1a3921ea5,Racksquared Data Centers,OH,39.9669,-82.9928,1.4827586206896552,0.25333333333333335,13.96551724137931,0.18571428571428572,30.103448275862068,0.45714285714285713
dc_3c5de49118a8,Unwired FAT1 - Fresno Colocation,CA,36.846165,-119.799363,0.5517241379310345,0.013333333333333334,1.7586206896551724,0.0,1.4482758620689655,0.0
dc_1b48e32e32a9,RagingWire VA4 - NTT,VA,39.019293,-77.470655,2.310344827586207,0.17333333333333334,18.896551724137932,0.37142857142857144,89.6896551724138,1.1142857142857143
dc_63477d7fddc5,SFN IA-Davenport,IA,41.548129,-90.621185,2.9310344827586206,0.52,19.24137931034483,0.7857142857142857,30.448275862068964,2.0
dc_020b4e91299a,SFN IA-Waterloo,IA,42.488836,-92.330614,2.3448275862068964,0.41333333333333333,17.93103448275862,0.8,18.24137931034483,1.3428571428571427
dc_e0deb5a5797a,"DartPoints Spartanburg, SC - SPA1",SC,34.99596,-82.03468,1.3793103448275863,0.24,23.344827586206897,0.5142857142857142,37.44827586206897,0.6714285714285714
dc_b0bc13ad8190,"DartPoints Columbus, IN - CLU1",IN,39.182499,-85.895227,1.2758620689655173,0.37333333333333335,8.310344827586206,0.14285714285714285,19.379310344827587,0.6571428571428571
dc_90a6d53a922b,Citynet Charleston,WV,38.352874,-81.640475,0.6206896551724138,0.013333333333333334,9.241379310344827,0.22857142857142856,28.79310344827586,0.35714285714285715
dc_d1f55f9f8389,Citynet Bridgeport,WV,39.276713,-80.270157,0.3103448275862069,0.05333333333333334,7.758620689655173,0.1,22.724137931034484,0.21428571428571427
dc_0be54ba06f42,Centersquare Silicon Valley (SFO4-A),CA,37.375719,-121.955154,0.1724137931034483,0.02666666666666667,1.6551724137931034,0.0,0.3103448275862069,0.014285714285714285
dc_e8f9e82ff0a7,Aligned Ashburn (IAD-01),VA,39.014003,-77.469729,2.2758620689655173,0.17333333333333334,19.137931034482758,0.37142857142857144,90.86206896551724,1.1428571428571428
dc_00764728680d,Aligned Dallas (DFW-01),TX,33.009295,-96.676434,2.2413793103448274,0.5066666666666667,41.44827586206897,2.9571428571428573,25.655172413793103,1.3571428571428572
dc_7afb9b268c71,Aligned Phoenix (PHX-01),AZ,33.658881,-112.110606,0.2413793103448276,0.06666666666666667,3.8275862068965516,0.07142857142857142,23.93103448275862,1.5714285714285714
dc_ffcac70d833e,Aligned Salt Lake (SLC-02),UT,40.585936,-111.969762,0.27586206896551724,0.04,3.1724137931034484,0.0,10.0,0.5428571428571428
dc_41b7b98857a3,Aligned Salt Lake (SLC-01),UT,40.585936,-111.969762,0.27586206896551724,0.04,3.1724137931034484,0.0,10.0,0.5428571428571428
dc_bb6acbbe7a18,QTS Hillsboro (HIL1),OR,45.5568,-122.9316,0.6896551724137931,0.02666666666666667,0.3793103448275862,0.0,0.8275862068965517,0.014285714285714285
dc_1c5529fb9a1a,QTS Manassas (MAN1),VA,38.7534,-77.5128,2.0344827586206895,0.25333333333333335,15.758620689655173,0.32857142857142857,71.51724137931035,0.9285714285714286
dc_6f3dc8f369c9,QTS Fort Worth (FTW1),TX,32.988738,-97.258448,3.0344827586206895,0.52,56.310344827586206,3.914285714285714,33.62068965517241,2.1857142857142855
dc_b3c70d75bf1a,CENTRA CLT01 - Charlotte NC (701 E Trade),NC,35.22222,-80.83651,1.5172413793103448,0.25333333333333335,19.79310344827586,0.5428571428571428,36.03448275862069,0.44285714285714284
dc_01f9f53c2eac,Coloblox Data Centers ATL1,GA,33.889646,-84.465365,1.793103448275862,0.4,29.03448275862069,0.44285714285714284,42.48275862068966,0.4142857142857143
dc_65462e0cdff1,The Garland Center / West 7 Center,CA,34.051411,-118.265796,0.4482758620689655,0.06666666666666667,0.4482758620689655,0.0,0.8620689655172413,0.12857142857142856
dc_ccc53908a275,Bluebird Underground Data Center,MO,37.231398,-93.212181,2.9310344827586206,0.29333333333333333,37.241379310344826,0.7857142857142857,45.724137931034484,1.6142857142857143
dc_9d948b20f397,Stream Data Centers - DFW VII,TX,32.981,-96.6594,2.1724137931034484,0.5066666666666667,39.89655172413793,2.9857142857142858,25.586206896551722,1.4428571428571428
dc_64c7a0c8382c,Stream Data Centers - MN I,MN,44.8084,-93.6341,2.1379310344827585,0.22666666666666666,39.03448275862069,1.3714285714285714,29.17241379310345,0.9714285714285714
dc_e7e81b57c81b,DQE Communications (Downtown Pittsburgh),PA,40.439169,-80.000902,1.206896551724138,0.18666666666666668,21.06896551724138,0.2571428571428571,69.72413793103448,0.7428571428571429
dc_904d1fe660bd,DQE Communications (Butler),PA,40.860587,-79.907512,0.8275862068965517,0.09333333333333334,13.96551724137931,0.12857142857142856,44.93103448275862,0.38571428571428573
dc_9a27ff212d93,DQE Communications (Allegheny Center Mall),PA,40.450158,-80.006045,1.206896551724138,0.2,21.20689655172414,0.2571428571428571,69.96551724137932,0.7285714285714285
dc_a6deac218790,Data102 - COS01,CO,38.832108,-104.82403,0.9310344827586207,0.09333333333333334,47.93103448275862,1.5714285714285714,3.103448275862069,0.2
dc_61349568f7bb,Data102 - COS02,CO,38.832108,-104.82403,0.9310344827586207,0.09333333333333334,47.93103448275862,1.5714285714285714,3.103448275862069,0.2
dc_307abcbb36ae,Frontier Tampa Main Tandem Office,FL,27.950142,-82.456179,3.586206896551724,0.4533333333333333,9.689655172413794,0.08571428571428572,15.10344827586207,0.32857142857142857
dc_8d1d5560f657,Navégalo Data Center Miami (MI1),FL,25.776033,-80.193092,3.5172413793103448,0.17333333333333334,10.03448275862069,0.14285714285714285,12.96551724137931,0.7
dc_5682de2fcd5d,Agile Aurora,IL,41.772203,-88.217055,3.793103448275862,0.41333333333333333,30.96551724137931,0.4857142857142857,60.44827586206897,3.6857142857142855
dc_b2ab8aee8632,FIBERTOWN Houston Data Center,TX,29.943078,-95.417308,2.689655172413793,0.44,15.96551724137931,0.44285714285714284,17.96551724137931,0.45714285714285713
dc_c81618121941,FIBERTOWN Bryan Data Center,TX,30.674256,-96.373773,1.3793103448275863,0.26666666666666666,7.206896551724138,0.35714285714285715,8.517241379310345,0.15714285714285714
dc_0725a2d5f792,Quasar Data Center,TX,29.760061,-95.362102,3.896551724137931,0.6533333333333333,17.75862068965517,0.4857142857142857,19.620689655172413,0.5714285714285714
dc_62d3d21ff61d,"ark data centers - Tucson, AZ",AZ,32.1723,-110.95415,0.3103448275862069,0.02666666666666667,4.517241379310345,0.014285714285714285,16.93103448275862,0.8714285714285714
dc_bf71e65b6afd,"ark data centers - Akron,OH",OH,41.057108,-81.522183,1.6551724137931034,0.21333333333333335,23.517241379310345,0.44285714285714284,36.724137931034484,0.4714285714285714
dc_9cbf0a55e19a,"ark data centers - Cedar Rapids ,IA",IA,42.052632,-91.554004,2.8620689655172415,0.44,21.20689655172414,0.5428571428571428,28.862068965517242,1.957142857142857
dc_868fa144afdf,PhoenixNAP ASHBURN,VA,39.015966,-77.48158,2.2413793103448274,0.17333333333333334,18.551724137931036,0.37142857142857144,88.65517241379311,1.1
dc_363c889003c4,PhoenixNAP ATLANTA,GA,33.927915,-84.481824,1.6896551724137931,0.4,28.75862068965517,0.4857142857142857,42.6551724137931,0.42857142857142855
dc_23e2d561cf0c,Cologix DAL3,TX,32.800748,-96.819412,2.8275862068965516,0.5866666666666667,48.41379310344828,3.857142857142857,30.0,1.7142857142857142
dc_22d8db7b360c,T5@Chicago,IL,42.023151,-122.975114,0.0,0.0,0.9655172413793104,0.0,0.4827586206896552,0.02857142857142857
dc_4b2fdcc8f1c8,Expedient Indianapolis,IN,39.963184,-86.145575,1.6551724137931034,0.6533333333333333,28.20689655172414,0.6714285714285714,33.689655172413794,1.0714285714285714
dc_3dc0908f81e0,ORI.NET Noblesville,IN,40.04555,-86.01401,1.4827586206896552,0.6666666666666666,23.17241379310345,0.5142857142857142,30.310344827586206,0.9714285714285714
dc_42f11cbcfcbf,Expedient Cleveland - 151 NEO,OH,41.428228,-81.573952,1.1724137931034482,0.2,20.448275862068964,0.2857142857142857,37.241379310344826,0.9571428571428572
dc_b64820074b60,Expedient Boston,MA,42.405414,-71.074978,0.2413793103448276,0.12,10.10344827586207,0.22857142857142856,34.86206896551724,0.3142857142857143
dc_ee22854729f6,Expedient Cleveland - 152 NEO,OH,41.429415,-81.574072,1.1724137931034482,0.2,20.413793103448278,0.2857142857142857,37.275862068965516,0.9571428571428572
dc_db838b27c2aa,Expedient Columbus - Dublin,OH,40.091865,-83.143709,1.5517241379310345,0.24,12.931034482758621,0.15714285714285714,28.275862068965516,0.42857142857142855
dc_878c140caab9,Expedient Columbus - Upper Arlington,OH,40.057853,-83.0785,1.5172413793103448,0.25333333333333335,13.758620689655173,0.18571428571428572,30.275862068965516,0.45714285714285713
dc_f9b2b8a754f1,Expedient Memphis,TN,35.062965,-89.786143,1.1724137931034482,0.44,15.344827586206897,0.21428571428571427,22.344827586206897,0.8714285714285714
dc_3511a00a4df6,Expedient Phoenix,AZ,33.41601,-112.009445,0.3103448275862069,0.08,3.8275862068965516,0.04285714285714286,30.586206896551722,2.0428571428571427
dc_9d41992d9e6f,Expedient Pittsburgh - Nova Place,PA,40.452,-80.0045,1.206896551724138,0.2,21.20689655172414,0.2571428571428571,70.06896551724138,0.7285714285714285
dc_09dea9d939e5,Databank Atlanta (ATL1),GA,33.775782,-84.386765,1.9310344827586208,0.41333333333333333,29.0,0.44285714285714284,41.724137931034484,0.4
dc_8f85055bfe5d,365 Data Centers Commack (CNY),NY,40.822677,-73.291647,0.6551724137931034,0.05333333333333334,5.448275862068965,0.07142857142857142,19.93103448275862,0.2571428571428571
dc_41bc53d197ab,FairlawnGig Service Center,OH,41.133097,-81.629367,1.6551724137931034,0.28,23.103448275862068,0.4142857142857143,38.827586206896555,0.7142857142857143
dc_6c5747e8ee21,Cogent Tampa,FL,27.947439,-82.458855,3.586206896551724,0.4533333333333333,9.689655172413794,0.08571428571428572,15.241379310344827,0.32857142857142857
dc_84946db8ccde,Senawave,UT,40.711882,-111.964741,0.27586206896551724,0.04,2.8620689655172415,0.0,9.96551724137931,0.5714285714285714
dc_23f3922163d5,Corepacket PDX-1,OR,45.52076,-122.678985,0.7241379310344828,0.02666666666666667,0.5517241379310345,0.0,0.8275862068965517,0.014285714285714285
dc_1a15871c8912,TierPoint Baltimore – BWI,MD,39.21345,-76.68286,2.0,0.13333333333333333,13.482758620689655,0.2,67.06896551724138,1.0142857142857142
dc_cbc49ed43b20,TierPoint Charlotte - North Myers,NC,35.221531,-80.835807,1.5172413793103448,0.25333333333333335,19.79310344827586,0.5428571428571428,36.03448275862069,0.44285714285714284
dc_b493d7002b92,TierPoint Tulsa-State Farm,OK,36.096334,-95.840438,3.7586206896551726,0.8,40.827586206896555,1.3428571428571427,40.48275862068966,3.4714285714285715
dc_2fbb14b41636,TierPoint Oklahoma City,OK,35.514225,-97.596767,5.793103448275862,1.2133333333333334,56.41379310344828,3.442857142857143,37.41379310344828,3.0142857142857142
dc_6f67b70fb02b,TierPoint Raleigh – RTP,NC,35.896667,-78.878838,0.9655172413793104,0.2,17.448275862068964,0.32857142857142857,39.41379310344828,0.21428571428571427
dc_e247d5484e1d,TierPoint Seattle,WA,47.619446,-122.34811,0.1724137931034483,0.02666666666666667,0.10344827586206896,0.0,0.06896551724137931,0.014285714285714285
dc_ac30ac8e4a4e,TierPoint Sioux Falls - East,SD,43.596146,-96.716872,2.0689655172413794,0.37333333333333335,24.517241379310345,0.7,15.96551724137931,1.6428571428571428
dc_68d97fc661d5,TierPoint Sioux Falls - West,SD,43.607,-96.80965,2.0344827586206895,0.38666666666666666,24.896551724137932,0.7,16.137931034482758,1.6714285714285715
dc_686de1690128,TierPoint Raleigh,NC,35.854381,-78.597011,1.1724137931034482,0.18666666666666668,18.275862068965516,0.4142857142857143,39.793103448275865,0.21428571428571427
dc_50e9c91a244c,TierPoint Waterbury,CT,41.554386,-73.041037,1.0,0.18666666666666668,9.275862068965518,0.04285714285714286,29.75862068965517,0.5714285714285714
dc_b882f44c45b0,BlueBridge Networks | Downtown Cleveland,OH,41.500747,-81.683704,0.896551724137931,0.16,15.172413793103448,0.2,30.310344827586206,0.9285714285714286
dc_5201629a2721,BlueBridge Networks |  Mayfield Heights Data Center,OH,41.50198,-81.47152,1.0689655172413792,0.21333333333333335,16.17241379310345,0.15714285714285714,32.86206896551724,0.9142857142857143
dc_63bb73652979,Fortress SF1,CA,37.782608,-122.391772,0.10344827586206896,0.0,1.896551724137931,0.0,0.6551724137931034,0.05714285714285714
dc_7f9a84f2ffad,bigbyte.cc,NM,35.084508,-106.648933,0.20689655172413793,0.013333333333333334,7.068965517241379,0.07142857142857142,3.8620689655172415,0.07142857142857142
dc_0b62aed251e8,InterServer Teb2,NJ,40.78606,-74.073757,0.6551724137931034,0.09333333333333334,12.931034482758621,0.14285714285714285,52.793103448275865,0.7285714285714285
dc_ad5acf412ac8,InterServer Teb4,NJ,40.785251,-74.074991,0.6551724137931034,0.09333333333333334,12.89655172413793,0.14285714285714285,52.827586206896555,0.7285714285714285
dc_cd5551c92afa,mindSHIFT Ashburn,VA,39.01505,-77.45879,2.3448275862068964,0.17333333333333334,19.724137931034484,0.37142857142857144,93.03448275862068,1.1
dc_d1996798840c,mindSHIT Commack,NY,40.822677,-73.291647,0.6551724137931034,0.05333333333333334,5.448275862068965,0.07142857142857142,19.93103448275862,0.2571428571428571
dc_8e8dd43b1c7e,mindSHIFT Minneapolis,MN,44.971408,-93.25458,1.896551724137931,0.29333333333333333,46.10344827586207,1.5857142857142856,34.58620689655172,1.3714285714285714
dc_92574408e089,Synergy Fiber,MI,42.241964,-83.739113,0.8275862068965517,0.49333333333333335,14.89655172413793,0.21428571428571427,33.13793103448276,0.6857142857142857
dc_795295307718,INAP Phoenix,AZ,33.298287,-112.053638,0.3793103448275862,0.08,3.3448275862068964,0.04285714285714286,27.620689655172413,1.7857142857142858
dc_a6a8876c4b50,Evocative LAX14,CA,33.89075,-118.3708,0.3448275862068966,0.06666666666666667,0.2413793103448276,0.0,0.6551724137931034,0.08571428571428572
dc_4c0328a22c39,Southwest Cyberport Albuquerque,NM,35.10196,-106.589328,0.27586206896551724,0.0,7.448275862068965,0.07142857142857142,4.103448275862069,0.08571428571428572
dc_22b86260251c,Digital Realty CHI (2299 Busse Road),IL,41.99418,-87.957678,2.3448275862068964,0.36,31.862068965517242,0.4142857142857143,60.6551724137931,3.6714285714285713
dc_f66893ce1d98,Digital Realty CHI (1400 East Devon Ave),IL,41.993346,-87.964112,2.3793103448275863,0.36,32.13793103448276,0.4142857142857143,60.724137931034484,3.6714285714285713
dc_ae8edb4e2092,Digital Realty DFW (4025 Midway Road),TX,33.021665,-96.844728,2.4827586206896552,0.56,54.03448275862069,3.9857142857142858,31.137931034482758,1.8
dc_190020b3e447,Digital Realty DFW (2440 Marsh Lane),TX,32.980107,-96.853694,2.6206896551724137,0.6,56.51724137931034,4.314285714285714,32.3448275862069,1.8
dc_86494a18d241,"Equinix MI6 - Miami, Doral",FL,25.787849,-80.354555,3.689655172413793,0.17333333333333334,10.379310344827585,0.12857142857142856,13.517241379310345,0.6714285714285714
dc_13696f488c53,Telxius Boca Raton DC,FL,26.405641,-80.114041,3.5172413793103448,0.26666666666666666,6.896551724137931,0.11428571428571428,10.517241379310345,0.6
dc_67636ae84300,NOLA BROADBAND,LA,29.901419,-90.041661,2.1379310344827585,0.24,4.068965517241379,0.12857142857142856,10.482758620689655,0.4857142857142857
dc_3d42335bad72,1530 SWIFT - NOCIX,MO,39.1361,-94.5779,2.1724137931034484,0.5733333333333334,57.03448275862069,2.1857142857142855,45.172413793103445,2.7857142857142856
dc_94004336071b,NOCIX Clay Facility,MO,39.137768,-94.578826,2.1724137931034484,0.5733333333333334,57.10344827586207,2.1857142857142855,45.241379310344826,2.742857142857143
dc_5fc5932e2fa1,Aunalytics South Bend Datacenter (AUSB),IN,41.66226,-86.25609,1.6551724137931034,0.4533333333333333,11.10344827586207,0.2571428571428571,34.724137931034484,0.6571428571428571
dc_a3de0719d6f7,Jackson Technical Datacenter,OK,36.151937,-95.984342,3.3448275862068964,0.7466666666666667,40.48275862068966,1.3571428571428572,37.724137931034484,3.4
dc_ac3f561a257b,123.NET - DC4 - 400 76th St SW,MI,42.825389,-85.672784,1.0689655172413792,0.28,6.379310344827586,0.24285714285714285,13.655172413793103,0.38571428571428573
dc_183f43223ec1,123.NET - DC2 - 24275 Northwestern Hwy.,MI,42.46701,-83.23484,0.5172413793103449,0.32,15.689655172413794,0.17142857142857143,42.48275862068966,0.9285714285714286
dc_7afdfff73d8e,"DartPoints Dublin, OH - CMH1",OH,40.093185,-83.133589,1.4827586206896552,0.24,12.931034482758621,0.15714285714285714,28.310344827586206,0.42857142857142855
dc_ffc36ba64dc4,TunBroker Baltimore,MD,39.21362,-76.68284,2.0,0.13333333333333333,13.482758620689655,0.2,67.06896551724138,1.0142857142857142
dc_4ca5071fffcd,123.NET - DC3 - 24245 Northwestern Hwy.,MI,42.466911,-83.234976,0.5172413793103449,0.32,15.689655172413794,0.17142857142857143,42.55172413793103,0.9285714285714286
dc_70f64e34b56c,QTS Ashburn (ASH3),VA,39.0024,-77.4725,2.206896551724138,0.17333333333333334,19.137931034482758,0.38571428571428573,91.3103448275862,1.1428571428571428
dc_cdfdfa748122,Colo Solutions Downtown Orlando,FL,28.534183,-81.379805,1.5517241379310345,0.30666666666666664,15.068965517241379,0.3,14.586206896551724,0.32857142857142857
dc_becc51ab069d,Evocative BOS1,MA,42.377932,-71.080419,0.27586206896551724,0.12,10.206896551724139,0.24285714285714285,35.41379310344828,0.3
dc_cb5e2d785f37,Neutron - Coeur d'Alene,ID,47.700339,-116.794444,0.06896551724137931,0.02666666666666667,1.0689655172413792,0.02857142857142857,1.6896551724137931,0.04285714285714286
dc_9641538f7308,Prov.net 935,RI,41.81734,-71.424019,0.7241379310344828,0.04,7.0344827586206895,0.07142857142857142,18.17241379310345,0.18571428571428572
dc_cc078a791020,Cogent Atlanta,GA,33.755474,-84.391094,2.0,0.44,28.482758620689655,0.45714285714285713,41.89655172413793,0.4142857142857143
dc_774234c34888,200 South Virginia - Reno,NV,39.522999,-119.811358,0.41379310344827586,0.0,1.5862068965517242,0.02857142857142857,1.3793103448275863,0.08571428571428572
dc_810fb2f8aacf,"CoreSite - Washington,DC (DC2)",DC,38.903404,-77.031169,2.3448275862068964,0.17333333333333334,20.24137931034483,0.42857142857142855,98.62068965517241,1.6571428571428573
dc_5809c849162d,CoreSite - Los Angeles (LA3),CA,34.058703,-118.235929,0.4482758620689655,0.06666666666666667,0.4827586206896552,0.0,1.0,0.17142857142857143
dc_6c962e9b59d5,SecureData 365,OH,40.832529,-81.431933,1.3103448275862069,0.18666666666666668,19.17241379310345,0.35714285714285715,32.86206896551724,0.38571428571428573
dc_f0eb87bf240c,DNSnetworks IDC4,FL,25.776033,-80.193092,3.5172413793103448,0.17333333333333334,10.03448275862069,0.14285714285714285,12.96551724137931,0.7
dc_3485d6a6a465,Globenet Boca Raton CLS,FL,26.344915,-80.08815,3.4482758620689653,0.28,7.413793103448276,0.11428571428571428,11.03448275862069,0.6
dc_861ef818508f,AISO Data Center,CA,33.74821,-117.152165,0.5517241379310345,0.013333333333333334,0.4827586206896552,0.014285714285714285,1.9310344827586208,0.1
dc_c7c6e35626c1,Connect Des Moines,IA,41.58568,-93.6254,4.172413793103448,0.4266666666666667,37.89655172413793,1.0142857142857142,39.03448275862069,2.585714285714286
dc_a2905edeca9d,Tonaquint Data Center - Boise ID,ID,43.60801,-116.310153,0.4827586206896552,0.0,1.4137931034482758,0.014285714285714285,3.7586206896551726,0.05714285714285714
dc_0f72f668a2e1,T5@Cleveland,OH,41.442224,-81.801833,1.0,0.17333333333333334,16.82758620689655,0.18571428571428572,33.58620689655172,0.9714285714285714
dc_7085de572f71,T5@Cincinnati,OH,39.10585,-84.536559,1.1379310344827587,0.30666666666666664,19.413793103448278,0.3,44.6551724137931,0.6
dc_88f0f2bd808e,T5@Minneapolis,MN,44.971526,-93.270339,1.8620689655172413,0.29333333333333333,46.275862068965516,1.6,34.6551724137931,1.3714285714285714
dc_1afe434bec86,AceHost Tampa,FL,27.948986,-82.457025,3.586206896551724,0.4533333333333333,9.689655172413794,0.08571428571428572,15.172413793103448,0.32857142857142857
dc_64fcb38e770e,Alpha Technologies DC1,WV,38.353059,-81.696117,0.6551724137931034,0.013333333333333334,10.03448275862069,0.22857142857142856,30.344827586206897,0.4
dc_5c4333eac436,Direct LTx Reading,PA,40.38115,-75.98237,0.7586206896551724,0.2,8.724137931034482,0.15714285714285714,43.758620689655174,0.4714285714285714
dc_45aede10d770,Lincoln Rackhouse Atlanta,GA,33.92663,-84.326708,1.7586206896551724,0.44,30.0,0.5142857142857142,40.58620689655172,0.35714285714285715
dc_854a45524688,Victory Technology Center,NY,42.82679,-78.82128,0.4482758620689655,0.09333333333333334,4.758620689655173,0.04285714285714286,15.413793103448276,0.17142857142857143
dc_2b2238a314f7,Heartland Technology Data Center,IA,42.471271,-92.054083,2.7586206896551726,0.44,17.862068965517242,0.6857142857142857,20.482758620689655,1.5
dc_7d30ac8ea42e,365 Data Centers New Jersey (NJ1),NJ,40.58144,-74.573881,0.896551724137931,0.18666666666666668,10.206896551724139,0.014285714285714285,50.827586206896555,0.44285714285714284
dc_e1f13594b03c,LCOG Park Place,OR,44.05041,-123.092659,0.13793103448275862,0.0,0.20689655172413793,0.0,0.20689655172413793,0.014285714285714285
dc_bbc3c38a0286,Amarillo Petroleum Building,TX,35.205583,-101.839148,1.7241379310344827,0.26666666666666666,50.51724137931034,2.0714285714285716,25.75862068965517,1.7571428571428571
dc_238636144790,Bluebird Quad Cities Data Center,IA,41.550323,-90.482459,2.9655172413793105,0.5333333333333333,18.413793103448278,0.7428571428571429,30.482758620689655,1.9285714285714286
dc_f0164b700441,Beloit-NOC,KS,39.459519,-98.110625,1.5862068965517242,0.38666666666666666,21.17241379310345,1.0142857142857142,11.551724137931034,0.8285714285714286
dc_475764483f9f,BendTel,OR,44.059999,-121.309304,0.06896551724137931,0.0,4.827586206896552,0.08571428571428572,0.5172413793103449,0.014285714285714285
dc_40e076b938dd,Cloudpath CT2 (1351 Washington Blvd),CT,41.058085,-73.542936,0.41379310344827586,0.06666666666666667,8.758620689655173,0.1,32.827586206896555,0.6571428571428571
dc_f0c152473863,Cloudpath CT19 (5 Landmark Sq),CT,41.054701,-73.537277,0.41379310344827586,0.06666666666666667,8.620689655172415,0.1,32.62068965517241,0.6571428571428571
dc_0ab33847b79e,Cogent Boca Raton,FL,26.392805,-80.109732,3.4827586206896552,0.26666666666666666,6.9655172413793105,0.11428571428571428,10.551724137931034,0.6
dc_4873817267bd,Cogent Boston,MA,42.393191,-71.255728,0.5172413793103449,0.18666666666666668,11.551724137931034,0.18571428571428572,39.0,0.3142857142857143
dc_202e0cae629a,Cogent Chicago 1,IL,41.878465,-87.634525,1.6206896551724137,0.25333333333333335,20.24137931034483,0.4,43.275862068965516,2.8857142857142857
dc_3bb6faa489b4,Cogent Chicago 2,IL,41.88634,-87.63239,1.6206896551724137,0.26666666666666666,19.896551724137932,0.4,42.827586206896555,2.8857142857142857
dc_960d4026cc0b,Cogent Cleveland,OH,41.501163,-81.680516,0.896551724137931,0.16,15.172413793103448,0.2,31.03448275862069,0.9714285714285714
dc_a9771e1b4483,Cogent Columbus,OH,39.968136,-82.995596,1.4827586206896552,0.25333333333333335,13.862068965517242,0.18571428571428572,29.82758620689655,0.45714285714285713
dc_de24883d5033,Fiber Alley 8915,CA,32.82958,-117.13643,0.2413793103448276,0.0,0.3103448275862069,0.0,1.206896551724138,0.0
dc_178934ce0e29,Fiber Alley 8917,CA,32.829918,-117.136428,0.2413793103448276,0.0,0.3103448275862069,0.0,1.206896551724138,0.0
dc_5c2ab3d16b4e,Lincoln Data Centers,NE,40.812034,-96.702272,2.3448275862068964,0.5066666666666667,25.896551724137932,1.0571428571428572,14.931034482758621,1.2571428571428571
dc_95c9a70f2492,Binary Net Vault,NE,40.813187,-96.702525,2.3448275862068964,0.5066666666666667,26.0,1.0571428571428572,15.0,1.2571428571428571
dc_83a22ad07c8d,Digital Realty DFW18 (1210 Integrity Dr),TX,32.96515,-96.71239,2.2413793103448274,0.5333333333333333,43.241379310344826,3.3,26.896551724137932,1.5571428571428572
dc_40952e73c63b,ColoHouse New York,NY,41.034512,-73.97584,0.4827586206896552,0.05333333333333334,11.275862068965518,0.12857142857142856,45.310344827586206,0.7285714285714285
dc_bc98d15f165a,"DartPoints North Liberty, IA",IA,41.756979,-91.596653,2.586206896551724,0.44,22.620689655172413,0.6142857142857143,28.724137931034484,2.085714285714286
dc_e357f9d3e068,Navisite Andover,MA,42.696486,-71.211131,0.13793103448275862,0.18666666666666668,12.862068965517242,0.2,31.448275862068964,0.34285714285714286
dc_2fcba60acd27,Navisite Santa Clara,CA,37.37289,-121.948022,0.1724137931034483,0.02666666666666667,1.6551724137931034,0.0,0.3103448275862069,0.014285714285714285
dc_7f43907e8979,Sungard AS Aurora,CO,39.762718,-104.762172,4.310344827586207,0.22666666666666666,52.689655172413794,1.7142857142857142,10.551724137931034,0.5857142857142857
dc_b46c8dba016d,Sungard AS Carlstadt 777,NJ,40.828282,-74.044333,0.6551724137931034,0.09333333333333334,12.793103448275861,0.14285714285714285,52.310344827586206,0.6857142857142857
dc_363733e77dcd,Houston Bunker,TX,30.376819,-95.669352,1.5172413793103448,0.13333333333333333,6.724137931034483,0.21428571428571427,9.89655172413793,0.15714285714285714
dc_343ad9c70a6c,DataBank San Diego (SAN1),CA,32.988781,-117.073181,0.2413793103448276,0.0,0.3448275862068966,0.0,1.4827586206896552,0.0
dc_0ef9a41e7d70,DataBank McLean (IAD2),VA,38.919726,-77.214074,2.413793103448276,0.2,20.96551724137931,0.42857142857142855,99.37931034482759,1.5
dc_b86253ab50d7,DataBank Atlanta (ATL3),GA,33.7346,-84.42592,1.9655172413793103,0.4266666666666667,28.75862068965517,0.44285714285714284,42.51724137931034,0.42857142857142855
dc_060cddee4ce7,DataBank Chicago (ORD2),IL,41.870906,-87.640153,1.6896551724137931,0.28,20.862068965517242,0.4,44.241379310344826,2.9857142857142858
dc_caccd08596b9,DataBank Chicago (ORD4),IL,41.854051,-87.920916,3.0689655172413794,0.4666666666666667,35.758620689655174,0.6142857142857143,65.55172413793103,3.9857142857142858
dc_bb40d67d2a9d,DataBank Denver (DEN3),CO,39.745594,-104.995046,2.3793103448275863,0.2,52.41379310344828,1.6571428571428573,9.206896551724139,0.45714285714285713
dc_21da59088359,DataBank Denver (DEN4),CO,39.884552,-105.080128,1.896551724137931,0.18666666666666668,50.206896551724135,1.5285714285714285,8.655172413793103,0.5285714285714286
dc_aeb91bfc3b8f,DataBank Dallas (DFW7),TX,32.922798,-96.791315,2.689655172413793,0.6,50.206896551724135,3.8857142857142857,30.0,1.6857142857142857
dc_517844b7b7df,DataBank Austin (AUS1),TX,30.436238,-97.765814,2.0,0.30666666666666664,22.586206896551722,1.7142857142857142,10.620689655172415,0.7142857142857143
dc_6303da2ff06f,DataBank Waco (ACT1),TX,31.55495,-97.13324,1.2758620689655173,0.38666666666666666,13.586206896551724,0.7714285714285715,8.862068965517242,0.45714285714285713
dc_25e74ffcb872,DataBank Kansas City (MCI3),KS,38.924668,-94.77027,1.9655172413793103,0.49333333333333335,52.0,1.9428571428571428,43.86206896551724,2.857142857142857
dc_08280b0c240d,DataBank Minneapolis (MSP4),MN,44.971408,-93.25458,1.896551724137931,0.29333333333333333,46.10344827586207,1.5857142857142856,34.58620689655172,1.3714285714285714
dc_aaaa51bde60b,DataBank Indianapolis (IND1),IN,39.759833,-86.171235,1.6551724137931034,0.68,29.24137931034483,0.6571428571428571,35.03448275862069,0.9142857142857143
dc_1aa9d4da8c08,DataBank Indianapolis (IND2),IN,39.760096,-86.170486,1.6551724137931034,0.68,29.24137931034483,0.6571428571428571,35.03448275862069,0.9142857142857143
dc_84fb51e4e530,DataBank Irvine (SNA2),CA,33.687905,-117.842407,0.4482758620689655,0.04,0.4482758620689655,0.014285714285714285,1.4137931034482758,0.2
dc_436d369c718f,DataBank Phoenix (PHX1),AZ,33.484087,-112.073845,0.3448275862068966,0.08,4.137931034482759,0.05714285714285714,29.689655172413794,1.9714285714285715
dc_6537da35d0c5,DataBank Phoenix (PHX2),AZ,33.454431,-111.975724,0.3103448275862069,0.08,3.9310344827586206,0.04285714285714286,31.310344827586206,2.0714285714285716
dc_d120fdecb5fc,DataBank Phoenix (PHX3),AZ,33.273916,-111.885259,0.3103448275862069,0.05333333333333334,3.206896551724138,0.04285714285714286,27.275862068965516,1.6857142857142857
dc_1b3a98a4d46b,DataBank Salt Lake City (SLC4),UT,40.481315,-111.90496,0.2413793103448276,0.02666666666666667,3.0,0.0,11.172413793103448,0.6142857142857143
dc_b8718fb1cf84,DataBank Salt Lake City (SLC5),UT,40.480867,-111.904275,0.2413793103448276,0.02666666666666667,3.0,0.0,11.172413793103448,0.6142857142857143
dc_7fde5e00e88d,ACW Winter Haven,FL,28.024126,-81.728175,2.3448275862068964,0.29333333333333333,7.793103448275862,0.14285714285714285,6.827586206896552,0.11428571428571428
dc_cb548352378e,ScaleMatrix San Diego Data Center US-West 01,CA,32.837729,-117.132639,0.2413793103448276,0.0,0.3103448275862069,0.0,1.206896551724138,0.0
dc_68e03ee6464c,ScaleMatrix Dallas Data Center US-South 01,TX,33.138618,-96.657387,1.8620689655172413,0.4666666666666667,37.275862068965516,2.4571428571428573,21.20689655172414,1.1857142857142857
dc_256bfc3771cd,ScaleMatrix Seattle Data Center US-West 02,WA,47.15545,-122.280196,0.3103448275862069,0.013333333333333334,0.06896551724137931,0.0,0.06896551724137931,0.014285714285714285
dc_83a5ba62b6b4,ScaleMatrix Jacksonville Data Center US-South 02,FL,30.216445,-81.582092,1.793103448275862,0.16,12.413793103448276,0.14285714285714285,31.82758620689655,0.3
dc_5221dcc60ba1,DataBridge Sites Aurora,IL,41.772203,-88.217055,3.793103448275862,0.41333333333333333,30.96551724137931,0.4857142857142857,60.44827586206897,3.6857142857142855
dc_1e07f06c96b1,BluBroadband Shell Ave,FL,30.411196,-86.612424,1.4827586206896552,0.21333333333333335,2.103448275862069,0.0,6.9655172413793105,0.32857142857142857
dc_1f1b1571370c,TierPoint Bethlehem,PA,40.670346,-75.37493,0.7586206896551724,0.18666666666666668,9.310344827586206,0.15714285714285714,47.724137931034484,0.3
dc_5eb44db8e6ca,TierPoint Boston - Marlborough,MA,42.312902,-71.579257,0.6206896551724138,0.18666666666666668,11.275862068965518,0.18571428571428572,32.3448275862069,0.3
dc_4b7a393d65ed,TierPoint St. Louis – Millpark,MO,38.698612,-90.411954,2.6551724137931036,0.5866666666666667,36.689655172413794,1.5571428571428572,41.689655172413794,1.5714285714285714
dc_b2841d717095,Golden West Rapid City Skyline Facility,SD,44.047645,-103.244187,0.41379310344827586,0.10666666666666667,62.6551724137931,3.4714285714285715,14.655172413793103,0.6285714285714286
dc_1e8ff92390a0,CENTRA RNO01 - Reno Nevada (200 S. Virginia),NV,39.522999,-119.811358,0.41379310344827586,0.0,1.5862068965517242,0.02857142857142857,1.3793103448275863,0.08571428571428572
dc_19d78aae92b7,LightEdge Kansas City Cavern (KCI2),KS,38.95187,-94.789552,1.8275862068965518,0.5066666666666667,52.96551724137931,1.9285714285714286,45.827586206896555,3.0714285714285716
dc_692764cc56b5,Equinix CH7 - Westmont,IL,41.812598,-87.972834,3.206896551724138,0.5066666666666667,36.689655172413794,0.6285714285714286,68.03448275862068,4.1571428571428575
dc_0ae77cd8da7f,H5 Data Centers Cincinnati II,OH,39.105851,-84.53657,1.1379310344827587,0.30666666666666664,19.413793103448278,0.3,44.6551724137931,0.6
dc_5b24108b6e9d,Cologix ASH1,VA,39.019135,-77.457738,2.310344827586207,0.17333333333333334,19.82758620689655,0.38571428571428573,92.55172413793103,1.1
dc_29f5ae089013,Peak Internet,OR,44.559445,-123.275141,0.2413793103448276,0.0,0.13793103448275862,0.0,0.2413793103448276,0.02857142857142857
dc_8d2c754efaf1,Ridgeview Minnetonka,MN,44.97197,-93.436798,1.7586206896551724,0.26666666666666666,48.13793103448276,1.7285714285714286,35.6551724137931,1.2714285714285714
dc_fbdab8d6b048,713 Nebraska,IA,42.498104,-96.403951,1.896551724137931,0.4,20.79310344827586,0.6428571428571429,15.862068965517242,1.1142857142857143
dc_7c6fefec1f6e,Equinix DA11 - Dallas,TX,32.801347,-96.821074,2.8275862068965516,0.5866666666666667,48.37931034482759,3.857142857142857,30.0,1.7285714285714286
dc_afab297ce101,EdgeConneX New Orleans (EDCSLI01),LA,30.287098,-89.737403,2.7586206896551726,0.25333333333333335,4.448275862068965,0.05714285714285714,10.931034482758621,0.3
dc_9449ac8454ad,"CENTRA PWM1 - Portland, Maine (340 Cumberland)",ME,43.657708,-70.261781,0.2413793103448276,0.0,5.206896551724138,0.04285714285714286,10.068965517241379,0.08571428571428572
dc_43484bcf3562,Sungard AS Thornton,CO,39.84749,-104.98069,2.586206896551724,0.24,53.3448275862069,1.7,9.586206896551724,0.5428571428571428
dc_f11fcbc90179,MDC Nogales,AZ,31.335472,-110.943007,0.034482758620689655,0.0,1.0,0.014285714285714285,2.1724137931034484,0.1
dc_573a60c3563b,T5@SiliconValley,CA,37.50998,-122.00116,0.20689655172413793,0.02666666666666667,1.6206896551724137,0.0,0.5172413793103449,0.02857142857142857
dc_3933c406bf5d,T5@Portland,OR,45.555268,-122.940007,0.5862068965517241,0.02666666666666667,0.3793103448275862,0.0,0.8275862068965517,0.014285714285714285
dc_4df3eadcb5ae,T5@Charlotte,NC,35.250449,-81.395098,1.9655172413793103,0.26666666666666666,17.655172413793103,0.4,32.41379310344828,0.2857142857142857
dc_5ae368e148c6,T5@Atlanta,GA,33.76344,-84.60484,1.7586206896551724,0.4666666666666667,26.482758620689655,0.4142857142857143,39.93103448275862,0.38571428571428573
dc_0440ca675a9b,T5@Augusta,GA,33.438755,-82.157946,1.3448275862068966,0.26666666666666666,11.862068965517242,0.07142857142857142,27.482758620689655,1.0
dc_2664bd7e8ca0,DC Host Sheridan,WY,44.784169,-106.940957,0.034482758620689655,0.0,6.0344827586206895,0.15714285714285714,3.0344827586206895,0.15714285714285714
dc_5148f9e54a98,EXA Datacenter New York,NY,40.717729,-74.008306,0.6896551724137931,0.06666666666666667,12.0,0.14285714285714285,50.44827586206897,0.7142857142857143
dc_944ea7a6b67d,Lumen Tulsa 1,OK,36.15682,-95.993421,3.3448275862068964,0.76,40.51724137931034,1.3571428571428572,38.03448275862069,3.414285714285714
dc_853509ea17b3,Foremost Dallas,TX,32.933377,-96.808683,2.7241379310344827,0.6,51.48275862068966,3.8714285714285714,30.103448275862068,1.6714285714285715
dc_f6ebe4e52512,Foremost Corpus Christi,TX,27.795751,-97.397393,1.6551724137931034,0.18666666666666668,4.310344827586207,0.08571428571428572,7.586206896551724,0.4714285714285714
dc_8369073e1b95,Foremost San Antonio,TX,29.42938,-98.487309,1.3103448275862069,0.24,18.689655172413794,1.3428571428571427,8.10344827586207,0.8
dc_1621122fb560,Foremost Harlingen,TX,26.192979,-97.690638,1.5862068965517242,0.08,3.6206896551724137,0.2857142857142857,5.448275862068965,0.5
dc_53e829a00936,Spin Servers DAL1,TX,32.783697,-96.79467,2.6206896551724137,0.5733333333333334,45.55172413793103,3.642857142857143,28.82758620689655,1.6142857142857143
dc_f5141a487f0e,AUBix Auburn,AL,32.600874,-85.513055,2.3448275862068964,0.30666666666666664,6.551724137931035,0.21428571428571427,10.931034482758621,0.08571428571428572
dc_bf02966eb419,RagingWire CH1 - NTT,IL,41.988567,-88.01368,2.6551724137931036,0.36,33.758620689655174,0.4714285714285714,63.724137931034484,3.7857142857142856
dc_ca7d33cf6c31,Segra Kannapolis,NC,35.50515,-80.62272,1.1379310344827587,0.16,15.10344827586207,0.3,34.310344827586206,0.44285714285714284
dc_e8eb1c059cb6,CENTRA CMH01 - Columbus Ohio (180 E Broad),OH,39.962785,-82.996184,1.4827586206896552,0.25333333333333335,13.862068965517242,0.18571428571428572,29.79310344827586,0.45714285714285713
dc_47dd6e6f269c,BluegrassNet Louisville,KY,38.241182,-85.74932,2.5172413793103448,0.28,16.93103448275862,0.44285714285714284,43.241379310344826,1.3714285714285714
dc_a5c5c40f19a1,"ark data centers - Boise, ID",ID,43.579984,-116.290797,0.4827586206896552,0.0,1.4482758620689655,0.014285714285714285,3.8620689655172415,0.05714285714285714
dc_6fa5cb317f61,"ark data centers - Cleveland, OH",OH,41.361157,-81.632535,1.3793103448275863,0.2,23.275862068965516,0.35714285714285715,40.241379310344826,0.9
dc_936035203d1f,421 N 6th Ave East,MN,46.795464,-92.095399,0.1724137931034483,0.02666666666666667,10.10344827586207,0.32857142857142857,9.241379310344827,0.32857142857142857
dc_a4e4cd6244d3,"ark data centers - Canton,OH",OH,40.832529,-81.431933,1.3103448275862069,0.18666666666666668,19.17241379310345,0.35714285714285715,32.86206896551724,0.38571428571428573
dc_0140af52d0df,"ark data centers - Youngstown, OH",OH,41.11832,-80.657012,1.103448275862069,0.26666666666666666,16.413793103448278,0.14285714285714285,38.86206896551724,0.4142857142857143
dc_3b664e26d6e9,"ark data centers - Pittsburgh, PA",PA,40.752216,-79.637268,0.7586206896551724,0.16,11.137931034482758,0.1,37.89655172413793,0.2714285714285714
dc_e744de60a17b,US Signal MN01 - Minneapolis,MN,44.877094,-93.407686,2.103448275862069,0.28,47.48275862068966,1.6571428571428573,35.41379310344828,1.4285714285714286
dc_75d783969484,US Signal WI02 - Madison,WI,42.994734,-89.423274,2.1724137931034484,0.4266666666666667,15.413793103448276,0.6142857142857143,17.75862068965517,1.1571428571428573
dc_d647f52dca93,US Signal IA01 - Des Moines,IA,41.620242,-93.853996,3.8275862068965516,0.4666666666666667,38.48275862068966,0.9857142857142858,40.89655172413793,2.7142857142857144
dc_8bf50b2ebca9,US Signal AZ01 - Phoenix,AZ,33.355173,-111.826816,0.3793103448275862,0.05333333333333334,3.689655172413793,0.04285714285714286,28.413793103448278,1.7714285714285714
dc_4126490726b2,EdgeConneX Chicago (EDCCHI02),IL,42.001364,-87.952626,2.2758620689655173,0.36,31.79310344827586,0.4142857142857143,60.58620689655172,3.6714285714285713
dc_2ce078333a5c,Cogent New Orleans,LA,29.949305,-90.070038,2.310344827586207,0.29333333333333333,4.068965517241379,0.12857142857142856,10.758620689655173,0.5
dc_9edcf95c820e,Digital Realty CHI (9333 Grand Ave),IL,41.926884,-87.859119,2.3448275862068964,0.36,31.03448275862069,0.44285714285714284,57.93103448275862,3.5285714285714285
dc_4ad3f9c6b136,Digital Realty CHI (9355 Grand Ave),IL,41.927658,-87.859333,2.3448275862068964,0.36,31.0,0.44285714285714284,57.86206896551724,3.5285714285714285
dc_7d5258421dfa,Digital Realty CHI (9377 Grand Ave),IL,41.928621,-87.85877,2.3448275862068964,0.36,31.03448275862069,0.45714285714285713,57.86206896551724,3.557142857142857
dc_c73e00e9ed81,Equinix AT4 - Atlanta,GA,33.895445,-84.453611,1.793103448275862,0.38666666666666666,29.310344827586206,0.44285714285714284,43.0,0.42857142857142855
dc_d9001f9c6c9e,EdgeCore Phoenix,AZ,33.34404,-111.61957,0.27586206896551724,0.04,2.586206896551724,0.02857142857142857,21.24137931034483,1.2714285714285714
dc_3f9dc02dbec2,tzulo Chicago,IL,41.876203,-87.631496,1.6206896551724137,0.26666666666666666,20.24137931034483,0.4,43.3448275862069,2.914285714285714
dc_1a05036564f4,SD / Comsat Southbury Ground Station,CT,41.451602,-73.28939,1.103448275862069,0.2,7.068965517241379,0.02857142857142857,31.96551724137931,0.6714285714285714
dc_54b3ef0880ca,SD / Comsat Santa Paula Ground Station,CA,34.41322,-119.07955,0.1724137931034483,0.0,0.06896551724137931,0.0,0.3793103448275862,0.02857142857142857
dc_8dc8a503fc76,HostDime Orlando Tier IV Data Center,FL,28.614463,-81.385657,1.6551724137931034,0.28,15.344827586206897,0.3142857142857143,15.068965517241379,0.3142857142857143
dc_fc76d047a367,Sunbreak Electronics,OR,45.261026,-122.676541,0.41379310344827586,0.02666666666666667,0.3448275862068966,0.0,0.7931034482758621,0.02857142857142857
dc_b90db17c93d0,Scott Data Center Omaha,NE,41.242916,-96.016491,2.689655172413793,0.4266666666666667,32.758620689655174,1.5857142857142856,25.82758620689655,2.157142857142857
dc_e0c953c40206,Aligned Ashburn (IAD-02),VA,39.010562,-77.475185,2.2413793103448274,0.17333333333333334,18.82758620689655,0.37142857142857144,89.41379310344827,1.1285714285714286
dc_ab342699d6b9,Aligned Chicago (ORD-01),IL,41.913464,-87.91876,2.689655172413793,0.36,33.310344827586206,0.4714285714285714,61.724137931034484,3.7714285714285714
dc_39ff79a5b283,Aligned Chicago (ORD-02),IL,41.913464,-87.91876,2.689655172413793,0.36,33.310344827586206,0.4714285714285714,61.724137931034484,3.7714285714285714
dc_ca6a6b6b42c4,Connect Cedar Valley,IA,42.473322,-92.458275,2.206896551724138,0.38666666666666666,16.448275862068964,0.8,15.379310344827585,1.0857142857142856
dc_43204ca86890,Digital Fortress (PNJ),NJ,40.544144,-74.496592,0.8620689655172413,0.14666666666666667,10.241379310344827,0.014285714285714285,50.206896551724135,0.5
dc_a8a368db33bb,Quad State Internet PAH1 Colocation,KY,37.09402,-88.634104,3.1724137931034484,0.3466666666666667,10.655172413793103,0.14285714285714285,23.93103448275862,1.3428571428571427
dc_c04730ac0683,SFN MN-Rochester,MN,44.02129,-92.462938,1.1724137931034482,0.17333333333333334,19.0,0.5285714285714286,15.89655172413793,0.7428571428571429
dc_50c707acf444,SFN IL-Peoria,IL,40.738991,-89.584721,2.8275862068965516,0.44,17.75862068965517,0.44285714285714284,27.103448275862068,0.5428571428571428
dc_9e16cf902bb8,Aureon Minneapolis,MN,44.971408,-93.25458,1.896551724137931,0.29333333333333333,46.10344827586207,1.5857142857142856,34.58620689655172,1.3714285714285714
dc_61f104ef7e31,Aureon West Des Moines,IA,41.59778,-93.7352,3.896551724137931,0.4666666666666667,38.793103448275865,1.042857142857143,39.275862068965516,2.6285714285714286
dc_b3248b7dd787,LSVL-CTC1,CO,39.965362,-105.124453,1.896551724137931,0.2,42.51724137931034,1.3857142857142857,7.379310344827586,0.4714285714285714
dc_69c4af3b8176,Midco Sioux Falls,SD,43.4976,-96.78582,2.3793103448275863,0.44,25.413793103448278,0.7,15.655172413793103,1.6857142857142857
dc_c3798aab7f27,Midco Yankton,SD,42.892031,-97.416548,1.3448275862068966,0.36,20.655172413793103,0.7571428571428571,9.689655172413794,0.8714285714285714
dc_0e9430d2bb67,Midco Fargo,ND,46.836551,-96.865917,1.7586206896551724,0.28,13.724137931034482,0.6571428571428571,13.137931034482758,0.9
dc_6396a9188b64,Midco Grand Forks,ND,47.902115,-97.090307,2.896551724137931,0.25333333333333335,16.93103448275862,0.3142857142857143,15.241379310344827,1.1714285714285715
dc_3f21766275d1,Cogent La Mirada,CA,33.8799,-118.0281,0.6206896551724138,0.06666666666666667,0.5517241379310345,0.014285714285714285,1.3103448275862069,0.18571428571428572
dc_fed86730d8eb,Ethoplex Data Center,WI,43.227892,-88.146745,0.9655172413793104,0.29333333333333333,17.0,0.4142857142857143,20.689655172413794,0.8571428571428571
dc_a525f7501d71,DataBank Minneapolis (MSP3),MN,45.14381,-93.38704,1.7241379310344827,0.30666666666666664,43.827586206896555,1.6571428571428573,31.137931034482758,1.0857142857142856
dc_144eb7f40153,SFN IA-Urbana,IA,42.246422,-91.886635,3.1379310344827585,0.5466666666666666,20.896551724137932,0.4714285714285714,27.75862068965517,2.0142857142857142
dc_f8f4d74a1bbf,Hemlock Plaza,OR,42.051179,-124.28091,0.10344827586206896,0.0,0.10344827586206896,0.0,0.10344827586206896,0.04285714285714286
dc_357eb5a927a6,STRATA Vernal Data Center,UT,40.456615,-109.528963,0.13793103448275862,0.0,0.6551724137931034,0.0,0.6206896551724138,0.0
dc_12e6a6edf5fb,MDC San Diego,CA,32.594192,-117.085384,0.034482758620689655,0.0,0.1724137931034483,0.0,0.7931034482758621,0.0
dc_1c6b983e109a,Router12 - Brick and Tile,IA,43.151758,-93.199317,1.9310344827586208,0.4,14.551724137931034,0.37142857142857144,14.172413793103448,0.7857142857142857
dc_1950c37b6b09,Flexential - Atlanta/Douglasville (ATL5),GA,33.731164,-84.615714,1.793103448275862,0.4666666666666667,25.96551724137931,0.44285714285714284,39.55172413793103,0.38571428571428573
dc_5316b4c0a16e,Flexential - Portland/Hillsboro 3 (PDX03),OR,45.55945,-122.93761,0.6206896551724138,0.02666666666666667,0.3793103448275862,0.0,0.8275862068965517,0.014285714285714285
dc_25cab7b22101,Flexential - Portland/Hillsboro 4 (PDX04),OR,45.555183,-122.939056,0.5862068965517241,0.02666666666666667,0.3793103448275862,0.0,0.8275862068965517,0.014285714285714285
dc_ef12919892c5,Venyu BTR1,LA,30.45319,-91.11625,1.9310344827586208,0.24,7.0344827586206895,0.2,17.724137931034484,0.34285714285714286
dc_0d852c0bbe7c,Otava Metro Detroit,MI,42.331172,-83.419408,0.896551724137931,0.48,17.20689655172414,0.2571428571428571,40.10344827586207,0.9428571428571428
dc_ece45f669ead,C Spire Mississippi,MS,33.470581,-88.791097,2.310344827586207,0.5866666666666667,9.655172413793103,0.18571428571428572,21.862068965517242,0.5285714285714286
dc_854b5acb373f,Crown Castle Philadelphia (1309 Noble),PA,39.96024,-75.15992,1.1724137931034482,0.22666666666666666,14.689655172413794,0.14285714285714285,80.06896551724138,0.8
dc_3129f2c900a6,Crown Castle White Plains (360 Hamilton),NY,41.034507,-73.76668,0.4827586206896552,0.09333333333333334,11.241379310344827,0.15714285714285714,42.41379310344828,0.6571428571428571
dc_1c50ce7c72a5,EdgeCore Silicon Valley,CA,37.38369,-121.965336,0.1724137931034483,0.02666666666666667,1.6551724137931034,0.0,0.3103448275862069,0.014285714285714285
dc_be0ed008ea39,EdgeCore VA1,VA,39.021724,-77.414111,2.4482758620689653,0.17333333333333334,20.275862068965516,0.38571428571428573,96.58620689655173,1.2285714285714286
dc_cea813043db3,EdgeCore VA2,VA,38.994747,-77.444362,2.2413793103448274,0.16,19.82758620689655,0.4,95.48275862068965,1.2571428571428571
dc_2a818be79374,EdgeCore Reno 1,NV,39.524415,-119.481812,0.3103448275862069,0.0,1.0689655172413792,0.014285714285714285,1.6551724137931034,0.14285714285714285
dc_e529dbcff544,Ethoplex Edge DC - Green Bay,WI,44.428051,-88.050196,1.2758620689655173,0.21333333333333335,10.172413793103448,0.5428571428571428,12.068965517241379,0.5714285714285714
dc_9979cc01880f,Ethoplex Edge DC - Fond du Lac,WI,43.833878,-88.494331,2.310344827586207,0.38666666666666666,8.206896551724139,0.3142857142857143,14.655172413793103,0.8571428571428571
dc_12ee8967fb3b,901 Commerce Dr,WI,44.632611,-90.168593,1.1724137931034482,0.21333333333333335,7.482758620689655,0.17142857142857143,9.206896551724139,0.3142857142857143
dc_a544254c915e,Lumen Jacksonville,FL,30.271996,-81.623873,1.8620689655172413,0.14666666666666667,13.724137931034482,0.18571428571428572,34.10344827586207,0.32857142857142857
dc_598350b62d6f,Lumen Portland,OR,45.531671,-122.68496,0.7586206896551724,0.02666666666666667,0.5517241379310345,0.0,0.8275862068965517,0.014285714285714285
dc_f49fd2c20dca,Lumen Pittsburgh,PA,40.425388,-79.970352,1.1379310344827587,0.2,21.96551724137931,0.24285714285714285,70.27586206896552,0.7142857142857143
dc_a39b4630d4f6,Crown Castle Manchester (1 Sundial Ave),NH,42.972613,-71.469472,0.13793103448275862,0.16,9.620689655172415,0.07142857142857142,18.103448275862068,0.17142857142857143
dc_29cc8119d959,VELCO Rutland,VT,43.660147,-72.992651,0.034482758620689655,0.0,4.586206896551724,0.014285714285714285,13.551724137931034,0.12857142857142856
dc_6480c6df7d40,Energynet Datacenter,KY,36.847841,-87.465157,3.2758620689655173,0.4666666666666667,8.931034482758621,0.2571428571428571,20.620689655172413,1.0285714285714285
dc_6704477657fe,Lost River Data Center,KY,36.962312,-86.470939,1.5517241379310345,0.36,7.551724137931035,0.11428571428571428,25.896551724137932,0.8571428571428571
dc_9b2065354392,Atomic Data MSP250,MN,44.980707,-93.267331,1.8620689655172413,0.29333333333333333,46.48275862068966,1.6,34.310344827586206,1.3142857142857143
dc_a8482afc8543,Russellvile EPB Smartnet,KY,36.846023,-86.88624,1.9655172413793103,0.3333333333333333,6.103448275862069,0.17142857142857143,20.655172413793103,0.7857142857142857
dc_ab2a3e5edefd,"DartPoints Baton Rouge, LA - BTR1",LA,30.453521,-91.115584,1.9310344827586208,0.25333333333333335,7.0344827586206895,0.2,17.724137931034484,0.34285714285714286
dc_f800adc8ba21,H5 Data Centers San Luis Obispo,CA,35.255773,-120.640747,0.1724137931034483,0.0,0.13793103448275862,0.0,0.27586206896551724,0.014285714285714285
dc_0710358899ef,QTS Phoenix (PHX2),AZ,33.462368,-111.995794,0.3103448275862069,0.08,3.9655172413793105,0.04285714285714286,30.379310344827587,2.0
dc_028c228e5604,Lumen West Haven,CT,41.289812,-72.970174,0.6551724137931034,0.09333333333333334,4.137931034482759,0.04285714285714286,18.724137931034484,0.45714285714285713
dc_0e25227f34f6,Lumen New Haven,CT,41.299793,-72.925887,0.6206896551724138,0.09333333333333334,4.103448275862069,0.04285714285714286,17.96551724137931,0.42857142857142855
dc_feec39d1d16e,Lumen Hartford,CT,41.745091,-72.665146,0.8275862068965517,0.26666666666666666,11.10344827586207,0.14285714285714285,30.586206896551722,0.3
dc_74861ceae290,Lumen Stamford,CT,41.049146,-73.530484,0.4827586206896552,0.06666666666666667,8.379310344827585,0.1,32.172413793103445,0.6571428571428571
dc_f7aa8ddc2fe1,Lumen New London,CT,41.347035,-72.102643,0.27586206896551724,0.0,2.6551724137931036,0.08571428571428572,7.137931034482759,0.08571428571428572
dc_d17cb43dd5eb,Crown Castle Stamford,CT,41.058085,-73.542936,0.41379310344827586,0.06666666666666667,8.758620689655173,0.1,32.827586206896555,0.6571428571428571
dc_8cbc3d5fc5e2,Mountain West Technologies - Casper,WY,42.849554,-106.326238,0.3103448275862069,0.05333333333333334,3.1379310344827585,0.1,2.3793103448275863,0.11428571428571428
dc_1a41b0f928bf,Mountain West Technologies - Cheyenne,WY,41.175834,-104.82786,1.3103448275862069,0.08,23.17241379310345,0.9142857142857143,4.482758620689655,0.3142857142857143
dc_88ac7ff70b25,Microtronix Datacenter Ottoville,OH,40.929554,-84.341921,2.0,0.24,7.517241379310345,0.15714285714285714,20.20689655172414,0.8285714285714286
dc_f5cff530e954,SKYLINK DATA CENTERS,FL,26.167743,-81.799835,1.5517241379310345,0.08,1.8275862068965518,0.0,2.586206896551724,0.15714285714285714
dc_e0cef7344f80,FIBERSTATE Salt Lake City (SLC1),UT,40.511814,-111.887967,0.27586206896551724,0.02666666666666667,2.9655172413793105,0.0,11.241379310344827,0.5857142857142857
dc_0924876c0c0b,ColoradoColo - Lakewood (LKWD),CO,39.728305,-105.122436,1.2758620689655173,0.17333333333333334,48.62068965517241,1.457142857142857,7.551724137931035,0.35714285714285715
dc_238000347c5c,Peace Communications CHA1,TN,35.03746,-85.293181,2.1379310344827585,0.37333333333333335,12.724137931034482,0.15714285714285714,36.93103448275862,0.44285714285714284
dc_aefac21a1874,Peace Communications  HSV1,AL,34.699841,-86.593493,4.241379310344827,0.7066666666666667,20.482758620689655,0.5571428571428572,47.51724137931034,1.1428571428571428
dc_3531ad1a510c,Midwest Energy & Communications,MI,41.919049,-85.973476,1.2413793103448276,0.4266666666666667,10.10344827586207,0.24285714285714285,30.620689655172413,0.7142857142857143
dc_e8c73d76dcdd,Mainstream Little Rock,AR,34.744517,-92.274148,3.5517241379310347,0.92,30.75862068965517,0.6571428571428571,32.44827586206897,0.5142857142857142
dc_e213d4585248,CloudOgre,NC,35.299848,-82.160867,0.8620689655172413,0.10666666666666667,19.448275862068964,0.2857142857142857,28.586206896551722,0.3142857142857143
dc_a24c2e20f526,DC BLOX GSP1 - DCBLOX Greenville,SC,34.806553,-82.345891,1.6551724137931034,0.25333333333333335,23.379310344827587,0.4,36.51724137931034,0.6142857142857143
dc_2e2a707c7ddf,SMRWORXA - Somerset West Central Office,OR,45.546391,-122.866777,0.7586206896551724,0.02666666666666667,0.3793103448275862,0.0,0.8620689655172413,0.014285714285714285
dc_6b5eadf13d33,HLBOORXH - Hawthorne Central Office,OR,45.551374,-122.937143,0.6206896551724138,0.02666666666666667,0.3793103448275862,0.0,0.7586206896551724,0.014285714285714285
dc_0829ecd70434,BVTNORXB - Beaverton Central Office,OR,45.490268,-122.811289,0.6206896551724138,0.02666666666666667,0.41379310344827586,0.0,0.7586206896551724,0.014285714285714285
dc_92b8c227e4e0,GRHMORXB - Gresham Central Office,OR,45.510976,-122.431743,0.5862068965517241,0.013333333333333334,0.5172413793103449,0.0,0.7241379310344828,0.04285714285714286
dc_3b69dbc4e5a5,TGRDORXA - Tigard Central Office,OR,45.42558,-122.768572,0.5172413793103449,0.02666666666666667,0.4827586206896552,0.0,0.8275862068965517,0.02857142857142857
dc_4ff73b39cdde,KNWCWAXA - Kennewick Central Office,WA,46.212947,-119.187198,0.06896551724137931,0.013333333333333334,0.41379310344827586,0.014285714285714285,2.413793103448276,0.11428571428571428
dc_7293ff46ee7f,EVRTWAXA - Everett Primary Central Office,WA,47.921151,-122.226913,0.13793103448275862,0.02666666666666667,0.13793103448275862,0.0,0.034482758620689655,0.0
dc_6986fb479925,BOTHWAXB - Bothell Central Office,WA,47.79089,-122.20212,0.10344827586206896,0.02666666666666667,0.13793103448275862,0.0,0.06896551724137931,0.014285714285714285
dc_d0390cf0ea12,CRALIDXX - Coeur d'Alene Central Office,ID,47.696497,-116.787537,0.06896551724137931,0.02666666666666667,1.0689655172413792,0.02857142857142857,1.6896551724137931,0.04285714285714286
dc_ee9c5e566c3c,Data Holdings Milwaukee,WI,43.04373,-87.95378,0.8275862068965517,0.21333333333333335,15.586206896551724,0.4857142857142857,17.517241379310345,0.7571428571428571
dc_8164f23d355e,CoreSite - Miami (MI2),FL,25.793318,-80.333581,3.689655172413793,0.2,10.620689655172415,0.12857142857142856,13.827586206896552,0.6857142857142857
dc_fb81ab777b05,DC BLOX MYR1 - DCBLOX Myrtle Beach,SC,33.674657,-78.943365,1.0689655172413792,0.10666666666666667,9.793103448275861,0.15714285714285714,9.275862068965518,0.37142857142857144
dc_a9fcf2df567d,GigeNET CHI3,IL,42.040442,-87.976151,2.1724137931034484,0.41333333333333333,31.137931034482758,0.4142857142857143,59.03448275862069,3.5142857142857142
dc_ee959c9118c2,Bonnie Lane,NC,35.350076,-83.208476,0.20689655172413793,0.02666666666666667,6.655172413793103,0.04285714285714286,10.89655172413793,0.05714285714285714
dc_72f573fd7650,ProRacks Datacenter- Kansas City,MO,39.104854,-94.568004,2.2758620689655173,0.56,57.172413793103445,2.242857142857143,45.6551724137931,2.8142857142857145
dc_909716436a45,"aspStation, Inc.",PA,40.46531,-79.946682,1.1724137931034482,0.2,22.0,0.2571428571428571,71.17241379310344,0.7142857142857143
dc_afc2c4cb9950,TierPoint Dallas Forth Worth,TX,32.979657,-97.252306,3.1379310344827585,0.52,56.793103448275865,4.0,33.86206896551724,2.2285714285714286
dc_22c92b609884,SecureNet DC1,WV,38.366184,-81.694798,0.6206896551724138,0.013333333333333334,10.10344827586207,0.22857142857142856,30.448275862068964,0.4
dc_613b9e440a52,Cologix COL4,OH,40.118438,-82.999997,1.5172413793103448,0.26666666666666666,13.241379310344827,0.2,29.03448275862069,0.42857142857142855
dc_882a55829541,Lightboard ★ Vermont,VT,44.45,-73.1446,0.10344827586206896,0.04,8.172413793103448,0.14285714285714285,16.655172413793103,0.22857142857142856
dc_770feb7b2cec,Carrier Core - Tampa,FL,27.949592,-82.458713,3.586206896551724,0.4533333333333333,9.689655172413794,0.08571428571428572,15.344827586206897,0.32857142857142857
dc_c312286353c3,Midcon Recovery Solutions B3 Data Center,OK,35.61718,-97.572301,4.758620689655173,1.0666666666666667,48.310344827586206,3.257142857142857,31.620689655172413,2.657142857142857
dc_09baa6be34aa,US Signal - Grand Rapids South,MI,42.825329,-85.672664,1.0689655172413792,0.28,6.379310344827586,0.24285714285714285,13.655172413793103,0.38571428571428573
dc_668ad699c3a5,Raeden Michigan 1,MI,42.32854,-83.053799,0.5172413793103449,0.25333333333333335,11.827586206896552,0.11428571428571428,29.17241379310345,0.7142857142857143
dc_ed562b27f502,RC Solutions,VA,39.0152,-77.458733,2.3448275862068964,0.17333333333333334,19.724137931034484,0.37142857142857144,93.03448275862068,1.1
dc_347a9c97b46e,Encore Technologies NOR1,OH,39.160536,-84.44869,1.4482758620689655,0.28,21.275862068965516,0.3,46.06896551724138,0.6857142857142857
dc_0be7ca6fbfc0,Encore Technologies BLU1,OH,39.277612,-84.36949,1.6896551724137931,0.25333333333333335,21.20689655172414,0.35714285714285715,46.172413793103445,0.8
dc_97babf80923b,Encore Technologies MSB1,OH,39.6163,-84.2293,2.3448275862068964,0.36,20.620689655172413,0.5285714285714286,44.758620689655174,0.5857142857142857
dc_8a72989b8621,ELN02,ND,46.012816,-98.569881,1.1724137931034482,0.18666666666666668,7.620689655172414,0.37142857142857144,5.793103448275862,0.8428571428571429
dc_dfa68b7343d1,RC-Facility,VA,39.008455,-77.467576,2.2413793103448274,0.17333333333333334,19.24137931034483,0.37142857142857144,91.3103448275862,1.1428571428571428
dc_518cb525fd88,Cologix DSM2,IA,42.473929,-92.458325,2.2413793103448274,0.38666666666666666,16.482758620689655,0.8,15.379310344827585,1.0857142857142856
dc_a79d487eebc7,Cologix DSM1,IA,41.58568,-93.6254,4.172413793103448,0.4266666666666667,37.89655172413793,1.0142857142857142,39.03448275862069,2.585714285714286
dc_1bb1bc07eea0,Cologix MIN5,MN,44.971408,-93.25458,1.896551724137931,0.29333333333333333,46.10344827586207,1.5857142857142856,34.58620689655172,1.3714285714285714
dc_63db379fd314,Netrality Kansas City Metro – KC2 | 7801 Nieman,KS,38.986502,-94.712431,2.1379310344827585,0.5066666666666667,55.51724137931034,2.1714285714285713,45.758620689655174,3.057142857142857
dc_cebfa79ec447,South Spencer Aureon hut,IA,43.112257,-95.120631,1.6896551724137931,0.38666666666666666,19.24137931034483,0.5571428571428572,12.655172413793103,0.9428571428571428
dc_80a8e001435c,CoreSite - Santa Clara (SV9),CA,37.37564,-121.96975,0.1724137931034483,0.02666666666666667,1.6551724137931034,0.0,0.3103448275862069,0.014285714285714285
dc_927b5df60a78,Lightboard ★ New England,MA,42.109522,-72.576306,0.5862068965517241,0.22666666666666666,13.551724137931034,0.17142857142857143,35.689655172413794,0.35714285714285715
dc_e9670855b833,EXA CLS Lynn,MA,42.45957,-70.960773,0.13793103448275862,0.12,8.03448275862069,0.18571428571428572,30.379310344827587,0.3
dc_cdd309693dd3,Dataverge Jersey City,NJ,40.726366,-74.033696,0.7241379310344828,0.08,12.482758620689655,0.14285714285714285,52.13793103448276,0.7142857142857143
dc_dae84e0a643c,Lake Region Technology & Communications,OK,35.931102,-95.134992,3.3448275862068964,0.41333333333333333,18.862068965517242,0.6,20.551724137931036,1.6857142857142857
dc_edee31226499,Metanet New York Data Center CHELSEA,NY,40.743446,-74.00734,0.7241379310344828,0.08,12.241379310344827,0.14285714285714285,51.0,0.7142857142857143
dc_19e8b4001ea2,Metanet New York Data Center Staten Island,NY,40.6072,-74.17271,0.8275862068965517,0.08,10.482758620689655,0.014285714285714285,51.03448275862069,0.7
dc_afb5c6969c03,Metanet New York Data Center GOOGLEPLEX,NY,40.741491,-74.003389,0.7241379310344828,0.08,12.275862068965518,0.14285714285714285,50.758620689655174,0.7142857142857143
dc_f30128395268,Interphase Data Center New York I,NY,40.741469,-74.003387,0.7241379310344828,0.08,12.275862068965518,0.14285714285714285,50.758620689655174,0.7142857142857143
dc_267ac84b2d36,"ark data centers - Green Bay, WI",WI,44.2045,-88.3444,2.2413793103448274,0.28,13.620689655172415,0.6428571428571429,14.827586206896552,0.7714285714285715
dc_e8fdaabd81bd,Interphase Data Center New York II,NY,40.74331,-74.007932,0.7241379310344828,0.08,12.275862068965518,0.14285714285714285,51.03448275862069,0.7142857142857143
dc_ce0c5992cc9b,3HCloud - MIA-1,FL,25.776033,-80.193092,3.5172413793103448,0.17333333333333334,10.03448275862069,0.14285714285714285,12.96551724137931,0.7
dc_2847d8aab868,3HCloud - MIA-2,FL,25.782755,-80.193061,3.586206896551724,0.18666666666666668,10.172413793103448,0.14285714285714285,13.241379310344827,0.7142857142857143
dc_83b36b26af37,3HCloud - DFW-1,TX,32.827345,-96.873974,3.0344827586206895,0.6133333333333333,54.13793103448276,4.128571428571429,32.06896551724138,1.7857142857142858
dc_b8be2b6536e3,3HCloud - SFO-1,CA,37.788616,-122.390816,0.10344827586206896,0.0,1.896551724137931,0.0,0.6551724137931034,0.05714285714285714
dc_3dc2a5cbe072,LSTI 401 Market,OH,40.800863,-81.374423,1.3103448275862069,0.2,18.96551724137931,0.32857142857142857,33.13793103448276,0.4142857142857143
dc_de01c95e56de,TierPoint St. Louis - Locust,MO,38.633537,-90.21267,3.0689655172413794,0.5733333333333334,38.206896551724135,1.457142857142857,44.827586206896555,1.6714285714285715
dc_097651479686,LightSpeed Hosting - Medina,OH,41.137371,-81.701097,1.7586206896551724,0.29333333333333333,24.413793103448278,0.4142857142857143,41.41379310344828,0.7571428571428571
dc_02b8cb392dd2,Lumen Kansas City,MO,39.090638,-94.568428,2.3448275862068964,0.5333333333333333,56.275862068965516,2.142857142857143,45.06896551724138,2.742857142857143
dc_c07d6b78aa3d,Lumen San Antonio 1,TX,29.475675,-98.390801,1.1724137931034482,0.28,19.93103448275862,1.4,8.620689655172415,0.7857142857142857
dc_8f0aa85ad64d,Cogent Detroit,MI,42.330743,-83.055773,0.5172413793103449,0.25333333333333335,11.827586206896552,0.11428571428571428,29.310344827586206,0.7142857142857143
dc_2b8c784a19e7,Apotech,IL,42.078443,-87.915648,1.896551724137931,0.37333333333333335,28.551724137931036,0.4,54.6551724137931,3.342857142857143
dc_a189b6ecc607,"Atlantech Online - Rockville, MD",MD,39.064319,-77.160038,2.8620689655172415,0.18666666666666668,20.482758620689655,0.38571428571428573,102.79310344827586,1.5
dc_f462f5b23353,"Atlantech Online - Silver Spring, MD",MD,38.994508,-77.027147,2.4482758620689653,0.16,20.03448275862069,0.4,101.44827586206897,1.6428571428571428
dc_a288f31a82ee,East Kentucky Network Data Center,KY,37.59798,-82.68097,0.2413793103448276,0.02666666666666667,12.379310344827585,0.21428571428571427,32.62068965517241,0.2714285714285714
dc_d988206c842d,365 Data Centers Carlstadt (NJ3),NJ,40.827949,-74.049418,0.6551724137931034,0.09333333333333334,12.689655172413794,0.14285714285714285,52.275862068965516,0.6857142857142857
dc_2c733095b6bd,Element Critical Houston HOU1,TX,29.802918,-95.755821,2.2413793103448274,0.38666666666666666,14.172413793103448,0.4,13.931034482758621,0.45714285714285713
dc_a2e7abda96a4,Clackamas ESD Datacenter,OR,45.426665,-122.562821,0.6206896551724138,0.02666666666666667,0.5517241379310345,0.0,0.7931034482758621,0.02857142857142857
dc_b15cee237812,"DartPoints Baton Rouge, LA - BTR2",LA,30.453521,-91.115584,1.9310344827586208,0.25333333333333335,7.0344827586206895,0.2,17.724137931034484,0.34285714285714286
dc_ada9efdb9033,Southern Telecom,GA,33.760547,-84.387636,2.0,0.44,29.20689655172414,0.45714285714285713,42.275862068965516,0.4
dc_8f5936e41883,70 Henry St,NY,42.100956,-75.909021,0.6206896551724138,0.04,11.931034482758621,0.15714285714285714,31.413793103448278,0.2714285714285714
dc_d66268183bda,"DartPoints Shreveport, LA - SHV1",LA,32.511243,-93.749806,3.0,0.6533333333333333,20.620689655172413,1.1285714285714286,29.551724137931036,1.4428571428571428
dc_cc2a38263c7a,American Tower RA1,NC,35.78812,-78.726568,1.2758620689655173,0.18666666666666668,17.82758620689655,0.35714285714285715,39.827586206896555,0.21428571428571427
dc_98b518cb96d4,USSHC,IA,42.284076,-91.092129,2.0344827586206895,0.41333333333333333,12.310344827586206,0.34285714285714286,18.586206896551722,1.457142857142857
dc_6875118f0a7f,H5 Data Centers Quincy 2/3,WA,47.247916,-119.824924,0.06896551724137931,0.0,0.1724137931034483,0.0,0.2413793103448276,0.0
dc_be781da0ac27,H5 Data Centers Omaha,NE,41.1805,-96.0848,2.5517241379310347,0.3466666666666667,32.310344827586206,1.5571428571428572,25.379310344827587,2.257142857142857
dc_763d1075346e,H5 Data Centers Buffalo I,NY,43.169108,-78.751648,0.20689655172413793,0.04,4.482758620689655,0.08571428571428572,14.172413793103448,0.18571428571428572
dc_f52600c4827b,H5 Data Centers Buffalo II,NY,43.169846,-78.747693,0.20689655172413793,0.04,4.482758620689655,0.08571428571428572,14.172413793103448,0.18571428571428572
dc_d86fdc4e8f2f,Lightboard ★ Western NY,NY,43.05044,-76.15069,0.1724137931034483,0.04,11.517241379310345,0.15714285714285714,24.689655172413794,0.3
dc_9d03f9d03002,BLDR-1919,CO,40.0176,-105.2771,0.7586206896551724,0.09333333333333334,28.517241379310345,0.9285714285714286,3.9310344827586206,0.2571428571428571
dc_e61bb2d7e36b,365 Data Centers Buffalo (PA1),PA,39.962369,-75.163734,1.1724137931034482,0.22666666666666666,14.724137931034482,0.14285714285714285,80.06896551724138,0.8
dc_ac85fb243e38,365 Data Centers Alpharetta (GA1),GA,34.06343,-84.272727,1.4827586206896552,0.41333333333333333,27.551724137931036,0.4714285714285714,38.37931034482759,0.34285714285714286
dc_af4daeefc3e5,365 Data Centers Aurora (CO1),CO,39.762839,-104.761931,4.310344827586207,0.22666666666666666,52.689655172413794,1.7142857142857142,10.551724137931034,0.5857142857142857
dc_3cd6e70ce3be,365 Data Centers Marlboro (MA1),MA,42.352468,-71.586082,0.5517241379310345,0.18666666666666668,10.931034482758621,0.18571428571428572,31.75862068965517,0.2714285714285714
dc_526d50fec2b4,365 Data Centers Rancho Cordova (CA1),CA,38.596063,-121.272644,0.6551724137931034,0.013333333333333334,0.3793103448275862,0.0,0.27586206896551724,0.0
dc_2146da00a164,365 Data Centers Richardson (TX1),TX,32.97617,-96.70732,2.310344827586207,0.52,43.06896551724138,3.2,27.06896551724138,1.457142857142857
dc_541552635281,365 Data Centers Smyrna (GA2),GA,33.841159,-84.522407,1.896551724137931,0.4266666666666667,29.620689655172413,0.4714285714285714,42.275862068965516,0.4142857142857143
dc_6868e3ad619f,Hurricane Electric San Jose 1,CA,37.33448,-121.89158,0.1724137931034483,0.02666666666666667,1.6551724137931034,0.0,0.3448275862068966,0.014285714285714285
dc_d7f54557743c,Cogent Springfield MA,MA,42.112956,-72.583699,0.5862068965517241,0.22666666666666666,13.586206896551724,0.17142857142857143,36.275862068965516,0.35714285714285715
dc_e4340826cfb0,WANSEC DC16,KS,38.962363,-94.714725,2.0689655172413794,0.49333333333333335,53.48275862068966,2.057142857142857,45.10344827586207,2.9714285714285715
dc_5af66ce7d4ef,YAKMWAFP - Wholesail Yakima,WA,46.604852,-120.493644,0.2413793103448276,0.013333333333333334,0.4482758620689655,0.0,0.27586206896551724,0.0
dc_5374f5d1551e,DCN Dakota Carrier Networks,ND,46.81286,-96.84383,1.6551724137931034,0.28,13.89655172413793,0.6714285714285714,13.310344827586206,0.8571428571428571
dc_9c6d4cad3022,DCN Dakota Carrier Networks Bismarck,ND,46.851773,-100.78185,0.896551724137931,0.06666666666666667,13.172413793103448,0.7571428571428571,8.172413793103448,1.0142857142857142
dc_ecf9c3a425ee,Cogent St Louis,MO,38.621224,-90.212002,3.0,0.6,37.62068965517241,1.4428571428571428,43.724137931034484,1.6571428571428573
dc_1e15142da89c,Cogent Houston,TX,29.944087,-95.416408,2.6551724137931036,0.4533333333333333,15.827586206896552,0.44285714285714284,17.93103448275862,0.45714285714285713
dc_ed440e2ff94b,Cogent Akron,OH,41.087427,-81.513895,1.7241379310344827,0.24,24.379310344827587,0.45714285714285713,37.37931034482759,0.5714285714285714
dc_c4bceff97da5,Cogent Atlanta 2,GA,33.722413,-84.412569,1.896551724137931,0.4266666666666667,28.310344827586206,0.44285714285714284,42.44827586206897,0.42857142857142855
dc_d0177d80704c,Cogent Austin,TX,30.20925,-97.69795,1.6551724137931034,0.29333333333333333,20.75862068965517,1.5714285714285714,11.482758620689655,0.8
dc_ccac73fc88ed,Cogent Elkridge,MD,39.203469,-76.712389,1.896551724137931,0.13333333333333333,14.03448275862069,0.22857142857142856,69.89655172413794,1.0285714285714285
dc_42b486a76993,Cogent Billings,MT,45.740895,-108.591913,0.2413793103448276,0.04,12.793103448275861,0.5571428571428572,8.482758620689655,0.5857142857142857
dc_f60ee055de0c,Cogent Buffalo,NY,42.881232,-78.846588,0.4482758620689655,0.09333333333333334,4.862068965517241,0.07142857142857142,15.206896551724139,0.18571428571428572
dc_d42b2dbe3bc5,Cogent Charlotte,NC,35.222095,-80.836971,1.5172413793103448,0.25333333333333335,19.75862068965517,0.5428571428571428,36.03448275862069,0.44285714285714284
dc_9c3dfd2fd93c,Cogent Charlotte 2,NC,35.221028,-80.858282,1.5517241379310345,0.24,19.896551724137932,0.5428571428571428,36.13793103448276,0.44285714285714284
dc_06e384882ecc,Cogent Cheyenne,WY,41.127922,-104.811619,1.3448275862068966,0.08,23.517241379310345,0.9714285714285714,4.482758620689655,0.3
dc_67de210cb17a,Cogent Chicago 3,IL,41.819974,-87.728896,2.3793103448275863,0.4,27.275862068965516,0.4714285714285714,53.689655172413794,3.3857142857142857
dc_445b318d96ef,Cogent Cleveland 2,OH,41.484768,-81.674771,0.9655172413793104,0.16,15.758620689655173,0.2,31.724137931034484,0.9428571428571428
dc_6ae6c7cea56c,Cogent Columbus 2,OH,39.974016,-82.998627,1.4827586206896552,0.25333333333333335,13.931034482758621,0.2,29.689655172413794,0.45714285714285713
dc_3a88e754c921,QTS Charlotte (CTL1),SC,35.034691,-81.104514,1.3448275862068966,0.21333333333333335,17.137931034482758,0.5142857142857142,32.10344827586207,0.37142857142857144
dc_80b3c168cede,QTS Richmond - (RIC5),VA,37.502016,-77.260573,1.7241379310344827,0.22666666666666666,12.551724137931034,0.21428571428571427,36.58620689655172,0.12857142857142856
dc_9a32e70d572f,Databank Orangeburg (LGA3),NY,41.040063,-73.989975,0.4827586206896552,0.05333333333333334,11.172413793103448,0.11428571428571428,45.62068965517241,0.7428571428571429
dc_51c0ad902c40,Databank Houston West (HOU3),TX,29.84406,-95.560354,2.896551724137931,0.38666666666666666,17.275862068965516,0.5142857142857142,18.551724137931036,0.5857142857142857
dc_c673c48513b5,Rochester Colo,NY,43.049271,-77.466584,0.3103448275862069,0.0,4.827586206896552,0.07142857142857142,22.344827586206897,0.21428571428571427
dc_b71e10f0b551,AceHost Durham,NC,35.895741,-78.849173,0.9310344827586207,0.21333333333333335,17.551724137931036,0.32857142857142857,39.6551724137931,0.21428571428571427
dc_db4d5ab5de2e,QTD2 - 60 Hudson Street 1602,NY,40.717729,-74.008306,0.6896551724137931,0.06666666666666667,12.0,0.14285714285714285,50.44827586206897,0.7142857142857143
dc_25599351716f,QTD1 - 60 Hudson Street 1510,NY,40.717729,-74.008306,0.6896551724137931,0.06666666666666667,12.0,0.14285714285714285,50.44827586206897,0.7142857142857143
dc_3c4b4aee9b7e,QTD3 - 60 Hudson Street 1901,NY,40.717729,-74.008306,0.6896551724137931,0.06666666666666667,12.0,0.14285714285714285,50.44827586206897,0.7142857142857143
dc_948284a799d6,Cogent Fairfax,SC,32.963731,-81.236142,2.0344827586206895,0.18666666666666668,5.689655172413793,0.1,28.551724137931036,0.15714285714285714
dc_079b9dd52c7e,CyberLynk MKE1,WI,42.862661,-87.982784,0.9655172413793104,0.26666666666666666,15.310344827586206,0.38571428571428573,19.896551724137932,1.0285714285714285
dc_0bc4b8b71abf,Quad State Internet METRO1 Colocation,IL,37.152339,-88.732521,2.896551724137931,0.3466666666666667,11.10344827586207,0.15714285714285714,22.82758620689655,1.2142857142857142
dc_df9ba61f4853,Hub Express System,MA,42.375817,-71.080788,0.3448275862068966,0.12,10.344827586206897,0.24285714285714285,35.6551724137931,0.3142857142857143
dc_818cc8a2f8fc,"Equinix NY3 - New York, Secaucus",NJ,40.775204,-74.068019,0.6551724137931034,0.09333333333333334,12.89655172413793,0.14285714285714285,53.0,0.7285714285714285
dc_64ee76a3c9a6,1GServers Data Center,AZ,33.396473,-112.000223,0.3448275862068966,0.08,3.8275862068965516,0.04285714285714286,30.482758620689655,1.9714285714285715
dc_32982197477b,Ligonier CO,IN,41.462171,-85.587923,1.206896551724138,0.37333333333333335,11.137931034482758,0.3,30.103448275862068,0.6428571428571429
dc_806246663f94,Lagrange CO,IN,41.640794,-85.426453,0.9655172413793104,0.3466666666666667,10.03448275862069,0.2714285714285714,27.137931034482758,0.5
dc_dffc745c288e,MCTX1,TX,26.201918,-98.231633,0.5517241379310345,0.02666666666666667,3.6206896551724137,0.2857142857142857,5.068965517241379,0.42857142857142855
dc_b7238ef1801a,Omega CT1,CT,41.091604,-73.516758,0.41379310344827586,0.08,7.586206896551724,0.02857142857142857,30.551724137931036,0.6428571428571429
dc_d263fd05759c,Omega PA1,PA,40.341233,-76.005374,0.8620689655172413,0.2,9.0,0.14285714285714285,45.03448275862069,0.5285714285714286
dc_a110d272ec8d,Rochelle Technology Center,IL,41.9406,-89.0337,2.206896551724138,0.13333333333333333,10.689655172413794,0.2857142857142857,23.0,1.1142857142857143
dc_3fa98b8aaba6,Lifeline Ft Wayne,IN,41.014028,-85.109976,1.4482758620689655,0.26666666666666666,16.20689655172414,0.4714285714285714,29.448275862068964,0.9428571428571428
dc_0c28c42b4cce,LCUB Data Center,TN,35.84105,-84.26553,1.0689655172413792,0.2,12.689655172413794,0.35714285714285715,47.0,1.2714285714285714
dc_058f35b988cf,375 Pearl Street,NY,40.7109,-74.0012,0.6896551724137931,0.06666666666666667,11.724137931034482,0.14285714285714285,49.758620689655174,0.7142857142857143
dc_b035b25ea4f6,Pittsburgh Supercomputing Center,PA,40.445566,-79.949326,1.103448275862069,0.2,21.75862068965517,0.2571428571428571,71.3103448275862,0.7285714285714285
dc_ac781566b7d6,Utah Data Center,UT,40.43153,-111.933092,0.2413793103448276,0.02666666666666667,3.0,0.0,9.206896551724139,0.5714285714285714
dc_485eed312522,Bryant Building,MO,39.100947,-94.580944,2.310344827586207,0.5733333333333334,55.724137931034484,2.1714285714285713,44.96551724137931,2.8
dc_6089ed0d5f26,San Diego Supercomputer Center,CA,32.884042,-117.239332,0.27586206896551724,0.0,0.27586206896551724,0.0,1.3103448275862069,0.0
dc_a33abfa67825,Computational Center for Nanotechnology Innovations,NY,42.6805,-73.6973,0.6896551724137931,0.13333333333333333,15.448275862068966,0.3142857142857143,53.03448275862069,0.5857142857142857
dc_25ebcc8c51a4,Massachusetts Green High Performance Computing Center,MA,42.202625,-72.607606,0.5517241379310345,0.2,13.620689655172415,0.15714285714285714,37.206896551724135,0.4
dc_58f71a0cfadd,Hyperion,LA,32.477149,-91.632333,1.7586206896551724,0.44,7.206896551724138,0.2857142857142857,15.551724137931034,0.6857142857142857
