facility_id,tempo_building_density,tempo_height_m
dc_f8f4d74a1bbf,0.32126617431640625,3.789277747273445
dc_29f5ae089013,0.26367950439453125,3.8042936474084854
dc_23feba8dfbd6,0.3290519714355469,8.274407684803009
dc_e1f13594b03c,0.5165557861328125,8.414077758789062
dc_4661711aa91c,0.0,0.0
dc_22d8db7b360c,0.0,0.0
dc_9656dea8298d,0.20276165008544922,2.7197234332561493
dc_c481a23e5621,0.20276165008544922,2.7197234332561493
dc_d3c9d1fc34c5,0.7349853515625,7.7880859375
dc_719da80ba59e,0.510345458984375,10.634613037109375
dc_15ae64532452,0.78448486328125,11.698150634765625
dc_0b58b9cd7bf3,0.73797607421875,8.251190185546875
dc_1935437c7e01,0.40663719177246094,5.513659492135048
dc_3fef4ef0197e,0.91876220703125,12.66937255859375
dc_526c2a45ec28,0.627471923828125,6.97479248046875
dc_88ceb844bdf4,0.7611083984375,7.723236083984375
dc_e1986068387b,0.279144287109375,3.497644141316414
dc_084826c020f7,0.3043079376220703,4.249798506498337
dc_570dcd095704,0.86663818359375,9.285736083984375
dc_2309affb2b7b,0.92633056640625,12.792205810546875
dc_c72d4cbdd423,0.8861083984375,11.780548095703125
dc_3693cec0112a,0.81640625,8.602142333984375
dc_f9abac844891,0.85809326171875,13.9617919921875
dc_e3f7200338fd,0.599456787109375,6.96563720703125
dc_711866d61cdd,0.78271484375,11.06719970703125
dc_84d7cd7f77ed,0.8216552734375,10.5712890625
dc_d71a4f367977,0.88201904296875,11.89422607421875
dc_3b5df59ce5b8,0.2695198059082031,4.45508137345314
dc_bac15142be82,0.64208984375,8.211517333984375
dc_403473c81f1f,0.8721923828125,13.8397216796875
dc_ecc6d4f818f6,0.0,0.0
dc_5d6a8401ff0b,0.6500244140625,7.747650146484375
dc_b63c46c43ef7,0.17452049255371094,2.4000000208616257
dc_c4a353e43e52,0.0,0.0
dc_1f13f2e4e800,0.85675048828125,11.988067626953125
dc_091d046182c5,0.81158447265625,11.214447021484375
dc_6ff36699e16a,0.207305908203125,2.599993906915188
dc_2a1d188ac87d,0.01652240753173828,2.4000000208616257
dc_d2de6bd1654c,0.2927665710449219,6.24542236328125
dc_924134c2a4de,0.0,0.0
dc_a2925ffcf201,0.8756103515625,13.587188720703125
dc_953d28b6d60c,0.68780517578125,6.53533935546875
dc_2fb6faada02b,0.8721923828125,13.8397216796875
dc_ac081552fe1c,0.0036211013793945312,0.6000000052154064
dc_90c8dcfdda40,0.91876220703125,12.66937255859375
dc_ce363e3ec754,0.279144287109375,3.497644141316414
dc_cf7e6e8946c1,0.91107177734375,12.01934814453125
dc_5dcb98d9729e,0.7611083984375,7.723236083984375
dc_58ce7a0aa27d,0.75616455078125,10.126495361328125
dc_03a9959da784,0.0036211013793945312,0.6000000052154064
dc_bb6acbbe7a18,0.0,0.0
dc_3933c406bf5d,0.599456787109375,6.96563720703125
dc_5316b4c0a16e,0.8721923828125,13.8397216796875
dc_25cab7b22101,0.4683837890625,6.441394239664078
dc_6b5eadf13d33,0.06662750244140625,1.251168828457594
dc_f17c4c877a75,0.4015960693359375,5.662484839558601
dc_3b69dbc4e5a5,0.046558380126953125,2.4000000208616257
dc_9b38f4695f6f,0.387451171875,3.123040869832039
dc_0a5b4dcabb86,0.09888461232185364,2.005664072930813
dc_2e2a707c7ddf,0.32862091064453125,3.6417879164218903
dc_0829ecd70434,0.435699462890625,4.341784864664078
dc_d26ec4045e7e,0.16286087036132812,2.990618906915188
dc_3220818536c7,0.179534912109375,2.6080047711730003
dc_fc76d047a367,0.3347930908203125,3.8206972181797028
dc_a2e7abda96a4,0.14870071411132812,2.113862708210945
dc_515444aaf104,0.5003662109375,17.17071533203125
dc_37b6e4984473,0.5283355712890625,11.529922485351562
dc_40672a8077dd,0.676544189453125,29.25567626953125
dc_767f1e943a61,0.676544189453125,29.25567626953125
dc_01f98dd90a2d,0.66192626953125,25.84228515625
dc_2d83d46863fc,0.21739578247070312,6.450168043375015
dc_23f3922163d5,0.391265869140625,18.004226684570312
dc_598350b62d6f,0.3185882568359375,4.457612708210945
dc_1771855b67b2,0.3807830810546875,6.337304413318634
dc_8d7d400daa85,0.2431793212890625,7.928033173084259
dc_a48459500fa0,0.58514404296875,10.8612060546875
dc_6bb9d780dce7,0.3390655517578125,10.364913940429688
dc_9acc15c3d0a9,0.150360107421875,3.859173506498337
dc_4fd715d56b5a,0.609466552734375,14.687347412109375
dc_64ef535e80b4,0.3390655517578125,10.364913940429688
dc_483139dbc068,0.495880126953125,9.372277557849884
dc_69889b71d3f5,0.36534881591796875,8.73083621263504
dc_57acf1168596,0.353973388671875,6.248422339558601
dc_cd1b4830cc8b,0.58514404296875,10.8612060546875
dc_63bb73652979,0.36534881591796875,8.73083621263504
dc_b8be2b6536e3,0.3390655517578125,10.364913940429688
dc_92b8c227e4e0,0.3329887390136719,3.8615141063928604
dc_f41ce391bc3a,0.41302490234375,8.6090087890625
dc_70517ce6c585,0.41302490234375,8.6090087890625
dc_2a2a32281bd3,0.32219696044921875,10.15167236328125
dc_506d216f297e,0.691375732421875,14.693832397460938
dc_9d25e192f215,0.32219696044921875,10.15167236328125
dc_08c02a332e69,0.691375732421875,14.693832397460938
dc_e247d5484e1d,0.691375732421875,14.693832397460938
dc_d7bbe1a551ea,0.20935821533203125,3.023425303399563
dc_2d889a97f7e9,0.32000732421875,3.1939424574375153
dc_2e34e7874bca,0.10662841796875,2.459179610013962
dc_224c864afb76,0.40350341796875,6.064553931355476
dc_5a0289a90452,0.755615234375,11.515045166015625
dc_15be445c537f,0.2081279754638672,4.170123487710953
dc_e47b672ce4ff,0.942626953125,11.986541748046875
dc_605d28c1cd25,0.5885009765625,7.214927673339844
dc_3c06c3237ab7,0.66473388671875,9.48028564453125
dc_256bfc3771cd,0.66473388671875,9.48028564453125
dc_d39ed5f3b9d9,0.659881591796875,11.071014404296875
dc_0f8e04f8093f,0.94049072265625,10.710906982421875
dc_8eb668a8b3c3,0.89459228515625,11.02752685546875
dc_9f04712f31d7,0.68048095703125,7.544517517089844
dc_d4a1a829c73b,0.89459228515625,11.02752685546875
dc_a155358ecc51,0.7205810546875,9.208297729492188
dc_e1661b2a1f9b,0.63751220703125,7.413291931152344
dc_479fe0de6655,0.3414459228515625,5.236712470650673
dc_556a64184f4a,0.1463623046875,1.8371064215898514
dc_e00eb2aece58,0.519622802734375,5.750985816121101
dc_5f959f8ebedd,0.3414459228515625,5.236712470650673
dc_3e49d7f1ba48,0.359375,4.382220283150673
dc_735d2581baf7,0.3414459228515625,5.236712470650673
dc_b3f9e624dfec,0.876708984375,12.355804443359375
dc_44e1452bfc28,0.89459228515625,11.02752685546875
dc_7bac40f4748e,0.2851686477661133,4.610339179635048
dc_1cab594215d1,0.2851686477661133,4.610339179635048
dc_6be6451b0bd2,0.2851686477661133,4.610339179635048
dc_38197c1f3767,0.953857421875,10.95428466796875
dc_470dccd260a2,0.2849578857421875,19.072723388671875
dc_2e8820a1a344,0.539306640625,13.99383544921875
dc_038b8645007d,0.20564651489257812,10.171456634998322
dc_6377f6789f0d,0.2849578857421875,19.072723388671875
dc_2c5adc2a0ab8,0.2849578857421875,19.072723388671875
dc_4f362c566385,0.2255096435546875,7.049560546875
dc_4b5f2abb8123,0.539306640625,13.99383544921875
dc_34886e6cf7de,0.2849578857421875,19.072723388671875
dc_d766673ffec0,0.2849578857421875,19.072723388671875
dc_7c4b01474de7,0.2849578857421875,19.072723388671875
dc_7fe3c888b6c0,0.2849578857421875,19.072723388671875
dc_78def80fc2f7,0.2849578857421875,19.072723388671875
dc_12cbbeba293d,0.2849578857421875,19.072723388671875
dc_a99edebba530,0.539306640625,13.99383544921875
dc_3dc0f4451cf1,0.2849578857421875,19.072723388671875
dc_d05d1d438fa4,0.3223876953125,2.4183623492717743
dc_bd791a1d5428,0.8248291015625,9.423828125
dc_37283499bff1,0.32233238220214844,3.671490401029587
dc_5251c1998ce0,0.20729541778564453,2.4000000208616257
dc_a5f0be3912b0,0.94744873046875,10.50567626953125
dc_6986fb479925,0.470245361328125,4.422656446695328
dc_7293ff46ee7f,0.3492240905761719,6.050006300210953
dc_938af684faa3,0.9488525390625,13.141632080078125
dc_6553f43d85f7,0.2345600128173828,3.9099611341953278
dc_84bb862c11a5,0.0,0.0
dc_01f94da97123,0.532745361328125,7.755851745605469
dc_573a60c3563b,0.92730712890625,12.75482177734375
dc_148aeae62582,0.25376129150390625,2.735745348036289
dc_4b4306dd4707,0.6534423828125,8.602142333984375
dc_bf74522cdc31,0.521759033203125,4.894915968179703
dc_b9ee518385d3,0.4179229736328125,5.383196845650673
dc_122d26c60fe0,0.2588958740234375,3.126751631498337
dc_8f61bbab2b18,0.035359859466552734,1.2000000104308128
dc_e6031badf345,0.3421134948730469,14.304681122303009
dc_73ec60377ab8,0.2528715133666992,3.2099641859531403
dc_e0ba05af04ef,0.67156982421875,11.830902099609375
dc_9558c9615f47,0.5553741455078125,7.310052216053009
dc_4c8ff415be80,0.712677001953125,8.353805541992188
dc_764778a857ca,0.60394287109375,6.493949890136719
dc_5de7805a4d95,0.618377685546875,5.8345794677734375
dc_b00a5fe6d20d,0.74725341796875,10.453033447265625
dc_8e694360ade4,0.923583984375,10.5224609375
dc_c55962889669,0.6634521484375,9.0728759765625
dc_9590e95f1c65,0.688690185546875,7.4298858642578125
dc_12f42ac7aa67,0.82659912109375,10.807037353515625
dc_7535ad317c26,0.638397216796875,9.748458862304688
dc_1162b8639226,0.5466461181640625,6.714630126953125
dc_e1d7138b0007,0.5393218994140625,5.923028662800789
dc_c8e79bad6c96,0.70068359375,11.011505126953125
dc_03fb7c7b8edd,0.4977569580078125,13.421249389648438
dc_77cbe277429a,0.62908935546875,6.5914154052734375
dc_c6ae9e1f88c6,0.532989501953125,7.579231262207031
dc_2358caf9e233,0.49526214599609375,6.965533643960953
dc_9244f32ac697,0.601348876953125,6.1275482177734375
dc_518875f9d853,0.5281982421875,5.8673858642578125
dc_9c927d5b249c,0.72845458984375,8.91876220703125
dc_a9ccce6607ff,0.44608306884765625,4.579492285847664
dc_27bede9eb66c,0.647308349609375,6.5601348876953125
dc_49bdf2fd4426,0.63067626953125,6.746673583984375
dc_3e5f70660fb6,0.36930084228515625,6.9495633244514465
dc_dc75a6364fe9,0.764404296875,10.831451416015625
dc_7e1ec0fe32da,0.3492851257324219,3.936334326863289
dc_67a4e14e8e91,0.591766357421875,7.2509765625
dc_bbef47685601,0.40798187255859375,5.244342237710953
dc_3fa01f9ed0e0,0.5563507080078125,7.291308790445328
dc_05ba33d454f3,0.458251953125,6.823626905679703
dc_13ba42acb0f3,0.4267120361328125,4.758592322468758
dc_7cdd84794129,0.3747749328613281,4.439059644937515
dc_b7521d3b140b,0.72064208984375,8.129119873046875
dc_a33e0eaf3913,0.3834381103515625,4.204889014363289
dc_6e6524e46803,0.81597900390625,11.133575439453125
dc_3b4009cb1bbc,0.3715362548828125,3.651948645710945
dc_a0f51e098a77,0.5768356323242188,6.450982391834259
dc_716763afa8e2,0.0,0.0
dc_4608aa9b25e5,0.86572265625,8.49761962890625
dc_c006ad7d9563,0.364898681640625,4.4193267822265625
dc_8582438c63c9,0.7501220703125,9.7564697265625
dc_0d9b2c88b783,0.6048126220703125,7.760949432849884
dc_d4b9ccf16584,0.9298095703125,13.53912353515625
dc_f8d214368884,0.74853515625,15.178680419921875
dc_b8308dcc18bb,0.65606689453125,11.34490966796875
dc_b957334fcb5a,0.5251617431640625,6.033984571695328
dc_68281ce20aef,0.951171875,11.605072021484375
dc_973ebac1cb09,0.6865234375,7.3169708251953125
dc_9fc2a0ec8776,0.4926490783691406,6.555072218179703
dc_99361789c568,0.673919677734375,8.9691162109375
dc_f66efb0a0bc9,0.5393524169921875,8.936309814453125
dc_b58a2083db92,0.692718505859375,9.316635131835938
dc_f97d793b329a,0.87017822265625,10.474395751953125
dc_a7a75774014b,0.47330474853515625,10.603991895914078
dc_139e10563e60,0.700408935546875,10.512542724609375
dc_c99149f78d34,0.609893798828125,9.281158447265625
dc_4f36c545582c,0.94879150390625,15.00091552734375
dc_1b52528a2400,0.582611083984375,9.077835083007812
dc_74688765b678,0.364410400390625,5.29022216796875
dc_b9607f6a4899,0.0,0.0
dc_949ff6edb0fd,0.729156494140625,9.561920166015625
dc_d4fbdd3d160d,0.3421134948730469,14.304681122303009
dc_6cd941ab7126,0.23724365234375,4.20331098139286
dc_95e3409a561c,0.33440399169921875,9.369988739490509
dc_f8e6324f3558,0.474761962890625,4.009957984089851
dc_7c0cbc96d748,0.5382919311523438,6.668750196695328
dc_0fddb314e04f,0.618377685546875,5.8345794677734375
dc_4b5aca5e22a3,0.385650634765625,9.981536865234375
dc_c8a36d575578,0.74725341796875,10.453033447265625
dc_e58ccf16d115,0.5466461181640625,6.714630126953125
dc_12dcf424978c,0.9298095703125,13.53912353515625
dc_0bbaee713245,0.74725341796875,10.453033447265625
dc_89d0864db4f2,0.688690185546875,7.4298858642578125
dc_59783b2d12ed,0.86572265625,8.49761962890625
dc_4dbc93c49488,0.563995361328125,6.9896697998046875
dc_9a78859fa7f1,0.923583984375,10.5224609375
dc_d290e4022b32,0.638397216796875,9.748458862304688
dc_90455f1b2274,0.7501220703125,9.7564697265625
dc_f27036f5aa1b,0.6712646484375,7.275962829589844
dc_1381e04db5f3,0.764404296875,10.831451416015625
dc_bb41f7c6272c,0.44921875,4.939842224121094
dc_8454f89ad7f5,0.2853813171386719,3.5216767340898514
dc_5901d49adbc4,0.591766357421875,7.2509765625
dc_67ad37b81af1,0.72064208984375,8.129119873046875
dc_ad3f1c9b17f1,0.458251953125,6.823626905679703
dc_d677d70d3c7b,0.5563507080078125,7.291308790445328
dc_6db1673e46d6,0.4267120361328125,4.758592322468758
dc_e3eb86c1081a,0.40798187255859375,5.244342237710953
dc_37ea6db27be4,0.364410400390625,5.29022216796875
dc_59230c71f261,0.3421134948730469,14.304681122303009
dc_0be54ba06f42,0.4267120361328125,4.758592322468758
dc_2fcba60acd27,0.83636474609375,11.144256591796875
dc_1c50ce7c72a5,0.0,0.0
dc_80a8e001435c,0.36663818359375,6.330768018960953
dc_6868e3ad619f,0.3421134948730469,14.304681122303009
dc_1e7f741f9284,0.5056381225585938,6.166215613484383
dc_8411b70ee9f3,0.585601806640625,6.3068389892578125
dc_9a40b00a652d,0.9154052734375,12.34130859375
dc_f4bc65542ad7,0.12902069091796875,2.103320322930813
dc_4e99cc75cd39,0.82818603515625,10.9222412109375
dc_a4d71aa335ce,0.80419921875,9.757232666015625
dc_0912ba349988,0.719940185546875,10.352706909179688
dc_bf2eef1439d6,0.5240097045898438,9.029717743396759
dc_4cf5e14e6a53,0.82818603515625,10.9222412109375
dc_613e1ba146fa,0.9525146484375,12.6190185546875
dc_8313dc48caac,0.9610595703125,12.53814697265625
dc_535d66b5f9b6,0.82867431640625,10.286712646484375
dc_d983542baf94,0.35947608947753906,4.497857764363289
dc_f379e2e3f368,0.395050048828125,2.7705108746886253
dc_9b54779dc33d,0.3161964416503906,4.504290595650673
dc_f5a70ed2b195,0.3523712158203125,3.112689219415188
dc_475764483f9f,0.456634521484375,3.7921905517578125
dc_191efb7ea726,0.33316993713378906,3.899609297513962
dc_69bfcdca0d0e,0.69989013671875,7.6663970947265625
dc_215a200532dc,0.226898193359375,2.170892246067524
dc_526d50fec2b4,0.69989013671875,7.6663970947265625
dc_ac648486d8b7,0.28253173828125,3.2832063734531403
dc_5b707782623f,0.5445404052734375,8.382797241210938
dc_bbebb5bd9416,0.85247802734375,14.313507080078125
dc_5e9834409f88,0.2197265625,8.281274139881134
dc_044a443dd7e2,0.011960983276367188,1.7999999225139618
dc_dad53bb36c30,0.30477428436279297,4.959765821695328
dc_2d29a4e427b4,0.721527099609375,11.92474365234375
dc_a3ed205f0651,0.70257568359375,10.187911987304688
dc_f88ba23a982f,0.70172119140625,9.059524536132812
dc_29fd6bdf13b7,0.18915939331054688,3.704296797513962
dc_5a2443390108,0.58380126953125,9.14154052734375
dc_5f4d636f1ee7,0.92584228515625,12.98065185546875
dc_45390bd84c06,0.91796875,12.6190185546875
dc_72321c59e96b,0.9393310546875,11.234283447265625
dc_5da707de5ff8,0.65765380859375,8.965630829334259
dc_2f34cf65f086,0.8251953125,11.5325927734375
dc_cb36d1bfe77c,0.82122802734375,10.6292724609375
dc_c7c753ce6dca,0.9122314453125,12.6953125
dc_16b0103c1ecb,0.30129241943359375,3.533398360013962
dc_f800adc8ba21,0.22673988342285156,3.2996095716953278
dc_5af66ce7d4ef,0.2065277099609375,2.499806135892868
dc_89ac9b873c30,0.3399009704589844,4.154101759195328
dc_781f2b85da3d,0.032146453857421875,2.4000000208616257
dc_7daf03548fa7,0.021116256713867188,2.4000000208616257
dc_0418bc301d33,0.0191650390625,2.4000000208616257
dc_13bf0cfc3848,0.88311767578125,11.12518310546875
dc_5c8f14e5f3fc,0.86083984375,11.2548828125
dc_2418d90f9371,0.8812255859375,10.693359375
dc_6d4376c7e8a2,0.765625,11.082839965820312
dc_7f252a87585c,0.726593017578125,11.655426025390625
dc_e6229de1ac08,0.72784423828125,11.3494873046875
dc_07743f0f8a70,0.029628753662109375,2.4000000208616257
dc_36b4acad16e5,0.706695556640625,8.557510375976562
dc_a3e6b266b930,0.657501220703125,7.0392608642578125
dc_8eb7845dad34,0.679107666015625,7.617378234863281
dc_33704ffbd31e,0.7884521484375,8.65936279296875
dc_221b5b4e4cbe,0.82373046875,9.879302978515625
dc_cb7067a8f749,0.79705810546875,9.21173095703125
dc_c78cab6d2736,0.7884521484375,8.65936279296875
dc_114c47a01e77,0.6597900390625,10.597610473632812
dc_dad966852eb4,0.643768310546875,6.443352997303009
dc_3c5de49118a8,0.372100830078125,2.876368723809719
dc_e4341c36e064,0.60833740234375,5.1998138427734375
dc_774234c34888,0.2729339599609375,9.019799530506134
dc_1e8ff92390a0,0.2729339599609375,9.019799530506134
dc_cd16309c74e0,0.0,0.0
dc_de20ecdcfb85,0.0,0.0
dc_d4f155a2b9d4,0.0,0.0
dc_1d02d6941bfd,0.0,0.0
dc_835c8b136700,0.0,0.0
dc_5ce1bef66bfd,0.77972412109375,9.647369384765625
dc_e1ec41460f16,0.900634765625,9.3902587890625
dc_3c54f97d781a,0.839111328125,9.642791748046875
dc_7c4e0d045a9c,0.70343017578125,8.13751220703125
dc_5cc1bdab179a,0.8978271484375,12.12615966796875
dc_ae9448694997,0.0,0.0
dc_824340142f56,0.4210662841796875,4.872079566121101
dc_37ffc1fb3121,0.916259765625,11.9293212890625
dc_3e47ba6ea7d4,0.937255859375,10.382843017578125
dc_5f6777919547,0.9300537109375,14.1357421875
dc_69b15e769d4a,0.721435546875,11.2213134765625
dc_4ad26dcfcc07,0.71337890625,7.69805908203125
dc_31e1262f634a,0.629669189453125,6.526947021484375
dc_b5ee50bca064,0.5908203125,6.087493896484375
dc_c738a087d2cb,0.6827392578125,7.3974609375
dc_913e6e43e473,0.6973876953125,6.591796875
dc_9f5bae7df94d,0.90899658203125,12.21160888671875
dc_1dd477f34bc5,0.06050872802734375,2.4000000208616257
dc_f3f12ded37f2,0.78619384765625,12.0452880859375
dc_be1a71831407,0.1732025146484375,3.120318613946438
dc_6e1ef83981b4,0.8582763671875,10.816192626953125
dc_7cf9062a50bd,0.41426658630371094,4.422274976968765
dc_104426d2e73e,0.8673095703125,12.310028076171875
dc_6875118f0a7f,0.7420654296875,9.36279296875
dc_f5f99e41c7eb,0.92755126953125,10.974884033203125
dc_69a7a940e136,0.93402099609375,12.87994384765625
dc_6eb02d929ac3,0.92889404296875,13.0340576171875
dc_e7490836256a,0.91937255859375,13.86566162109375
dc_bd7ec689a7b2,0.87921142578125,12.270355224609375
dc_b79d42c9a3ab,0.94989013671875,11.21063232421875
dc_a6e1f2ad575b,0.9063720703125,10.729217529296875
dc_55447331648c,0.92694091796875,13.2171630859375
dc_eb8ab216ce0f,0.93646240234375,12.93182373046875
dc_ccf5e5778bb2,0.91650390625,12.238311767578125
dc_26b206933be4,0.7191619873046875,9.568977355957031
dc_bbb7c9a29c06,0.6981201171875,15.63720703125
dc_384a3561c678,0.07149314880371094,2.792584151029587
dc_f138bbd8bc1d,0.0023593902587890625,0.6000000052154064
dc_d7d8441ed5db,0.013265609741210938,1.8000001087784767
dc_8b5c9190f762,0.5208358764648438,6.367389112710953
dc_c3cd81b92a8d,0.88165283203125,9.3658447265625
dc_ee2be26aa83a,0.691619873046875,11.035537719726562
dc_0e8ad449fd73,0.8667805790901184,8.7890625
dc_95f1c2f09a55,0.9189453125,12.096405029296875
dc_4099bfe11e86,0.88427734375,8.62630233168602
dc_ecfbfcfe278f,0.66070556640625,6.6638946533203125
dc_5218a11a35e9,0.9111328125,11.263275146484375
dc_5aad22ea436a,0.93048095703125,11.621856689453125
dc_6029c6e6072f,0.71502685546875,9.663772583007812
dc_c01fb29e88f6,0.8499755859375,10.880279541015625
dc_b1c2cb55694d,0.8603515625,10.114288330078125
dc_247030637655,0.86737060546875,10.5377197265625
dc_d485de36a4e3,0.90069580078125,12.0330810546875
dc_99fd51d91906,0.68414306640625,9.138870239257812
dc_9acc4e51969d,0.93048095703125,11.621856689453125
dc_68b508c5ceaf,0.86151123046875,11.56463623046875
dc_b588afe1a787,0.19915771484375,2.876177988946438
dc_9863a01aea38,0.89178466796875,10.595703125
dc_2901313c8c49,0.7044677734375,8.528518676757812
dc_f049b1fca45c,0.40118408203125,4.0042877197265625
dc_86edd29795e4,0.5175628662109375,6.407824903726578
dc_ece390bb620e,0.8834228515625,10.344696044921875
dc_9c10e28655f7,0.628753662109375,5.978913977742195
dc_38ee88266071,0.0,0.0
dc_33100f7e2542,0.0,0.0
dc_fa46f751ca71,0.0,0.0
dc_feb977251d5e,0.0,0.0
dc_b98d99d8249f,0.82940673828125,11.4898681640625
dc_d185c3f308a0,0.93890380859375,13.43536376953125
dc_003ce6cf7b7b,0.08169174194335938,2.4000000208616257
dc_a2483b687fe0,0.0034999847412109375,0.6000000052154064
dc_6227bf84afd6,0.01456451416015625,0.6000000052154064
dc_713ae9ff9f61,0.80291748046875,10.601806640625
dc_2a818be79374,0.0,0.0
dc_efab6ab952e9,0.76336669921875,8.72344970703125
dc_dac6ac36fb92,0.03910064697265625,2.4000000208616257
dc_8e4b8eb39168,0.5992431640625,9.247970581054688
dc_3a2713412dbf,0.69244384765625,9.3017578125
dc_e33cbb7805bd,0.3533315658569336,5.489245429635048
dc_3fee772ee31d,0.76953125,10.6475830078125
dc_e58443614b83,0.0,0.0
dc_fb93b96e8ed9,0.483123779296875,2.4000000208616257
dc_90b6d7cbc168,0.0,0.0
dc_bf3a5359df1d,0.0,0.0
dc_38113ff13f32,0.0,0.0
dc_bd0c4df6edc8,0.386444091796875,2.6972686871886253
dc_7d9a53314d14,0.93487548828125,11.08245849609375
dc_8efe4675d0f1,0.92071533203125,10.465240478515625
dc_b365760cf1a8,0.5345840454101562,6.318560987710953
dc_0f5514724b8f,0.83673095703125,9.033203125
dc_c7365e51dba0,0.5703887939453125,6.425372511148453
dc_8e0b128bc5f7,0.751800537109375,10.518264770507812
dc_782851ca8777,0.3513946533203125,3.031054697930813
dc_ef8be669f009,0.041950225830078125,2.4000000208616257
dc_f8b9e84e51e9,0.7806396484375,10.916900634765625
dc_387828197fcf,0.84490966796875,11.617279052734375
dc_a262f2e6c813,0.3245258331298828,2.4000000208616257
dc_2b3e01a68c80,0.31058502197265625,3.8695253431797028
dc_79ee14f34b57,0.045696258544921875,2.4000000208616257
dc_18348e8eb436,0.032596588134765625,2.4000000208616257
dc_679ff5ffd2c5,0.02742767333984375,2.4000000208616257
dc_4ff73b39cdde,0.3467826843261719,4.129306226968765
dc_3e5cc95a0f6d,0.78875732421875,8.731842041015625
dc_54b3ef0880ca,0.0,0.0
dc_a83a8d15a315,0.022093772888183594,2.4000000208616257
dc_efb9968b09e4,0.02889251708984375,1.2000000104308128
dc_4c87d97ffa9a,0.572296142578125,7.3333740234375
dc_abc1bc37e941,0.15911865234375,2.974024973809719
dc_eac2b2368edf,0.7445068359375,9.9578857421875
dc_e1b88786f3b0,0.92352294921875,11.212921142578125
dc_7259ff26155b,0.265106201171875,5.163470655679703
dc_205214f38282,0.91204833984375,10.498046875
dc_a6a8876c4b50,0.3917655944824219,7.775012403726578
dc_f907a6d7f787,0.03263092041015625,2.4000000208616257
dc_fd571f509631,0.4918975830078125,5.228320136666298
dc_65708f50b372,0.13489246368408203,2.678906172513962
dc_d850cf921795,0.328033447265625,9.800286591053009
dc_cb30a328369f,0.4883880615234375,14.162063598632812
dc_5b5256c05523,0.20362472534179688,8.859582245349884
dc_f40c26b1ceb4,0.3231048583984375,13.227462768554688
dc_7015a8562d9d,0.20362472534179688,8.859582245349884
dc_8b1409a7c09c,0.4742584228515625,16.4306640625
dc_1d517d9c43cf,0.31792449951171875,12.380790710449219
dc_4595feafd7e2,0.307861328125,12.051010131835938
dc_da9d1fb0b335,0.4883880615234375,14.162063598632812
dc_45ec8b20e65d,0.20362472534179688,8.859582245349884
dc_cc49cc794d73,0.4742584228515625,16.4306640625
dc_474021bfadb0,0.3507893979549408,15.37373811006546
dc_0d2326038c4d,0.4742584228515625,16.4306640625
dc_381edb33d816,0.31792449951171875,12.380790710449219
dc_9dd5566a71a7,0.20362472534179688,8.859582245349884
dc_6ad7c23dd50f,0.31792449951171875,12.380790710449219
dc_ba58e4ebbda3,0.3276824951171875,14.635848999023438
dc_54191d9d0f70,0.2284138947725296,13.191154599189758
dc_202a2991c5a5,0.4742584228515625,16.4306640625
dc_eca142e41806,0.2284138947725296,13.191154599189758
dc_7569fa9635bc,0.20362472534179688,8.859582245349884
dc_ac067fc8caa1,0.4742584228515625,16.4306640625
dc_c7aa0c4fe9d5,0.42421722412109375,20.38116455078125
dc_5801df70eb41,0.42421722412109375,20.38116455078125
dc_1419d45e56a4,0.4742584228515625,16.4306640625
dc_2546bb57a1b3,0.4742584228515625,16.4306640625
dc_3c91f82abab9,0.445068359375,18.306732177734375
dc_65462e0cdff1,0.563140869140625,16.339111328125
dc_5809c849162d,0.328033447265625,9.800286591053009
dc_d5bc37668c90,0.783447265625,8.826446533203125
dc_e1ff79fe6a61,0.4245147705078125,4.009957984089851
dc_3f21766275d1,0.45169830322265625,5.627337843179703
dc_765868de3ac6,0.2926483154296875,2.6484405621886253
dc_3804fbe962f8,0.13471603393554688,2.4345748126506805
dc_daf3c5ec6554,0.549468994140625,5.876350402832031
dc_ee2dabe2d034,0.93341064453125,14.63470458984375
dc_634e7c426abd,0.6768798828125,9.7900390625
dc_c83ebcd9777a,0.10078907012939453,1.850978098809719
dc_5155a7762cb7,0.94384765625,12.781524658203125
dc_84fb51e4e530,0.6539459228515625,7.858605682849884
dc_f94db4d64ace,0.0,0.0
dc_60a8427538d7,0.08666324615478516,2.4000000208616257
dc_1592f8a75bc6,0.2064189910888672,2.7705108746886253
dc_87fe0ed9bf1c,0.4326934814453125,11.987634003162384
dc_6cab86b4b98b,0.17166519165039062,5.899325758218765
dc_0378cf1ad710,0.17166519165039062,5.899325758218765
dc_12e6a6edf5fb,0.4000663757324219,3.9855439215898514
dc_24567abd6c58,0.696441650390625,7.4871063232421875
dc_8d1887ea9099,0.5466690063476562,7.045312225818634
dc_d097e7925fc8,0.51629638671875,7.967376708984375
dc_97685944d21e,0.696441650390625,7.4871063232421875
dc_b18c7f03ee5a,0.31610107421875,3.6494173109531403
dc_d19c07e250c3,0.0299072265625,2.4000000208616257
dc_9b38c6590761,0.39734649658203125,4.797259718179703
dc_de24883d5033,0.4167060852050781,5.139056593179703
dc_178934ce0e29,0.4167060852050781,5.139056593179703
dc_cb548352378e,0.4813232421875,4.425378516316414
dc_42fe8c21d049,0.70135498046875,7.55157470703125
dc_343ad9c70a6c,0.90802001953125,12.970733642578125
dc_6089ed0d5f26,0.623931884765625,10.005950927734375
dc_a452347faec2,0.0494537353515625,1.2000000104308128
dc_861ef818508f,0.30432891845703125,2.4671904742717743
dc_cc28d7536dbd,0.3007316589355469,3.622662276029587
dc_a15321ccd7ac,0.29231834411621094,3.787890449166298
dc_b2f8b3f3db48,0.006591796875,1.2000000104308128
dc_cb5e2d785f37,0.29998016357421875,3.655468672513962
dc_d0390cf0ea12,0.64691162109375,5.6396484375
dc_4cb7cf3af123,0.0,0.0
dc_dd03aab3ce8e,0.0,0.0
dc_606ad9c4165a,0.33614349365234375,3.112689219415188
dc_a5c5c40f19a1,0.31336212158203125,3.647076338529587
dc_23a57bb771d3,0.531829833984375,5.564447119832039
dc_a2905edeca9d,0.653350830078125,5.80291748046875
dc_5f370fd573c6,0.10755538940429688,1.3730484060943127
dc_5b7a9e3b7823,0.7127685546875,6.5349578857421875
dc_3cef3c541b5d,0.9024658203125,12.827301025390625
dc_da72086b812a,0.9605712890625,11.058807373046875
dc_99f8820a08a4,0.87860107421875,10.599517822265625
dc_d8d14da2c80f,0.851318359375,10.05299910902977
dc_ee18f261d905,0.8709716796875,10.340118408203125
dc_8655b82b45fe,0.027709007263183594,2.4000000208616257
dc_e956e70cd991,0.3284149169921875,4.313012585043907
dc_10de28f82ea3,0.658599853515625,5.8746337890625
dc_e4283b7046b1,0.6277084350585938,8.306451141834259
dc_1d940d38b3eb,0.010294437408447266,2.4000000208616257
dc_1fe64519a772,0.477752685546875,8.912988007068634
dc_4ecbe50b2051,0.026775360107421875,2.4000000208616257
dc_db573af22b8c,0.022619247436523438,1.7999999225139618
dc_2183463f5e3a,0.477752685546875,8.912988007068634
dc_e5ff3c2dc17c,0.4137115478515625,5.807824805378914
dc_7cd73fdda023,0.4255523681640625,3.7230409681797028
dc_885116d1864f,0.499298095703125,4.023639112710953
dc_07598d7e4ad6,0.21256637573242188,2.987896651029587
dc_d9771f2d7f9f,0.9244384765625,12.093353271484375
dc_d9c874755de8,0.3432197570800781,6.026355177164078
dc_bb73a0990371,0.6041259765625,5.155077949166298
dc_3c2574f581bf,0.29595947265625,3.4865297377109528
dc_dfda7e9a1e03,0.623077392578125,6.861114501953125
dc_8df36a0a09b5,0.83563232421875,10.34393310546875
dc_08f38c9b891d,0.20786380767822266,3.012310713529587
dc_b04abdda0a7c,0.8271484375,10.057830810546875
dc_c97738231c91,0.21547222137451172,3.8587920367717743
dc_3875880f621c,0.76025390625,8.48846435546875
dc_ee6643a8eb7d,0.1529693603515625,2.4000000208616257
dc_d139d3d1026e,0.18544387817382812,2.9742157086730003
dc_3a8551ffe989,0.92767333984375,12.2039794921875
dc_4eff2c1f5e0f,0.4598960876464844,6.310168653726578
dc_0a74f3f6a21d,0.579345703125,6.432238966226578
dc_84eaf8742a3f,0.4315376281738281,5.977527052164078
dc_d3cca9241046,0.606689453125,6.2496185302734375
dc_f96046272fcb,0.3682708740234375,3.2263673841953278
dc_e797a6f7ed88,0.949462890625,11.679840087890625
dc_10efe220e9f8,0.47661590576171875,5.268756300210953
dc_201440cfd9cd,0.79217529296875,8.423233032226562
dc_78a95ede9fd2,0.80621337890625,6.6898345947265625
dc_3511a00a4df6,0.79217529296875,8.423233032226562
dc_795295307718,0.2465362548828125,2.493945322930813
dc_64ee76a3c9a6,0.2474212646484375,2.467190660536289
dc_65815b1ef945,0.47406005859375,5.964851379394531
dc_be3f35a6c8d6,0.549102783203125,12.760162353515625
dc_48a36602236c,0.41776275634765625,6.093164160847664
dc_9641476d2168,0.5013275146484375,6.9820404052734375
dc_68ec06e28857,0.11769485473632812,4.292193427681923
dc_abb2744b3a0e,0.89996337890625,12.43896484375
dc_f3ae051ee57a,0.48504638671875,13.925933837890625
dc_5eaa6dda34c1,0.48504638671875,13.925933837890625
dc_cfd86dec39d0,0.89996337890625,12.43896484375
dc_436d369c718f,0.06571197509765625,2.4000000208616257
dc_6537da35d0c5,0.89813232421875,12.183380126953125
dc_0710358899ef,0.022665977478027344,2.4000000208616257
dc_dc42b75a08e1,0.3992919921875,2.95996256172657
dc_ed04a1ecbe51,0.904052734375,12.308502197265625
dc_fb37a9ca7ac1,0.95721435546875,10.009765625
dc_7afb9b268c71,0.941162109375,12.296295166015625
dc_e99dc41af8d5,0.4649810791015625,6.164447218179703
dc_10325eee14b2,0.708282470703125,8.988189697265625
dc_57b520c4877c,0.7835693359375,8.97674560546875
dc_2baa37ae6f4f,0.010913878679275513,1.7999999225139618
dc_ddffff011e6b,0.012458831071853638,1.8000001087784767
dc_103846411abf,0.692291259765625,8.927536010742188
dc_d365c72ea3b9,0.9251708984375,11.40899658203125
dc_6a57259367cd,0.0,0.0
dc_2d61a33ca46b,0.0,0.0
dc_fd9603176e38,0.29990577697753906,4.926959052681923
dc_4397dcdb97c4,0.4277153015136719,5.180255323648453
dc_362d590e4b24,0.4277153015136719,5.180255323648453
dc_ae3e7c1ac44d,0.8798828125,10.400390625
dc_c9783b27622b,0.71929931640625,5.87615966796875
dc_4f768adc7131,0.52850341796875,7.446185499429703
dc_697fb0253e39,0.7099609375,11.415863037109375
dc_9df53017280d,0.836181640625,13.977813720703125
dc_4099d52bf841,0.862060546875,10.547637939453125
dc_04ab62405005,0.5942535400390625,8.112335205078125
dc_3b1559745c3a,0.8209228515625,16.58172607421875
dc_6d2fa97e9079,0.44370269775390625,6.684008985757828
dc_39ca538ce865,0.47493743896484375,7.141009718179703
dc_d120fdecb5fc,0.035152435302734375,1.2000000104308128
dc_b9549d1a3e6c,0.3063316345214844,3.2835878431797028
dc_4dccde6d1dfb,0.407867431640625,6.0382843017578125
dc_dbefe86a9d2c,0.678436279296875,6.442590057849884
dc_d80fbebeedc2,0.26416015625,2.4658203125
dc_83ab1d091133,0.6221923828125,6.217193603515625
dc_aabc1a713f0b,0.711639404296875,7.080078125
dc_7f37dc601968,0.794677734375,8.7646484375
dc_2e8f13854547,0.3778057098388672,4.236117750406265
dc_a0c66ebeafd4,0.40533447265625,3.4869112074375153
dc_0e570fa9e1ff,0.678436279296875,6.442590057849884
dc_8bf50b2ebca9,0.3569793701171875,3.2103456556797028
dc_23be1dc53fc6,0.560272216796875,5.3134918212890625
dc_60ad9b8f15c0,0.12173748016357422,2.4000000208616257
dc_37739045bbd2,0.178436279296875,1.7150361090898514
dc_06c982ebea67,0.59356689453125,5.233001708984375
dc_b5221ae8a695,0.527587890625,5.855456739664078
dc_6408ea6661a1,0.5645751953125,6.449023634195328
dc_ac781566b7d6,0.1060028076171875,1.7999999225139618
dc_2735a8cdb5c5,0.600067138671875,6.2560513615608215
dc_433c57ca1a5b,0.752685546875,6.5097808837890625
dc_34f9f44aa908,0.55419921875,5.11932373046875
dc_16409bb98d9c,0.5615234375,6.515832245349884
dc_ff85876636d4,0.25250244140625,2.6646530255675316
dc_5e1d8fbc3e75,0.656585693359375,8.670425415039062
dc_5cb21e4f1f61,0.42364501953125,4.585925489664078
dc_89b2b8fe4327,0.814208984375,8.210372924804688
dc_1b3a98a4d46b,0.55419921875,5.11932373046875
dc_b8718fb1cf84,0.530242919921875,4.856057837605476
dc_e0cef7344f80,0.017577171325683594,2.4000000208616257
dc_c3af76581e21,0.37648773193359375,3.8306672126054764
dc_27b1c3e36589,0.4102783203125,3.318353369832039
dc_dfc785a7c7de,0.06728553771972656,1.2000000104308128
dc_ffcac70d833e,0.9124755859375,11.849212646484375
dc_41b7b98857a3,0.9124755859375,11.849212646484375
dc_84946db8ccde,0.028484344482421875,1.2000000104308128
dc_3a23c08ab006,0.614776611328125,6.900787353515625
dc_25c7e68064cd,0.3100128173828125,3.047267161309719
dc_1a7218366cda,0.614776611328125,6.900787353515625
dc_f4381f508e7b,0.05521392822265625,1.7999999225139618
dc_c2f977e5b859,0.3090019226074219,11.693469434976578
dc_0889bebc1079,0.21624755859375,2.4000000208616257
dc_f2375e9e8272,0.4351959228515625,6.7115262150764465
dc_a28b6b533687,0.06461143493652344,2.4000000208616257
dc_2980260de3e5,0.5577239990234375,5.026956275105476
dc_0ffde5e0d6a1,0.422332763671875,3.5158157348632812
dc_8d43e8f81b7b,0.5322265625,6.176567077636719
dc_71ee549f276d,0.473175048828125,4.072467237710953
dc_c9d94248f419,0.5513763427734375,5.073443800210953
dc_fca78ca8bfb8,0.01220703125,0.6000000052154064
dc_3bcbc5a11a48,0.87213134765625,14.23492431640625
dc_5255a71086fb,0.0,0.0
dc_ff5f3d1e936c,0.32260894775390625,3.8611330091953278
dc_2a63d0b145ad,0.204437255859375,3.362499922513962
dc_204d8cf6c427,0.0240478515625,2.4000000208616257
dc_44d6e3741482,0.302398681640625,2.4982452392578125
dc_193e064bdc4b,0.38735198974609375,4.048434644937515
dc_6f992d5b84cd,0.1688232421875,2.301354892551899
dc_2d220fd00df6,0.507476806640625,4.883003234863281
dc_3f486e9e678a,0.525238037109375,5.4935455322265625
dc_aca4fdbc3f4a,0.8153076171875,8.348846435546875
dc_d79e66e14276,0.017862319946289062,1.7999999225139618
dc_d9001f9c6c9e,0.8153076171875,8.348846435546875
dc_37633208c606,0.16072463989257812,2.4673812091350555
dc_ffef5b6cf155,0.17505836486816406,3.063861094415188
dc_f11fcbc90179,0.16724014282226562,2.4000000208616257
dc_4d5eb2ad3758,0.39483642578125,3.2103456556797028
dc_86ad0acb41d8,0.28357696533203125,2.5265609845519066
dc_62d3d21ff61d,0.613525390625,4.712104797363281
dc_dc9cfe14a3c1,0.24840736389160156,3.883587568998337
dc_d418410619e1,0.31072998046875,2.772851660847664
dc_262cc9519516,0.14653778076171875,2.678906172513962
dc_1397a4d8be12,0.2850608825683594,2.974024973809719
dc_357eb5a927a6,0.2850608825683594,2.974024973809719
dc_7c8e1e4ba3bf,0.4751129150390625,4.089251905679703
dc_9448c3ccf011,0.0,0.0
dc_d8cbe6a83e85,0.0,0.0
dc_42b486a76993,0.048621177673339844,2.4000000208616257
dc_125f47540bac,0.18894195556640625,2.4000000208616257
dc_9987086c405c,0.27642059326171875,3.0634796246886253
dc_2664bd7e8ca0,0.3759765625,4.009957984089851
dc_b96977f6c390,0.26648712158203125,2.4999968707561493
dc_f962646a287f,0.22620010375976562,3.5761747509241104
dc_a0f70db62abb,0.6253662109375,6.7638397216796875
dc_03eee2face55,0.67950439453125,7.918548583984375
dc_66477ccffb02,0.673919677734375,9.241485595703125
dc_2187c39b38fe,0.6507568359375,10.72540283203125
dc_e63c56f58572,0.1325969696044922,3.658190742135048
dc_42b099cfcbc7,0.43532562255859375,4.49041910469532
dc_a6e2e1513613,0.38272953033447266,4.373828321695328
dc_c15c28bd70c1,0.68121337890625,6.4693450927734375
dc_8d9f4b8cf0b8,0.1259613037109375,6.650872528553009
dc_b82bb79938c5,0.31341552734375,7.9207852482795715
dc_a76f8d21216f,0.17467117309570312,3.004300035536289
dc_d3c309846778,0.676300048828125,5.933380126953125
dc_f4bc8c66c017,0.94940185546875,10.66131591796875
dc_4cfa0741336f,0.07336616516113281,3.126751631498337
dc_739935478bcb,0.374908447265625,13.486047089099884
dc_7f5f90e935c4,0.1259613037109375,6.650872528553009
dc_7f9a84f2ffad,0.31341552734375,7.9207852482795715
dc_4c0328a22c39,0.38272953033447266,4.373828321695328
dc_7db6a874da87,0.006103515625,0.6000000052154064
dc_6f74b8c1ecc5,0.0,0.0
dc_640f760993bb,0.12038040161132812,2.4000000208616257
dc_e985cd8a1feb,0.1396484375,2.4000000208616257
dc_255488578f92,0.1117706298828125,2.4000000208616257
dc_8cbc3d5fc5e2,0.5696868896484375,6.068750098347664
dc_dd43c1afe709,0.5204620361328125,6.051965430378914
dc_cf3294ee628d,0.3027801513671875,2.973834238946438
dc_e577fdae7a20,0.0747833251953125,1.7999999225139618
dc_58ca51de8887,0.0,0.0
dc_0ccbc7a90b2d,0.00537109375,0.6000000052154064
dc_0924876c0c0b,0.62109375,6.50990828871727
dc_5ed930ed15c9,0.15985488891601562,2.225390635430813
dc_b3248b7dd787,0.353668212890625,3.6822233349084854
dc_9d03f9d03002,0.2777557373046875,3.965222090482712
dc_837045fc5729,0.40610790252685547,5.301562696695328
dc_023d2663ae5d,0.25870323181152344,6.3125088810920715
dc_f5142250b983,0.77459716796875,8.185958862304688
dc_4acc5a2218d7,0.48089599609375,17.94281005859375
dc_d8cbb9e4b58b,0.25870323181152344,6.3125088810920715
dc_5559c4f443dd,0.43918800354003906,5.227557569742203
dc_c600c3efed73,0.26616668701171875,3.753124922513962
dc_85af46cfd088,0.25870323181152344,6.3125088810920715
dc_bb40d67d2a9d,0.25870323181152344,6.3125088810920715
dc_82227ff3b01d,0.907470703125,9.94415283203125
dc_21da59088359,0.34084129333496094,4.009576514363289
dc_43484bcf3562,0.8707275390625,9.105682373046875
dc_961fc1bc0c89,0.476898193359375,4.628701880574226
dc_45101812ebde,0.90069580078125,10.189056396484375
dc_2b69bfa841ef,0.012004852294921875,0.6000000052154064
dc_1cb556e009e0,0.711334228515625,8.727645874023438
dc_a6deac218790,0.3644599914550781,7.552234083414078
dc_61349568f7bb,0.3644599914550781,7.552234083414078
dc_4f0e6f5bde7c,0.90936279296875,12.8143310546875
dc_ba84f7107278,0.61724853515625,8.292770385742188
dc_366bd093071c,0.30997657775878906,3.5765565931797028
dc_56db95055eaf,0.5692367553710938,5.618182197213173
dc_7c8f0dd59535,0.9202880859375,9.56268310546875
dc_70319b137cc4,0.71307373046875,6.2747955322265625
dc_5476035b6014,0.889892578125,9.83123779296875
dc_f9e6c86b33a9,0.4018096923828125,4.60156574845314
dc_3afce9f03886,0.684814453125,8.14666748046875
dc_021211d2ad4e,0.3376617431640625,3.0207032337784767
dc_83f0a31399f3,0.2337799072265625,3.3216826617717743
dc_555e7f99046e,0.83721923828125,8.553314208984375
dc_aea1cf806ec1,0.3109321594238281,4.47949543595314
dc_c781be459e42,0.71307373046875,6.2747955322265625
dc_33b0acb3fbfc,0.9114990234375,10.027313232421875
dc_d966ea3f8e06,0.34055519104003906,4.089251905679703
dc_a8b860d92de2,0.5420684814453125,5.985156446695328
dc_9aa547ca020f,0.004273414611816406,0.6000000052154064
dc_e2cb4bbef84e,0.72918701171875,9.63134765625
dc_165b15e48a25,0.4990234375,4.349414259195328
dc_a8ddb88fae41,0.948974609375,9.683990478515625
dc_4b4508a3fbf2,0.936767578125,8.983612060546875
dc_158b610b5b1a,0.7577972412109375,9.630775451660156
dc_7b42f550217b,0.41070556640625,2.4000000208616257
dc_6be68fa9c112,0.81964111328125,8.984375
dc_02fde467d5ca,0.3805732727050781,5.114642158150673
dc_d637d15aba22,0.83203125,9.48944091796875
dc_42f487aa6732,0.82550048828125,9.423828125
dc_7668d76b7f88,0.3709125518798828,5.277148261666298
dc_0ec1cdf95464,0.4571533203125,3.7986237555742264
dc_06c6e7b867a1,0.2873687744140625,2.9332077130675316
dc_38efcce0825d,0.4906768798828125,5.522052198648453
dc_895c21fc08cb,0.85076904296875,11.368560791015625
dc_7804a006dda2,0.85113525390625,10.863494873046875
dc_27736d0748c2,0.10734176635742188,2.4000000208616257
dc_0fe2a0efd4a5,0.20490455627441406,3.144923225045204
dc_cd516cae2531,0.17554473876953125,2.4000000208616257
dc_180d30e8b4da,0.014892578125,0.6000000052154064
dc_1a41b0f928bf,0.644500732421875,7.779121398925781
dc_06e384882ecc,0.12050628662109375,2.4347657337784767
dc_26679b49b723,0.8828125,11.17401123046875
dc_326516e596cc,0.1890251636505127,2.7299320325255394
dc_7f43907e8979,0.578643798828125,8.352088928222656
dc_af4daeefc3e5,0.578643798828125,8.352088928222656
dc_2f27232ab9dd,0.3730964660644531,3.8205061107873917
dc_374ef12de243,0.505462646484375,4.985757544636726
dc_cd7f2ff1bb19,0.195770263671875,2.4000000208616257
dc_48d6192ea411,0.17985540628433228,2.9498016461730003
dc_d8d34358af13,0.20772361755371094,3.1287111341953278
dc_43d1b8fa745f,0.163299560546875,1.6763687133789062
dc_5e31a13f74b9,0.13515472412109375,2.4000000208616257
dc_3e38f37da8cc,0.242889404296875,2.4000000208616257
dc_b2841d717095,0.08763885498046875,1.267190556973219
dc_bbc3c38a0286,0.193267822265625,3.1371034681797028
dc_1daa73860d72,0.071319580078125,1.267190556973219
dc_9c6d4cad3022,0.4682159423828125,5.959649756550789
dc_b88a0de9a6f9,0.29595947265625,2.4000000208616257
dc_7019d4a4257b,0.05668449401855469,2.4000000208616257
dc_c48845706377,0.29595947265625,2.931057848036289
dc_624a20da991b,0.034912109375,2.4000000208616257
dc_09787eeb77bc,0.59161376953125,5.322265625
dc_0f59160e4785,0.462066650390625,4.659167677164078
dc_6bab7da413ec,0.57122802734375,6.790820509195328
dc_28267cfc3b00,0.5828399658203125,5.985156446695328
dc_fae6b5693fbe,0.71240234375,6.87713623046875
dc_8e1d55e66e4c,0.65728759765625,7.2750091552734375
dc_e007921e0e2a,0.89398193359375,10.9283447265625
dc_be6fbb486171,0.88818359375,10.84747314453125
dc_f08ca5bf1c62,0.84796142578125,8.92791748046875
dc_89729ff0b85d,0.81817626953125,10.6231689453125
dc_dfd792c8e17d,0.947265625,10.636138916015625
dc_d4b6d917cc3b,0.4872245788574219,5.741015449166298
dc_ce1390890e70,0.6114501953125,6.036706641316414
dc_d20b0b46a331,0.80096435546875,8.430862426757812
dc_e5a14b588180,0.43880748748779297,5.067582800984383
dc_1290cd43e2a4,0.38031005859375,5.016986280679703
dc_96e798de1923,0.49660491943359375,5.555673316121101
dc_73c1808d41a7,0.6987762451171875,7.216973602771759
dc_a3ef9d3df723,0.63702392578125,6.711907684803009
dc_74a74b023e2f,0.616912841796875,7.3486328125
dc_7fe16fd74581,0.78643798828125,8.747482299804688
dc_31eff1e33048,0.6168212890625,6.614251434803009
dc_8e7d1266b66c,0.11717987060546875,2.4000000208616257
dc_bb9e276ee8a3,0.4148712158203125,5.163470655679703
dc_ec3ac5883e2e,0.11717987060546875,2.4000000208616257
dc_990f669f9ec2,0.0,0.0
dc_9b9f99566927,0.0,0.0
dc_080f1a37f4e4,0.0,0.0
dc_0888941918ee,0.0,0.0
dc_01fc94cf15b9,0.0,0.0
dc_08bc73ca6961,0.38867950439453125,5.474801734089851
dc_d49059d0004a,0.26483917236328125,2.957812510430813
dc_8369073e1b95,0.13890457153320312,3.467785567045212
dc_c5abef17961c,0.026567459106445312,1.7999999225139618
dc_a9ba7c984e27,0.431488037109375,5.125375464558601
dc_8fb393ce5cb8,0.4378395080566406,5.211535841226578
dc_c23d657f1be3,0.0853271484375,1.2000000104308128
dc_5f6e752e8332,0.3277587890625,2.646099776029587
dc_c6bcbe1b8a1f,0.321624755859375,2.727734297513962
dc_059baa53ed1a,0.17236328125,1.7999999225139618
dc_8a72989b8621,0.0,0.0
dc_4522ee78b5e3,0.131317138671875,2.4000000208616257
dc_c07d6b78aa3d,0.327880859375,3.860560804605484
dc_fcd214823e30,0.604766845703125,7.8945159912109375
dc_a1a5838a60ca,0.12594223022460938,2.614056318998337
dc_93c731f0d49a,0.12594223022460938,2.614056318998337
dc_dffc745c288e,0.604766845703125,7.8945159912109375
dc_f0164b700441,0.2581787109375,2.792584151029587
dc_a1d2bf1489bd,0.023520469665527344,2.4000000208616257
dc_c9e0167855d2,0.36832427978515625,5.498834326863289
dc_517844b7b7df,0.22757911682128906,2.778712473809719
dc_1621122fb560,0.4584197998046875,3.9915956556797028
dc_f905447e5849,0.14089202880859375,2.4000000208616257
dc_3fabf9be3929,0.10834407806396484,2.4000000208616257
dc_c7e6eda1a3c3,0.5806884765625,6.775994598865509
dc_fe38ae01b067,0.0,0.0
dc_b89ba8f2218f,0.78155517578125,8.86993408203125
dc_37e6baf63753,0.021322250366210938,2.4000000208616257
dc_25afe0ab10d4,0.0,0.0
dc_938aec8e77ee,0.04390430450439453,1.2000000104308128
dc_6b99d502d133,0.5682830810546875,6.158395484089851
dc_97311ae7d1ad,0.83477783203125,11.443328857421875
dc_07793c6ceca0,0.004436492919921875,0.6000000052154064
dc_fb65457c05e8,0.014974594116210938,2.4000000208616257
dc_49e9f7db52dc,0.35201263427734375,4.422656074166298
dc_e398f3978d57,0.10834407806396484,2.4000000208616257
dc_7a668eda7453,0.5806884765625,6.775994598865509
dc_d74048d15a6b,0.754852294921875,7.8617095947265625
dc_d0177d80704c,0.73406982421875,9.952545166015625
dc_e5c5994d451d,0.6500091552734375,6.858392059803009
dc_b016da3f5d99,0.230072021484375,2.4000000208616257
dc_39a8cb17ab9f,0.560302734375,5.311914160847664
dc_8d25991bfa8d,0.6500091552734375,6.858392059803009
dc_a4c02ff1ab9a,0.02896881103515625,1.2000000104308128
dc_21bf956aedf2,0.0,0.0
dc_004d4bd391b5,0.82867431640625,11.458587646484375
dc_36a3c1c1f362,0.79913330078125,10.546875
dc_2fbb14b41636,0.3014507293701172,3.574597090482712
dc_c312286353c3,0.23994064331054688,3.502551093697548
dc_f6ebe4e52512,0.4691162109375,13.63677978515625
dc_f394a25ba7ff,0.0,0.0
dc_c3798aab7f27,0.07049560546875,0.6000000052154064
dc_690df06e6539,0.34246826171875,4.341403022408485
dc_2c47a18367ee,0.541748046875,4.7771453857421875
dc_50f300dbed19,0.31792449951171875,10.609765350818634
dc_971c8fad8ba8,0.64556884765625,7.900567352771759
dc_9499ddcbe5f4,0.89031982421875,12.052154541015625
dc_90a6848e7223,0.57696533203125,8.104272186756134
dc_93a4507ebb34,0.55108642578125,7.249017059803009
dc_6f3dc8f369c9,0.30474853515625,4.23535443842411
dc_afc2c4cb9950,0.822998046875,9.5062255859375
dc_86ba61e0a58f,0.8927001953125,12.5762939453125
dc_c5af5e7b67f8,0.52191162109375,6.640434265136719
dc_6303da2ff06f,0.4936370849609375,5.718942359089851
dc_916641fe1369,0.93951416015625,15.423583984375
dc_7910da66ad06,0.9190673828125,14.5050048828125
dc_6908e0a4116d,0.0,0.0
dc_b15a9ac2dbba,0.0,0.0
dc_a8ea97c0d02a,0.6981201171875,9.009552001953125
dc_ff3aba8fa11d,0.78289794921875,9.88006591796875
dc_4c5da4f27c7f,0.45891571044921875,5.700580030679703
dc_c3e3abbeb801,0.75604248046875,8.658981323242188
dc_131e675b00b7,0.7720947265625,8.765411376953125
dc_6396a9188b64,0.021240234375,1.2000000104308128
dc_ddc8ce7e149c,0.5245819091796875,5.662103369832039
dc_89f803745a9e,0.5326385498046875,5.512133985757828
dc_663e3aabdd3a,0.5603485107421875,5.683795362710953
dc_2f2fa36dd479,0.30077552795410156,3.0474578961730003
dc_c7388ffdcf0a,0.4521942138671875,6.8927764892578125
dc_2488b59ec2e1,0.79034423828125,7.616424560546875
dc_a3670fa43098,0.480865478515625,4.750772193074226
dc_75378fd737b2,0.2433786392211914,3.711926192045212
dc_a61f211e8fc1,0.480865478515625,4.750772193074226
dc_fbb53be5b475,0.036533355712890625,1.2000000104308128
dc_ed8005520bf5,0.94732666015625,10.230255126953125
dc_26db4d08cc6d,0.5603485107421875,5.683795362710953
dc_e6c4c8934f01,0.480865478515625,4.750772193074226
dc_83b36b26af37,0.4521942138671875,6.8927764892578125
dc_71df8167e3fe,0.78546142578125,10.88409423828125
dc_3253db789188,0.83203125,10.68878173828125
dc_68edd4e8e2ac,0.7425537109375,8.699798583984375
dc_0b2f7896c0d0,0.3976860046386719,4.740038886666298
dc_58616fe2297e,0.1873760223388672,3.460156172513962
dc_0e9430d2bb67,0.51708984375,7.0194244384765625
dc_b4dfc8453b28,0.0,0.0
dc_5ec81740ac02,0.0312957763671875,2.4000000208616257
dc_c875f8a125cb,0.385284423828125,3.8371000438928604
dc_53100ad6729e,0.0019607844296842813,0.6000000052154064
dc_3fbc71924de1,0.033324241638183594,2.4000000208616257
dc_073b5a543445,0.072601318359375,2.4000000208616257
dc_a53b0f3f5d96,0.5411529541015625,5.626574903726578
dc_81873e5cdfa0,0.38954925537109375,4.903308302164078
dc_cb4c961a9958,0.64678955078125,6.502342224121094
dc_fb27816330e8,0.005256682634353638,1.2000000104308128
dc_e95c9536a835,0.0,0.0
dc_1ef21e9efb64,0.0,0.0
dc_dcfd9a467a8b,0.0,0.0
dc_802db22e67f1,0.0,0.0
dc_6324e54cb1f3,0.377960205078125,3.6742128431797028
dc_65dbd76e7604,0.522918701171875,7.7846527099609375
dc_6f6d4e070042,0.390350341796875,18.018341064453125
dc_e569435cdfa4,0.78375244140625,14.466094970703125
dc_ac08463eb4ec,0.4134063720703125,12.723541259765625
dc_a610d284990f,0.37737274169921875,8.737511932849884
dc_2e3dadc752a4,0.17450523376464844,10.362903028726578
dc_bb7e64ba6a05,0.17450523376464844,10.362903028726578
dc_1633b238c629,0.78375244140625,14.466094970703125
dc_033df59021e1,0.78375244140625,14.466094970703125
dc_c7daef7be339,0.78375244140625,14.466094970703125
dc_6a78d9936b54,0.29766845703125,8.396096527576447
dc_64a01d02406b,0.4134063720703125,12.723541259765625
dc_23e2d561cf0c,0.78375244140625,14.466094970703125
dc_7c6fefec1f6e,0.4436225891113281,9.435410797595978
dc_53e829a00936,0.37737274169921875,8.737511932849884
dc_b5e19f1a3ea5,0.710845947265625,7.169342041015625
dc_7bec7a33a3ec,0.15108299255371094,2.211328223347664
dc_6a37107362a1,0.1511993408203125,2.274218760430813
dc_ab141916e295,0.5679931640625,6.367389112710953
dc_833370eeca59,0.19988012313842773,3.055468760430813
dc_1f6063348ac4,0.42919921875,5.333605781197548
dc_cd26fe372499,0.906005859375,10.829925537109375
dc_4e931334ea09,0.75714111328125,7.982635498046875
dc_1d8cca75d953,0.34848785400390625,4.47949506342411
dc_3383905d0028,0.3855133056640625,3.212304785847664
dc_190020b3e447,0.69219970703125,6.6646575927734375
dc_83a22ad07c8d,0.906005859375,10.829925537109375
dc_aeb91bfc3b8f,0.530914306640625,5.009356886148453
dc_853509ea17b3,0.25908660888671875,4.32538129389286
dc_2146da00a164,0.93902587890625,8.985137939453125
dc_7da4291ec019,0.7437744140625,8.349227905273438
dc_82571b787ee6,0.739776611328125,8.307647705078125
dc_14a17660785d,0.5262050628662109,6.963677704334259
dc_5a2516f556b3,0.7998046875,9.732437133789062
dc_dd9631825e6b,0.2605571746826172,3.234759345650673
dc_55529f8314f5,0.0,0.0
dc_ee2c4724265a,0.90618896484375,11.722564697265625
dc_5410c3966313,0.90618896484375,11.722564697265625
dc_95ab7384a93f,0.0052890777587890625,0.6000000052154064
dc_6c109172a8d5,0.3761787414550781,4.495517164468765
dc_66e8fa6175af,0.89599609375,10.56365966796875
dc_ae8edb4e2092,0.606536865234375,7.5439453125
dc_86ea4c3bc7df,0.82122802734375,9.56268310546875
dc_5c2ab3d16b4e,0.4052314758300781,5.897851660847664
dc_95c9a70f2492,0.3486480712890625,5.043740943074226
dc_ca70c0deb389,0.0,0.0
dc_815a4077d7c3,0.2424488067626953,3.737103193998337
dc_69c4af3b8176,0.496551513671875,6.5349578857421875
dc_e797c79230f0,0.109405517578125,1.2000000104308128
dc_c27350073d52,0.88873291015625,13.207244873046875
dc_a4a29a509851,0.618865966796875,5.6728363037109375
dc_ac30ac8e4a4e,0.39841461181640625,6.944934278726578
dc_68d97fc661d5,0.109405517578125,1.2000000104308128
dc_ddf0f305ef19,0.1290302276611328,2.597271651029587
dc_5721d1182d99,0.35211181640625,3.0843734741210938
dc_1e995f203458,0.4058685302734375,3.934374824166298
dc_5374f5d1551e,0.3644428253173828,5.596490576863289
dc_88e2629c4bed,0.817626953125,10.92987060546875
dc_ad74ffb219ab,0.0205078125,2.4000000208616257
dc_f152760b1463,0.2413330078125,5.789843946695328
dc_e1a3bd223170,0.11368560791015625,2.4000000208616257
dc_daf88193f8d2,0.04386138916015625,2.4000000208616257
dc_b492591b9a2d,0.0,0.0
dc_e0c1cc3cf46a,0.0341796875,2.4000000208616257
dc_9d948b20f397,0.2413330078125,5.789843946695328
dc_db8f9132c159,0.90777587890625,11.832427978515625
dc_4dcce2e3f5c2,0.5984039306640625,6.900787353515625
dc_ccd80465a580,0.34734153747558594,3.615032881498337
dc_e4b9d11fc296,0.60430908203125,6.4052581787109375
dc_a88013721ba7,0.0,0.0
dc_97a8471652c2,0.9376220703125,10.71014404296875
dc_7aae4d4abf47,0.90777587890625,11.832427978515625
dc_00764728680d,0.5984039306640625,6.900787353515625
dc_dd893891f25e,0.91815185546875,13.600921630859375
dc_31ed378ec23d,0.613037109375,6.437873840332031
dc_337852dc4642,0.91229248046875,13.79547119140625
dc_a55b0ad0ecd4,0.008953094482421875,1.2000000104308128
dc_50b6ee35fe1a,0.82464599609375,11.873626708984375
dc_68e03ee6464c,0.11875343322753906,2.4000000208616257
dc_c81618121941,0.4923553466796875,4.976550117135048
dc_8af4ea407ec3,0.23032379150390625,3.916393965482712
dc_586f965d0e34,0.0,0.0
dc_fbdab8d6b048,0.604705810546875,7.1933746337890625
dc_51a81e12c581,0.93408203125,13.53302001953125
dc_40afc33af359,0.373291015625,18.096160888671875
dc_4dbe408255c8,0.45255279541015625,18.378829956054688
dc_ddc20b8cfb33,0.372406005859375,8.396045118570328
dc_70ea5deecfdb,0.373291015625,18.096160888671875
dc_8a38216b0122,0.43670654296875,5.287881568074226
dc_3892ecf526a3,0.373291015625,18.096160888671875
dc_82ff6a5c5a0d,0.4728851318359375,5.491204932332039
dc_a3de0719d6f7,0.234771728515625,3.1263701617717743
dc_944ea7a6b67d,0.579345703125,7.51190185546875
dc_647ebabf6c68,0.73797607421875,15.555572509765625
dc_0dcf4693d966,0.3989105224609375,3.64532470703125
dc_893226092cbf,0.46271514892578125,4.382602125406265
dc_cec54ea43a46,0.66680908203125,10.053634643554688
dc_ed5526cb2443,0.83843994140625,12.456512451171875
dc_83e8ea7d14a0,0.93084716796875,12.94708251953125
dc_a320d760368f,0.927978515625,13.016510009765625
dc_5bfc1aecb5cf,0.77520751953125,8.650970458984375
dc_0549b113a011,0.912841796875,12.93487548828125
dc_7048b76fe40b,0.7457275390625,11.2091064453125
dc_8a06b58c62ce,0.6285400390625,8.983612060546875
dc_6f3b49e3d03a,0.9122314453125,13.5162353515625
dc_9ecc3ad99ee0,0.17424964904785156,2.792584151029587
dc_c71975653c6c,0.34598541259765625,4.463091865181923
dc_b90db17c93d0,0.716796875,8.154296875
dc_be781da0ac27,0.77520751953125,8.650970458984375
dc_1a16f88c10dd,0.35764312744140625,4.139657691121101
dc_d9ae28f8917b,0.89947509765625,9.90447998046875
dc_9c33e7edb393,0.89947509765625,9.90447998046875
dc_57e09c860fe5,0.0,0.0
dc_d6ad1ac37897,0.3276519775390625,3.171868994832039
dc_3e1e075b64ea,0.0,0.0
dc_a6b4531def62,0.0,0.0
dc_d6dfe2b4b690,0.8961181640625,15.1458740234375
dc_497196a639d6,0.70721435546875,8.00018310546875
dc_7a05f73ca77d,0.19768333435058594,2.7849549427628517
dc_be110fe76f32,0.3252449035644531,4.194919019937515
dc_b493d7002b92,0.45847320556640625,4.902544990181923
dc_f9a1698669ea,0.9215087890625,12.46337890625
dc_f5d875508817,0.6458740234375,7.5969696044921875
dc_52dd223d9f13,0.522064208984375,6.709185987710953
dc_9f03a5bdb15d,0.87969970703125,11.856842041015625
dc_d12fd41fa0cc,0.87725830078125,11.701202392578125
dc_b13d123c2fa9,0.90771484375,12.55950927734375
dc_f7b7979f9b54,0.91961669921875,12.015533447265625
dc_f9e787337659,0.84393310546875,11.804962158203125
dc_e3094350f227,0.83819580078125,11.331939697265625
dc_a2bac79b8856,0.83758544921875,11.219024658203125
dc_1fea4ccdacb1,0.8193359375,10.51483154296875
dc_1569e6fccb74,0.80181884765625,10.546112060546875
dc_d4eba7bb95c9,0.905029296875,13.1683349609375
dc_1da0c5d7a144,0.90032958984375,15.62347412109375
dc_2c9c352d5cb0,0.866455078125,14.18914794921875
dc_a886b4d06283,0.8436279296875,13.88092041015625
dc_232553a6ff95,0.5013580322265625,6.668750196695328
dc_8ee44a03b9d6,0.4369087219238281,3.765435889363289
dc_b630100d026f,0.692047119140625,7.2101593017578125
dc_a40a7a61f53f,0.85272216796875,10.5072021484375
dc_9f86a9be9cdb,0.4555206298828125,14.564132690429688
dc_9b36c38fcc40,0.717376708984375,8.048629760742188
dc_baa87d4e6e61,0.7733154296875,8.137893676757812
dc_2c733095b6bd,0.72265625,8.056640625
dc_363733e77dcd,0.43206787109375,4.4017791748046875
dc_b8c6e0dbdf86,0.8746337890625,11.608123779296875
dc_e192ad80593e,0.29022216796875,7.74688720703125
dc_b926ad69f0b0,0.025554656982421875,2.4000000208616257
dc_5acd35df9012,0.6053924560546875,7.5698330998420715
dc_3706cdb29bf1,0.424285888671875,16.466088593006134
dc_664c5d805196,0.91278076171875,9.781646728515625
dc_51c0ad902c40,0.88958740234375,13.40789794921875
dc_c5410ccfaab6,0.91143798828125,12.09259033203125
dc_a732fbbc8530,0.6082763671875,5.97381591796875
dc_ba3321bb1d05,0.2542724609375,3.2507814466953278
dc_165fe373f4a4,0.5326309204101562,7.680840790271759
dc_673b340833e9,0.06018257141113281,2.4000000208616257
dc_b5dbae714a3e,0.3446025848388672,3.9099611341953278
dc_47d937b135c2,0.399658203125,19.203567504882812
dc_1ba158ee3c5f,0.273651123046875,2.591601572930813
dc_86334a11f204,0.15949249267578125,2.4000000208616257
dc_ea8cf986c503,0.499114990234375,25.531768798828125
dc_c5961d5d88a0,0.399658203125,19.203567504882812
dc_b272dd406678,0.499114990234375,25.531768798828125
dc_6450f5a2d7fb,0.22665786743164062,15.290398895740509
dc_0725a2d5f792,0.21123504638671875,10.808892548084259
dc_94fb239dbf78,0.9146728515625,10.221099853515625
dc_b7fb6104e55f,0.396148681640625,3.5033144056797028
dc_a0ba79ee7b3b,0.72564697265625,6.461334228515625
dc_b2ab8aee8632,0.4791412353515625,4.408212378621101
dc_1e15142da89c,0.8673095703125,8.837890625
dc_dae84e0a643c,0.421875,4.115815833210945
dc_cebfa79ec447,0.02164459228515625,2.4000000208616257
dc_4ccb2c1d6e95,0.1588735580444336,2.597271651029587
dc_b1a8f1928f7c,0.52264404296875,4.497476294636726
dc_4e2bc52efbde,0.758392333984375,8.7646484375
dc_74567a4bd1f1,0.9417724609375,10.5224609375
dc_e06c46dabeb5,0.73388671875,6.7535400390625
dc_0c8314ec56c5,0.36510276794433594,3.8531221449375153
dc_5049ca57aab5,0.0019607844296842813,0.6000000052154064
dc_25e74ffcb872,0.0546112060546875,1.8000001087784767
dc_19d78aae92b7,0.008302688598632812,1.2000000104308128
dc_85cad2201208,0.36694908142089844,4.853717237710953
dc_7dc677ea1823,0.84881591796875,11.612701416015625
dc_80da332f0c37,0.49481201171875,4.463473707437515
dc_63db379fd314,0.92242431640625,8.943939208984375
dc_e4340826cfb0,0.16461944580078125,2.4000000208616257
dc_02eebfd81a53,0.2816963195800781,7.962695509195328
dc_27fa53a57833,0.23406982421875,14.603753387928009
dc_7fe57b05a442,0.23406982421875,14.603753387928009
dc_bd177f82d3dd,0.34954071044921875,13.409805297851562
dc_7aabaf75c3ad,0.5291595458984375,5.480853468179703
dc_3d42335bad72,0.629180908203125,5.816217139363289
dc_94004336071b,0.26358604431152344,2.925006113946438
dc_485eed312522,0.23406982421875,14.603753387928009
dc_5c2f48f1f831,0.655059814453125,6.605096161365509
dc_0ea9fc7adeb0,0.89715576171875,11.705780029296875
dc_603a01fbe6f3,0.621795654296875,6.6890716552734375
dc_7517a65ae363,0.5618743896484375,4.954095557332039
dc_64536bf4ec69,0.0,0.0
dc_f9ad1aa121d1,0.70501708984375,11.4776611328125
dc_f0527c78fab7,0.026124000549316406,2.4000000208616257
dc_f7e77aebe39c,0.6697998046875,7.332611083984375
dc_02b8cb392dd2,0.576080322265625,5.5416107177734375
dc_d76a427d377e,0.24334716796875,2.4000000208616257
dc_551d1055ddc3,0.0,0.0
dc_72f573fd7650,0.411041259765625,3.0595779418945312
dc_23e3d9344ea5,0.73626708984375,7.0888519287109375
dc_10fa54833aa4,0.1762847900390625,2.4835938587784767
dc_d8f1873aaf3c,0.8753662109375,14.24407958984375
dc_d66268183bda,0.17919540405273438,5.368267744779587
dc_af3b818f5474,0.67999267578125,9.902572631835938
dc_3b086a495bdc,0.72894287109375,10.497283935546875
dc_90a5aa0e6a9f,0.681060791015625,10.205459594726562
dc_2603730d0b62,0.61480712890625,10.555267333984375
dc_553e538d8ae8,0.054119110107421875,2.4000000208616257
dc_7829f587ad00,0.464324951171875,7.3246002197265625
dc_4bbf56c61529,0.511871337890625,5.653329566121101
dc_adfa37d6eb75,0.5312652587890625,6.263871490955353
dc_5c188ee0a08e,0.44953155517578125,5.390826612710953
dc_82c838320fc4,0.5500259399414062,5.734201148152351
dc_6b0fbb988249,0.6379547119140625,6.312890350818634
dc_d022a0bae9de,0.67413330078125,6.84356689453125
dc_5077380c4e9c,0.75140380859375,8.12225341796875
dc_5655c21db942,0.823974609375,9.822845458984375
dc_2a56d8b8fa00,0.357879638671875,4.6466827392578125
dc_ec0baf9bd582,0.71978759765625,9.846878051757812
dc_abd7ac10d990,0.85540771484375,11.759185791015625
dc_329262a4db4d,0.78070068359375,10.465240478515625
dc_21b651e90066,0.07552337646484375,2.4000000208616257
dc_1ae3762b7463,0.69580078125,10.253143310546875
dc_11f8cf85f74c,0.036579132080078125,2.4000000208616257
dc_18dc72c9dac5,0.0,0.0
dc_eee0a9900e19,0.0,0.0
dc_31978bedd946,0.008097171783447266,1.7999999225139618
dc_6cff6c8c0f96,0.0,0.0
dc_b013e69db6d4,0.66693115234375,6.7386627197265625
dc_d647f52dca93,0.32491302490234375,3.780452162027359
dc_61f104ef7e31,0.3457183837890625,3.7630952894687653
dc_1302d924a662,0.004801750183105469,0.6000000052154064
dc_83495392fdac,0.30850982666015625,3.5437501966953278
dc_b6fbffa58ede,0.2212982177734375,2.499806135892868
dc_8570f2737bd4,0.29473114013671875,4.17303629219532
dc_2e0d7065c5b2,0.2878684997558594,3.1507842242717743
dc_c7c6e35626c1,0.3922882080078125,15.548324584960938
dc_a79d487eebc7,0.3922882080078125,15.548324584960938
dc_2a23ca86f39a,0.44738006591796875,6.481067091226578
dc_91374edadfb6,0.75701904296875,11.014556884765625
dc_64c7a0c8382c,0.89520263671875,12.670135498046875
dc_667e78753bcc,0.85028076171875,9.94415283203125
dc_a3a8fb84180f,0.37211036682128906,5.040637403726578
dc_a16fdadb09e8,0.51751708984375,6.103515625
dc_ce7c1d42d89e,0.870361328125,11.0595703125
dc_2a18edd9d2aa,0.88897705078125,9.9609375
dc_b90668346127,0.4337425231933594,5.244341865181923
dc_f8de9711b6d9,0.531219482421875,5.523248389363289
dc_c5b50e13b2ca,0.7047119140625,9.102630615234375
dc_865686fc232f,0.684722900390625,7.5763702392578125
dc_5454e38d3adb,0.06824111938476562,1.7999999225139618
dc_69730b99b070,0.6114349365234375,6.646294891834259
dc_ec0b9c36f643,0.407379150390625,4.709764197468758
dc_a57a479290da,0.548919677734375,6.111907958984375
dc_e744de60a17b,0.65655517578125,7.991790771484375
dc_55079160dfd9,0.43060302734375,5.236712470650673
dc_e37781a3945e,0.06784915924072266,1.8000001087784767
dc_8d2c754efaf1,0.43017578125,4.645105078816414
dc_3e79fab29b39,0.395294189453125,4.617968946695328
dc_a525f7501d71,0.395294189453125,4.617968946695328
dc_ccc53908a275,0.028562545776367188,2.4000000208616257
dc_cfa299c09d66,0.3169727325439453,3.9263643324375153
dc_8ab8ca86bd41,0.67938232421875,6.2831878662109375
dc_1c6b983e109a,0.33811187744140625,4.254098609089851
dc_1040e7bc3ee5,0.1567230224609375,2.4000000208616257
dc_e3304d66630f,0.74658203125,12.950897216796875
dc_88909d588f3f,0.6024627685546875,6.7115262150764465
dc_0f239b20a7ba,0.73626708984375,9.96551513671875
dc_2718db0e3e25,0.73626708984375,9.96551513671875
dc_298d8384169d,0.2461395263671875,2.9066435992717743
dc_2e566d6574eb,0.73626708984375,9.96551513671875
dc_c958657a0348,0.31066131591796875,19.325637817382812
dc_acacfb9245c6,0.73626708984375,9.96551513671875
dc_2c7c11ab382b,0.73626708984375,9.96551513671875
dc_8e8dd43b1c7e,0.73626708984375,9.96551513671875
dc_88f0f2bd808e,0.57525634765625,17.9962158203125
dc_08280b0c240d,0.73626708984375,9.96551513671875
dc_9e16cf902bb8,0.73626708984375,9.96551513671875
dc_9b2065354392,0.3558502197265625,10.438156127929688
dc_1bb1bc07eea0,0.73626708984375,9.96551513671875
dc_740a1ee8d789,0.2588157653808594,3.4541044384241104
dc_3678db5e848c,0.0,0.0
dc_3d1532ca066a,0.0,0.0
dc_04ef3d9451a0,0.845458984375,12.496185302734375
dc_56b1c9faf7e3,0.69781494140625,9.049224853515625
dc_c231fc51e3eb,0.08602523803710938,2.4000000208616257
dc_f6fb22a146c3,0.2690925598144531,3.631054610013962
dc_d334913cb26e,0.4739227294921875,5.71875162422657
dc_ec064dc4d572,0.5640869140625,10.48736572265625
dc_c04730ac0683,0.5640869140625,10.48736572265625
dc_a94598173ea8,0.0,0.0
dc_cf02216bd8e1,0.44702911376953125,5.195514112710953
dc_020b4e91299a,0.09167861938476562,2.4000000208616257
dc_ca6a6b6b42c4,0.0056972503662109375,1.2000000104308128
dc_518cb525fd88,0.24852371215820312,3.2484404742717743
dc_e8c73d76dcdd,0.388214111328125,9.228134155273438
dc_789e4943512c,0.6259765625,6.3228607177734375
dc_2b2238a314f7,0.12105560302734375,2.4000000208616257
dc_74be05054a07,0.382568359375,16.421890258789062
dc_936035203d1f,0.044554710388183594,2.4000000208616257
dc_144eb7f40153,0.077117919921875,1.2000000104308128
dc_fde7fcc462d1,0.282501220703125,2.5648467242717743
dc_58f71a0cfadd,0.0,0.0
dc_02d1d5411388,0.19533538818359375,2.4000000208616257
dc_72e0b2b6bdf4,0.20665740966796875,2.7929656207561493
dc_bc98d15f165a,0.329071044921875,4.007617384195328
dc_79dfa0f520ee,0.04105234146118164,2.4000000208616257
dc_9cbf0a55e19a,0.175323486328125,1.5380859375
dc_880a171377bb,0.627685546875,10.0921630859375
dc_ef12919892c5,0.6544189453125,6.763458251953125
dc_ab2a3e5edefd,0.28209877014160156,3.728710860013962
dc_b15cee237812,0.28209877014160156,3.728710860013962
dc_98b518cb96d4,0.026243209838867188,1.7999999225139618
dc_a6d9638415be,0.31392478942871094,3.3912140876054764
dc_63477d7fddc5,0.21764183044433594,2.119342051446438
dc_4b7a393d65ed,0.418212890625,4.21094037592411
dc_a6f917b12861,0.65081787109375,7.5527191162109375
dc_238636144790,0.65081787109375,7.5527191162109375
dc_23dd70e27fd3,0.0,0.0
dc_2cc523155665,0.0,0.0
dc_aa437d7ed6c9,0.0,0.0
dc_945543dfe7d9,0.0,0.0
dc_95ac86b8be5c,0.34095001220703125,15.668869018554688
dc_dd62b4cfd23c,0.4060783386230469,9.723229706287384
dc_23d4f87a5267,0.25132179260253906,6.215234473347664
dc_6c8911ef04ae,0.605560302734375,19.05975341796875
dc_ff894257d489,0.34095001220703125,15.668869018554688
dc_79d66f4fbbef,0.605560302734375,19.05975341796875
dc_9bae8815eb40,0.25132179260253906,6.215234473347664
dc_de01c95e56de,0.4104156494140625,5.977527052164078
dc_ecf9c3a425ee,0.08809280395507812,1.3812500052154064
dc_67636ae84300,0.19385910034179688,2.450978010892868
dc_2ce078333a5c,0.28545379638671875,17.51684695482254
dc_56aaea9dd837,0.0,0.0
dc_831ce16615b7,0.0,0.0
dc_e43a3cf43272,0.0,0.0
dc_3525b583d0e6,0.0,0.0
dc_ae738dd582dd,0.0,0.0
dc_eba87b29546a,0.288726806640625,4.6955108642578125
dc_6d22761134df,0.3735809326171875,5.94024658203125
dc_12ee8967fb3b,0.4669647216796875,4.823632910847664
dc_d9f6b1c94072,0.85400390625,13.13934326171875
dc_4d6a0bcae658,0.301025390625,4.180093482136726
dc_733aea2e5795,0.217254638671875,3.1695280224084854
dc_cbea6272623c,0.1730804443359375,2.4000000208616257
dc_afab297ce101,0.4415283203125,4.235736280679703
dc_f9b2b8a754f1,0.545257568359375,5.033007636666298
dc_62a40204a545,0.5284271240234375,6.522265821695328
dc_c2b297bd8c6e,0.01078033447265625,1.2000000104308128
dc_50c707acf444,0.13033103942871094,2.4183623492717743
dc_fd519f588a3b,0.399261474609375,5.762481689453125
dc_b7f05da064df,0.23465824127197266,3.0146514996886253
dc_506cd0de8c4c,0.365081787109375,5.065814405679703
dc_fe7cb3e8830f,0.23959732055664062,2.979885973036289
dc_7d05eaf4ac3e,0.3911895751953125,4.056445136666298
dc_445dff13f0cb,0.01009368896484375,1.2000000104308128
dc_75d783969484,0.5392303466796875,6.630273163318634
dc_93d82a58a852,0.1882476806640625,6.05420246720314
dc_fc171f02d21c,0.1882476806640625,6.05420246720314
dc_a110d272ec8d,0.1391143798828125,1.6334015876054764
dc_ece45f669ead,0.45288848876953125,5.392785742878914
dc_a8a368db33bb,0.12270164489746094,2.4000000208616257
dc_0bc4b8b71abf,0.17669677734375,2.4000000208616257
dc_61d80369f0b7,0.554656982421875,8.14971923828125
dc_e6bbbb28df9c,0.59771728515625,13.747406005859375
dc_fa02eedb0951,0.73492431640625,13.67950439453125
dc_fd81772613cf,0.23287010192871094,2.841793932020664
dc_9979cc01880f,0.015716582536697388,1.2000000104308128
dc_64078778e699,0.32431983947753906,5.592294409871101
dc_145f8eb38f08,0.06860160827636719,2.4000000208616257
dc_f9657e3a222d,0.8702392578125,12.33062744140625
dc_21b4adeddde5,0.455963134765625,4.582023620605469
dc_60550a4f2094,0.0,0.0
dc_178e214f0af3,0.70574951171875,9.57794189453125
dc_b5563d708045,0.72998046875,9.98992919921875
dc_e0148a6d7cfe,0.644989013671875,5.6316375732421875
dc_267ac84b2d36,0.0801239013671875,1.2000000104308128
dc_8220a2e039af,0.5419845581054688,7.027331739664078
dc_73dc9624ff3e,0.9058837890625,9.635162353515625
dc_562f41628d8f,0.901611328125,8.707427978515625
dc_955dd0d1f4c4,0.012615203857421875,2.4000000208616257
dc_2f5dcb1f11e8,0.901611328125,8.707427978515625
dc_5682de2fcd5d,0.9058837890625,9.635162353515625
dc_5221dcc60ba1,0.9058837890625,9.635162353515625
dc_905ee378fa5e,0.267181396484375,3.004300035536289
dc_999534d8e27f,0.3396415710449219,3.8527406752109528
dc_fed86730d8eb,0.2767372131347656,3.079882822930813
dc_c0c1e9788a37,0.30411720275878906,3.817974776029587
dc_7dc82ae0dd2a,0.8004150390625,7.421875
dc_3223faf8d9ac,0.88372802734375,9.627532958984375
dc_0e8f573507fc,0.3677978515625,4.28009033203125
dc_6fa7f8a2244a,0.765380859375,9.896087646484375
dc_0a9668a7af4c,0.46189117431640625,7.151360809803009
dc_a7acec8d7af4,0.46189117431640625,7.151360809803009
dc_caccd08596b9,0.765380859375,9.896087646484375
dc_692764cc56b5,0.8004150390625,7.421875
dc_4f3fb90492d6,0.916015625,12.9974365234375
dc_06cf1c89d97f,0.612396240234375,7.8739166259765625
dc_0bca91742046,0.597686767578125,6.060357764363289
dc_b42253a6f4e0,0.93603515625,12.516021728515625
dc_c5239980dbb9,0.65191650390625,5.8597564697265625
dc_3ae192f6e1fc,0.928466796875,13.10577392578125
dc_cdbcaaff9db4,0.610321044921875,7.66448974609375
dc_a89104d1dea0,0.59881591796875,6.1603546142578125
dc_855db3db7730,0.8712158203125,12.303924560546875
dc_20ffe88937a6,0.91650390625,12.709808349609375
dc_0895931a44dc,0.91925048828125,12.969970703125
dc_91489ab87680,0.94854736328125,13.1622314453125
dc_144cef939b14,0.90252685546875,11.968231201171875
dc_9c4211d3ccea,0.88916015625,11.736297607421875
dc_f1fa89442e45,0.671722412109375,9.5977783203125
dc_cc8fe699ab97,0.651092529296875,8.62579345703125
dc_e750446c0bc0,0.577056884765625,7.5603485107421875
dc_132750142234,0.8084716796875,9.1552734375
dc_e3402b9266d8,0.95880126953125,11.48681640625
dc_409183797c0d,0.3639564514160156,9.413909912109375
dc_becc405617af,0.07190704345703125,2.4000000208616257
dc_5040856febf7,0.05650806427001953,1.8000001087784767
dc_becfb5c153fe,0.21431732177734375,3.883587568998337
dc_5cda8a3851c2,0.785400390625,9.868621826171875
dc_b12f43ed44be,0.90203857421875,13.49334716796875
dc_59773501dcdd,0.937255859375,12.19940185546875
dc_3feab9bb27ef,0.928466796875,13.10577392578125
dc_77d6c520b74a,0.7022705078125,8.707427978515625
dc_c160bcff218a,0.90203857421875,13.49334716796875
dc_c0dc6dafc51e,0.916015625,12.9974365234375
dc_63d292808da8,0.7056884765625,8.77227783203125
dc_22b86260251c,0.9334716796875,13.4002685546875
dc_f66893ce1d98,0.645355224609375,8.565521240234375
dc_bf02966eb419,0.0275115966796875,1.2000000104308128
dc_4126490726b2,0.597686767578125,6.060357764363289
dc_ab342699d6b9,0.23076629638671875,3.7066373974084854
dc_39ff79a5b283,0.23076629638671875,3.7066373974084854
dc_27ae5eaebba0,0.2495098114013672,3.0795013532042503
dc_03a055ec8a9d,0.5955657958984375,6.621880829334259
dc_037586104f46,0.5955657958984375,6.621880829334259
dc_a9fcf2df567d,0.9188232421875,9.36737060546875
dc_2b8c784a19e7,0.58233642578125,5.620904639363289
dc_381df857e073,0.650787353515625,6.8683624267578125
dc_5df588dae044,0.2810516357421875,3.047267161309719
dc_a9eeb2ecdcc1,0.0,0.0
dc_a07b002af4ce,0.4186820983886719,4.69922199845314
dc_079b9dd52c7e,0.76171875,8.056640625
dc_c91b689569e2,0.2742881774902344,3.3460967242717743
dc_14899623a0b1,0.82501220703125,8.59375
dc_cb6d24a8690a,0.4099578857421875,5.319925025105476
dc_2e5749b84fc8,0.535980224609375,7.51953125
dc_1459b4e7eef5,0.36232757568359375,8.432717621326447
dc_ee9c5e566c3c,0.2698974609375,2.4023406207561493
dc_e529dbcff544,0.0,0.0
dc_ad044f529f5f,0.600372314453125,4.0691375732421875
dc_67de210cb17a,0.5268363952636719,5.197473242878914
dc_543c04d60b95,0.75091552734375,9.84954833984375
dc_9dd5204cf104,0.8973388671875,11.632537841796875
dc_9edcf95c820e,0.93133544921875,13.885498046875
dc_4ad3f9c6b136,0.846435546875,12.105560302734375
dc_7d5258421dfa,0.46251678466796875,5.621667578816414
dc_66cc54598f3e,0.493927001953125,7.473130524158478
dc_631b3757e900,0.61895751953125,9.55810546875
dc_52be2b848b4f,0.45496368408203125,19.113540649414062
dc_dd96fac8908c,0.66217041015625,19.82879638671875
dc_54fd156f6e89,0.66217041015625,19.82879638671875
dc_e2f0d5b0e152,0.344482421875,19.483184814453125
dc_1ecd2bc35dc3,0.4434967041015625,15.302658081054688
dc_9c4395da1472,0.66217041015625,19.82879638671875
dc_5d6a143d4026,0.3412322998046875,6.87255859375
dc_af553fcece3c,0.75982666015625,16.931915283203125
dc_94b7312e4711,0.66217041015625,19.82879638671875
dc_c161f3e80fbd,0.8856201171875,13.59405517578125
dc_20809b86822e,0.9183349609375,13.06610107421875
dc_3aebc3edbd4d,0.59991455078125,7.6984405517578125
dc_82835681bfc0,0.66217041015625,19.82879638671875
dc_cab7dc076637,0.3412322998046875,6.87255859375
dc_02182668c9f0,0.4403533935546875,16.436004638671875
dc_b2d8b1a270c4,0.63726806640625,18.15185546875
dc_070bebed08d4,0.66217041015625,19.82879638671875
dc_864cf68f769a,0.51373291015625,14.426040649414062
dc_e579a4187175,0.66217041015625,19.82879638671875
dc_1582bf9a4bfb,0.3412322998046875,6.87255859375
dc_3ad585b77fab,0.3412322998046875,6.87255859375
dc_ddd97248cc7e,0.4202308654785156,6.758014112710953
dc_347878620932,0.62713623046875,7.7060699462890625
dc_194539a143f0,0.66217041015625,19.82879638671875
dc_ad43d4cf1b08,0.3412322998046875,6.87255859375
dc_3b40bd0e28a9,0.401519775390625,13.6566162109375
dc_202e0cae629a,0.5478515625,23.55499267578125
dc_3bb6faa489b4,0.413055419921875,15.04058837890625
dc_060cddee4ce7,0.75982666015625,16.931915283203125
dc_3f9dc02dbec2,0.4434967041015625,15.302658081054688
dc_6480c6df7d40,0.3090705871582031,4.543963447213173
dc_4b4602a89a86,0.1341991424560547,2.5160185992717743
dc_627ff60a8500,0.89617919921875,16.8609619140625
dc_9f26b8e594c9,0.014607429504394531,1.2000000104308128
dc_e3eea2ec5e00,0.935302734375,13.44757080078125
dc_2143f8b4a2a6,0.92340087890625,12.030792236328125
dc_f22eaad28efd,0.9219970703125,12.969207763671875
dc_254519e1eeb7,0.108642578125,2.4000000208616257
dc_84ad60eb1b07,0.93157958984375,13.360595703125
dc_ca4ce1d1a929,0.5347442626953125,6.386895477771759
dc_a8482afc8543,0.343841552734375,4.080859571695328
dc_72d8cb06afd7,0.156158447265625,2.540432848036289
dc_ba3a04b0acb7,0.649505615234375,8.842086791992188
dc_3836361e4e37,0.2551116943359375,3.069531172513962
dc_9e9c29814c16,0.25905609130859375,3.137103095650673
dc_4d97600c0104,0.25905609130859375,3.137103095650673
dc_3c8e7ae84da8,0.0,0.0
dc_9b95847ef56f,0.2386474609375,3.142773360013962
dc_585b130bbc37,0.314483642578125,3.932415693998337
dc_f7c3855e08a9,0.314483642578125,3.932415693998337
dc_4bfdea1a9bd2,0.39994049072265625,5.401559546589851
dc_c123c483cf92,0.533782958984375,6.8363189697265625
dc_eff2b6ea88b4,0.3736228942871094,5.139056220650673
dc_00a02e9b7cf8,0.736236572265625,8.528900146484375
dc_82df444c36ba,0.5909271240234375,6.459374725818634
dc_5057b853b06b,0.39994049072265625,5.401559546589851
dc_03c1a9199b8c,0.5909271240234375,6.459374725818634
dc_5b48930dcb41,0.736236572265625,8.528900146484375
dc_0882af2abe6a,0.22185516357421875,2.4671904742717743
dc_dce4e16c83f1,0.32035350799560547,4.447070136666298
dc_13a37eb7f85b,0.4731597900390625,15.998458862304688
dc_db0f207e9b74,0.49359130859375,8.158493041992188
dc_da694d866879,0.305023193359375,7.186126708984375
dc_a013916a228d,0.58343505859375,5.6240081787109375
dc_fa32d5b574b6,0.282928466796875,9.080886840820312
dc_1e39597e7669,0.4731597900390625,15.998458862304688
dc_f8e77a5485b8,0.03800201416015625,2.4000000208616257
dc_a84467e0fe1e,0.704376220703125,9.016799926757812
dc_7260fa89b9b2,0.78448486328125,7.55157470703125
dc_528e1ba31c73,0.0444183349609375,0.6000000052154064
dc_1e07f06c96b1,0.16471481323242188,2.4000000208616257
dc_aefac21a1874,0.27935791015625,2.713671885430813
dc_a01ca4642c9f,0.629119873046875,10.8184814453125
dc_7c600bd05cc6,0.8023681640625,11.80419921875
dc_62fa7efb5bab,0.88140869140625,10.912322998046875
dc_82b88a5440d2,0.04585456848144531,2.4000000208616257
dc_1dd5890ebb6b,0.727874755859375,7.373046875
dc_cffe36ef20e3,0.93658447265625,11.551666259765625
dc_404bbc86384a,0.017414093017578125,2.4000000208616257
dc_9c834cc92f25,0.5639801025390625,10.415978729724884
dc_bdd81f74b166,0.19804954528808594,3.576556220650673
dc_3a4bdb026ecc,0.019204139709472656,2.4000000208616257
dc_6704477657fe,0.723541259765625,10.7421875
dc_c11c998fe76e,0.0,0.0
dc_5275a77e506f,0.0,0.0
dc_0499ba5ee08a,0.0,0.0
dc_94adf4e278f3,0.0,0.0
dc_804db6bb2305,0.0,0.0
dc_951ab6bcefa0,0.0,0.0
dc_d6b57c7d2f07,0.0,0.0
dc_2046ccb217ea,0.0,0.0
dc_2338d12e367c,0.3388824462890625,11.128564178943634
dc_5a3cb29dc9a8,0.30368804931640625,3.3644594252109528
dc_07b3382b03ec,0.4517974853515625,5.439654737710953
dc_6fac010572d0,0.4465484619140625,5.8353424072265625
dc_34f0b7f21dd7,0.4517974853515625,5.439654737710953
dc_aaaa51bde60b,0.4517974853515625,5.439654737710953
dc_1aa9d4da8c08,0.4411163330078125,5.5171966552734375
dc_4b2fdcc8f1c8,0.62872314453125,6.044717505574226
dc_97a9a746d058,0.24617767333984375,2.7056610211730003
dc_5fc5932e2fa1,0.2700977325439453,3.6497987806797028
dc_57ccaad02d2e,0.76202392578125,7.3902130126953125
dc_3dc0908f81e0,0.100860595703125,2.4000000208616257
dc_3531ad1a510c,0.19379234313964844,3.120509348809719
dc_b3c53f7424cf,0.21330738067626953,2.7193421497941017
dc_b0bc13ad8190,0.5248260498046875,6.252948194742203
dc_ffd9669a659e,0.2739715576171875,3.1347624957561493
dc_d44ec64700fa,0.028156280517578125,2.4000000208616257
dc_e022cb5d327b,0.94635009765625,17.413330078125
dc_1390c65c85f0,0.9464111328125,16.5618896484375
dc_9996d2a0e21d,0.44061279296875,4.921289160847664
dc_f90876e9d8ae,0.31256866455078125,3.817974776029587
dc_ddb7e68d3679,0.19076156616210938,7.5667813420295715
dc_47dd6e6f269c,0.384857177734375,2.640429697930813
dc_630579405647,0.76190185546875,7.553863525390625
dc_83e9572d0746,0.335052490234375,3.875195235013962
dc_ac3f561a257b,0.335052490234375,3.875195235013962
dc_09baa6be34aa,0.41396141052246094,4.439059644937515
dc_c4e49d4ab25f,0.20307350158691406,2.284761145710945
dc_f5141a487f0e,0.53717041015625,5.805865675210953
dc_a58e2ed3ead5,0.45855712890625,5.439654737710953
dc_2d3d06e9ea7a,0.0516510009765625,0.6183624267578125
dc_32982197477b,0.3003082275390625,2.7705108746886253
dc_bfc0dc91e53d,0.1704721450805664,2.923046797513962
dc_238000347c5c,0.09177207946777344,2.4000000208616257
dc_806246663f94,0.17449188232421875,2.752148360013962
dc_3fa98b8aaba6,0.830841064453125,8.130645751953125
dc_b42e1143db3d,0.20338916778564453,2.752148360013962
dc_31eac5a9a731,0.911865234375,13.946533203125
dc_e521fcdace02,0.92169189453125,13.372802734375
dc_5447998cc8d7,0.93756103515625,14.05792236328125
dc_e9ba7c30d146,0.75323486328125,10.506439208984375
dc_e7e879fe0f05,0.93377685546875,12.88299560546875
dc_baa41125feea,0.697723388671875,7.9586029052734375
dc_4f0f453ed023,0.17559814453125,2.901354990899563
dc_583b75cdc1d2,0.93756103515625,14.05792236328125
dc_14483ad203a0,0.0604248046875,1.2000000104308128
dc_5ae368e148c6,0.0,0.0
dc_1950c37b6b09,0.3332529067993164,3.879304602742195
dc_e694b11642aa,0.3350334167480469,3.842388838529587
dc_50f553e0c62c,0.058802634477615356,2.4000000208616257
dc_6c4275f57202,0.539764404296875,5.525398254394531
dc_5f2a61722af9,0.539764404296875,5.525398254394531
dc_c192d1a8a58f,0.37903594970703125,4.455462843179703
dc_cee882b53bd3,0.615997314453125,7.080650329589844
dc_2b393a3841c5,0.016766220331192017,2.4000000208616257
dc_c46ca6c89e13,0.032146453857421875,2.4000000208616257
dc_cb943ec8c29b,0.0,0.0
dc_48932a950563,0.0,0.0
dc_825c795eeabf,0.78656005859375,8.684158325195312
dc_c4bceff97da5,0.2306690216064453,3.980480879545212
dc_4465586fa278,0.2785301208496094,8.948464691638947
dc_e17d7e79bbea,0.61767578125,21.551513671875
dc_8139e532c3de,0.514190673828125,6.217193603515625
dc_56d92a649558,0.69427490234375,19.32220458984375
dc_e8d31e068a27,0.565399169921875,7.573127746582031
dc_ac4ba4acc418,0.2785301208496094,8.948464691638947
dc_c34856e581f7,0.2785301208496094,8.948464691638947
dc_5cdbfb9dbc3c,0.69427490234375,19.32220458984375
dc_ef06ca20995a,0.514190673828125,6.217193603515625
dc_b4cb8f3be956,0.19496917724609375,6.895013153553009
dc_b853c136e629,0.2264862060546875,7.911248505115509
dc_e81430ad9e71,0.445526123046875,24.131011962890625
dc_e40e30b5f07d,0.2264862060546875,7.911248505115509
dc_6941afa4ec15,0.505340576171875,4.416413977742195
dc_1f5c6ef67d69,0.69427490234375,19.32220458984375
dc_6b2ef030c33c,0.6441650390625,22.20306396484375
dc_ffd700f6d2ef,0.714508056640625,7.682037353515625
dc_5a561854a759,0.7303466796875,8.08868408203125
dc_1c34e69b8d80,0.19496917724609375,6.895013153553009
dc_81bf17999a6f,0.6441650390625,22.20306396484375
dc_924c700670ac,0.5594482421875,5.376764014363289
dc_09dea9d939e5,0.539794921875,13.197708129882812
dc_cc078a791020,0.19496917724609375,6.895013153553009
dc_b86253ab50d7,0.6468505859375,7.273431122303009
dc_ada9efdb9033,0.407806396484375,14.226913452148438
dc_541552635281,0.5283355712890625,7.6156094670295715
dc_dc8fb9b88484,0.620635986328125,6.021881103515625
dc_8ce3e4ffe880,0.4722137451171875,9.748077392578125
dc_3b978cea1326,0.620635986328125,6.021881103515625
dc_01f9f53c2eac,0.23788070678710938,6.06488361954689
dc_363c889003c4,0.2894401550292969,4.666224867105484
dc_c73e00e9ed81,0.5629653930664062,6.476159393787384
dc_50d4b0564dea,0.20672225952148438,4.397860914468765
dc_e4369ccb8810,0.477508544921875,13.991546630859375
dc_6d10a61e19f2,0.3231964111328125,12.701034545898438
dc_572b91bb7df5,0.4842071533203125,18.88885498046875
dc_c076f88bdf99,0.3231964111328125,12.701034545898438
dc_c31443bd7e5d,0.45806884765625,17.720413208007812
dc_b0e5e2338d19,0.4228515625,5.108972266316414
dc_7085de572f71,0.609161376953125,6.591606140136719
dc_0ae77cd8da7f,0.609161376953125,6.591606140136719
dc_347a9c97b46e,0.4565238952636719,8.932391554117203
dc_623234ef1b41,0.5611724853515625,7.913970947265625
dc_d4812e5e6145,0.10112380981445312,1.9080078229308128
dc_ce8075567251,0.5611724853515625,7.913970947265625
dc_83ffc6452bd2,0.4403076171875,4.313468933105469
dc_537f282facb3,0.5071563720703125,5.561724677681923
dc_79d256a5f79f,0.23463916778564453,2.833401598036289
dc_3f21446be601,0.51885986328125,7.5069427490234375
dc_faf2065fd962,0.03685951232910156,2.4000000208616257
dc_45aede10d770,0.78839111328125,8.991241455078125
dc_aaeb2a6d5fa0,0.91107177734375,11.978912353515625
dc_da9fd4387a5d,0.784027099609375,9.582901000976562
dc_c9d4281c0249,0.821044921875,9.049224853515625
dc_dca5ba467cc7,0.911865234375,10.92071533203125
dc_e7b041f66911,0.750579833984375,7.901763916015625
dc_94c07a192a70,0.722442626953125,9.122085571289062
dc_230712d60e56,0.73919677734375,8.797836303710938
dc_b54674e4a1dd,0.75341796875,8.617401123046875
dc_9d8cf5da6d03,0.25650978088378906,3.9584077894687653
dc_bb5ca6fb7836,0.70965576171875,8.885574340820312
dc_d6b549083307,0.3897857666015625,3.895898535847664
dc_ac85fb243e38,0.5773773193359375,7.037682831287384
dc_0c28c42b4cce,0.8193359375,11.766815185546875
dc_d1cc4e423ca1,0.607635498046875,8.335442841053009
dc_2d3e640cf930,0.5714111328125,5.523629859089851
dc_df6acb943b72,0.5714111328125,5.523629859089851
dc_0be7ca6fbfc0,0.37914276123046875,5.106250196695328
dc_4c8f72b408e3,0.5184707641601562,7.289452850818634
dc_a29f6258e847,0.3113555908203125,4.7810472548007965
dc_141a6d343f13,0.576568603515625,5.816598609089851
dc_97babf80923b,0.7822265625,7.07244873046875
dc_88ac7ff70b25,0.242889404296875,2.622067369520664
dc_d493afe55f15,0.13774871826171875,2.4615203961730003
dc_e3d250e7b140,0.9014892578125,11.9354248046875
dc_baa85d8160d3,0.91455078125,12.671661376953125
dc_fcf51a120a52,0.48082923889160156,6.229297071695328
dc_e5cafa592f46,0.954345703125,12.914276123046875
dc_bac0d40c168b,0.6793365478515625,6.6222622990608215
dc_d53cb59c41ed,0.16382408142089844,3.8474518805742264
dc_c4344c114a1e,0.78546142578125,16.1834716796875
dc_3a1b184b17f4,0.5028839111328125,8.241982758045197
dc_4d8a5f0cb9bc,0.80908203125,13.3087158203125
dc_10d0eb56510d,0.76922607421875,12.81280517578125
dc_cb35267e5332,0.328765869140625,3.4949220716953278
dc_92574408e089,0.0,0.0
dc_110a4aba51b3,0.51611328125,4.584399610757828
dc_c7c5fc8a1267,0.0904684066772461,2.4000000208616257
dc_02ca9e4d5343,0.0367431640625,1.2000000104308128
dc_50cfa203d920,0.3119697570800781,3.7630949169397354
dc_b38461998b03,0.519744873046875,4.634753614664078
dc_0d852c0bbe7c,0.3986625671386719,4.756060987710953
dc_ee959c9118c2,0.1565093994140625,1.8511688336730003
dc_d1ab1505b7c8,0.82061767578125,9.9700927734375
dc_7d1001e2c4ce,0.86663818359375,11.165618896484375
dc_40e30e32f22b,0.580169677734375,7.171960175037384
dc_a5676724cc7b,0.6708984375,7.6175689697265625
dc_8af951b34bae,0.873779296875,11.447906494140625
dc_c878c41c84a1,0.22105789184570312,5.562487989664078
dc_b17651764b5b,0.22105789184570312,5.562487989664078
dc_54e21ce1cea4,0.11888694763183594,1.9324218854308128
dc_b80ac4ec6ffb,0.4226531982421875,3.234664350748062
dc_c1dd5309d7d9,0.48728179931640625,5.931039527058601
dc_704355a73b47,0.1613445281982422,3.077923506498337
dc_e810f98f642f,0.16933441162109375,2.4000000208616257
dc_45a9d34cb56f,0.02197265625,1.7999999225139618
dc_3341e1570713,0.012377768754959106,1.7999999225139618
dc_62ad4ef31871,0.008707046508789062,1.2000000104308128
dc_5e45345b536d,0.0,0.0
dc_a97ad74f1324,0.02030467987060547,2.4000000208616257
dc_c4278b67d2a7,0.0,0.0
dc_415ec14e7f88,0.2421722412109375,2.4000000208616257
dc_101d7e8f8cd1,0.23470306396484375,3.3460967242717743
dc_b1bab62f304f,0.3133697509765625,3.031054697930813
dc_f37586d2198c,0.19024658203125,2.040429785847664
dc_c58e13acabfe,0.25189781188964844,2.8843795880675316
dc_52cd5868f517,0.3562126159667969,5.369516089558601
dc_e69a4d117f8d,0.3562126159667969,5.369516089558601
dc_f9b72dde45d8,0.1676197052001953,2.2578155621886253
dc_d62273c68978,0.19024658203125,2.040429785847664
dc_828f6330155e,0.3562126159667969,5.369516089558601
dc_183f43223ec1,0.4552192687988281,4.474206641316414
dc_4ca5071fffcd,0.4552192687988281,4.474206641316414
dc_80aeb614dd61,0.675048828125,8.250808715820312
dc_2f483ca1c248,0.0,0.0
dc_1d3d51cfc269,0.0,0.0
dc_7265e2ab382c,0.0,0.0
dc_42e5e1f19e3b,0.0,0.0
dc_4360cc6ad80d,-1.0,-100.0
dc_2d7b8c28a757,0.615875244140625,9.220504760742188
dc_fd11a1f44708,0.09021472930908203,2.532421797513962
dc_81bdea6e864f,0.3407135009765625,4.39453125
dc_caa1e331d330,0.18990325927734375,3.096095286309719
dc_5453a4c127bb,0.26682472229003906,3.5132844001054764
dc_ca9d0ab87d83,0.09021472930908203,2.532421797513962
dc_88c1a3921ea5,0.0975494384765625,2.4000000208616257
dc_a9771e1b4483,0.3407135009765625,4.39453125
dc_e8eb1c059cb6,0.09021472930908203,2.532421797513962
dc_6ae6c7cea56c,0.23566818237304688,2.816998213529587
dc_2f2def1e8828,0.531707763671875,5.927935987710953
dc_e0c9ea4740c6,0.60888671875,5.941200256347656
dc_dfc666f9c4cb,0.73431396484375,8.879470825195312
dc_3cee381ca6c0,0.531707763671875,5.927935987710953
dc_e8a35c14d2f4,0.8746337890625,10.2783203125
dc_1624f2fc727a,0.90948486328125,11.360931396484375
dc_0a48e11e6871,0.5213890075683594,6.9648221135139465
dc_1a859cfbdcb4,0.3731689453125,2.614056318998337
dc_62b148aaa408,0.12214183807373047,2.493945322930813
dc_2c014e46bfd7,0.12214183807373047,2.493945322930813
dc_95a460858bbe,0.6194661259651184,6.14115409553051
dc_7ab474505334,0.12214183807373047,2.493945322930813
dc_db838b27c2aa,0.542022705078125,4.866790771484375
dc_878c140caab9,0.42974853515625,4.552355781197548
dc_7afdfff73d8e,0.44264984130859375,7.704491913318634
dc_613b9e440a52,0.33953857421875,3.7601470947265625
dc_b297a9da2ee8,0.25565528869628906,2.689257822930813
dc_6146656d1013,0.59661865234375,5.6720733642578125
dc_924bac73f757,0.659637451171875,7.12890625
dc_668ad699c3a5,0.34111785888671875,7.173053175210953
dc_8f0aa85ad64d,0.3135986328125,4.780856519937515
dc_8a0744087416,0.279296875,3.2343782484531403
dc_f1924a1f4658,0.639007568359375,6.543731689453125
dc_e0a8ffe0675b,0.3394775390625,3.2345689833164215
dc_d0069abf7d58,0.81866455078125,9.52606201171875
dc_47cb11fb436c,0.7369384765625,7.19451904296875
dc_f011d85ef1f9,0.578857421875,4.978509619832039
dc_7f2eb6b38fbd,0.92822265625,9.228515625
dc_9a635f7f4c1f,0.010578155517578125,1.2000000104308128
dc_0effc7beed6d,0.3484992980957031,4.74805012345314
dc_a288f31a82ee,0.151763916015625,3.1263701617717743
dc_9ddbd01cdc30,0.8214111328125,12.303924560546875
dc_c89bb09da654,0.0032558441162109375,0.6000000052154064
dc_af33dfbf5532,0.80426025390625,10.9039306640625
dc_0d1d0eeeddb7,0.91259765625,13.846588134765625
dc_048121696554,0.5837249755859375,8.362960815429688
dc_ed91aed5b37e,0.7332763671875,11.00616455078125
dc_478c687740da,0.934814453125,14.14947509765625
dc_db49eaafdae8,0.626312255859375,9.716033935546875
dc_dd23e424efc1,0.82586669921875,12.853240966796875
dc_4f4a0b432dc9,0.9197998046875,14.176177978515625
dc_abb797b53b98,0.82080078125,12.2314453125
dc_65aed79b4274,0.61285400390625,11.28082275390625
dc_4b83d9872e2e,0.67779541015625,10.221099853515625
dc_9853927b6203,0.22286224365234375,3.329693526029587
dc_89fdbc2bf070,0.8883056640625,13.54827880859375
dc_8e771aedabc9,0.29850006103515625,2.6706093922257423
dc_a565678c206d,0.83013916015625,16.8304443359375
dc_d02a64f6db73,0.012615203857421875,1.2000000104308128
dc_9f6f0a48ddbb,0.3437309265136719,4.748431593179703
dc_3602336d3d9e,0.266082763671875,2.4000000208616257
dc_bfa1717c079a,0.0,0.0
dc_e11210b1487c,0.04552459716796875,2.4000000208616257
dc_33991d604090,0.013347625732421875,1.2000000104308128
dc_3f57a6a92dfe,0.0,0.0
dc_06bbdd2a31eb,0.0028476715087890625,0.6000000052154064
dc_a1f012a7d971,0.05509185791015625,1.7999999225139618
dc_1963a1dab74f,0.012859344482421875,1.2000000104308128
dc_295bde3d8f29,0.0,0.0
dc_cc1a5c76c102,0.0,0.0
dc_2c541c5c30d6,0.0,0.0
dc_b1c8c36b01b9,0.036457061767578125,2.4000000208616257
dc_a20930b79289,0.0,0.0
dc_7c029fb06937,0.00244140625,0.6000000052154064
dc_f568eee20c17,0.0,0.0
dc_1491711e475b,0.0,0.0
dc_4a8c1543df7d,0.0,0.0
dc_27080243001e,0.008056640625,1.2000000104308128
dc_50e4626e32e8,0.1528167724609375,10.712329298257828
dc_cda90edc406a,0.06192779541015625,2.483593672513962
dc_e87f67f21f0c,0.06192779541015625,2.483593672513962
dc_307abcbb36ae,0.22177505493164062,7.082696259021759
dc_6c5747e8ee21,0.1528167724609375,10.712329298257828
dc_1afe434bec86,0.421630859375,14.88037109375
dc_770feb7b2cec,0.06192779541015625,2.483593672513962
dc_672db836d74d,0.59002685546875,5.840249732136726
dc_caf0dd24a4a3,0.4856109619140625,4.926959052681923
dc_5998861d7b2d,0.36110496520996094,4.099603369832039
dc_d066029539f1,0.5151596069335938,6.589646637439728
dc_93add6dd1d1d,0.39725494384765625,7.141772657632828
dc_03a4e256150f,0.5151596069335938,6.589646637439728
dc_85d3abd0eef7,0.5055084228515625,5.895892530679703
dc_6ab52053e3ec,0.69580078125,8.00730362534523
dc_77bfb34f333b,0.39348602294921875,4.853717237710953
dc_6cd417b4303c,0.39348602294921875,4.853717237710953
dc_5a60b2d9349b,0.2746772766113281,4.103314131498337
dc_a24c2e20f526,0.4499664306640625,4.471103101968765
dc_dfcc7a22bf0c,0.3664665222167969,4.682818800210953
dc_0440ca675a9b,0.017822265625,1.2000000104308128
dc_e213d4585248,0.27962493896484375,3.041406162083149
dc_93e321876bc3,0.39975738525390625,4.202929884195328
dc_841c8754ed1b,0.935791015625,10.384368896484375
dc_e0deb5a5797a,0.587005615234375,6.241607666015625
dc_f5cff530e954,0.10320091247558594,2.5568360462784767
dc_0d21ead2053e,0.20404815673828125,2.258197031915188
dc_fa3d9251f7ad,0.6332855224609375,14.498138427734375
dc_7fc2fd8eb460,0.87579345703125,15.26336669921875
dc_9efbddd27ce0,0.6302490234375,9.833855926990509
dc_1aaac235c2f7,0.51593017578125,9.273095428943634
dc_2c01eccc6cb3,0.3627052307128906,4.971261695027351
dc_7f4a4b98d21f,0.3627052307128906,4.971261695027351
dc_af69a6e28ad1,0.694610595703125,7.389068603515625
dc_0f72f668a2e1,0.571929931640625,6.925201416015625
dc_7fde5e00e88d,0.6400146484375,7.601165771484375
dc_db551e60c8c7,0.069854736328125,1.2000000104308128
dc_4861bf2a2b63,0.3931884765625,3.6035019904375076
dc_a4bccfe660c3,0.547088623046875,5.444145202636719
dc_8c4c2067351e,0.463897705078125,4.351373389363289
dc_e815cc10857f,0.5716705322265625,6.043139845132828
dc_83a5ba62b6b4,0.7187652587890625,8.12225341796875
dc_a544254c915e,0.16676902770996094,3.069531172513962
dc_a8e6550e1c77,0.3979682922363281,12.507195770740509
dc_3d8ba6265059,0.499847412109375,17.717742919921875
dc_fb7b3b72a5bc,0.499847412109375,17.717742919921875
dc_57b30b036cf1,0.602874755859375,9.35516357421875
dc_90a6d53a922b,0.1028604507446289,2.4999968707561493
dc_64fcb38e770e,0.602874755859375,9.35516357421875
dc_22c92b609884,0.032347679138183594,1.7999999225139618
dc_41bc53d197ab,0.4269561767578125,4.365817457437515
dc_097651479686,0.34665870666503906,4.634753614664078
dc_f68c00c4207e,0.64178466796875,5.777740478515625
dc_6fa5cb317f61,0.0786285400390625,1.2000000104308128
dc_98252a80dd0a,0.499908447265625,7.859368622303009
dc_87d4cffa460b,0.4840545654296875,4.286142066121101
dc_f0251b9c4cc6,0.295166015625,12.102890014648438
dc_76ee034b9cda,0.499908447265625,7.859368622303009
dc_939f4f8150c1,0.499908447265625,7.859368622303009
dc_4c67f29cb099,0.531097412109375,26.708984375
dc_1b4424f5d12f,0.2320404052734375,9.046173095703125
dc_42f11cbcfcbf,0.45638084411621094,5.130663886666298
dc_ee22854729f6,0.38985443115234375,4.519931226968765
dc_b882f44c45b0,0.283416748046875,15.677209198474884
dc_960d4026cc0b,0.295166015625,12.102890014648438
dc_445b318d96ef,0.13146212697029114,2.021876536309719
dc_3f97f56200be,0.8226318359375,11.04278564453125
dc_5ee3b5325f08,0.7393798828125,6.99005126953125
dc_35337c131c2a,0.3595123291015625,4.414645582437515
dc_ef8eba6bb65f,0.93280029296875,13.91143798828125
dc_4df3eadcb5ae,0.93280029296875,13.91143798828125
dc_90940e7c3b70,0.7100372314453125,12.691116333007812
dc_41636269afae,0.26374244689941406,2.9357392340898514
dc_6c962e9b59d5,0.28731536865234375,3.3810529857873917
dc_a4e4cd6244d3,0.28731536865234375,3.3810529857873917
dc_2565df2c93a6,0.596466064453125,5.7529449462890625
dc_bf71e65b6afd,0.74224853515625,7.3886871337890625
dc_ed440e2ff94b,0.3697967529296875,4.457421973347664
dc_5201629a2721,0.196319580078125,3.0859343707561493
dc_cdfdfa748122,0.0035260517615824938,0.800000037997961
dc_8dc8a503fc76,0.11592674255371094,2.2578155621886253
dc_948284a799d6,0.18261146545410156,2.857815660536289
dc_329f757102fc,0.89935302734375,14.2578125
dc_e3b416a1407f,0.898193359375,12.87689208984375
dc_12edc16ab3f5,0.5001373291015625,7.23242312669754
dc_9c866fe205ee,0.89935302734375,14.2578125
dc_3dc2a5cbe072,0.3618011474609375,7.354302704334259
dc_3a88e754c921,0.0,0.0
dc_6186c857fc4f,0.689788818359375,6.7630767822265625
dc_ae465e5fe76f,0.18330955505371094,2.4000000208616257
dc_2705b2329455,0.4077415466308594,4.439059644937515
dc_545444cd2c47,0.8287353515625,10.99853515625
dc_3abd12c5de38,0.273468017578125,3.121081553399563
dc_20dbd0561061,0.288665771484375,3.6033112555742264
dc_3e26e88eb51b,0.585906982421875,5.672454833984375
dc_2b8dfc559922,0.3070487976074219,3.6578096449375153
dc_272219c4c331,0.40227508544921875,3.5865265876054764
dc_c8127fd45f74,0.404754638671875,4.25976850092411
dc_9d9fbdb41e19,0.4973716735839844,6.042376533150673
dc_49e0d2491132,0.3070487976074219,3.6578096449375153
dc_6452cc5b0c97,0.5352630615234375,4.766793921589851
dc_4aca16af087d,0.2740478515625,2.530670166015625
dc_60f5bc675bc3,0.3356590270996094,3.869716078042984
dc_7dd700f2302b,0.3356590270996094,3.869716078042984
dc_b3c70d75bf1a,0.37493896484375,3.7470735609531403
dc_cbc49ed43b20,0.4268798828125,5.059762671589851
dc_d42b2dbe3bc5,0.25657081604003906,3.1613267958164215
dc_9c3dfd2fd93c,0.24225902557373047,3.737103193998337
dc_fd766e3bc945,0.6247406005859375,6.981658935546875
dc_e5983c042068,0.437408447265625,8.000564575195312
dc_4c251ee10a95,0.52862548828125,9.15374755859375
dc_a2db55d0efea,0.3537006378173828,4.487506300210953
dc_ca7d33cf6c31,0.823974609375,8.056640625
dc_64a34293fec1,0.675262451171875,6.18438720703125
dc_0140af52d0df,0.29679107666015625,3.397456184029579
dc_b1fceb7d2ac8,0.3070716857910156,4.633990675210953
dc_20728e9abe29,0.39288330078125,5.76171875
dc_32cda6fe8ad6,0.7393798828125,7.5763702392578125
dc_86494a18d241,0.486083984375,6.986133009195328
dc_8164f23d355e,0.7117919921875,8.59375
dc_a686ad9e9a88,0.3975181579589844,5.269518867135048
dc_6d263b15b250,0.44702911376953125,17.329978942871094
dc_6a2a35ba07d2,0.48236083984375,20.989990234375
dc_cc1e6f846f5c,0.588348388671875,6.494331359863281
dc_faa6dba0bad0,0.48236083984375,20.989990234375
dc_d6ee1c60c7cf,0.44702911376953125,17.329978942871094
dc_bed5d7adeebd,0.44702911376953125,17.329978942871094
dc_7d017b08a124,0.44702911376953125,17.329978942871094
dc_b5e8b871ad80,0.424835205078125,22.7020263671875
dc_c38d391736df,0.44702911376953125,17.329978942871094
dc_fdb3d62969dc,0.44702911376953125,17.329978942871094
dc_ec7f3d892327,0.44702911376953125,17.329978942871094
dc_b24968196134,0.4134368896484375,20.446014404296875
dc_9ce7e28cd5d6,0.44702911376953125,17.329978942871094
dc_7284cc251f4e,0.12689208984375,6.585156172513962
dc_8d1d5560f657,0.44702911376953125,17.329978942871094
dc_f0eb87bf240c,0.44702911376953125,17.329978942871094
dc_ce0c5992cc9b,0.44702911376953125,17.329978942871094
dc_2847d8aab868,0.2352498322725296,7.0362672209739685
dc_471ff8a35a44,0.550201416015625,5.72967529296875
dc_732615ae8393,0.7314453125,7.950592041015625
dc_443bffa57334,0.5058975219726562,6.245318800210953
dc_0ecb384a674e,0.4596099853515625,5.37518598139286
dc_f2547bb7a78e,0.27668285369873047,5.322161689400673
dc_9f6881cb0524,0.0,0.0
dc_d1f55f9f8389,0.31978607177734375,3.3972658216953278
dc_270c6c0a4182,0.78875732421875,9.212493896484375
dc_9bfe6733e707,0.3720804750919342,13.971710205078125
dc_6bd093e936e7,0.28223419189453125,3.020703047513962
dc_4f54bffb8d68,0.3205680847167969,6.484551727771759
dc_13696f488c53,0.35569000244140625,3.8203153759241104
dc_3485d6a6a465,0.47165679931640625,6.702752411365509
dc_0ab33847b79e,0.5921630859375,7.9418182373046875
dc_d6d98ef855f4,0.072998046875,0.6000000052154064
dc_0ef64a43e0fb,0.94757080078125,13.065338134765625
dc_7dfcb0eb02f9,0.76824951171875,10.23712158203125
dc_178b28f5cd76,0.848388671875,11.423492431640625
dc_c806773aba18,0.92633056640625,12.496185302734375
dc_e32fbe5604ea,0.9183349609375,13.326263427734375
dc_da711190ad53,0.92584228515625,13.26141357421875
dc_7c9ebf6e3c47,0.924560546875,14.6026611328125
dc_49df3f3fad96,0.90863037109375,13.2843017578125
dc_46c732da4507,0.78173828125,10.09063720703125
dc_8b4592f3e993,0.79681396484375,10.062408447265625
dc_a4961042eb4e,0.536468505859375,6.136322021484375
dc_e7e81b57c81b,0.56787109375,29.39453125
dc_474103050162,0.32917022705078125,4.84570637345314
dc_5e87bc712d75,0.5096435546875,8.366012573242188
dc_584854729387,0.63848876953125,9.24072265625
dc_16d1c4c70378,0.38495635986328125,6.6581204533576965
dc_3ca280f35beb,0.4921875,7.920403778553009
dc_c6a7708cb1fd,0.5096435546875,8.366012573242188
dc_9a27ff212d93,0.532989501953125,9.25750732421875
dc_9d41992d9e6f,0.439483642578125,12.400436401367188
dc_f49fd2c20dca,0.344451904296875,3.9828218519687653
dc_b035b25ea4f6,0.435943603515625,4.6630859375
dc_909716436a45,0.28354930877685547,3.1554657965898514
dc_904d1fe660bd,0.32684326171875,2.451168932020664
dc_69e23360ffac,0.07523727416992188,2.4000000208616257
dc_3b664e26d6e9,0.5091552734375,6.353326141834259
dc_e54691f8993e,0.38055419921875,7.5069427490234375
dc_0ca47c2bf6c5,0.18552398681640625,2.4000000208616257
dc_fb81ab777b05,0.47766876220703125,4.489846900105476
dc_d5e6794a2612,0.416351318359375,7.869720458984375
dc_25aa98305d4b,0.2944774627685547,3.7306703627109528
dc_aa188d117b03,0.07120895385742188,2.4000000208616257
dc_a6ee91f963a9,0.525848388671875,6.494140625
dc_eef3ba94431e,0.452392578125,5.384774878621101
dc_d1631b663c48,0.452392578125,5.384774878621101
dc_3d82ec0fd7d6,0.79046630859375,8.129119873046875
dc_c0e58b97b609,0.24666595458984375,2.6812469586730003
dc_19f4861e9a91,0.7718505859375,7.94219970703125
dc_55f5c1098183,0.260711669921875,3.6250028759241104
dc_4485a73fc1d8,0.2912940979003906,3.730669990181923
dc_6f67b70fb02b,0.530303955078125,4.6630859375
dc_b71e10f0b551,0.2912940979003906,3.730669990181923
dc_65d48b7b2fd8,0.387298583984375,3.9837751537561417
dc_52d8bce06fbc,0.573211669921875,11.826324462890625
dc_c2f10be9629e,0.3448944091796875,8.309555053710938
dc_3dea0a669a7d,0.4148712158203125,6.254474073648453
dc_81488b0d568f,0.573211669921875,11.826324462890625
dc_6fdf64f1f69a,0.4148712158203125,6.254474073648453
dc_854a45524688,0.26177215576171875,4.275790601968765
dc_f60ee055de0c,0.18024063110351562,2.4000000208616257
dc_7cf3203418c1,0.42156982421875,3.694915771484375
dc_3ef211afc81f,0.38720703125,5.776544287800789
dc_763d1075346e,0.737945556640625,7.2422027587890625
dc_3f99881e922b,0.57086181640625,5.572457984089851
dc_1d1ff5972873,0.6253509521484375,6.264062225818634
dc_686de1690128,0.6253509521484375,6.264062225818634
dc_cc2a38263c7a,0.08062744140625,1.8000001087784767
dc_f1a652f10359,0.5562286376953125,5.643359571695328
dc_f52600c4827b,0.82720947265625,9.28497314453125
dc_f9dd91d3b5f8,0.92510986328125,11.739349365234375
dc_3c709b4835c3,0.79901123046875,10.65216064453125
dc_7d96f21e96e8,0.3513031005859375,4.991809278726578
dc_c2c582121fae,0.2153472900390625,2.524220384657383
dc_57ca1ebae8e5,0.0,0.0
dc_1674d44d30cc,0.52349853515625,7.865142822265625
dc_6073295c9610,0.410888671875,5.157800391316414
dc_e34d7f618094,0.4820098876953125,4.636331275105476
dc_9f2ca161d2a1,0.62884521484375,6.7138671875
dc_4d54edf1f2b3,0.0,0.0
dc_8e9fdcb36e6f,0.8656005859375,14.10369873046875
dc_efd5fc83731e,0.535400390625,6.4453125
dc_0af20c3aa097,0.7169189453125,8.939361572265625
dc_b067df925538,0.81170654296875,9.197235107421875
dc_957ede7b418e,0.9083251953125,12.43438720703125
dc_07c6d715a86b,0.273529052734375,3.8000106811523438
dc_4b5149e761b0,0.94573974609375,10.34393310546875
dc_ab293c583bc3,0.5844879150390625,8.24127197265625
dc_71354fe4b02d,0.658294677734375,8.997344970703125
dc_c4a43ff19d8c,0.5790252685546875,7.862420380115509
dc_65de9231db68,0.7630615234375,11.39373779296875
dc_3d7a9b4bc895,0.5550765991210938,8.389230072498322
dc_4ff698fbffc3,0.86944580078125,11.194610595703125
dc_ba22ed99a4e2,0.609710693359375,8.290429413318634
dc_4a132824cfec,0.615264892578125,7.7472686767578125
dc_186227436fd6,0.7633056640625,12.646484375
dc_3d475b731d7a,0.790008544921875,13.391494750976562
dc_757f768eba9e,0.82958984375,10.591888427734375
dc_907bebabdb02,0.6991729736328125,9.286117553710938
dc_5270a2cc2b71,0.77056884765625,10.772323608398438
dc_d8396c50b3ee,0.91448974609375,14.88189697265625
dc_699df009d618,0.2763671875,3.258410468697548
dc_3fcfdde53010,0.78759765625,13.636016845703125
dc_7ef3283adb5a,0.3764190673828125,7.3486328125
dc_3c9eb2937c6d,0.656890869140625,9.878921508789062
dc_bb427e05d591,0.666656494140625,10.598373413085938
dc_6bda20d02c25,0.772308349609375,12.674713134765625
dc_4e24d0589219,0.80047607421875,13.42010498046875
dc_61f8ed64a9f7,0.34993743896484375,7.922692596912384
dc_074fbadebefb,0.273529052734375,3.8000106811523438
dc_fb656744b899,0.2082691192626953,2.868548594415188
dc_e1c1a14911c4,0.2806282043457031,3.391595557332039
dc_0d3e2978537f,0.707794189453125,9.782028198242188
dc_a8c1a452b265,0.11359786987304688,2.4000000208616257
dc_e5424615cf44,0.1087646484375,2.4000000208616257
dc_0a62b3bc7207,0.21055984497070312,2.4000000208616257
dc_a46fb1abda97,0.08913803100585938,2.4000000208616257
dc_c06b85cd674e,0.21071624755859375,3.3121109008789062
dc_66e21c80d487,0.0,0.0
dc_590024763fae,0.02197265625,2.4000000208616257
dc_a40902f66f87,0.0,0.0
dc_c50964c22193,0.0019607844296842813,0.6000000052154064
dc_104eefb08c2e,0.0,0.0
dc_74f020694462,0.0,0.0
dc_6eb415a8ef3b,0.0,0.0
dc_bb1260086ef0,0.62054443359375,12.44659423828125
dc_1e56ff5b5b31,0.480560302734375,5.4607391357421875
dc_d0750011f8b2,0.84222412109375,9.31854248046875
dc_c2fe624e0003,0.93951416015625,14.2822265625
dc_ea29c9c9ca57,0.06427764892578125,2.4000000208616257
dc_83eddcd908a9,0.65716552734375,8.7066650390625
dc_feaaf89fa226,0.57666015625,6.8503811955451965
dc_0c42588f498d,0.85345458984375,11.002349853515625
dc_91f5a2b35cfd,0.9251708984375,14.0411376953125
dc_0beb79d0e77c,0.87823486328125,16.65496826171875
dc_73600f71acda,0.030879974365234375,2.4000000208616257
dc_b8ec7b743908,0.34751129150390625,4.496661201119423
dc_8f7e3fd47d8b,0.709625244140625,10.999679565429688
dc_e06390a3cf71,0.8011474609375,13.224029541015625
dc_08e7c19da1a8,0.8955078125,11.36067733168602
dc_81f8dd3b6f39,0.1808929443359375,2.373834326863289
dc_d5219db2a1d5,0.314117431640625,4.602328687906265
dc_e59e36c03e54,0.87823486328125,16.65496826171875
dc_7b586018e4c3,0.4955596923828125,6.288476288318634
dc_0d412ec4abac,0.37877655029296875,4.60156574845314
dc_709476f6cd40,0.14275360107421875,2.4000000208616257
dc_533d38eafbc1,0.122833251953125,2.4000000208616257
dc_4b71e4693405,0.38069915771484375,9.7320556640625
dc_2ae3bfe26148,0.12679672241210938,3.199993818998337
dc_f03287bb770b,0.9146728515625,14.31427001953125
dc_573f8a5781df,0.90472412109375,13.6260986328125
dc_fd0192eae06a,0.5014877319335938,7.4401333928108215
dc_8b186260df9f,0.502593994140625,6.035562232136726
dc_199ded780f63,0.5014877319335938,7.4401333928108215
dc_b6941fc8a5af,0.52587890625,7.733813673257828
dc_d10d2ffca929,0.652313232421875,9.10186767578125
dc_12f2ff8f7b4c,0.4159355163574219,5.059762671589851
dc_ed1e2cf9b5d8,0.3299846649169922,4.707423597574234
dc_d8e488d2ebd7,0.4324951171875,5.0296783447265625
dc_ce6ae3a25086,0.07511138916015625,2.4000000208616257
dc_00e628ce6044,0.0033359527587890625,0.6000000052154064
dc_bf2b1134f899,0.0,0.0
dc_227328ca29fa,0.03271484375,2.4000000208616257
dc_d9595069df1d,0.020832061767578125,2.4000000208616257
dc_45594dea9379,0.0,0.0
dc_effe5dd6b5df,0.0,0.0
dc_d13459ca6718,0.0,0.0
dc_b3d26444c787,0.0,0.0
dc_2e1860ff6362,0.1052093505859375,1.2000000104308128
dc_f7435c1bda22,0.15690231323242188,6.371533125638962
dc_2dcf536a9c38,0.4500274658203125,4.33301068842411
dc_5a66fc0b92a1,0.3574867248535156,4.60156537592411
dc_ea75373be693,0.24285507202148438,3.2324187457561493
dc_668e8cfeb9b1,0.4718017578125,5.181451514363289
dc_85dc506fa124,0.02241802215576172,1.2000000104308128
dc_e567c4149e4f,0.44915008544921875,5.938668921589851
dc_f5513f749da8,0.8541259765625,12.862396240234375
dc_f64d056bbae2,0.53167724609375,7.068963348865509
dc_215283604b6e,0.6888020634651184,7.68229141831398
dc_0f715e95c136,0.604248046875,7.0476531982421875
dc_03018a9d0b6e,0.87664794921875,12.244415283203125
dc_429c38217707,0.4461822509765625,6.051965430378914
dc_978ee4734a31,0.4130706787109375,5.52343912422657
dc_e60910dea260,0.665435791015625,8.121490478515625
dc_a11921ca0756,0.88702392578125,10.645294189453125
dc_d49e6fd6c32a,0.90081787109375,11.8408203125
dc_f7e12f7229a2,0.658966064453125,9.222030639648438
dc_9b042aff160a,0.7332611083984375,9.894180297851562
dc_10369a8df37e,0.82598876953125,11.734771728515625
dc_b49da9aafa96,0.71923828125,10.1470947265625
dc_1971ec91f74b,0.34332275390625,14.8101806640625
dc_e1d5b1f3fda5,0.4512786865234375,7.51953125
dc_482ea594144f,0.4786376953125,13.214111328125
dc_62dd2b7fa7cc,0.0,0.0
dc_acfd3a40de9f,0.017251968383789062,2.4000000208616257
dc_85aaa696bf19,0.0,0.0
dc_5a3101d7946e,0.0,0.0
dc_1c5529fb9a1a,0.651519775390625,7.42950439453125
dc_1893390c83ef,0.928955078125,11.66534423828125
dc_0528a0ff632a,0.7626953125,16.864013671875
dc_0dc2e0d5e422,0.7158203125,7.9425811767578125
dc_574dbb1df5a6,0.5873031616210938,5.889840796589851
dc_7b085144d463,0.0030117034912109375,0.6000000052154064
dc_e973f22c27bf,0.42263031005859375,4.560748487710953
dc_5ac7881d70a2,0.811767578125,8.097076416015625
dc_827fe89cbc5e,0.5592498779296875,5.409951880574226
dc_edae91eea7f3,0.3763885498046875,3.9099611341953278
dc_6a1b8137ce48,0.2642326354980469,2.903314121067524
dc_d7d660e610a2,0.39208984375,5.572457984089851
dc_9351a2fe0177,0.6480255126953125,9.031243622303009
dc_9886b7475b36,0.742034912109375,9.069442749023438
dc_ef10904644d7,0.8443603515625,11.47918701171875
dc_1a6315f98500,0.762451171875,10.03875732421875
dc_790645b0b559,0.8681640625,11.043548583984375
dc_6b77189e7c43,0.80633544921875,11.392593383789062
dc_e89730a17213,0.78857421875,11.051177978515625
dc_ede8e462546a,0.686431884765625,9.256362915039062
dc_ac6c1bbc4b5a,0.8404541015625,10.85968017578125
dc_510cff48ca13,0.84619140625,13.5711669921875
dc_451e126116e7,0.56439208984375,8.047433197498322
dc_02a45ce844d8,0.739471435546875,9.554290771484375
dc_2d174e33a292,0.655670166015625,9.70458984375
dc_1f8be8294d52,0.72882080078125,9.92889404296875
dc_0df484691fd4,0.6872100830078125,9.911155700683594
dc_e5ee534a8f75,0.29035377502441406,3.480859473347664
dc_1209b396219a,0.2245330810546875,6.545154005289078
dc_906a3c0aa1a3,0.15277099609375,2.4000000208616257
dc_5b99fee65568,0.044342041015625,1.2000000104308128
dc_cffa148c7175,0.02816009521484375,2.4000000208616257
dc_bcd0a6c2165d,0.03255462646484375,2.4000000208616257
dc_3d890dc6520c,0.56982421875,8.07393416762352
dc_9ecfe9c3bf78,0.3577880859375,4.788867384195328
dc_e83acd2e78d1,0.395050048828125,5.662103369832039
dc_f08f429f5b31,0.395050048828125,5.662103369832039
dc_583749301cba,0.928955078125,11.66534423828125
dc_8571719d8d4f,0.3362159729003906,4.635949805378914
dc_577d0763b239,0.0,0.0
dc_864daa63b839,0.5873031616210938,5.889840796589851
dc_bfc2d08370f4,0.4159584045410156,6.986133009195328
dc_3afc967d9d1a,0.4915771484375,7.649993896484375
dc_a6907eaa6ace,0.931396484375,14.82696533203125
dc_feb9c3b5df7f,0.04125785827636719,2.4000000208616257
dc_1d6382ebcca5,0.021564483642578125,2.4000000208616257
dc_01c60ff235ed,0.0,0.0
dc_a3b2dac5f2d0,0.0,0.0
dc_1cb42af58320,0.712432861328125,8.756256103515625
dc_9fb1f8d58659,0.61993408203125,5.57403564453125
dc_7d1f285cb791,0.3000917434692383,4.04004231095314
dc_7c8c55acfb6b,0.5448532104492188,6.345696747303009
dc_d41fb281d30a,0.8858642578125,10.758209228515625
dc_1628a2b176c6,0.94281005859375,12.857818603515625
dc_7595c5d5e7dc,0.4650726318359375,5.602923780679703
dc_585eb4a76a27,0.664306640625,8.861541748046875
dc_1cbea47b2e15,0.564056396484375,8.4625244140625
dc_bf1df6b842e9,0.1849365234375,2.9066435992717743
dc_84a15c5e48cb,0.5873260498046875,6.3857510685920715
dc_23cf9d5d92b8,0.945068359375,12.288665771484375
dc_3a460ff301b5,0.35722923278808594,4.854480177164078
dc_d2de7906afe4,0.671539306640625,10.032220184803009
dc_fc796ff9d529,0.6341552734375,8.3984375
dc_eb543ca87716,0.0561981201171875,1.2000000104308128
dc_61423542fa9a,0.74273681640625,9.712600708007812
dc_131aa5f35967,0.48785400390625,5.848642066121101
dc_b50a00a06b55,0.895751953125,12.429046630859375
dc_49375bfb4e76,0.93988037109375,12.174224853515625
dc_2e4b032d0260,0.72283935546875,9.618377685546875
dc_6bcbbbcd10b1,0.8665771484375,11.36474609375
dc_96abd1a194f0,0.940673828125,14.28680419921875
dc_2a70a9e5cc7b,0.5105438232421875,6.6550686955451965
dc_883a5d1e99b8,0.44742584228515625,6.141229346394539
dc_69fd86e9906c,0.5632553100585938,7.272668182849884
dc_81a17a603597,0.61370849609375,8.6761474609375
dc_631371da65c8,0.7470703125,11.1114501953125
dc_3d20ef20699e,0.79022216796875,12.5152587890625
dc_2e787555193c,0.73052978515625,9.594345092773438
dc_832cb24853a8,0.9266357421875,12.255859375
dc_524910b48583,0.89752197265625,12.982177734375
dc_087c9c57a7c0,0.307098388671875,3.5277284681797028
dc_ec2547a1d26b,0.3243999481201172,4.618731886148453
dc_cc285f70fcb8,0.85797119140625,11.77978515625
dc_66e879b37950,0.665496826171875,10.815811157226562
dc_5127aa265ade,0.78997802734375,12.035369873046875
dc_e4baea386a94,0.7344970703125,9.969711303710938
dc_d92a5dd0e5f6,0.63641357421875,7.62939453125
dc_1ef09805fae1,0.18381500244140625,3.679882735013962
dc_a1ec41fa9483,0.4140625,5.780977383255959
dc_df61119311e7,0.36957740783691406,4.861728101968765
dc_dd2e714c19e0,0.201995849609375,3.615032881498337
dc_c20b2302aff2,0.6499557495117188,7.256646454334259
dc_dee61d200c43,0.794219970703125,8.259201049804688
dc_82d5bf536c6b,0.4961700439453125,6.315422058105469
dc_2a3cef084baa,0.45893287658691406,5.824228003621101
dc_76d8a96e6398,0.93634033203125,13.059234619140625
dc_085fa1c6cd48,0.5455169677734375,7.247058302164078
dc_f76653816c0f,0.55804443359375,7.504601776599884
dc_daf9220540a9,0.83599853515625,9.676361083984375
dc_cfa3a5031c6d,0.3980140686035156,5.293551832437515
dc_39191f37a067,0.903076171875,11.548614501953125
dc_1bea2a6b9476,0.8992919921875,11.583709716796875
dc_0f68bcad00f6,0.4996223449707031,6.386132538318634
dc_d75a55f76a00,0.63641357421875,7.62939453125
dc_b0894a6e8d78,0.731170654296875,10.187911987304688
dc_086d8706935f,0.783782958984375,10.23712158203125
dc_ea0f41d7fc65,0.7860107421875,11.307525634765625
dc_1ee8b3394320,0.776885986328125,10.139846801757812
dc_340e8292278e,0.8408203125,11.853790283203125
dc_9ff573d8cbd4,0.5148887634277344,7.508416473865509
dc_6665f22986f2,0.91015625,13.140869140625
dc_fdba30db93f1,0.88372802734375,13.31329345703125
dc_b74d4fad6802,0.43650054931640625,6.105371192097664
dc_05ea777c5bb7,0.69927978515625,12.374114990234375
dc_f7f92d6bf396,0.8828125,13.028717041015625
dc_9c363afc7136,0.6643524169921875,9.666009247303009
dc_f8f41a355b01,0.8935546875,15.289306640625
dc_9e58a3cef4db,0.8848876953125,14.5477294921875
dc_cbf981ab067c,0.89154052734375,12.20550537109375
dc_00512a7203c4,0.892333984375,13.5772705078125
dc_1abdc6f74897,0.836669921875,13.78173828125
dc_18fb4cc70d24,0.6125946044921875,8.225579559803009
dc_54774f9d575c,0.665435791015625,8.360619843006134
dc_5c56cb4398bf,0.857177734375,11.36932373046875
dc_c46ec9dd6e53,0.8936767578125,11.859893798828125
dc_6de50b540090,0.8927001953125,12.773895263671875
dc_c5814c3bae92,0.5077133178710938,6.709185987710953
dc_0e2031e82e1b,0.4830951690673828,6.407824903726578
dc_f1a86c9afb0a,0.76788330078125,9.72442626953125
dc_ad7345365e4c,0.771026611328125,10.120391845703125
dc_3754a7061eec,0.0,0.0
dc_e9deb284a87f,0.7490234375,9.471893310546875
dc_ebdae989294c,0.7406005859375,10.285568237304688
dc_7a35346543ed,0.80413818359375,12.493133544921875
dc_53d2895afa2f,0.8572998046875,14.8101806640625
dc_64b54588a2f9,0.80426025390625,11.256027221679688
dc_340ff7de7b3d,0.746826171875,14.36920166015625
dc_ee1d5c95c480,0.68194580078125,8.613967895507812
dc_9a9772149ba3,0.808349609375,11.153411865234375
dc_1a5e11d27901,0.848388671875,11.81640625
dc_d740e4f61b56,0.88702392578125,13.3087158203125
dc_ff3b81fbfd6f,0.74627685546875,13.01116943359375
dc_2328225d0c1f,0.783203125,13.4857177734375
dc_d693a8cbac60,0.5154151916503906,8.689446747303009
dc_c4b9bcee32cd,0.010702133178710938,1.2000000104308128
dc_230dec843522,0.766998291015625,8.732986450195312
dc_d5be93382554,0.654876708984375,7.078118622303009
dc_787326b05d49,0.85260009765625,12.506103515625
dc_d6f640fb6635,0.22327804565429688,4.103314131498337
dc_4eb1e48ec0be,0.72943115234375,10.1470947265625
dc_d63cf08f250a,0.8936767578125,11.859893798828125
dc_869246c3ddf0,0.85577392578125,13.837432861328125
dc_2e94aa76b2e3,0.79437255859375,13.15155029296875
dc_ae5f9fdee7ee,0.5777587890625,8.858819305896759
dc_8346029d9f3d,0.84466552734375,11.81793212890625
dc_265564f45ed2,0.765869140625,11.9903564453125
dc_eb20055e37d8,0.576812744140625,8.079858124256134
dc_5ce525abc4b0,0.89373779296875,13.3392333984375
dc_f16da2318b3f,0.939697265625,14.9566650390625
dc_5b3b4f66f387,0.4161376953125,5.612130835652351
dc_2d6ea7ca3b60,0.19057464599609375,2.634759433567524
dc_e4f0ffd292d9,0.57244873046875,8.771081268787384
dc_c6d76c93385d,0.2047119140625,1.944732666015625
dc_43894af7cd6d,0.21387481689453125,3.2484404742717743
dc_370cc6f40ea9,0.85357666015625,12.06207275390625
dc_9b04c18bf82a,0.733551025390625,10.205841064453125
dc_b6815d83ac53,0.81268310546875,13.571929931640625
dc_7212377335fd,0.91546630859375,14.25933837890625
dc_ced68be9f4dd,0.638427734375,11.319732666015625
dc_1ce5c0466dac,0.685882568359375,11.036300659179688
dc_334b14b79218,0.2573108673095703,3.4132875502109528
dc_6216c49b2a10,0.5427093505859375,6.9526150822639465
dc_45a130be2be9,0.696685791015625,10.686492919921875
dc_646e4da4cdc0,0.5521697998046875,8.600182831287384
dc_068c81dbe338,0.78289794921875,13.509368896484375
dc_f289518407b9,0.625091552734375,8.84552001953125
dc_ca426d800c5e,0.3872871398925781,5.733386054635048
dc_24d87e9fe5e5,0.6798095703125,10.941314697265625
dc_89af903960ac,0.78271484375,12.14599609375
dc_351caa7b27c5,0.122406005859375,1.7962891608476639
dc_7af833dd4dce,0.770751953125,15.99884033203125
dc_8f212e8b9568,0.28446197509765625,3.2287079840898514
dc_29e4078ce63e,0.2832908630371094,5.643359571695328
dc_6697ca251c9a,0.59259033203125,11.669921875
dc_7a9ad2611660,0.2312469482421875,8.402148634195328
dc_d89bd2b62165,0.654876708984375,7.078118622303009
dc_904e33ba7206,0.85107421875,11.94610595703125
dc_686beb9d707e,0.671142578125,9.098052978515625
dc_dd0e72c403c9,0.730712890625,11.91864013671875
dc_710f9439619a,0.44742584228515625,6.141229346394539
dc_ac16fc556bbf,0.0,0.0
dc_a824cf17055c,0.0,0.0
dc_8517c7de8a9c,0.04752635955810547,2.4000000208616257
dc_521feae1aae7,0.036617279052734375,2.4000000208616257
dc_e1b3a8f32643,0.11775016784667969,2.5674259290099144
dc_06b6217194bb,0.4976654052734375,9.293746948242188
dc_332cf8bf4e95,0.04436495900154114,1.8000001087784767
dc_02cbb0a9f4e7,0.6666259765625,11.5142822265625
dc_d1e1933ac3d8,0.77960205078125,14.57977294921875
dc_054193767570,0.012734413146972656,1.7999999225139618
dc_36754c52f050,0.74273681640625,9.712600708007812
dc_559731ec2e30,0.671539306640625,10.032220184803009
dc_854cee558167,0.5425186157226562,7.078118622303009
dc_57ba990839e2,0.40828704833984375,5.189843848347664
dc_d51a40e3ebd7,0.8665771484375,11.36474609375
dc_002da1390e71,0.940673828125,14.28680419921875
dc_f762d99d6b4e,0.05900764465332031,1.8000001087784767
dc_a234b02a6a79,0.10724639892578125,2.4000000208616257
dc_755d5a3f3818,0.665496826171875,10.815811157226562
dc_1fd168086757,0.5448532104492188,6.345696747303009
dc_528384267832,0.00439453125,0.6000000052154064
dc_39d40801f80a,0.5873260498046875,6.3857510685920715
dc_fa631ad5684c,0.0030117034912109375,0.6000000052154064
dc_2e8f81227e3c,0.8665771484375,11.36474609375
dc_374a8dbdef04,0.0,0.0
dc_73878c244253,0.783782958984375,10.23712158203125
dc_9b958c018393,0.9266357421875,12.255859375
dc_7538b0a42bca,0.73052978515625,9.594345092773438
dc_54b013b60906,0.7470703125,11.1114501953125
dc_64527d47d8c6,0.59906005859375,8.145089447498322
dc_bdff878de982,0.15622711181640625,3.346478193998337
dc_33e94a939c1b,0.67913818359375,7.747650146484375
dc_f2ddfa4dc87b,0.5013427734375,7.1464017033576965
dc_af951740e7e1,0.91015625,13.140869140625
dc_f173d04f46e2,0.08860206604003906,2.2089874371886253
dc_5dc1ed2d15ae,0.4225921630859375,4.278512671589851
dc_4ee36820cdbd,0.8828125,13.028717041015625
dc_5fef38fd6a16,0.8848876953125,14.5477294921875
dc_f34b6043d4fd,0.0,0.0
dc_8e268643b2bf,0.5148887634277344,7.508416473865509
dc_8a7de1e6b962,0.44742584228515625,6.141229346394539
dc_1b48e32e32a9,0.0,0.0
dc_e8f9e82ff0a7,0.2761484682559967,6.645572930574417
dc_868fa144afdf,0.40828704833984375,5.189843848347664
dc_cd5551c92afa,0.85107421875,11.94610595703125
dc_70f64e34b56c,0.024292945861816406,2.4000000208616257
dc_5b24108b6e9d,0.3510894775390625,4.701562598347664
dc_e0c953c40206,0.81268310546875,13.571929931640625
dc_be0ed008ea39,0.008586406707763672,1.2000000104308128
dc_cea813043db3,0.7969970703125,9.9029541015625
dc_ed562b27f502,0.85107421875,11.94610595703125
dc_dfa68b7343d1,0.4273090362548828,8.975879102945328
dc_f54271a3c826,0.563629150390625,6.8363189697265625
dc_c673c48513b5,0.2153940200805664,3.989636152982712
dc_fdae777cf363,0.524566650390625,7.161712646484375
dc_9004be7e046a,0.84844970703125,11.81640625
dc_42c854b8c335,0.7779541015625,10.066986083984375
dc_803d715f084d,0.0,0.0
dc_380aecb0436f,0.92694091796875,15.47393798828125
dc_d5435f3cc757,0.791290283203125,13.147735595703125
dc_1aee472b3c86,0.799896240234375,13.001251220703125
dc_ddf294b48205,0.9322509765625,14.94293212890625
dc_c0fdbe032d75,0.61358642578125,9.225030243396759
dc_4fbb34622183,0.9075927734375,13.385009765625
dc_af15da12f636,0.610107421875,10.5682373046875
dc_10b5ea15f75c,0.0,0.0
dc_4cde6afb83b5,0.0,0.0
dc_ada093eb611f,0.0,0.0
dc_026860356044,0.66278076171875,9.546661376953125
dc_ccce259deff1,0.300537109375,3.9398193359375
dc_120e0272afcc,0.017381221055984497,2.4000000208616257
dc_4500391b9a8b,0.0,0.0
dc_69f514533469,0.0,0.0
dc_6fc77096a366,0.0,0.0
dc_5505e83a8a7d,0.0,0.0
dc_dfcdf261d966,0.0,0.0
dc_ffee65abd862,0.0,0.0
dc_5daffb14e048,0.0,0.0
dc_2600bf81e31a,0.04406166076660156,2.4000000208616257
dc_80b3c168cede,0.0,0.0
dc_a693333e3230,0.526214599609375,7.1941375732421875
dc_74f18bfa8df0,0.054821014404296875,2.776562422513962
dc_8adc27a50dae,0.48287200927734375,5.148645117878914
dc_601b882f713f,0.708404541015625,9.760284423828125
dc_9f34fd0de9e0,0.33126068115234375,4.138079658150673
dc_7f9ae02ccc0f,0.22211647033691406,3.875195235013962
dc_2844929e4bbb,0.540496826171875,6.42852783203125
dc_d85b37adc53e,0.806396484375,11.0443115234375
dc_11f7728742a2,0.50628662109375,5.4523468017578125
dc_e060f829c242,0.50628662109375,5.4523468017578125
dc_0cfbf292e004,0.05457115173339844,1.7999999225139618
dc_883d27078b2e,0.468536376953125,6.200408935546875
dc_c81ebd5c76fc,0.33126068115234375,4.138079658150673
dc_1e1101b5f2d2,0.6038360595703125,8.054681122303009
dc_d4f724bf0b85,0.3610076904296875,4.944125562906265
dc_0ef9a41e7d70,0.2288970947265625,3.4054674208164215
dc_9bb24f423687,0.1707916259765625,4.573822021484375
dc_53c76c4c9a51,0.448394775390625,12.978363037109375
dc_857c2235de8a,0.27257537841796875,4.37420979142189
dc_810fb2f8aacf,0.4376373291015625,15.541458129882812
dc_a189b6ecc607,0.6826171875,7.0392608642578125
dc_f462f5b23353,0.10730934143066406,4.567181318998337
dc_5a1da1c84a02,0.8038330078125,10.091400146484375
dc_5fa783970111,0.5514678955078125,5.879107490181923
dc_6d88b75bdb12,0.8038330078125,10.091400146484375
dc_607669b8392b,0.7847900390625,9.3017578125
dc_4c9033aaa0e5,0.19065475463867188,2.4000000208616257
dc_3ea7dd208f28,0.32537078857421875,9.009881317615509
dc_81f85512b730,0.5484619140625,6.3376858830451965
dc_1a15871c8912,0.5484619140625,6.3376858830451965
dc_ffc36ba64dc4,0.5484619140625,6.3376858830451965
dc_ccac73fc88ed,0.449188232421875,4.579110816121101
dc_41dcb90246ba,0.3961639404296875,6.2175750732421875
dc_935e740f9717,0.671356201171875,12.094879150390625
dc_d7293cd91449,0.735595703125,11.71417236328125
dc_70473eb49a8f,0.18306255340576172,8.063403517007828
dc_a5cc2c2adb3a,0.3538360595703125,8.559036254882812
dc_06efc6377b82,0.3538360595703125,8.559036254882812
dc_aeb9d6e08cbd,0.1971759796142578,3.0718719586730003
dc_50050da00f9b,0.1679534912109375,2.4000000208616257
dc_f04188e560e6,0.17887306213378906,2.6652252301573753
dc_bc06006b2111,0.18306255340576172,8.063403517007828
dc_e2ea0f2d5fa5,0.1679534912109375,2.4000000208616257
dc_dd717d06043b,0.3538360595703125,8.559036254882812
dc_bceae002eccf,0.683807373046875,6.792779266834259
dc_ebb75c83c360,0.528289794921875,4.321098327636719
dc_466154b3dc5e,0.42881011962890625,5.546466261148453
dc_94f25c0bbaa4,0.41666412353515625,5.643359571695328
dc_c97789fd9abd,0.755859375,11.913299560546875
dc_c37802ecd331,0.3231201171875,5.116983130574226
dc_d86fdc4e8f2f,0.2719001770019531,5.344720557332039
dc_2457668a558c,0.037273406982421875,1.2000000104308128
dc_5c4333eac436,0.1799945831298828,3.0634796246886253
dc_d263fd05759c,0.3183441162109375,3.9584077894687653
dc_8f5936e41883,0.2803335189819336,6.009570509195328
dc_b31752bb43f2,0.19354629516601562,3.606640547513962
dc_ee5a10e9cdc7,0.08274078369140625,1.2000000104308128
dc_c52613c23f50,0.83380126953125,12.928009033203125
dc_081751389720,0.3710479736328125,6.776757538318634
dc_487092045130,0.3710479736328125,6.776757538318634
dc_fed2cce6b6c2,0.24289703369140625,11.114449799060822
dc_f377bd967513,0.7886962890625,8.6822509765625
dc_c58b1b612021,0.7886962890625,8.6822509765625
dc_948f3bdc4314,0.3233356475830078,4.121295362710953
dc_c1dfe74f8be0,0.559173583984375,6.313653290271759
dc_2d99d5205c9e,0.546051025390625,5.550384521484375
dc_7efbc943a5b5,0.38871002197265625,3.901568427681923
dc_5e85cebf311b,0.38871002197265625,3.901568427681923
dc_1f1b1571370c,0.676849365234375,7.227134704589844
dc_d4c3cf951bc7,0.07596588134765625,2.4000000208616257
dc_cf6c58c618b0,0.5434989929199219,6.3613370060920715
dc_1bdd34364619,0.57940673828125,6.247277930378914
dc_805132b8f582,0.28079986572265625,8.271685987710953
dc_eb804c8b0e43,0.28079986572265625,8.271685987710953
dc_ace039d9399a,0.42822265625,5.6888580322265625
dc_5880d7b58735,0.69036865234375,21.1639404296875
dc_b8a06f212731,0.28079986572265625,8.271685987710953
dc_09200711b7ac,0.613677978515625,27.59246826171875
dc_70fb4023eb68,0.7010090947151184,19.04703825712204
dc_854b5acb373f,0.17161941528320312,4.827343672513962
dc_e61bb2d7e36b,0.7010090947151184,19.04703825712204
dc_1b4a6e68cdff,0.2790718078613281,3.8283266127109528
dc_cb3651da3ba0,0.26898193359375,3.3728517591953278
dc_0ba8bcd18eb0,0.797698974609375,11.677932739257812
dc_ad06f9a5ee9b,0.3623847961425781,4.77246381342411
dc_4fe04b8d0451,0.92919921875,13.69476318359375
dc_f56907de3951,0.89874267578125,12.890625
dc_afac4d785392,0.83740234375,11.547088623046875
dc_edfca97bd4a7,0.86199951171875,11.983489990234375
dc_685f4d6dffe6,0.20418787002563477,3.378521651029587
dc_1562ba96259b,0.81689453125,11.365509033203125
dc_1bdb44e1842a,0.686126708984375,9.595489501953125
dc_b2ae0d89652f,0.545806884765625,7.454681396484375
dc_78d8f7c02c3f,0.39144134521484375,4.227343946695328
dc_dd7f371bd132,0.606781005859375,6.778717041015625
dc_d0a52d46f2aa,0.92919921875,13.69476318359375
dc_12ade908d006,0.4006919860839844,4.910555854439735
dc_398612fa21ca,0.4006919860839844,4.910555854439735
dc_7d30ac8ea42e,0.4006919860839844,4.910555854439735
dc_36114ae3ca3e,0.157440185546875,1.7902374267578125
dc_2a69da90abd8,0.4774169921875,15.840911865234375
dc_72f68f42d432,0.5384750366210938,6.940026581287384
dc_ba26367c42aa,0.75921630859375,8.268356323242188
dc_41293169fcf5,0.72332763671875,7.7880859375
dc_8e83f64e34c5,0.70672607421875,8.455657958984375
dc_22a625aec698,0.915771484375,12.2344970703125
dc_c2f3fa259c37,0.874755859375,9.815216064453125
dc_c4556817118d,0.6607208251953125,7.2165921330451965
dc_b56773cdbfc2,0.15480422973632812,2.4000000208616257
dc_8379a521a52c,0.89593505859375,9.5458984375
dc_94ad65dfbe69,0.82177734375,10.2142333984375
dc_110d4d59e055,0.15480422973632812,2.4000000208616257
dc_c7be2966c16a,0.892333984375,12.60223388671875
dc_6c5c3de9236e,0.46962738037109375,6.695123016834259
dc_3c15e6d243fd,0.7530517578125,12.91046142578125
dc_9277151d2171,0.17919540405273438,2.5812501087784767
dc_43204ca86890,0.82177734375,10.2142333984375
dc_c620295c9127,0.5016517639160156,5.717364698648453
dc_21bd83254e11,0.5923614501953125,5.871478095650673
dc_84c0a8b27128,0.7061767578125,9.810638427734375
dc_96c5b654ee78,0.62579345703125,9.105682373046875
dc_330093ad86f7,0.7503662109375,11.963653564453125
dc_d1aef113ad23,0.618682861328125,7.5283050537109375
dc_80dd96d6f070,0.605133056640625,7.283782958984375
dc_b91b77b57b86,0.095489501953125,2.4000000208616257
dc_7db3bba7c9ec,0.513153076171875,4.393959045410156
dc_984b3aec7ac9,0.7469482421875,6.8279266357421875
dc_e40648befe43,0.336456298828125,9.904427826404572
dc_bdfc6ad54e05,0.3395957946777344,4.804888740181923
dc_1bc2b9120fd7,0.49837303161621094,8.261056244373322
dc_e3f553271048,0.13360214233398438,2.768551744520664
dc_fd5d2f4c2f9e,0.3550262451171875,23.14453125
dc_9e8f44c6161f,0.4078826904296875,30.8319091796875
dc_667b43557d64,0.35406494140625,24.741363525390625
dc_90539e96965d,0.08607864379882812,4.949413985013962
dc_19e8b4001ea2,0.13360214233398438,2.768551744520664
dc_d5a6dcb8e4b7,0.263397216796875,13.507843017578125
dc_2e2dbc3e3848,0.40179443359375,24.6826171875
dc_5b163fef210d,0.39034080505371094,6.929675489664078
dc_19939411d9e4,0.80340576171875,10.155105590820312
dc_df94ebb7df29,0.85595703125,13.720703125
dc_e2b5deb384b2,0.904541015625,15.70892333984375
dc_73f7a3eb7f29,0.74102783203125,13.802337646484375
dc_1cb4fe2a0b9e,0.70538330078125,8.5205078125
dc_22a977948445,0.7559814453125,11.641693115234375
dc_dbe2757c8762,0.263397216796875,13.507843017578125
dc_c5f760fd708b,0.41564178466796875,9.141488373279572
dc_79ba191d0ddc,0.69158935546875,14.6240234375
dc_e16c0048b956,0.277557373046875,11.545181274414062
dc_79462a7aea36,0.21157264709472656,3.711926192045212
dc_b98bb7d5812f,0.612548828125,31.34613037109375
dc_042da0f1f99d,0.9361572265625,13.86871337890625
dc_01f485c24f90,0.896240234375,13.15460205078125
dc_f2511fb5508c,0.7188720703125,11.344146728515625
dc_783ed530397e,0.3015460968017578,6.719104200601578
dc_b095480b552f,0.33826255798339844,4.846087843179703
dc_adec6a6778f5,0.7142333984375,9.249114990234375
dc_8a8de44b5d59,0.76959228515625,12.979888916015625
dc_34c302840328,0.394195556640625,13.246536254882812
dc_88450995c8ab,0.40179443359375,24.6826171875
dc_ed793f68cc82,0.263397216796875,13.507843017578125
dc_0967d5287af9,0.40179443359375,24.6826171875
dc_970d93b0c688,0.717041015625,15.66009521484375
dc_2839fc2c5212,0.25263214111328125,9.408187866210938
dc_877f8d001c22,0.74871826171875,11.479949951171875
dc_f9308489536b,0.1891632080078125,6.5349578857421875
dc_5a62da9c3162,0.4908905029296875,21.988677978515625
dc_1fec2e59960c,0.394195556640625,13.246536254882812
dc_e4de78d83084,0.40179443359375,24.6826171875
dc_64860b293bb0,0.80340576171875,10.155105590820312
dc_597fa7e4dbb1,0.40179443359375,24.6826171875
dc_a26daee8f0b8,0.18917465209960938,4.032031074166298
dc_b7447025e854,0.394195556640625,13.246536254882812
dc_a19dbeb11233,0.263397216796875,13.507843017578125
dc_682c5aa2595c,0.13049888610839844,7.756129652261734
dc_087ab67b867b,0.3015460968017578,6.719104200601578
dc_71b5b73fcac8,0.44146728515625,20.83282470703125
dc_80a9eb772e82,0.40179443359375,24.6826171875
dc_b5323f8208c8,0.394195556640625,13.246536254882812
dc_fa5618a8e380,0.3374786376953125,15.328545868396759
dc_5f57417784ad,0.394195556640625,13.246536254882812
dc_c1851f9d9727,0.717041015625,15.66009521484375
dc_7cc4b0b4fc96,0.896240234375,13.15460205078125
dc_be812f833558,0.40179443359375,24.6826171875
dc_871585f535e8,0.3015460968017578,6.719104200601578
dc_df65c9139bfb,0.89312744140625,12.279510498046875
dc_c67379e56350,0.394195556640625,13.246536254882812
dc_7fabd1d8f84d,0.8818359375,14.081573486328125
dc_879b2f39f650,0.33826255798339844,4.846087843179703
dc_9c88fb61b0b7,0.40179443359375,24.6826171875
dc_b21478932c0d,0.372222900390625,24.67498779296875
dc_0b62aed251e8,0.16987037658691406,3.3972658216953278
dc_ad5acf412ac8,0.39034080505371094,6.929675489664078
dc_b46c8dba016d,0.8804931640625,13.28125
dc_5148f9e54a98,0.40179443359375,24.6826171875
dc_cdd309693dd3,0.27732086181640625,20.85418701171875
dc_edee31226499,0.44146728515625,20.83282470703125
dc_e8fdaabd81bd,0.44146728515625,20.83282470703125
dc_d988206c842d,0.5877685546875,8.943557739257812
dc_db4d5ab5de2e,0.40179443359375,24.6826171875
dc_25599351716f,0.40179443359375,24.6826171875
dc_3c4b4aee9b7e,0.40179443359375,24.6826171875
dc_818cc8a2f8fc,0.16099929809570312,3.5769380629062653
dc_2c9f0fdd6bd5,0.389007568359375,5.572457984089851
dc_34120cb9bfb9,0.63287353515625,7.5603485107421875
dc_707f7bff6b02,0.012871801853179932,2.4000000208616257
dc_d64ac7105bee,0.14859390258789062,9.64306965470314
dc_ec4c14283b81,0.2377777099609375,2.7113310992717743
dc_058f35b988cf,0.4784749448299408,36.89778745174408
dc_05323da3c824,0.382904052734375,15.625381469726562
dc_5c289e8fcbb5,0.382904052734375,15.625381469726562
dc_7d8d010f3707,0.49713134765625,18.8446044921875
dc_d26d3b37dc1a,0.32208251953125,18.344879150390625
dc_f3db3ae251af,0.382904052734375,15.625381469726562
dc_f6923d09cd62,0.382904052734375,15.625381469726562
dc_f16231684f36,0.382904052734375,15.625381469726562
dc_b0c57c44b511,0.382904052734375,15.625381469726562
dc_afb5c6969c03,0.382904052734375,15.625381469726562
dc_f30128395268,0.382904052734375,15.625381469726562
dc_34504f6932cc,0.324676513671875,5.025378614664078
dc_abcef906ff55,0.8858642578125,10.73455810546875
dc_d0d2390b75ed,0.7867431640625,9.945297241210938
dc_00b2737ad841,0.90411376953125,8.927154541015625
dc_1939617702b6,0.0019607844296842813,0.6000000052154064
dc_40952e73c63b,0.90411376953125,8.927154541015625
dc_9a32e70d572f,0.0019607844296842813,0.6000000052154064
dc_a48bd507b5ac,0.6781005859375,8.667373657226562
dc_257a1a9f40c2,0.15801620483398438,4.916607588529587
dc_ec9f9b87e90e,0.024372100830078125,1.7999999225139618
dc_3cd8837b3e4f,0.024372100830078125,1.7999999225139618
dc_3129f2c900a6,0.3756866455078125,8.590264618396759
dc_67ff6b9472eb,0.7501220703125,13.457489013671875
dc_806d588bcd8f,0.3884429931640625,14.565658569335938
dc_9ed1aea6df62,0.3884429931640625,14.565658569335938
dc_74a33a13576f,0.22646713256835938,10.331292450428009
dc_d3a8a17157cf,0.3884429931640625,14.565658569335938
dc_7d3c86a321c9,0.3884429931640625,14.565658569335938
dc_a33abfa67825,0.599639892578125,7.022666931152344
dc_10b31ee93f9a,0.18904685974121094,3.397456556558609
dc_23b0f1f2b92c,0.27736854553222656,2.786914072930813
dc_af88d300efeb,0.707275390625,6.827545166015625
dc_b2178656f857,0.69671630859375,7.9437255859375
dc_bce2a55a99d1,0.16592979431152344,3.3080019056797028
dc_b93bd4dfbee7,0.3297748565673828,4.170504957437515
dc_f58af64586a4,0.1754302978515625,2.849804610013962
dc_40e076b938dd,0.55181884765625,14.601898193359375
dc_f0c152473863,0.6263427734375,16.223907470703125
dc_74861ceae290,0.42106056213378906,6.213275343179703
dc_d17cb43dd5eb,0.55181884765625,14.601898193359375
dc_b7238ef1801a,0.1754302978515625,2.849804610013962
dc_a1a2d4c9b9b0,0.562774658203125,12.6922607421875
dc_b28695cd9ccc,0.4796142578125,7.358117401599884
dc_022cedeff92c,0.653594970703125,9.567642211914062
dc_f231db004eb1,0.2188739776611328,3.2080046832561493
dc_8f85055bfe5d,0.870849609375,10.018157958984375
dc_d1996798840c,0.870849609375,10.018157958984375
dc_f3e921cb9abe,0.735107421875,9.7808837890625
dc_7f78d28d21cc,0.735107421875,9.7808837890625
dc_1a05036564f4,0.37218475341796875,3.5865265876054764
dc_3c96251ce435,0.615325927734375,7.7388763427734375
dc_882a55829541,0.56884765625,8.083291351795197
dc_8895a8adb317,0.3594322204589844,5.895129591226578
dc_4290cc221459,0.41949462890625,4.5406341552734375
dc_028c228e5604,0.12434673309326172,2.4000000208616257
dc_41ca0ce0a509,0.4727783203125,8.577728271484375
dc_50e9c91a244c,0.4727783203125,8.577728271484375
dc_29cc8119d959,0.511749267578125,4.890632629394531
dc_96450fb1f38e,0.48909759521484375,5.547662451863289
dc_0e25227f34f6,0.57781982421875,7.7972412109375
dc_e3e2113ca594,0.4970436096191406,5.822649970650673
dc_57096ce99736,0.4684600830078125,18.936920166015625
dc_feec39d1d16e,0.2815666198730469,3.891979902982712
dc_25ebcc8c51a4,0.41898345947265625,8.126397430896759
dc_9fe2fa1cb2a0,0.212646484375,3.0287139117717743
dc_90929b3b19a1,0.53082275390625,6.882806122303009
dc_4de2dac0b961,0.524627685546875,6.7546844482421875
dc_927b5df60a78,0.3289909362792969,4.530664160847664
dc_d7f54557743c,0.22714710235595703,3.492962568998337
dc_f7aa8ddc2fe1,0.459197998046875,5.442376807332039
dc_e7bcef4e6ef3,0.40244293212890625,7.48114138841629
dc_75f15cdb1182,0.4600830078125,5.425210669636726
dc_64fac6510bfa,0.6474609375,7.6171875
dc_6306dacb193a,0.4319267272949219,4.473443701863289
dc_5eb44db8e6ca,0.4600830078125,5.425210669636726
dc_3cd6e70ce3be,0.216217041015625,3.1775392591953278
dc_5d9780f4d912,0.33115386962890625,3.3812440931797028
dc_21ebebf3dbbb,0.27303314208984375,3.0634796246886253
dc_0697d50df413,0.24634933471679688,6.432238966226578
dc_1976e66defac,0.17304229736328125,2.4000000208616257
dc_9641538f7308,0.09661102294921875,1.7999999225139618
dc_a9daac2a9bcf,0.411956787109375,5.377336218953133
dc_a7346f4ae373,0.020792007446289062,2.4000000208616257
dc_8d868acd51ee,0.4191093444824219,7.878009229898453
dc_a39b4630d4f6,0.22412109375,3.008599951863289
dc_ef3e0fde0b9d,0.3946533203125,4.335351660847664
dc_4e2c0853b3db,0.40240478515625,8.139748871326447
dc_6db2ddc44c26,0.64898681640625,10.433578491210938
dc_9674a1042873,0.40137481689453125,5.271096900105476
dc_e7c1247bfe63,0.4836883544921875,5.452919006347656
dc_a0de6177fed5,0.40240478515625,8.139748871326447
dc_4873817267bd,0.33225440979003906,4.668756201863289
dc_6f387c9933e4,0.8792724609375,9.015655517578125
dc_5108e71bb3f6,0.558441162109375,7.0937588810920715
dc_46a9ac21e607,0.74639892578125,7.811737060546875
dc_277c0f0581fc,0.86572265625,11.954498291015625
dc_8e3b85f052e5,0.86572265625,11.954498291015625
dc_02dc64b737be,0.05106544494628906,1.8000001087784767
dc_c737f1f6d886,0.622802734375,7.2601318359375
dc_e357f9d3e068,0.701416015625,7.4462890625
dc_686c58c1074a,0.86907958984375,10.433197021484375
dc_c005344da0ff,0.56060791015625,21.0174560546875
dc_aa41048d7691,0.50164794921875,8.34503173828125
dc_805c4656a845,0.34923553466796875,11.322021484375
dc_cd3925d5b7dd,0.56060791015625,21.0174560546875
dc_7371f6e88a78,0.86907958984375,10.433197021484375
dc_f386ecfb7f09,0.56060791015625,21.0174560546875
dc_5c57ba7c00e3,0.0,0.0
dc_b64820074b60,0.6414794921875,11.291885375976562
dc_becc51ab069d,0.543609619140625,5.238290503621101
dc_df9ba61f4853,0.08802223205566406,1.470895390957594
dc_e22e8d10f87c,0.236175537109375,3.773828223347664
dc_fe6a5082e1a4,0.24652099609375,3.9423860609531403
dc_e9670855b833,0.433990478515625,3.2728545367717743
dc_1691e39922f2,0.22540283203125,3.045117110013962
dc_22ddddb49a8e,0.21671295166015625,2.917376719415188
dc_94697aa66760,0.23596954345703125,4.593554884195328
dc_a8fff910467b,0.0130615234375,1.2000000104308128
dc_81e63f1a603e,0.23411941528320312,3.240429610013962
dc_9449ac8454ad,0.23596954345703125,4.593554884195328
dc_420b62321920,0.3379554748535156,4.236117377877235
